investor,final_pnl_usd
1,-0.6799
2,-0.4576
3,-0.4093
4,-0.2954
5,-0.5747
6,-0.7465
7,-0.7304
8,-0.1846
9,-0.4489
10,-0.4165
11,-0.7957
12,-0.6139
13,-0.5715
14,-0.8005
15,-0.5728
16,-0.4075
17,-0.4183
18,-0.3677
19,-0.3179
20,-0.3796
21,-0.6379
22,-0.7988
23,-0.3684
24,-0.5478
25,-0.6543
26,-0.5516
27,-0.5417
28,-0.6154
29,-0.9975
30,-0.5344
31,-0.4563
32,-0.3665
33,-0.8826
34,-0.6899
35,-0.5898
36,-0.8185
37,-0.6876
38,-0.2313
39,-0.5644
40,-0.8723
41,-0.6326
42,-0.6682
43,0.0782
44,-0.4946
45,-0.5928
46,-0.4374
47,-0.6527
48,-0.2341
49,-0.6240
50,-0.4391
51,-0.8826
52,-0.5566
53,-0.7546
54,-0.6753
55,-0.3367
56,-0.4554
57,-0.2138
58,-0.9627
59,-0.6670
60,-0.6604
61,-0.6322
62,-0.2094
63,-0.7506
64,-0.5461
65,-0.6419
66,-0.6014
67,-0.3249
68,-0.6768
69,-0.5430
70,-0.7784
71,-0.6173
72,-0.1848
73,-0.1680
74,-0.5489
75,-0.5805
76,-0.4106
77,-0.7535
78,-0.5159
79,0.1170
80,-0.5297
81,-0.3223
82,-0.4956
83,-1.0492
84,-0.4059
85,-0.4210
86,-0.5817
87,-0.7424
88,-0.4484
89,-0.8406
90,-0.6790
91,-0.5581
92,-0.7999
93,-0.7152
94,-0.9842
95,-0.6245
96,-0.3253
97,-0.8947
98,-0.3516
99,-0.9431
100,-0.4628
101,-0.4349
102,-0.6808
103,-0.3720
104,-0.4625
105,-0.7627
106,-0.5836
107,-0.8543
108,-0.0823
109,-0.7945
110,-0.5642
111,-0.5338
112,-0.1140
113,-0.9468
114,-0.4500
115,-0.5285
116,-0.6875
117,-0.7639
118,-0.3542
119,-0.7515
120,-0.7291
121,-0.4453
122,-0.2709
123,-1.0407
124,-0.5872
125,-0.7086
126,-0.3584
127,-0.3887
128,-0.4598
129,-0.2254
130,-1.0703
131,-0.6680
132,-0.4741
133,-0.5873
134,-0.7033
135,-0.5118
136,-0.2500
137,-0.8067
138,-0.7355
139,-1.0676
140,-0.3261
141,-0.3153
142,-0.9492
143,-0.7594
144,-0.7914
145,-0.8257
146,-0.8316
147,-0.4397
148,-0.5689
149,-0.0817
150,-0.8256
151,-0.6790
152,-0.2888
153,-0.5363
154,-0.2446
155,0.4751
156,-0.4391
157,-0.4515
158,-0.6936
159,-0.6719
160,-0.1627
161,-0.3172
162,-0.3875
163,-0.4456
164,-0.5208
165,-0.2300
166,-0.6198
167,-0.4199
168,-0.4543
169,-0.8983
170,-0.7052
171,-0.5993
172,-0.6635
173,-0.2974
174,-0.7553
175,-0.7599
176,-0.3800
177,0.0544
178,-0.4378
179,-0.5936
180,-0.3545
181,-0.4001
182,-0.7189
183,-0.2687
184,-0.5941
185,-0.6853
186,-0.4978
187,-0.2625
188,-0.7256
189,-0.4647
190,-0.4225
191,-0.5361
192,-0.3250
193,-0.4974
194,-0.4528
195,-0.4012
196,-0.6284
197,-0.5251
198,-0.6572
199,-0.7190
200,-0.7204
201,-0.9428
202,-0.3647
203,-0.5440
204,-0.6924
205,-0.2953
206,-0.4373
207,-0.9078
208,-0.4869
209,-0.6347
210,-0.6721
211,-0.6104
212,-0.8099
213,-0.5967
214,-0.2974
215,-0.6333
216,-0.3492
217,-0.7367
218,-0.9594
219,-0.7142
220,0.0091
221,-0.6995
222,-0.5963
223,-0.7201
224,-0.8131
225,-0.6897
226,0.0692
227,-0.5586
228,-0.6887
229,-0.2394
230,-0.5228
231,-0.0947
232,-0.3286
233,-0.2333
234,-0.8346
235,-0.3073
236,-0.7213
237,-0.6901
238,-0.5821
239,-0.5557
240,-0.2414
241,-0.4298
242,-0.4112
243,-0.5330
244,-0.3893
245,-0.2855
246,-0.6798
247,-0.3242
248,-0.4410
249,-0.7623
250,-0.7923
251,-0.2504
252,-0.3403
253,-0.2537
254,-0.4913
255,-0.7313
256,-0.3737
257,-0.3941
258,-0.4459
259,-0.5240
260,-0.6498
261,-0.5576
262,0.0833
263,-0.6475
264,-0.6037
265,-0.8773
266,-0.7386
267,-0.6336
268,-0.5142
269,-0.4844
270,-0.2946
271,-0.7413
272,0.0523
273,-0.3524
274,-0.6703
275,-0.1876
276,-0.2919
277,-0.1584
278,-0.7524
279,-0.4347
280,-0.7157
281,-0.3239
282,0.2130
283,-0.3150
284,-0.6351
285,-0.6352
286,-0.6019
287,-0.5290
288,-0.6360
289,-0.7375
290,-0.6023
291,-0.5540
292,-0.3878
293,-0.1562
294,-0.8065
295,-0.4478
296,-0.6948
297,-0.6414
298,-0.5536
299,-0.8242
300,-0.7398
301,-0.7863
302,-0.3533
303,-0.7761
304,-0.5552
305,-0.4890
306,-0.2526
307,-0.4935
308,-0.2615
309,-0.3887
310,-0.4174
311,-0.7847
312,-0.3445
313,-0.4628
314,-0.7058
315,-0.5766
316,-0.7800
317,-0.4237
318,-0.6468
319,-0.5845
320,0.1097
321,-0.8441
322,-0.6633
323,-0.7316
324,-0.4144
325,-0.5878
326,-0.9601
327,-0.6271
328,-0.4993
329,-0.7611
330,-0.3517
331,-0.6460
332,-1.0059
333,-0.3886
334,-0.6464
335,-0.9278
336,-0.4823
337,-0.1086
338,-0.4669
339,-0.2097
340,-0.1492
341,-0.6090
342,-0.6956
343,-0.5307
344,-0.6454
345,-0.7033
346,-0.3761
347,-0.5042
348,-0.5450
349,-0.4726
350,-0.6927
351,-0.9791
352,-0.8081
353,-0.7641
354,-0.4953
355,-0.4139
356,-0.7299
357,-0.6873
358,-0.7399
359,-0.6361
360,-0.5872
361,-0.5711
362,-0.2656
363,-0.4144
364,-0.3936
365,-0.4869
366,-0.2780
367,-0.3893
368,-0.4261
369,-0.4927
370,-0.2269
371,-0.3375
372,-0.7348
373,-0.3968
374,-0.7114
375,-0.8716
376,-0.5079
377,-0.4047
378,-0.6012
379,-0.5176
380,-0.6566
381,-0.2994
382,-0.7399
383,-0.9040
384,-0.1035
385,-0.6422
386,-0.5348
387,-0.9419
388,0.0844
389,-0.6381
390,-0.3011
391,0.0106
392,-0.9314
393,-0.2179
394,-0.6008
395,-0.4516
396,-0.6453
397,-0.4195
398,-0.5083
399,-0.1153
400,-0.5555
401,-0.5642
402,-0.9277
403,-0.9482
404,-0.5282
405,-0.6820
406,-0.6670
407,0.1118
408,-0.6550
409,-0.7169
410,-0.6162
411,-0.7827
412,-0.9986
413,-0.9125
414,-0.4151
415,-0.5391
416,-0.5558
417,-0.2275
418,-0.5321
419,-0.5261
420,-0.5662
421,-0.9406
422,-0.6288
423,-0.5326
424,-0.3907
425,-0.7554
426,-0.6436
427,-0.2134
428,-0.6296
429,-0.6864
430,-0.8109
431,-0.3226
432,-0.9116
433,-0.2969
434,-0.5828
435,-0.7082
436,-0.7813
437,-0.5956
438,-0.8730
439,-0.8296
440,-0.2266
441,-0.5890
442,-0.4935
443,-0.5624
444,-0.5895
445,-0.7651
446,-0.4222
447,-0.7181
448,-0.5695
449,-0.7231
450,-0.4569
451,-0.7292
452,-0.2537
453,-0.4259
454,-0.3435
455,-0.6819
456,-0.3845
457,0.6044
458,-0.6614
459,-0.5865
460,-0.5717
461,-0.3167
462,-0.4856
463,-0.5782
464,-0.5701
465,-0.5158
466,-0.8936
467,-0.9845
468,-0.5414
469,-0.7570
470,-0.1925
471,-0.7381
472,-0.6762
473,-0.6589
474,-0.4405
475,-0.2891
476,-0.3693
477,-0.8015
478,0.0388
479,-0.7416
480,-0.5164
481,-0.6749
482,-0.5788
483,-0.2478
484,-0.6534
485,-0.7461
486,-0.5219
487,-0.6136
488,-0.6581
489,-0.2582
490,-0.7444
491,-0.3525
492,-0.7782
493,-0.6307
494,-0.4075
495,-0.3666
496,-0.3930
497,-0.5262
498,-0.4456
499,-0.3825
500,-0.9618
501,-0.6097
502,-0.7737
503,-0.7635
504,0.3585
505,-0.7302
506,-0.2529
507,-0.2175
508,-0.2417
509,-0.5243
510,-0.8125
511,0.1519
512,-1.1870
513,-0.7496
514,-0.4011
515,-0.3434
516,-0.5409
517,-0.5544
518,-0.6476
519,-0.4514
520,-0.7486
521,-0.4153
522,-0.6558
523,-0.6768
524,-0.7283
525,-0.5468
526,-0.7514
527,-0.5521
528,-0.8716
529,-0.9816
530,-0.5275
531,-0.4998
532,-0.2100
533,-0.7359
534,-0.6978
535,-0.2756
536,-0.6275
537,-0.6303
538,-0.7052
539,-0.5484
540,-0.4727
541,-0.3880
542,-0.7663
543,-0.6697
544,-0.6577
545,-0.5818
546,-0.1042
547,-0.7283
548,-0.5290
549,-0.6992
550,-0.5531
551,-0.7685
552,-0.9659
553,-0.4325
554,-0.1129
555,-0.9715
556,-0.4702
557,-0.9789
558,-0.4487
559,-0.5573
560,-0.5893
561,-0.7672
562,-0.5687
563,-0.4678
564,-0.6901
565,-0.4658
566,0.2106
567,-0.1760
568,-0.7837
569,-0.7609
570,-0.1498
571,-0.2722
572,-0.1749
573,-0.8233
574,-0.5070
575,-0.3873
576,-0.5004
577,-0.7007
578,-0.3024
579,-0.1190
580,-0.9402
581,-0.5722
582,0.3124
583,-0.3435
584,-0.1890
585,-0.5735
586,-0.5324
587,-0.7473
588,-0.3158
589,-0.5436
590,-0.6326
591,-0.2610
592,-0.5294
593,0.0714
594,-0.6121
595,-0.5237
596,-0.7637
597,-0.5919
598,-0.4166
599,-0.3372
600,-0.8108
601,-0.1208
602,-0.5609
603,-0.4672
604,-0.4998
605,-0.4910
606,-0.2398
607,-0.5387
608,-0.6608
609,-0.5740
610,0.1500
611,-0.5910
612,-0.5906
613,-0.3902
614,-0.3594
615,-0.7090
616,-0.6143
617,-0.2855
618,-0.3563
619,-0.6930
620,-0.3989
621,-0.5761
622,-0.2547
623,-0.2190
624,-0.6128
625,-0.6014
626,-0.3506
627,-1.0673
628,0.2265
629,-0.6738
630,-0.3840
631,-0.1631
632,-0.7054
633,-0.2519
634,-0.2846
635,-0.3380
636,-0.4369
637,-0.6505
638,-0.8622
639,-0.8791
640,-0.7714
641,-0.5510
642,-0.5930
643,-0.4728
644,-0.5451
645,-0.4656
646,-0.4701
647,0.3414
648,-0.3906
649,-0.6616
650,0.1541
651,-0.4593
652,-0.5977
653,-0.6242
654,-0.7281
655,-0.4190
656,-0.6266
657,-0.5570
658,-1.0769
659,-0.8432
660,-0.4684
661,-0.8951
662,-0.6590
663,-0.5891
664,-0.8022
665,-0.2656
666,-0.4870
667,-0.6866
668,-0.6775
669,-0.4266
670,-0.7646
671,-0.3535
672,-0.8894
673,-0.2713
674,-0.5676
675,-0.5340
676,-0.4028
677,-0.5897
678,-0.8020
679,-0.3080
680,0.2136
681,-0.8558
682,-0.4420
683,-0.6262
684,-0.5472
685,-0.7800
686,-0.6748
687,-0.5497
688,-0.2638
689,-0.4256
690,-0.7979
691,-0.5775
692,-0.5920
693,-0.4945
694,-0.6724
695,-0.5034
696,-0.5305
697,-0.6358
698,-0.6953
699,-0.4813
700,-1.0528
701,-0.1506
702,-0.2598
703,-0.8831
704,-0.7710
705,-0.3628
706,-1.0128
707,-0.6436
708,-0.6913
709,-0.6748
710,-0.5897
711,-0.5690
712,-0.5136
713,-0.5770
714,-0.6396
715,-0.2860
716,-0.5895
717,-0.3231
718,-0.0364
719,-0.5450
720,-0.8743
721,-0.5021
722,-0.6539
723,-0.3458
724,-0.4891
725,-0.8339
726,-0.6022
727,-0.3152
728,-0.5990
729,-0.1581
730,-0.5454
731,-0.7552
732,-0.5789
733,-0.8613
734,-0.3153
735,0.4180
736,-0.8174
737,-0.6644
738,-0.5076
739,-0.6726
740,-0.7993
741,-0.6916
742,-0.4807
743,-0.5437
744,-0.4903
745,-0.3813
746,-0.3284
747,-0.6001
748,-0.7083
749,-0.3164
750,-0.7997
751,-0.4085
752,-0.1450
753,-0.5017
754,-0.6459
755,-0.9230
756,-0.9146
757,-0.9615
758,-0.4419
759,-0.6092
760,-0.4078
761,-0.5327
762,-0.3616
763,-0.8706
764,-0.1533
765,-0.7563
766,-0.9232
767,-0.6104
768,-0.5638
769,-0.6605
770,-0.8869
771,-0.7090
772,-0.2733
773,-0.5659
774,-0.5625
775,-0.6666
776,-0.9252
777,-0.2195
778,-0.6657
779,-0.5849
780,-0.3254
781,-0.7162
782,-0.3573
783,-0.6305
784,-0.0557
785,-0.5623
786,-0.3175
787,-0.7670
788,-0.5864
789,-0.7097
790,-0.0656
791,-0.9055
792,-0.5621
793,-0.8576
794,-0.8256
795,-0.6186
796,-0.5135
797,-0.6287
798,-0.8929
799,-0.1753
800,-0.8693
801,-0.5858
802,-0.7931
803,-0.6693
804,-0.8422
805,-0.4238
806,-0.5896
807,-0.6676
808,-0.3592
809,-0.6741
810,-0.5572
811,-0.6802
812,-0.6194
813,-0.0271
814,-0.4336
815,-0.2934
816,-0.7755
817,-0.3179
818,-0.7606
819,-0.4717
820,-0.3694
821,-0.2473
822,-0.8595
823,-0.4291
824,-0.8275
825,-0.6843
826,0.1700
827,-0.8401
828,-0.2952
829,-0.5094
830,-0.7946
831,-0.5410
832,-0.5662
833,-0.2045
834,-0.6932
835,-0.3631
836,-0.4888
837,-0.9294
838,-0.3053
839,-0.6497
840,-0.5311
841,-0.5321
842,-0.6402
843,-1.0390
844,-0.7655
845,-0.7425
846,-0.7574
847,-0.5991
848,-0.6046
849,-0.6082
850,-0.0120
851,-0.1654
852,-0.5000
853,-0.6254
854,-0.5937
855,-0.1810
856,-0.7965
857,-0.4456
858,-0.5133
859,-0.7787
860,-0.7646
861,-0.5244
862,-0.3448
863,-0.6263
864,-0.6531
865,-0.4139
866,-0.9055
867,0.1890
868,-0.3613
869,-0.4495
870,-0.5713
871,-0.5356
872,-0.7918
873,-0.4802
874,-0.6438
875,-0.5132
876,-0.8262
877,-0.7297
878,-0.3393
879,-0.1567
880,-0.7511
881,-0.5068
882,-0.6473
883,-0.5767
884,-0.7032
885,-0.9971
886,-0.6048
887,-0.8643
888,-0.6206
889,-0.5458
890,-0.6154
891,-0.2884
892,-0.4940
893,-0.5733
894,-0.1704
895,-0.5563
896,-0.4979
897,-0.5278
898,-0.4162
899,-0.0620
900,-0.7310
901,-0.5549
902,-0.6752
903,-0.6246
904,-0.4389
905,-0.2382
906,-0.5623
907,-0.4697
908,-0.5530
909,-0.5281
910,-0.4664
911,-0.7158
912,-0.3572
913,-0.6722
914,-0.4729
915,-0.7348
916,-0.2586
917,-0.9175
918,-0.4955
919,-0.6031
920,-0.5148
921,-0.6342
922,-0.6567
923,-0.5019
924,-0.7148
925,-0.8689
926,-0.7772
927,-0.5344
928,-0.0844
929,-0.0897
930,-0.7824
931,-0.3834
932,-0.3660
933,-0.6833
934,-0.4917
935,-0.5883
936,-0.7557
937,-0.8994
938,-0.2267
939,-0.7974
940,-0.3545
941,-0.5752
942,-0.5961
943,-0.5339
944,-0.2665
945,-0.5585
946,-0.8090
947,-0.7361
948,-0.7086
949,-0.3403
950,-0.5609
951,-0.6022
952,-0.6488
953,-0.4436
954,-0.9166
955,-0.5529
956,-0.4761
957,-0.8033
958,-0.9219
959,-0.7502
960,-0.4538
961,-0.6036
962,-0.9072
963,-0.4625
964,-0.6139
965,-0.9184
966,-0.4504
967,-0.4729
968,-0.6857
969,-0.5176
970,-0.8305
971,-0.7092
972,-0.8777
973,-0.7619
974,-0.5910
975,-0.9370
976,-0.6588
977,-0.8872
978,-0.7681
979,-0.4222
980,-0.6827
981,-0.5084
982,-0.4290
983,-0.6280
984,-0.9957
985,-0.6574
986,-0.6999
987,-0.8100
988,-0.5074
989,-0.4831
990,-0.1978
991,-0.5863
992,-0.8909
993,-0.4243
994,-0.1706
995,-0.5245
996,-0.6315
997,0.0074
998,-0.5848
999,-0.4731
1000,-0.5048
1001,-0.6380
1002,-0.7578
1003,-0.1272
1004,-0.7087
1005,-0.3559
1006,-0.7222
1007,-0.2523
1008,-0.4353
1009,-0.9925
1010,-0.5759
1011,-0.4162
1012,-0.6905
1013,-0.4415
1014,-0.3868
1015,-0.7340
1016,-0.4725
1017,0.2894
1018,-0.2719
1019,-0.4847
1020,-0.6261
1021,-0.7070
1022,-0.7613
1023,-0.6257
1024,-0.4554
1025,-0.5686
1026,-0.5704
1027,-0.5658
1028,-0.5420
1029,-0.3031
1030,-0.8195
1031,-0.1682
1032,-0.6357
1033,-0.1268
1034,-0.5167
1035,-0.6159
1036,-0.1951
1037,-0.7453
1038,-0.8186
1039,-0.3052
1040,-0.5292
1041,-0.9259
1042,-0.9462
1043,-0.6701
1044,-0.6350
1045,-0.4410
1046,-0.4881
1047,-0.7356
1048,-0.4076
1049,-0.7302
1050,-0.6126
1051,-0.6965
1052,-0.6697
1053,-0.3072
1054,-0.4942
1055,-0.5348
1056,-0.7818
1057,-0.6567
1058,-0.6536
1059,-0.4185
1060,-0.6930
1061,-0.4322
1062,-0.3288
1063,-0.2100
1064,-0.6118
1065,-0.0679
1066,-0.4692
1067,-0.2675
1068,-0.6497
1069,-0.9500
1070,-0.0725
1071,-0.4005
1072,-0.4785
1073,-0.3932
1074,-0.7524
1075,-0.5513
1076,-0.7393
1077,-0.2908
1078,-0.2347
1079,-0.2914
1080,-0.1178
1081,-0.4195
1082,-0.9699
1083,-0.6847
1084,-0.6413
1085,-0.5656
1086,-0.4825
1087,-0.3382
1088,0.1770
1089,-0.6325
1090,-0.2224
1091,-0.6880
1092,-0.5744
1093,-0.5742
1094,-0.4351
1095,0.0931
1096,-0.5848
1097,-0.5043
1098,-0.9722
1099,-0.6003
1100,-0.5854
1101,-0.4330
1102,-0.4725
1103,-0.5643
1104,-0.5112
1105,-0.2244
1106,-0.4591
1107,-0.8299
1108,-0.6789
1109,-0.6412
1110,-0.3099
1111,-0.5677
1112,-0.8338
1113,-0.5928
1114,-0.4098
1115,-0.6747
1116,-0.6654
1117,-0.6937
1118,-0.7381
1119,-0.5878
1120,-0.3739
1121,-0.2593
1122,-0.8562
1123,-0.3508
1124,-0.3200
1125,-0.3010
1126,-0.0507
1127,-0.5357
1128,-0.9680
1129,-0.8210
1130,-0.6412
1131,-0.6409
1132,-0.9721
1133,-0.8667
1134,-0.7541
1135,-0.2795
1136,-0.5945
1137,-0.3935
1138,-0.4334
1139,0.4263
1140,-0.6145
1141,-0.6011
1142,-0.4989
1143,-0.6796
1144,-0.3841
1145,-0.6013
1146,0.2139
1147,-0.3134
1148,-0.6610
1149,-0.4273
1150,-0.4048
1151,-0.7429
1152,-0.6088
1153,-0.7935
1154,-0.6573
1155,-0.5533
1156,-0.8294
1157,-0.7120
1158,-0.7326
1159,-0.1371
1160,-0.5111
1161,-0.4921
1162,0.1074
1163,-0.6827
1164,-0.7728
1165,-0.7418
1166,-0.4258
1167,-0.5185
1168,-0.6503
1169,-0.6542
1170,-0.2745
1171,-0.1784
1172,-0.7053
1173,-0.5780
1174,-0.8983
1175,-0.3116
1176,-0.0806
1177,0.2453
1178,-0.8701
1179,0.4345
1180,-0.2390
1181,-0.8209
1182,-0.4531
1183,-0.8997
1184,-0.5848
1185,-0.3524
1186,-0.2909
1187,-0.4702
1188,-0.7912
1189,-0.1745
1190,-0.6145
1191,-0.5951
1192,-0.5749
1193,-0.5024
1194,-0.4734
1195,-0.4521
1196,-0.5483
1197,-0.7758
1198,-0.1098
1199,-0.8289
1200,0.0345
1201,-0.1089
1202,-0.5537
1203,-0.3892
1204,-1.0410
1205,-0.7467
1206,-0.8427
1207,0.4643
1208,-0.6653
1209,-0.7550
1210,-0.4646
1211,-0.2823
1212,-0.4755
1213,-0.5662
1214,-0.2365
1215,-0.5329
1216,-0.9276
1217,-0.6518
1218,-0.4002
1219,-0.7992
1220,-0.2609
1221,-0.0533
1222,-0.2807
1223,-0.8000
1224,-0.9505
1225,-0.5153
1226,-0.9090
1227,-0.9585
1228,-0.7764
1229,-0.5851
1230,-0.1574
1231,-0.5990
1232,-0.4208
1233,-0.7803
1234,-0.4939
1235,-0.6600
1236,-0.7872
1237,-0.8149
1238,-0.6288
1239,-0.1566
1240,-0.4002
1241,-0.7014
1242,-0.8752
1243,-0.3723
1244,-0.4859
1245,-0.4979
1246,-1.0014
1247,-0.7099
1248,-0.0064
1249,-0.5753
1250,-0.6279
1251,-0.8315
1252,-0.6066
1253,-0.0992
1254,-0.4326
1255,-0.6251
1256,-0.2078
1257,-0.6024
1258,-0.5838
1259,-0.6233
1260,-0.8635
1261,-0.6005
1262,-0.7100
1263,0.2236
1264,-0.6892
1265,-0.4822
1266,-0.4119
1267,-0.1866
1268,-0.3113
1269,-0.5107
1270,-0.7261
1271,-0.6442
1272,-1.0049
1273,-0.5111
1274,-0.7004
1275,-0.3902
1276,-0.7700
1277,-0.4420
1278,-0.7426
1279,-0.5810
1280,-0.4933
1281,-0.2274
1282,-0.7693
1283,-0.2737
1284,-0.2890
1285,-0.5799
1286,-0.3711
1287,-0.3729
1288,-0.4125
1289,-0.6157
1290,-0.7911
1291,-0.8384
1292,-0.5727
1293,-0.7350
1294,-0.6458
1295,-0.7236
1296,-0.9852
1297,-0.4181
1298,-0.7065
1299,-0.0294
1300,-0.2345
1301,0.3117
1302,-0.1213
1303,0.0940
1304,-0.5205
1305,-0.5537
1306,-0.5993
1307,-1.0015
1308,-0.2553
1309,-0.4314
1310,-0.5733
1311,-0.7016
1312,-0.6598
1313,-0.5134
1314,-0.8155
1315,-0.2114
1316,-0.3998
1317,-0.6733
1318,-0.4473
1319,-0.8830
1320,-0.5606
1321,-0.8046
1322,-0.2937
1323,-0.6908
1324,-0.2088
1325,-0.2551
1326,-0.5239
1327,-0.7363
1328,-0.4215
1329,-0.6777
1330,-0.3948
1331,-0.4112
1332,-0.7757
1333,-0.8060
1334,-0.5021
1335,-0.8373
1336,-0.3440
1337,-0.3007
1338,-0.7263
1339,-0.5389
1340,0.3842
1341,-0.5027
1342,-0.6778
1343,-0.5437
1344,-0.1833
1345,-0.1430
1346,-0.5742
1347,-0.3620
1348,-0.7019
1349,-0.4916
1350,-0.1726
1351,-0.2039
1352,-0.6105
1353,-0.4286
1354,-0.6743
1355,-0.5654
1356,-1.1571
1357,-0.8871
1358,-0.4499
1359,-0.8743
1360,-0.1931
1361,-0.3730
1362,-0.2817
1363,-0.8846
1364,-0.4684
1365,-0.4719
1366,-0.4867
1367,-0.5333
1368,0.2125
1369,-0.2769
1370,-0.4025
1371,-0.5443
1372,0.0939
1373,-0.4245
1374,-1.0784
1375,-0.7994
1376,-0.4114
1377,-0.4400
1378,0.0397
1379,-0.6920
1380,-0.6270
1381,-0.1514
1382,-0.6868
1383,-0.7696
1384,-0.5593
1385,-0.9169
1386,-0.3829
1387,-0.6653
1388,-0.5381
1389,-0.7675
1390,-0.6431
1391,0.0427
1392,-0.4674
1393,-0.3924
1394,-0.4514
1395,-0.8079
1396,-0.3169
1397,-0.5905
1398,-0.4207
1399,-0.6892
1400,-0.1485
1401,-0.2510
1402,-0.5430
1403,-0.3746
1404,0.0321
1405,-0.5456
1406,-0.4327
1407,-0.5249
1408,0.4149
1409,-0.6538
1410,-0.7634
1411,-0.4368
1412,-1.0258
1413,-0.6956
1414,-0.5701
1415,-0.7695
1416,-0.2140
1417,-0.7156
1418,-0.6330
1419,-0.6075
1420,-0.5932
1421,-0.5938
1422,-0.8122
1423,-0.1632
1424,-0.2110
1425,-0.4133
1426,-1.0480
1427,-0.7054
1428,-0.8456
1429,-0.3602
1430,-0.9026
1431,-0.5353
1432,-0.4533
1433,-0.5735
1434,-0.6301
1435,-0.6366
1436,0.0241
1437,-0.9370
1438,-0.4848
1439,-0.3906
1440,-0.7057
1441,-0.3932
1442,-0.9196
1443,-0.7994
1444,-0.3374
1445,-0.4549
1446,-0.8265
1447,-0.2912
1448,-0.7533
1449,-0.6057
1450,-0.4586
1451,-0.6363
1452,-0.5018
1453,-0.2182
1454,-0.4753
1455,0.2912
1456,-0.3061
1457,-0.5083
1458,-0.4661
1459,-0.6107
1460,-0.6924
1461,-0.5549
1462,-0.3992
1463,-0.5629
1464,-0.5091
1465,-0.7456
1466,-0.8431
1467,-0.3740
1468,-0.1551
1469,-0.5195
1470,-0.8127
1471,-0.1836
1472,-0.5245
1473,-0.5718
1474,-0.1566
1475,-0.4378
1476,-0.2832
1477,-0.7767
1478,-0.7610
1479,-0.9127
1480,-0.4396
1481,-0.0483
1482,-0.3315
1483,-0.6048
1484,-0.5263
1485,-0.8375
1486,-0.5403
1487,-0.5555
1488,-0.9589
1489,-0.8131
1490,-0.8735
1491,-0.7522
1492,-0.8260
1493,-0.4443
1494,0.0317
1495,-0.5811
1496,-0.5837
1497,-0.6525
1498,-0.7548
1499,-0.1609
1500,-0.4335
1501,-0.5960
1502,-0.3329
1503,-0.7852
1504,-0.6028
1505,-0.3954
1506,-0.5808
1507,-0.0916
1508,-0.4774
1509,-0.9398
1510,-0.2880
1511,-0.3013
1512,-0.5467
1513,-0.6941
1514,-0.8554
1515,-0.3722
1516,-0.3442
1517,-0.9783
1518,-0.4124
1519,-0.2879
1520,-0.6782
1521,-0.6244
1522,-0.5230
1523,-0.8703
1524,-0.5503
1525,-0.6119
1526,-0.3490
1527,-0.5218
1528,-0.8752
1529,-0.5659
1530,-0.7282
1531,-0.3557
1532,-0.4391
1533,-0.6424
1534,-0.6472
1535,-0.5199
1536,-0.7710
1537,-0.7152
1538,-0.8955
1539,-0.7708
1540,-0.5740
1541,-0.1494
1542,-0.4209
1543,-0.3315
1544,-0.5582
1545,0.2998
1546,-0.7998
1547,-0.7357
1548,-0.5431
1549,-0.1648
1550,-0.7509
1551,-0.5595
1552,-0.5853
1553,-0.5972
1554,-0.6100
1555,-0.3518
1556,-0.6381
1557,-0.5893
1558,-0.3781
1559,-0.6825
1560,-0.7893
1561,-0.5671
1562,-0.6889
1563,-0.3307
1564,-0.3138
1565,-0.6641
1566,-0.7223
1567,-0.2059
1568,-0.7136
1569,-0.1733
1570,-0.8147
1571,-0.5426
1572,-0.7616
1573,-0.5955
1574,-0.4716
1575,-0.8675
1576,-0.5644
1577,-0.0634
1578,-0.7072
1579,-0.4579
1580,-0.3416
1581,-0.7523
1582,-0.4700
1583,-0.7236
1584,-0.7123
1585,-0.2281
1586,-0.7987
1587,-0.6509
1588,-0.5979
1589,-0.1801
1590,-0.5123
1591,-0.5013
1592,-0.3675
1593,-0.5975
1594,-0.8353
1595,-0.4668
1596,-0.6588
1597,-0.4377
1598,-0.3022
1599,-0.4775
1600,-0.5098
1601,-0.6418
1602,-0.4168
1603,-0.8136
1604,-0.8886
1605,-0.4040
1606,-0.6738
1607,-0.8767
1608,-0.5085
1609,-0.7016
1610,-0.5224
1611,-0.6987
1612,-0.8319
1613,-0.7028
1614,-0.6219
1615,-0.1669
1616,-0.5648
1617,-0.6075
1618,-0.5645
1619,-0.8172
1620,-0.5670
1621,-0.3997
1622,-0.5185
1623,-0.7222
1624,-0.4781
1625,0.0196
1626,-0.6382
1627,-0.8285
1628,-1.0273
1629,-0.4981
1630,-0.5518
1631,-0.6858
1632,-0.5093
1633,-0.8849
1634,-0.5618
1635,-0.5611
1636,-0.5217
1637,-0.7275
1638,-0.2780
1639,-0.8074
1640,-0.3545
1641,-0.4767
1642,-0.9389
1643,-0.5708
1644,-0.5036
1645,-0.7565
1646,-0.6124
1647,-0.3153
1648,-0.6622
1649,-0.2133
1650,-0.3146
1651,-0.6041
1652,-0.3027
1653,-0.9514
1654,-0.7505
1655,-0.6919
1656,-0.7643
1657,-0.4958
1658,-0.4594
1659,-0.3596
1660,-0.2104
1661,-0.2961
1662,-0.4044
1663,-0.5531
1664,-0.2896
1665,-0.2966
1666,-0.4622
1667,-0.9163
1668,-0.6725
1669,-0.3747
1670,-0.7700
1671,-0.7005
1672,-0.0297
1673,-0.5393
1674,-0.3742
1675,-0.8235
1676,-0.4404
1677,-0.4248
1678,-0.5816
1679,-0.6632
1680,-0.9209
1681,-1.0067
1682,-0.8607
1683,-0.1052
1684,-0.2694
1685,-0.2416
1686,-0.4545
1687,-0.4788
1688,-0.1195
1689,-0.2580
1690,-0.5766
1691,-0.4959
1692,-0.9862
1693,-0.4940
1694,-0.3907
1695,-0.3437
1696,-0.8531
1697,-0.6945
1698,-0.7193
1699,-0.7007
1700,-0.7848
1701,-0.2726
1702,-0.5536
1703,-0.3112
1704,-0.5089
1705,-0.3732
1706,-0.3277
1707,-0.5629
1708,-0.7291
1709,-0.7436
1710,-0.4823
1711,-0.4741
1712,-0.7259
1713,-0.3110
1714,-0.7214
1715,-0.3260
1716,-0.0236
1717,-0.2956
1718,-0.4025
1719,-0.3048
1720,-0.2639
1721,-0.6838
1722,-0.6067
1723,-0.0039
1724,-0.5706
1725,-0.6013
1726,-0.5683
1727,-0.7195
1728,-0.3388
1729,-0.6360
1730,-0.6718
1731,-0.1859
1732,-0.5199
1733,-0.6576
1734,-0.5772
1735,-0.5414
1736,-0.4870
1737,-0.8289
1738,-0.2596
1739,-0.4015
1740,-0.4875
1741,-0.9058
1742,-0.7721
1743,-0.8340
1744,-0.7007
1745,-0.7388
1746,-0.8772
1747,-0.3812
1748,-0.5841
1749,-0.9560
1750,-0.5845
1751,-0.4434
1752,-0.6597
1753,-0.3032
1754,-0.6079
1755,-0.5153
1756,-0.6833
1757,-0.1122
1758,-0.5711
1759,-0.4109
1760,-0.4131
1761,-0.8046
1762,-0.3901
1763,0.0933
1764,-0.7121
1765,-0.7734
1766,-0.5394
1767,-0.5481
1768,-0.0260
1769,-0.5008
1770,-0.5421
1771,-0.3103
1772,-0.5100
1773,-0.5667
1774,0.0076
1775,-0.6150
1776,-0.9661
1777,-0.5405
1778,-0.4808
1779,-1.0349
1780,-0.5516
1781,-0.6404
1782,-1.0023
1783,-0.4300
1784,-0.5045
1785,-0.4456
1786,-0.6745
1787,-0.1349
1788,-0.7028
1789,-0.5354
1790,-0.7899
1791,-0.1420
1792,-0.4092
1793,-0.7834
1794,-0.6742
1795,-0.7927
1796,-0.2630
1797,-0.6644
1798,-0.1399
1799,-0.6333
1800,-0.6251
1801,-0.3374
1802,-0.6556
1803,-0.6613
1804,-0.7439
1805,-0.3275
1806,-0.2898
1807,-0.3360
1808,0.0697
1809,-0.4721
1810,-0.6011
1811,-0.1112
1812,-0.0703
1813,-0.6914
1814,-0.4337
1815,-0.6361
1816,-0.8434
1817,-0.7875
1818,-0.3185
1819,-0.5475
1820,-0.7090
1821,-0.6843
1822,-0.6216
1823,-0.3348
1824,-0.7044
1825,-0.6076
1826,-0.3212
1827,-0.3584
1828,-0.5890
1829,-0.5795
1830,-0.5536
1831,-0.7914
1832,-0.2432
1833,-0.6914
1834,-0.6916
1835,0.2330
1836,-0.1556
1837,-0.4118
1838,-0.7410
1839,-0.5297
1840,-0.3372
1841,-0.1492
1842,-0.8983
1843,-0.3884
1844,-0.3937
1845,-0.5877
1846,-0.6461
1847,-0.1768
1848,-0.3536
1849,-0.2401
1850,0.3036
1851,-0.9253
1852,-0.7022
1853,-0.4414
1854,-0.2536
1855,-0.3629
1856,-0.0577
1857,-0.8565
1858,-0.7133
1859,-0.3431
1860,-0.4239
1861,-0.5548
1862,-0.5658
1863,0.2626
1864,-0.5819
1865,-0.6063
1866,-0.4176
1867,-1.0089
1868,-0.5701
1869,-0.7634
1870,-0.7805
1871,-0.4824
1872,-0.7777
1873,-0.7849
1874,-0.2260
1875,-0.6331
1876,-0.5197
1877,-0.1631
1878,-0.6421
1879,-0.4072
1880,-0.5870
1881,-0.3147
1882,-0.6911
1883,-0.8606
1884,-0.5676
1885,-0.9307
1886,-0.6053
1887,-0.4897
1888,-0.4399
1889,-0.6335
1890,-0.7928
1891,-0.0835
1892,0.1628
1893,-0.7721
1894,-0.5998
1895,-0.4234
1896,-0.4978
1897,-0.5129
1898,-0.6123
1899,-0.0364
1900,-0.6173
1901,-0.8539
1902,-0.3787
1903,-0.2059
1904,-0.1946
1905,-0.8124
1906,-0.4799
1907,-0.9581
1908,-0.7880
1909,-0.8850
1910,-0.5291
1911,-0.6609
1912,-0.3568
1913,-0.1541
1914,-0.6390
1915,-0.5753
1916,-0.6947
1917,-0.8070
1918,-0.6638
1919,-1.0036
1920,-0.6702
1921,-0.7111
1922,-0.4721
1923,-0.7024
1924,-0.3814
1925,-0.3784
1926,-0.8288
1927,-0.4366
1928,-0.7978
1929,-0.6746
1930,-0.4487
1931,-0.6604
1932,-0.9506
1933,-0.5870
1934,-0.3960
1935,-0.5164
1936,-0.5941
1937,-0.3914
1938,-0.2847
1939,-0.5616
1940,-0.7408
1941,-0.2938
1942,-0.4380
1943,-0.7553
1944,-0.4987
1945,-0.5053
1946,-0.9129
1947,-0.6784
1948,-0.6081
1949,-0.8177
1950,-0.2298
1951,-0.2632
1952,-0.5682
1953,-0.7766
1954,-0.7811
1955,-0.3556
1956,-0.6621
1957,-0.6373
1958,-0.7977
1959,-0.1761
1960,-0.6915
1961,-0.5306
1962,-0.2872
1963,-0.9741
1964,-0.6020
1965,-0.9755
1966,-0.1133
1967,-0.7956
1968,-0.4686
1969,-0.5657
1970,-0.7104
1971,-0.3818
1972,-0.4462
1973,-0.5256
1974,-0.7480
1975,-0.6544
1976,-0.3985
1977,-1.0520
1978,-0.2523
1979,-0.7318
1980,-0.6147
1981,-0.3474
1982,-1.0788
1983,-0.7236
1984,-0.4195
1985,-0.3009
1986,-0.5206
1987,-0.8913
1988,-0.2958
1989,-0.7063
1990,-0.4908
1991,-0.6346
1992,-0.6128
1993,-0.8904
1994,-0.6609
1995,-0.3389
1996,-0.4488
1997,-0.3949
1998,-0.4787
1999,-0.4492
2000,-0.3168
2001,-0.2590
2002,-0.7155
2003,-0.8444
2004,0.0794
2005,0.3860
2006,0.1369
2007,-0.6788
2008,-0.8916
2009,-0.5958
2010,-0.3656
2011,-0.6939
2012,-0.6866
2013,-0.5673
2014,-0.5161
2015,0.4995
2016,-0.5372
2017,-0.0571
2018,-0.6480
2019,-0.7475
2020,-0.5349
2021,-0.7640
2022,-0.7887
2023,-0.7372
2024,-0.7333
2025,-0.7279
2026,-0.1502
2027,-0.3207
2028,-0.9355
2029,-0.4969
2030,-0.7422
2031,-0.7201
2032,-0.7412
2033,-0.6681
2034,-0.6595
2035,-0.7793
2036,-0.5356
2037,-0.6343
2038,-0.8187
2039,-0.5566
2040,-0.2855
2041,-0.5206
2042,-0.2960
2043,-0.4861
2044,-0.1831
2045,0.0364
2046,-0.9588
2047,-0.6477
2048,-0.4439
2049,-0.1314
2050,-0.7228
2051,-0.3452
2052,-0.3170
2053,-0.4980
2054,-0.6804
2055,-0.5252
2056,-0.5085
2057,-0.6754
2058,-0.7865
2059,-0.3035
2060,-0.5134
2061,-0.5225
2062,-0.8700
2063,-0.5284
2064,-0.5186
2065,0.0028
2066,-0.5692
2067,-0.3297
2068,-0.5101
2069,-0.4570
2070,-0.6565
2071,-0.6252
2072,-0.5292
2073,-0.4652
2074,-0.4116
2075,-0.6022
2076,-0.3668
2077,-0.7710
2078,-0.4582
2079,-0.4146
2080,-0.5118
2081,-0.5182
2082,-0.7171
2083,-0.5247
2084,-0.7645
2085,-0.6971
2086,-0.7028
2087,-0.4576
2088,-0.7763
2089,-0.1955
2090,-0.7510
2091,-0.7277
2092,-0.7324
2093,-0.7742
2094,-0.5350
2095,-0.7250
2096,-0.8201
2097,-0.7058
2098,0.0754
2099,-0.5192
2100,-0.2994
2101,-0.6846
2102,-0.5493
2103,0.3348
2104,-0.5899
2105,-0.5740
2106,-0.6782
2107,-0.2807
2108,-0.3193
2109,-0.3189
2110,-0.3319
2111,-0.6657
2112,-0.6380
2113,-0.7625
2114,-0.3354
2115,-0.5008
2116,-0.2040
2117,-0.7457
2118,0.2050
2119,-0.5324
2120,-0.3170
2121,-0.5859
2122,-0.5024
2123,-0.4211
2124,-0.7451
2125,-0.2678
2126,-0.5859
2127,-0.4291
2128,-0.1869
2129,-0.7981
2130,-0.4924
2131,-0.9695
2132,-0.8396
2133,-0.5836
2134,-0.7842
2135,-0.6222
2136,-0.8152
2137,-0.7278
2138,-0.7364
2139,-0.4740
2140,-0.4220
2141,-0.4115
2142,-0.6691
2143,-0.3032
2144,-0.4043
2145,-0.5758
2146,-0.1246
2147,-0.5057
2148,-0.4993
2149,0.1047
2150,-0.6342
2151,-0.6043
2152,-0.0943
2153,-0.5662
2154,-0.4390
2155,-0.6899
2156,-0.6737
2157,-0.5612
2158,-0.5827
2159,-0.4325
2160,-0.4632
2161,-0.7800
2162,-0.5957
2163,-0.4250
2164,-0.3409
2165,-0.7275
2166,-0.7651
2167,-0.5511
2168,-0.6742
2169,-0.6028
2170,-0.9736
2171,-0.3190
2172,-0.1319
2173,-0.6852
2174,-0.5075
2175,-0.5892
2176,-0.4682
2177,-0.4752
2178,-0.8525
2179,-0.7192
2180,-0.6066
2181,-0.4777
2182,-0.8172
2183,-0.8582
2184,-0.7175
2185,-0.8213
2186,-0.4558
2187,-0.2887
2188,-0.4810
2189,-0.3348
2190,-0.5020
2191,-0.4739
2192,-0.7084
2193,-0.2765
2194,-0.1110
2195,-0.6056
2196,0.0485
2197,-0.8517
2198,-0.8876
2199,-0.4683
2200,-0.6653
2201,-0.8379
2202,-0.3166
2203,-0.5490
2204,-0.3719
2205,-0.7507
2206,-0.5811
2207,-0.5504
2208,-0.7067
2209,-0.6005
2210,-0.3165
2211,-0.8293
2212,0.0674
2213,-0.6969
2214,-0.2666
2215,0.0888
2216,-0.6148
2217,-0.4446
2218,-0.3113
2219,-0.1347
2220,-0.4074
2221,-0.8857
2222,-0.3397
2223,-0.4839
2224,-0.6525
2225,-0.7915
2226,-0.4486
2227,-0.5623
2228,-0.8818
2229,-0.7654
2230,-0.4871
2231,-0.5275
2232,-0.4782
2233,-0.0056
2234,-0.5341
2235,-0.3567
2236,-0.4921
2237,-1.0190
2238,-0.3839
2239,-0.2040
2240,-0.8957
2241,0.0851
2242,-0.5902
2243,-0.6243
2244,-0.5387
2245,-0.5727
2246,-0.4453
2247,-0.3898
2248,-0.3671
2249,-0.3325
2250,-0.7341
2251,-0.4843
2252,-0.7858
2253,-0.4489
2254,-0.6530
2255,-0.5231
2256,-0.6155
2257,-0.7433
2258,-0.5328
2259,-0.4486
2260,-0.8732
2261,-0.3023
2262,-0.4261
2263,-0.5692
2264,-0.9709
2265,-0.6143
2266,-1.1055
2267,-0.6201
2268,-0.4119
2269,-0.4185
2270,-0.6030
2271,-0.9718
2272,-0.3863
2273,-0.5821
2274,-0.6346
2275,-0.3904
2276,-0.6297
2277,-0.4488
2278,-0.1567
2279,-0.7390
2280,-0.8684
2281,-0.8121
2282,-0.1579
2283,-0.4948
2284,-0.2791
2285,-0.6287
2286,-0.4094
2287,-0.0035
2288,-0.8282
2289,-0.7619
2290,-0.5550
2291,-0.3729
2292,-0.7488
2293,-0.6302
2294,-0.8488
2295,-0.9602
2296,-0.3802
2297,-0.3332
2298,-0.7307
2299,-0.3393
2300,-0.6293
2301,-0.4575
2302,-0.5399
2303,-0.3462
2304,-0.2452
2305,-1.0033
2306,-0.4241
2307,-0.7356
2308,0.2518
2309,-0.5769
2310,-0.7175
2311,-0.4053
2312,-0.5121
2313,-0.4738
2314,-0.3814
2315,-0.2920
2316,-0.4020
2317,-0.8829
2318,-0.1805
2319,-0.7040
2320,-0.5606
2321,-0.4512
2322,-0.1961
2323,-0.4406
2324,-0.2713
2325,-0.6726
2326,-0.8190
2327,-1.0700
2328,-0.4690
2329,-0.6958
2330,-0.3021
2331,-0.3897
2332,-0.6688
2333,-0.6339
2334,-0.6464
2335,-0.5025
2336,-0.3169
2337,-0.2945
2338,-0.6811
2339,-0.3362
2340,-0.7706
2341,-0.5049
2342,-0.4139
2343,-0.5776
2344,-0.6759
2345,-0.1439
2346,-0.9413
2347,-0.4456
2348,-0.3406
2349,-0.4800
2350,-0.7701
2351,-0.1191
2352,-0.4253
2353,-0.2850
2354,-0.2588
2355,-0.9173
2356,-0.3642
2357,-0.3550
2358,-0.3478
2359,-0.6750
2360,-0.3787
2361,-0.6217
2362,-0.6163
2363,-0.9428
2364,-0.6745
2365,-0.6026
2366,-0.3640
2367,-0.7784
2368,-0.7501
2369,-0.5020
2370,-0.5122
2371,-0.0834
2372,-0.5223
2373,-0.2411
2374,-0.3906
2375,-0.4856
2376,0.0145
2377,-0.6434
2378,-0.6292
2379,-0.3047
2380,-0.3639
2381,-0.9124
2382,-0.6466
2383,-0.0028
2384,-0.4932
2385,-0.2819
2386,0.2465
2387,-0.5173
2388,-0.6220
2389,-0.6186
2390,-0.7775
2391,-0.6711
2392,-0.6444
2393,-0.5616
2394,-0.2255
2395,-0.9549
2396,-0.2656
2397,-0.8429
2398,-0.5692
2399,-0.4511
2400,-0.7047
2401,-0.8747
2402,-0.9946
2403,-0.0210
2404,-0.5505
2405,-0.5563
2406,-0.5608
2407,-0.1231
2408,-0.9826
2409,-0.9348
2410,-0.6178
2411,-0.4379
2412,-0.5488
2413,-0.7138
2414,-0.3150
2415,-0.9908
2416,-0.3412
2417,-0.3843
2418,0.1253
2419,-0.3603
2420,-0.4372
2421,-0.2418
2422,-0.4986
2423,-0.4897
2424,-0.1449
2425,-0.2746
2426,-0.7548
2427,-0.7016
2428,-0.1506
2429,-0.6072
2430,-0.4416
2431,-0.7532
2432,-0.7499
2433,-0.4830
2434,0.2572
2435,-0.6409
2436,-0.5652
2437,-0.6174
2438,-0.6734
2439,-0.6240
2440,-0.5252
2441,-0.6924
2442,-0.5278
2443,-0.4322
2444,-0.4449
2445,-0.6100
2446,-0.8843
2447,-0.1042
2448,-0.6028
2449,-0.5041
2450,-0.5684
2451,-0.5420
2452,-0.4706
2453,-0.3578
2454,-0.4542
2455,0.0907
2456,-0.6599
2457,-0.5697
2458,-0.9291
2459,-0.4205
2460,0.1340
2461,-0.2126
2462,-0.8092
2463,-0.6126
2464,-0.4854
2465,-0.3786
2466,-0.6326
2467,-0.5990
2468,-0.7989
2469,-0.8113
2470,-0.5413
2471,-0.5968
2472,-0.6572
2473,-1.0099
2474,-0.3864
2475,0.1125
2476,-0.4642
2477,-0.8031
2478,-0.6699
2479,-0.5784
2480,-0.3993
2481,-0.6100
2482,-0.8995
2483,-0.8203
2484,-0.6707
2485,-0.3767
2486,-0.2338
2487,-0.7550
2488,-0.6818
2489,-0.7078
2490,-0.6473
2491,-0.1614
2492,-0.7747
2493,-0.1689
2494,-0.7155
2495,-0.7825
2496,-0.4252
2497,-0.9770
2498,-0.5988
2499,-0.5821
2500,-0.4204
2501,-0.1719
2502,-0.5386
2503,-0.4304
2504,-0.6046
2505,-0.7241
2506,-0.5393
2507,-0.8680
2508,-0.6096
2509,-0.4394
2510,-0.4701
2511,-0.3722
2512,-0.4903
2513,-0.4481
2514,-0.6785
2515,-0.7928
2516,-0.6457
2517,-0.5394
2518,-0.6381
2519,-0.4707
2520,0.1373
2521,-0.7267
2522,-0.2588
2523,-0.1320
2524,-0.3098
2525,-0.7313
2526,-0.3525
2527,-0.6663
2528,-0.7324
2529,-0.3973
2530,-0.6411
2531,-0.1912
2532,-0.1774
2533,-0.7423
2534,-0.8731
2535,-0.4717
2536,-0.4940
2537,-0.5032
2538,-0.7811
2539,-0.4960
2540,-0.9491
2541,-0.1304
2542,-0.3806
2543,-0.7069
2544,-0.9078
2545,-0.6166
2546,-0.7622
2547,-0.3654
2548,-0.5778
2549,-0.3001
2550,-0.1095
2551,-0.9056
2552,-0.3105
2553,-0.4378
2554,-0.0739
2555,-0.0080
2556,-0.5695
2557,-0.3775
2558,-0.7569
2559,-0.3507
2560,-0.6137
2561,-0.8209
2562,-0.5966
2563,-0.7091
2564,-0.7168
2565,-1.0101
2566,-0.7833
2567,0.1238
2568,-0.8103
2569,-0.7047
2570,-0.4274
2571,-0.2139
2572,-0.3910
2573,-0.0043
2574,-0.5646
2575,0.0615
2576,-0.3852
2577,0.0063
2578,-0.5542
2579,-0.1991
2580,-0.5785
2581,-0.5204
2582,-0.6616
2583,-0.3892
2584,-0.6077
2585,-0.6790
2586,-0.4105
2587,0.2329
2588,-0.7290
2589,-0.7788
2590,-0.4948
2591,-0.4670
2592,-0.1611
2593,-0.7835
2594,-0.4965
2595,-0.6477
2596,-0.8889
2597,-0.8322
2598,-1.0704
2599,-0.8527
2600,0.0499
2601,-0.4914
2602,-0.5613
2603,-0.2666
2604,-0.8113
2605,-0.2367
2606,-0.6605
2607,-0.6092
2608,0.1713
2609,-0.4934
2610,-0.7465
2611,-0.3072
2612,-0.2481
2613,-0.5104
2614,-0.5851
2615,-0.6125
2616,-0.4490
2617,-0.6616
2618,-0.7068
2619,-0.4694
2620,-0.6220
2621,-0.2152
2622,-0.0742
2623,-0.3901
2624,-0.5975
2625,-0.6579
2626,-0.6210
2627,-0.4478
2628,-0.6180
2629,-0.4622
2630,-0.6513
2631,-0.6348
2632,-0.6550
2633,-0.5957
2634,-0.2582
2635,-0.6907
2636,-0.8237
2637,-0.5792
2638,-0.4629
2639,-0.2498
2640,-0.1557
2641,-0.6560
2642,-0.4432
2643,-0.7072
2644,-0.2302
2645,-0.5000
2646,-0.3871
2647,-0.3886
2648,-0.6539
2649,-0.5961
2650,-0.6911
2651,-0.4417
2652,0.0657
2653,-0.3071
2654,-0.6483
2655,-0.8511
2656,-0.7873
2657,-0.3003
2658,-0.5249
2659,-0.0385
2660,-0.2227
2661,-0.6674
2662,-0.2917
2663,-0.7640
2664,-0.2511
2665,-0.6065
2666,-0.7862
2667,-0.7926
2668,-0.4064
2669,-0.5935
2670,-0.4951
2671,-0.8436
2672,-0.4242
2673,-0.4218
2674,-0.7502
2675,-0.6510
2676,-0.6095
2677,-0.6192
2678,-0.6060
2679,-0.6184
2680,-0.7916
2681,-0.6356
2682,-0.5917
2683,-0.1386
2684,-0.4815
2685,-0.7385
2686,-0.0107
2687,-0.5344
2688,-0.4079
2689,-0.6640
2690,-0.7474
2691,-0.4488
2692,-0.5968
2693,-0.2042
2694,-0.7821
2695,-0.6663
2696,-0.2301
2697,-0.6117
2698,-0.9255
2699,-0.5236
2700,-0.5401
2701,-0.5656
2702,-0.5187
2703,-0.2557
2704,-0.7245
2705,-0.3529
2706,-0.7098
2707,-0.3091
2708,-0.4978
2709,-0.3730
2710,-0.6074
2711,-0.7651
2712,-0.1345
2713,-0.5195
2714,-0.0327
2715,-0.5951
2716,-0.3426
2717,-0.1531
2718,-0.3380
2719,-0.4754
2720,-0.6790
2721,-0.3791
2722,-0.2939
2723,-0.7050
2724,-0.3366
2725,-0.6364
2726,-0.5398
2727,-0.3533
2728,-0.5521
2729,-0.5352
2730,-0.4822
2731,-0.6667
2732,-0.6094
2733,-0.3287
2734,-0.2426
2735,-0.4672
2736,-0.5329
2737,0.0424
2738,-0.2496
2739,-0.7519
2740,-0.6564
2741,-0.7032
2742,-0.9859
2743,-0.5916
2744,-0.8265
2745,0.1740
2746,-0.8246
2747,-0.4045
2748,-0.5939
2749,-0.6518
2750,-0.1066
2751,-0.7410
2752,-0.6567
2753,-0.7476
2754,-0.2799
2755,-0.4200
2756,-0.5660
2757,-0.6478
2758,-0.8539
2759,-0.5736
2760,-0.5806
2761,-0.7895
2762,-0.0834
2763,-0.8166
2764,-1.0670
2765,-0.7752
2766,-1.0175
2767,-0.2841
2768,0.0087
2769,-0.7126
2770,-0.5613
2771,-0.8582
2772,-0.5389
2773,-0.4888
2774,-0.4399
2775,-0.5602
2776,-0.5958
2777,-0.8253
2778,-0.1835
2779,-0.5986
2780,-0.4492
2781,-0.1370
2782,-0.4510
2783,-0.1834
2784,-0.3735
2785,-0.8272
2786,-0.4868
2787,-0.6296
2788,0.2284
2789,-0.5147
2790,0.1371
2791,-0.5491
2792,-0.5278
2793,-0.4518
2794,0.2770
2795,0.2610
2796,-0.2022
2797,-0.1923
2798,-0.3115
2799,-0.6007
2800,-0.4129
2801,-0.6788
2802,-0.4456
2803,-0.1564
2804,-0.2070
2805,-0.3674
2806,-0.0481
2807,-0.6026
2808,-0.2689
2809,-0.3385
2810,-0.5831
2811,-0.4231
2812,-0.6560
2813,-0.5375
2814,-0.5748
2815,-0.4723
2816,-0.5161
2817,-0.0573
2818,-0.5139
2819,0.2088
2820,-0.7285
2821,-0.5415
2822,-0.6165
2823,-0.2642
2824,-0.7303
2825,-0.5800
2826,-0.3152
2827,-0.5106
2828,0.0934
2829,-0.6100
2830,-0.5751
2831,-0.6653
2832,-0.2428
2833,-0.3724
2834,-0.7208
2835,-0.5872
2836,-0.0855
2837,-0.8867
2838,-0.6061
2839,-0.2057
2840,-0.6594
2841,-0.4811
2842,-0.8552
2843,-0.4078
2844,-0.7685
2845,-0.3732
2846,-0.1925
2847,-0.5878
2848,-0.2985
2849,-0.3400
2850,-0.3442
2851,-0.2546
2852,-0.4471
2853,-0.1668
2854,-0.7412
2855,-0.2929
2856,-0.3619
2857,-0.5821
2858,-0.6851
2859,-0.4165
2860,-0.2482
2861,-0.2804
2862,-0.5997
2863,-0.4252
2864,-0.5862
2865,-0.3888
2866,-0.5991
2867,-0.1526
2868,-0.8079
2869,-0.5813
2870,-0.4392
2871,-0.6463
2872,-0.3424
2873,-0.3743
2874,-0.7216
2875,0.1892
2876,-0.3841
2877,-0.3469
2878,-0.2711
2879,-0.5756
2880,-0.4846
2881,-0.5843
2882,-0.5525
2883,-0.5083
2884,-0.6582
2885,-0.7345
2886,-0.4380
2887,-0.6938
2888,-0.2609
2889,-0.5299
2890,-0.4729
2891,-0.3304
2892,-0.1058
2893,-0.7142
2894,-0.3925
2895,-0.5882
2896,-0.1767
2897,-0.7175
2898,-0.0615
2899,-0.8928
2900,-0.7242
2901,-0.1320
2902,-0.1243
2903,-0.6397
2904,-0.5418
2905,-0.4072
2906,-0.4883
2907,-0.3038
2908,-0.6872
2909,-0.9734
2910,-1.0034
2911,-0.5346
2912,-0.4617
2913,-0.2349
2914,-0.5184
2915,-0.0467
2916,-0.7833
2917,-0.7507
2918,-0.6357
2919,-0.8070
2920,-0.4301
2921,-0.8086
2922,-0.4566
2923,-0.6770
2924,-0.8239
2925,-0.4050
2926,-0.4943
2927,-0.5447
2928,-0.3338
2929,-0.3539
2930,-0.6834
2931,-0.5651
2932,-0.4589
2933,-0.6282
2934,-0.3148
2935,-0.8042
2936,-0.6196
2937,-0.4585
2938,-0.6464
2939,-0.2190
2940,-0.7231
2941,-0.5263
2942,-0.3586
2943,-0.5401
2944,-0.8996
2945,-0.4162
2946,-0.2216
2947,-0.5497
2948,-0.6980
2949,-0.5280
2950,-0.4561
2951,-0.6195
2952,-0.4437
2953,-0.3653
2954,-0.2285
2955,-0.6551
2956,-0.2046
2957,-0.4101
2958,-0.2998
2959,-0.9146
2960,-0.7448
2961,-0.1250
2962,-0.7002
2963,-0.1973
2964,-1.0106
2965,-0.5667
2966,-1.0823
2967,-0.0485
2968,-0.6287
2969,-0.3657
2970,-0.5131
2971,-0.8507
2972,-0.6125
2973,-0.2908
2974,-0.4249
2975,-0.6601
2976,-0.5455
2977,-0.9716
2978,-0.7181
2979,-0.8132
2980,-0.3900
2981,-0.6611
2982,-0.4833
2983,-0.3297
2984,-0.5942
2985,-0.2473
2986,-0.6941
2987,-0.4765
2988,-0.7366
2989,-0.0488
2990,-0.8040
2991,-0.5874
2992,-0.7531
2993,-0.3662
2994,-0.8321
2995,-0.5251
2996,-0.6882
2997,-0.5744
2998,0.3279
2999,-0.6296
3000,-0.2430
3001,-0.8461
3002,-0.0939
3003,-0.6981
3004,-0.0872
3005,-0.6559
3006,-0.8058
3007,-0.3471
3008,0.0459
3009,-0.3295
3010,-0.5567
3011,-0.6582
3012,-0.8644
3013,-0.4472
3014,-0.4016
3015,-0.7575
3016,-0.7521
3017,-0.7023
3018,-0.7772
3019,-0.4875
3020,-0.5174
3021,-0.6665
3022,-0.5093
3023,-0.3481
3024,-0.5618
3025,-0.5349
3026,-0.4262
3027,-0.6580
3028,-0.4375
3029,-0.2532
3030,-0.3005
3031,-1.0701
3032,-0.3823
3033,-0.4453
3034,-0.9547
3035,-0.5915
3036,-0.5366
3037,-0.6224
3038,-0.2976
3039,-0.4174
3040,-0.5998
3041,0.0084
3042,-0.5636
3043,-0.3952
3044,-0.7833
3045,-0.6377
3046,-0.5013
3047,-0.4179
3048,-0.8968
3049,-0.0944
3050,-0.1130
3051,-0.5154
3052,-0.5592
3053,-0.1420
3054,-0.5090
3055,-0.6651
3056,-0.8717
3057,-0.5448
3058,-0.6833
3059,-0.5331
3060,-0.4578
3061,-0.4964
3062,-0.1470
3063,-0.6110
3064,-0.2871
3065,-0.1105
3066,-0.5277
3067,-0.8219
3068,-0.2790
3069,-0.4964
3070,-0.2827
3071,-0.6541
3072,-0.3354
3073,-0.7037
3074,-0.7090
3075,-0.6702
3076,-0.8773
3077,-0.5900
3078,-0.4784
3079,-0.5206
3080,-0.4853
3081,-0.6530
3082,-0.8806
3083,-0.7075
3084,0.0514
3085,-0.5253
3086,-0.5088
3087,-0.9939
3088,-0.5741
3089,-0.5475
3090,-0.6220
3091,-0.6830
3092,-0.5657
3093,-0.4983
3094,-1.0014
3095,-0.6544
3096,-0.5258
3097,-0.3735
3098,-0.5842
3099,-0.7149
3100,-0.2420
3101,-0.7063
3102,-0.8179
3103,-0.5783
3104,-0.1755
3105,-0.6729
3106,-0.3119
3107,-0.3758
3108,-0.6509
3109,-0.6553
3110,-0.3363
3111,-0.2077
3112,-0.4242
3113,-0.4496
3114,-0.3527
3115,-0.7801
3116,-0.8080
3117,-0.4753
3118,-0.3374
3119,-0.2548
3120,-0.8916
3121,-0.6394
3122,-0.6668
3123,-0.7980
3124,-0.6034
3125,-0.7382
3126,-0.7660
3127,-0.5197
3128,-0.7937
3129,-0.7220
3130,-0.4779
3131,-0.0009
3132,-0.5794
3133,-0.5532
3134,-0.7960
3135,-0.4005
3136,-0.2719
3137,-0.2033
3138,-0.8484
3139,-0.3442
3140,-0.6900
3141,-0.8778
3142,-0.4382
3143,-0.4207
3144,-0.1576
3145,-0.3657
3146,-0.2719
3147,-0.0301
3148,-0.6654
3149,-0.4710
3150,-0.6160
3151,-0.6755
3152,-0.2031
3153,-0.6449
3154,-0.7885
3155,-0.6305
3156,-0.4042
3157,-0.8664
3158,-0.8646
3159,-0.7079
3160,-0.3432
3161,-0.5376
3162,-0.6225
3163,-0.4944
3164,-0.7017
3165,-0.7696
3166,-0.5977
3167,-0.1781
3168,-0.7009
3169,-0.5115
3170,-0.0366
3171,-0.5398
3172,-0.7645
3173,-0.6710
3174,-0.2808
3175,-0.6749
3176,-0.6665
3177,0.0571
3178,-0.6632
3179,-0.4438
3180,-0.6795
3181,-0.5843
3182,-0.6046
3183,-0.4656
3184,-0.9183
3185,-0.5231
3186,-0.6737
3187,-0.9065
3188,-0.3510
3189,-0.4690
3190,-0.5330
3191,-0.5582
3192,-0.6161
3193,-0.2846
3194,-0.4561
3195,-0.3754
3196,-0.6592
3197,-0.6568
3198,-0.4153
3199,-0.4450
3200,-0.2547
3201,-0.6564
3202,-0.4304
3203,-0.5995
3204,-0.5473
3205,-0.4157
3206,-0.3414
3207,-0.3489
3208,-0.5920
3209,-0.5480
3210,-0.4902
3211,-0.5554
3212,-0.7081
3213,-0.8720
3214,-0.4954
3215,-0.2781
3216,-0.8361
3217,-0.5581
3218,-0.4382
3219,-0.4086
3220,-0.2362
3221,-0.3101
3222,-0.3169
3223,-0.6639
3224,-0.7388
3225,-0.7354
3226,-0.6480
3227,-0.1339
3228,-0.5733
3229,-0.7703
3230,-0.6869
3231,-0.5698
3232,-0.4461
3233,-0.5982
3234,-0.5688
3235,-0.4593
3236,-1.0440
3237,-0.7204
3238,-0.9634
3239,-0.3482
3240,-0.5448
3241,-0.9492
3242,-0.4026
3243,-0.9365
3244,-0.2861
3245,-0.4493
3246,-0.7123
3247,-0.4498
3248,-0.6545
3249,-0.4838
3250,-0.6452
3251,-0.2722
3252,-0.3937
3253,-0.3536
3254,-0.5366
3255,-0.6033
3256,-0.3269
3257,-0.5865
3258,-0.1851
3259,-0.4152
3260,-0.5977
3261,-0.4315
3262,-0.3966
3263,-0.8207
3264,-0.2887
3265,-0.4790
3266,-0.8002
3267,-0.1112
3268,-0.1935
3269,-0.2369
3270,-0.2007
3271,-0.7064
3272,-0.4628
3273,-0.6814
3274,-0.2126
3275,-0.5308
3276,-0.5530
3277,-0.4829
3278,-0.5122
3279,-0.5314
3280,0.1581
3281,-0.1480
3282,-0.5139
3283,-0.2167
3284,-0.3079
3285,-0.5889
3286,-0.3769
3287,-0.9282
3288,-0.7258
3289,-0.6847
3290,-0.6828
3291,-0.9023
3292,-0.1891
3293,-0.5223
3294,-0.8454
3295,-0.3798
3296,-0.5093
3297,-0.6174
3298,-0.8643
3299,-0.1371
3300,-0.2738
3301,-0.3725
3302,-0.5966
3303,-0.6385
3304,-0.7327
3305,-0.3294
3306,-0.5336
3307,-0.5905
3308,-0.3986
3309,-0.1795
3310,-0.4302
3311,-0.7811
3312,-0.5125
3313,-0.4349
3314,-0.3801
3315,-0.6239
3316,-0.8410
3317,-0.5359
3318,-0.6114
3319,-0.6942
3320,-0.6055
3321,-0.5551
3322,-0.7597
3323,-1.0270
3324,-0.6148
3325,-0.3069
3326,-0.9548
3327,-0.4880
3328,-0.8520
3329,-0.9187
3330,-0.6048
3331,-0.6083
3332,-0.5831
3333,-0.3133
3334,-0.3396
3335,-0.7007
3336,-0.5909
3337,-0.8935
3338,-0.9321
3339,-0.3746
3340,-0.4096
3341,-0.3472
3342,-0.5318
3343,-0.2726
3344,-0.6129
3345,-0.7556
3346,-0.9221
3347,-0.5948
3348,-0.7947
3349,-0.2543
3350,-0.1186
3351,-0.4663
3352,-0.4545
3353,-0.3182
3354,-0.2520
3355,-0.1184
3356,-0.6422
3357,-0.1692
3358,-0.4348
3359,0.0557
3360,-0.7876
3361,0.0100
3362,-0.8325
3363,-0.5555
3364,-0.2670
3365,-0.7445
3366,-0.6355
3367,-0.2041
3368,-0.5317
3369,-0.1933
3370,-0.8078
3371,-0.7194
3372,-0.0261
3373,-0.6541
3374,-0.7656
3375,-0.6886
3376,-0.7029
3377,-0.5738
3378,-0.4800
3379,-0.7141
3380,-0.5055
3381,-0.4864
3382,-0.5886
3383,-0.6894
3384,-0.5366
3385,-0.2871
3386,-0.1751
3387,-0.4186
3388,-0.7619
3389,-0.7051
3390,-0.6352
3391,-0.4632
3392,-0.4692
3393,-0.6356
3394,-0.6216
3395,-0.6183
3396,-0.5332
3397,-0.9020
3398,-0.5641
3399,-0.6461
3400,-0.9976
3401,-0.2851
3402,-0.7285
3403,-0.2207
3404,-0.7501
3405,-0.4272
3406,-0.6563
3407,-0.7846
3408,-0.5803
3409,-0.3309
3410,-0.5301
3411,-0.5876
3412,-0.5513
3413,-0.8890
3414,-0.2833
3415,0.1488
3416,-0.9537
3417,-0.6767
3418,-0.4773
3419,-0.3812
3420,-0.6753
3421,-0.5755
3422,-0.2723
3423,-0.4718
3424,-0.6158
3425,-0.8200
3426,-0.6077
3427,-0.0732
3428,-0.4481
3429,-0.0842
3430,-0.4403
3431,-0.3950
3432,-0.5410
3433,-0.4574
3434,-0.7144
3435,-0.3967
3436,-0.5066
3437,-0.4633
3438,-0.5832
3439,-0.8209
3440,-0.7158
3441,-0.3390
3442,-0.7672
3443,-0.5740
3444,-0.8737
3445,-0.0559
3446,-0.6621
3447,-0.1368
3448,-0.4767
3449,-0.7119
3450,-0.7865
3451,-0.6914
3452,-0.7600
3453,-0.3239
3454,-0.5328
3455,-0.4190
3456,-0.3171
3457,-0.6386
3458,-0.3304
3459,-0.6859
3460,-0.8139
3461,-0.2747
3462,-0.4689
3463,-0.4407
3464,-0.4106
3465,-0.5823
3466,-0.7835
3467,-0.4765
3468,-0.5790
3469,-0.5520
3470,-0.6409
3471,-0.3273
3472,-0.5204
3473,-0.5450
3474,-0.5059
3475,-0.2034
3476,-0.3244
3477,-0.8712
3478,-0.6077
3479,-0.9276
3480,-0.0072
3481,-0.8823
3482,-0.6342
3483,-0.0717
3484,-0.4384
3485,-0.3727
3486,-0.4241
3487,-0.3714
3488,-0.5057
3489,-0.3583
3490,-0.6110
3491,-0.1221
3492,-0.3124
3493,-0.3998
3494,-0.5974
3495,-0.6653
3496,-0.5296
3497,-0.5238
3498,-0.6653
3499,-0.9821
3500,-0.2547
3501,-0.3737
3502,-0.7392
3503,-0.6358
3504,-0.3350
3505,-0.2913
3506,-0.5321
3507,-0.0347
3508,-0.7345
3509,-0.4150
3510,-0.7676
3511,-0.6026
3512,-0.6077
3513,-0.8538
3514,-0.6282
3515,-0.5115
3516,-0.5981
3517,-0.8522
3518,-0.6537
3519,-0.6631
3520,-0.8846
3521,-0.9694
3522,-0.5446
3523,-0.5956
3524,-0.8420
3525,-0.4649
3526,-0.6302
3527,-0.1204
3528,-0.5706
3529,-0.3497
3530,-0.5103
3531,-0.6944
3532,-0.2692
3533,-0.6897
3534,-0.4699
3535,-1.0670
3536,-0.2727
3537,-0.6311
3538,-0.4864
3539,-0.7975
3540,-0.6752
3541,-0.4600
3542,0.0141
3543,-0.5833
3544,-0.1933
3545,-0.4614
3546,-0.2370
3547,-0.3488
3548,-0.6499
3549,-0.6930
3550,-0.3641
3551,-0.7007
3552,-0.4842
3553,-0.4952
3554,-0.3581
3555,-0.1666
3556,-0.5973
3557,-0.2993
3558,-0.7732
3559,-0.1249
3560,-0.3155
3561,0.0219
3562,-0.6873
3563,-0.3516
3564,-0.8121
3565,-0.8263
3566,-0.3668
3567,-0.7585
3568,-0.3640
3569,-0.5172
3570,-0.7853
3571,-0.4747
3572,-0.4231
3573,-0.1824
3574,-0.4760
3575,-0.1943
3576,-0.6204
3577,-0.1365
3578,-0.5313
3579,-0.2585
3580,-0.7446
3581,-0.5974
3582,-0.1808
3583,-0.5087
3584,-0.6936
3585,-0.7964
3586,-0.6264
3587,0.2696
3588,0.1709
3589,-0.3401
3590,-0.9070
3591,-0.5582
3592,-0.3084
3593,-0.9984
3594,-0.5380
3595,-0.4994
3596,-0.6737
3597,-0.5665
3598,-0.5834
3599,-0.4365
3600,-0.5669
3601,-0.7362
3602,-0.7953
3603,-0.4261
3604,-0.5094
3605,-0.7424
3606,-0.4779
3607,-0.0062
3608,-0.8604
3609,-0.3928
3610,-0.5621
3611,-0.5008
3612,-0.8814
3613,-0.7126
3614,-0.4224
3615,-0.7901
3616,-0.6956
3617,-0.9061
3618,-0.5966
3619,-0.8808
3620,0.1214
3621,-0.5809
3622,-0.6043
3623,-0.5732
3624,-0.7011
3625,-0.7591
3626,-0.5196
3627,-0.1713
3628,-0.7852
3629,-0.3142
3630,-0.6519
3631,-0.6182
3632,-0.5061
3633,-0.5617
3634,-0.6907
3635,-0.7433
3636,-0.4414
3637,-0.5215
3638,-0.7043
3639,-0.5507
3640,-0.4866
3641,-0.1832
3642,-0.6336
3643,-0.4252
3644,-0.9408
3645,-0.2073
3646,-0.6780
3647,-0.2924
3648,-0.4369
3649,-0.5287
3650,-0.6568
3651,-0.5359
3652,-0.5528
3653,-0.6085
3654,-0.9496
3655,-0.3886
3656,-0.5493
3657,-0.4545
3658,-0.6405
3659,-0.6809
3660,-0.2773
3661,-0.4887
3662,0.4674
3663,-0.3303
3664,-0.6629
3665,-0.7419
3666,-0.5101
3667,-0.6283
3668,-0.6450
3669,-0.8729
3670,-0.3952
3671,-0.3733
3672,-0.2699
3673,-0.4844
3674,-0.4308
3675,-0.2333
3676,-0.5741
3677,-0.5554
3678,-0.3962
3679,-0.4541
3680,0.3388
3681,-0.5221
3682,-0.6924
3683,-1.0184
3684,-0.7129
3685,-0.5273
3686,0.1113
3687,-0.7080
3688,-0.6807
3689,-0.5256
3690,-0.6935
3691,-0.8580
3692,-0.3903
3693,-0.7545
3694,-0.4954
3695,-0.3382
3696,-0.9305
3697,-0.8311
3698,-0.3211
3699,-0.6359
3700,-0.5144
3701,-0.6748
3702,-0.7387
3703,-0.4305
3704,-0.8164
3705,-0.4715
3706,-0.5865
3707,0.0422
3708,-0.7092
3709,-0.3272
3710,-0.6432
3711,0.1151
3712,-0.5795
3713,-0.5504
3714,-0.4550
3715,-1.0151
3716,0.2014
3717,-0.4514
3718,-0.7546
3719,-0.9729
3720,-0.8502
3721,-0.8056
3722,-0.4271
3723,-0.3321
3724,-1.1217
3725,-0.4460
3726,-0.9065
3727,-0.1301
3728,-0.4012
3729,-0.0836
3730,-0.6454
3731,-0.6843
3732,-0.4197
3733,-0.2496
3734,-0.4960
3735,-0.4601
3736,-0.6545
3737,-0.9530
3738,-0.2811
3739,-0.9439
3740,-0.2404
3741,-1.1431
3742,-0.6590
3743,-0.7671
3744,-0.3739
3745,-0.3759
3746,-0.6765
3747,-0.5885
3748,-0.6925
3749,-0.4846
3750,0.0911
3751,-0.5615
3752,-0.7880
3753,-0.5415
3754,-0.5172
3755,-0.9062
3756,-0.4430
3757,-0.6852
3758,-0.4885
3759,-0.7241
3760,-0.7720
3761,-0.6016
3762,-0.5239
3763,-0.6901
3764,-0.9123
3765,-0.2606
3766,-0.7541
3767,-0.8939
3768,-0.8846
3769,0.0261
3770,-0.3813
3771,-0.4101
3772,-0.4630
3773,-0.3635
3774,-0.3981
3775,-0.4325
3776,-0.3270
3777,-0.5447
3778,-0.7243
3779,-0.7159
3780,-0.0872
3781,-0.5019
3782,-0.6214
3783,-0.7602
3784,-0.8869
3785,-0.3815
3786,-0.4726
3787,-0.7072
3788,-0.4144
3789,-0.4630
3790,-0.5375
3791,-0.9990
3792,-0.3092
3793,-0.6466
3794,-0.5948
3795,-0.2023
3796,-1.0664
3797,-0.6888
3798,-0.5352
3799,-0.5985
3800,-0.1532
3801,-0.5598
3802,-0.4000
3803,-0.3006
3804,-0.7464
3805,-0.3623
3806,-0.5284
3807,-0.6176
3808,-0.5562
3809,-0.5229
3810,-0.6933
3811,-0.5075
3812,-0.7314
3813,-0.6927
3814,-0.6487
3815,-0.7533
3816,-0.6391
3817,-0.5912
3818,-0.6821
3819,-0.3292
3820,-0.3161
3821,-0.9403
3822,-0.5817
3823,-0.7379
3824,-0.7035
3825,-0.0422
3826,-0.4479
3827,-0.3560
3828,-0.5770
3829,-0.6526
3830,-0.7066
3831,-0.7217
3832,-0.4792
3833,-0.5015
3834,-0.7703
3835,-0.8551
3836,-0.5432
3837,-1.1057
3838,-0.2460
3839,-0.3834
3840,-0.7516
3841,-0.5458
3842,-0.6822
3843,-0.4393
3844,-0.6022
3845,-0.9023
3846,-0.8069
3847,-0.9738
3848,-0.6322
3849,-0.7818
3850,-0.7285
3851,-0.5725
3852,-0.9028
3853,-0.6261
3854,-0.4915
3855,-0.8520
3856,-0.0635
3857,-1.2019
3858,-0.6930
3859,-0.4077
3860,-0.6373
3861,-0.9360
3862,-0.4755
3863,-0.4369
3864,-0.4588
3865,-0.1157
3866,-0.1973
3867,-0.4226
3868,-0.4640
3869,-0.6655
3870,-0.4368
3871,-0.2480
3872,-0.3928
3873,-0.9351
3874,-0.4538
3875,-0.5468
3876,-0.0928
3877,-0.8884
3878,-0.6543
3879,-0.3557
3880,-0.4336
3881,-0.8684
3882,-0.5073
3883,-0.4617
3884,-0.4534
3885,-0.7840
3886,-0.5208
3887,-0.4570
3888,-0.5754
3889,-0.7374
3890,-0.8752
3891,-0.4637
3892,-0.5776
3893,-0.8313
3894,-0.8728
3895,-0.5957
3896,-0.5925
3897,-0.5736
3898,-0.5088
3899,-0.5038
3900,-0.7740
3901,-0.3862
3902,-0.5896
3903,-0.3235
3904,-0.6840
3905,-0.4412
3906,-0.6848
3907,-0.1767
3908,-0.3864
3909,-0.3556
3910,-0.8671
3911,-0.6864
3912,-0.4579
3913,-0.3330
3914,-0.4679
3915,-0.6752
3916,-0.5843
3917,-0.7611
3918,-0.3822
3919,-0.4510
3920,0.2693
3921,-0.5922
3922,-0.7411
3923,-0.4883
3924,-0.9249
3925,-0.5447
3926,-0.4874
3927,0.2388
3928,-0.5708
3929,-0.5017
3930,0.2147
3931,-0.3706
3932,-0.5159
3933,0.0728
3934,-0.4468
3935,-0.4119
3936,-0.1345
3937,-0.4802
3938,-0.3891
3939,-0.5548
3940,-0.5306
3941,-0.6325
3942,-0.3362
3943,-0.5396
3944,-0.1952
3945,-0.5187
3946,-0.1651
3947,-0.3951
3948,0.2699
3949,-0.4318
3950,-0.5623
3951,-0.3904
3952,-0.3832
3953,-0.6748
3954,-0.6184
3955,-0.9325
3956,-0.7450
3957,-0.3226
3958,-0.6529
3959,-0.5812
3960,-0.7557
3961,-0.0779
3962,-0.5336
3963,-0.1222
3964,-0.4913
3965,-0.6787
3966,-0.3823
3967,-0.4952
3968,-0.4529
3969,-0.6617
3970,-0.4596
3971,-0.2219
3972,-0.8795
3973,-0.7040
3974,-0.4838
3975,-0.0784
3976,-0.3477
3977,-0.4813
3978,-0.7185
3979,-0.5498
3980,-0.1207
3981,-0.6802
3982,-0.9862
3983,-0.5517
3984,-0.4791
3985,-0.5564
3986,-0.6576
3987,-0.4466
3988,-0.4956
3989,-0.5794
3990,-0.8917
3991,-0.3787
3992,-0.4589
3993,-0.5170
3994,0.1090
3995,-0.8365
3996,-0.5487
3997,-0.4012
3998,-0.8089
3999,-0.5612
4000,-0.0831
4001,-0.3944
4002,-0.7696
4003,-0.7425
4004,-0.6203
4005,-0.2950
4006,-0.6973
4007,-0.5904
4008,-0.2483
4009,-0.5429
4010,-0.1111
4011,-0.6768
4012,-0.2276
4013,-0.7522
4014,-0.6327
4015,-0.7053
4016,-0.8961
4017,-0.4162
4018,-0.1157
4019,-0.6376
4020,-0.2888
4021,-0.6078
4022,-0.5717
4023,-0.8012
4024,-0.6519
4025,-0.6741
4026,-0.6601
4027,-0.2553
4028,-0.6446
4029,-0.7202
4030,-0.6267
4031,-0.9557
4032,-0.7589
4033,-0.3920
4034,-0.7164
4035,-0.7713
4036,-0.5754
4037,-0.0635
4038,-0.3511
4039,-0.2598
4040,-0.6056
4041,-0.4264
4042,-0.9115
4043,-0.6237
4044,-0.2736
4045,-0.5815
4046,-0.5073
4047,-0.4590
4048,-0.5606
4049,-0.1249
4050,-0.5932
4051,-0.7491
4052,-0.5774
4053,-0.5067
4054,-0.9166
4055,-0.7973
4056,-0.5272
4057,-0.4807
4058,-0.2603
4059,-0.2265
4060,-0.4089
4061,-0.1506
4062,-0.6289
4063,-0.3814
4064,-0.3709
4065,-0.4195
4066,-0.7528
4067,-0.5229
4068,-0.2722
4069,-0.7595
4070,-0.6907
4071,-0.3288
4072,-0.1522
4073,-1.0819
4074,-0.3355
4075,-0.5561
4076,-0.7889
4077,-0.7353
4078,-0.2999
4079,-0.7652
4080,-0.5509
4081,-0.5369
4082,-0.7907
4083,-0.4123
4084,-0.9449
4085,-0.7688
4086,-0.4629
4087,-0.6043
4088,-0.9720
4089,0.1046
4090,-0.5127
4091,-0.6934
4092,-0.6607
4093,-0.5422
4094,-0.1174
4095,-0.6402
4096,0.4433
4097,-0.0795
4098,-0.4161
4099,-0.8782
4100,-0.1960
4101,-0.6002
4102,-1.0766
4103,-0.7975
4104,-0.8274
4105,-0.3496
4106,-0.7541
4107,-0.6563
4108,-0.6225
4109,-0.5330
4110,-0.5879
4111,-0.0702
4112,-0.6469
4113,-0.2225
4114,-0.2132
4115,-0.9639
4116,-0.7556
4117,-0.1201
4118,-0.6042
4119,-0.2824
4120,-0.2154
4121,-0.6420
4122,-0.0505
4123,-0.5921
4124,-0.2952
4125,-0.7017
4126,-0.4374
4127,-0.5182
4128,-0.1996
4129,-0.1281
4130,-0.3455
4131,-0.3246
4132,-0.5828
4133,-0.6047
4134,-0.6522
4135,-0.6119
4136,-0.8475
4137,-0.6069
4138,-0.5723
4139,-0.2671
4140,-0.5901
4141,-0.5874
4142,-0.9380
4143,-0.7057
4144,-0.5398
4145,0.1837
4146,-0.7259
4147,-0.7232
4148,-0.5749
4149,-0.7113
4150,-0.5484
4151,-0.8566
4152,-0.7602
4153,-0.3172
4154,-0.7878
4155,-0.7802
4156,-0.3890
4157,-0.7316
4158,-0.5618
4159,-0.5327
4160,-0.1913
4161,-1.0540
4162,-0.2118
4163,-0.7380
4164,-0.8690
4165,-0.5055
4166,-0.4498
4167,-0.3196
4168,-0.2320
4169,-0.6145
4170,-0.5527
4171,-0.4066
4172,-0.3336
4173,-0.7715
4174,-0.5196
4175,-0.5203
4176,0.7704
4177,-0.5311
4178,-0.6942
4179,-0.9377
4180,-0.5137
4181,-0.5128
4182,-0.7219
4183,-0.7114
4184,-0.3248
4185,-0.4181
4186,-0.3435
4187,-0.5897
4188,-0.3990
4189,-0.7384
4190,-0.4309
4191,-0.7569
4192,-0.6252
4193,-0.3886
4194,-0.7756
4195,-0.2865
4196,-0.6385
4197,-0.6454
4198,-0.4704
4199,-0.5875
4200,-0.5044
4201,-0.5064
4202,-0.4996
4203,-0.2322
4204,-0.7058
4205,-0.2058
4206,-0.7650
4207,-0.7257
4208,-0.8048
4209,-0.1416
4210,-0.6969
4211,-0.4292
4212,-0.5949
4213,-0.9321
4214,-0.1283
4215,-0.7056
4216,-0.6418
4217,-0.7402
4218,-0.4296
4219,-0.5085
4220,-0.5825
4221,-0.6690
4222,-0.2711
4223,-0.3500
4224,-0.7260
4225,-0.4826
4226,-0.4897
4227,-0.9020
4228,-0.0728
4229,-0.6141
4230,-0.8019
4231,-0.6844
4232,-0.4697
4233,-0.3336
4234,-0.5784
4235,-0.5490
4236,-0.4259
4237,-0.5815
4238,-0.6591
4239,0.0092
4240,-0.8855
4241,-0.7618
4242,-0.8166
4243,-0.7670
4244,0.3056
4245,-0.6228
4246,-0.4287
4247,-0.7079
4248,-0.3328
4249,-0.3905
4250,-0.4777
4251,-0.7108
4252,-0.1421
4253,-0.4629
4254,-0.7743
4255,-0.7320
4256,-0.7142
4257,-0.6895
4258,-0.5811
4259,-0.5504
4260,-0.6481
4261,-0.5731
4262,-0.3472
4263,-0.5736
4264,-0.6964
4265,-0.7662
4266,-0.6003
4267,-0.8272
4268,-0.3471
4269,-0.7339
4270,-0.7014
4271,-0.6504
4272,-0.5433
4273,0.1229
4274,-0.3569
4275,-0.8788
4276,-0.4101
4277,-0.7010
4278,-0.5110
4279,-0.3388
4280,-0.4214
4281,-0.4226
4282,-0.3208
4283,-0.6420
4284,-0.5698
4285,-0.7442
4286,-0.4945
4287,-0.4787
4288,-0.1595
4289,0.0734
4290,-0.8680
4291,0.1226
4292,-0.6378
4293,-0.6641
4294,-0.2367
4295,-0.4485
4296,-0.7438
4297,-0.2744
4298,-0.5194
4299,-0.3204
4300,-0.6642
4301,-0.4275
4302,-0.4346
4303,-0.5843
4304,-0.7678
4305,-0.5643
4306,-0.8194
4307,-0.6840
4308,-0.3973
4309,-0.7880
4310,-0.4979
4311,-0.8490
4312,-0.7048
4313,-0.4286
4314,-0.9101
4315,-0.6935
4316,-0.5648
4317,-0.3913
4318,-0.7747
4319,-0.5769
4320,-0.4082
4321,-0.0771
4322,-0.9963
4323,-0.8112
4324,-0.0437
4325,-0.7761
4326,-0.4136
4327,-0.5374
4328,-0.5311
4329,-0.4815
4330,-0.7283
4331,-0.6444
4332,-0.1675
4333,-0.7082
4334,-0.4147
4335,-0.4961
4336,-0.3897
4337,-0.1023
4338,-0.4750
4339,-0.4227
4340,-0.6231
4341,-0.5187
4342,-0.6506
4343,-0.8649
4344,-0.8253
4345,-0.7469
4346,-0.2910
4347,-0.7104
4348,-0.5738
4349,-0.9103
4350,-0.6147
4351,-0.7470
4352,-0.4282
4353,-0.0678
4354,-0.8694
4355,-0.4330
4356,-0.7601
4357,-0.4103
4358,-0.5912
4359,-0.5412
4360,-0.6625
4361,-0.5583
4362,-0.9718
4363,-0.3803
4364,-0.6850
4365,-0.7449
4366,-0.5556
4367,-0.3668
4368,0.0124
4369,-0.6604
4370,-0.3807
4371,-0.4389
4372,-0.6978
4373,-0.4512
4374,0.0075
4375,-0.4171
4376,-0.4194
4377,-0.3778
4378,-0.5724
4379,-0.4972
4380,-0.5166
4381,-0.6556
4382,-0.6021
4383,-0.7642
4384,-0.5073
4385,-0.6597
4386,-0.6322
4387,-0.4731
4388,-0.4118
4389,-0.2056
4390,-1.0623
4391,-0.2299
4392,-0.1276
4393,-0.2454
4394,-0.7448
4395,-0.6073
4396,-0.1280
4397,-0.9301
4398,-0.4357
4399,-0.3582
4400,-0.5719
4401,-0.2503
4402,-0.5609
4403,-0.9242
4404,-0.5576
4405,-0.6444
4406,-0.7718
4407,-0.4376
4408,-0.6808
4409,-0.5772
4410,-0.6182
4411,-0.5915
4412,-0.7066
4413,-0.5830
4414,-0.2177
4415,-0.3725
4416,-0.5831
4417,-0.5086
4418,-0.6314
4419,-0.6258
4420,-0.8584
4421,-0.2478
4422,-0.5460
4423,-0.6145
4424,-0.4004
4425,0.0377
4426,-0.4385
4427,-0.2174
4428,-0.3591
4429,-0.5963
4430,-0.4434
4431,-0.4884
4432,-0.2561
4433,-0.4888
4434,-0.8157
4435,-0.3653
4436,-0.2033
4437,-0.6177
4438,-0.6317
4439,-0.3151
4440,-0.7125
4441,-0.4605
4442,-0.5153
4443,-0.6614
4444,-0.6411
4445,-0.6832
4446,-0.6632
4447,-0.8387
4448,-0.7449
4449,-0.6810
4450,-0.5844
4451,-0.6007
4452,-0.4274
4453,-1.0600
4454,-0.8179
4455,-0.2334
4456,-0.1359
4457,-0.7812
4458,-0.3751
4459,-0.2824
4460,-0.6456
4461,-0.0613
4462,0.0958
4463,-0.3792
4464,-0.5411
4465,-0.4548
4466,-0.6402
4467,-0.5250
4468,-0.8297
4469,-0.1492
4470,-0.4466
4471,-0.6395
4472,-0.2176
4473,-0.7073
4474,-0.4265
4475,-0.4177
4476,-0.6932
4477,-0.5052
4478,-0.5534
4479,-0.5567
4480,-0.8496
4481,-0.5113
4482,-0.8313
4483,-0.8237
4484,-0.6586
4485,-0.3688
4486,-0.9308
4487,-1.0916
4488,-0.8062
4489,-0.4287
4490,-0.3070
4491,-0.7138
4492,-0.5308
4493,-0.6167
4494,-0.8221
4495,-0.6600
4496,-0.4745
4497,-0.4883
4498,-0.9877
4499,-0.8577
4500,-0.5219
4501,-0.8825
4502,-0.2280
4503,-0.4894
4504,-0.1946
4505,-0.3215
4506,-0.4570
4507,-0.7604
4508,-0.6700
4509,-0.4812
4510,-0.8425
4511,-0.6108
4512,-0.5510
4513,-0.4721
4514,-0.1079
4515,-0.7797
4516,-0.7724
4517,-0.0731
4518,-0.2436
4519,-0.3566
4520,-0.3628
4521,-0.7011
4522,-0.8377
4523,-0.8211
4524,-0.6945
4525,-0.5107
4526,-0.5623
4527,-0.4702
4528,-0.5411
4529,-0.4063
4530,-0.1000
4531,-0.8958
4532,-0.6820
4533,-0.6708
4534,-0.6927
4535,-0.8068
4536,-0.0520
4537,-0.7939
4538,-0.3756
4539,-0.0535
4540,-0.4300
4541,-0.4342
4542,-0.6308
4543,-0.7996
4544,-0.5439
4545,-0.3837
4546,-0.4962
4547,-0.7418
4548,-0.2942
4549,-0.5257
4550,-0.2075
4551,-0.5984
4552,-0.7277
4553,-0.3161
4554,-0.5330
4555,-0.4748
4556,-0.6895
4557,-0.7402
4558,-0.9271
4559,-0.5673
4560,-0.4092
4561,-0.6979
4562,-0.4289
4563,-0.2345
4564,-0.3597
4565,-0.4279
4566,-0.3327
4567,-0.8189
4568,-0.7443
4569,-0.7901
4570,-0.5827
4571,-0.3517
4572,-0.5626
4573,-0.5143
4574,-0.2608
4575,-0.4124
4576,-0.7057
4577,-1.1028
4578,-0.1694
4579,-0.7807
4580,-0.5549
4581,-0.5519
4582,-0.8046
4583,-0.7132
4584,-0.5654
4585,-0.5616
4586,-0.6554
4587,-0.8297
4588,-0.6992
4589,-0.2161
4590,-0.3449
4591,-0.6263
4592,-0.1445
4593,-0.4167
4594,-0.8604
4595,-0.3669
4596,-0.8540
4597,-0.5059
4598,-0.6419
4599,-0.6346
4600,-0.6942
4601,-0.2583
4602,-0.2635
4603,-0.9603
4604,-0.2706
4605,-0.4111
4606,-0.3608
4607,-0.7285
4608,-0.3832
4609,-0.2226
4610,-0.4126
4611,-0.5056
4612,-0.2803
4613,-0.2886
4614,-0.7924
4615,-0.5484
4616,-0.3733
4617,-0.3433
4618,-0.7059
4619,-0.6569
4620,-0.6955
4621,-0.3643
4622,-0.8112
4623,-0.3746
4624,-0.3753
4625,-0.7544
4626,-0.7567
4627,-0.2470
4628,-0.0221
4629,-0.2486
4630,-0.2698
4631,-0.2010
4632,-0.4257
4633,0.0362
4634,-0.5251
4635,-0.5390
4636,-0.9044
4637,-0.1353
4638,-0.3459
4639,-0.5470
4640,-0.5049
4641,-0.3544
4642,-0.4543
4643,-0.4569
4644,-0.7452
4645,-0.2933
4646,-0.4269
4647,-0.3645
4648,-0.5830
4649,0.2137
4650,-0.4765
4651,-0.0875
4652,-0.6088
4653,-0.1935
4654,-0.6429
4655,-0.5373
4656,-0.3803
4657,-0.4467
4658,-0.0451
4659,-0.1810
4660,-0.6663
4661,-0.6149
4662,-0.2896
4663,-0.9549
4664,-0.7466
4665,-0.9051
4666,-0.5851
4667,-0.6640
4668,-0.1160
4669,-0.2421
4670,-0.9221
4671,-0.6058
4672,-0.8070
4673,-0.4996
4674,-0.3834
4675,-0.4387
4676,-0.4649
4677,-0.7874
4678,-0.7743
4679,-0.5107
4680,-0.5242
4681,-0.6497
4682,0.0348
4683,-0.5122
4684,-0.5823
4685,-0.5730
4686,-0.8080
4687,-0.6455
4688,-0.8728
4689,-0.4111
4690,-0.5166
4691,-0.4916
4692,-0.7002
4693,-0.9164
4694,-0.3237
4695,-0.1848
4696,-0.8692
4697,-0.6929
4698,-0.4264
4699,-0.4696
4700,-0.1977
4701,-0.4943
4702,-0.5292
4703,-0.4947
4704,-0.4596
4705,-0.3301
4706,-0.6096
4707,-0.3311
4708,-0.3322
4709,-0.5379
4710,-0.7685
4711,-0.8183
4712,-0.6429
4713,-0.5868
4714,-0.7427
4715,-0.2451
4716,-0.6672
4717,-0.8715
4718,-0.3723
4719,-0.4894
4720,-0.3989
4721,-0.7658
4722,-0.9166
4723,-0.4690
4724,-0.4542
4725,-0.7760
4726,-0.6124
4727,-0.6274
4728,-0.4964
4729,-0.7134
4730,-0.5959
4731,-0.4271
4732,-0.8292
4733,-0.5317
4734,0.1383
4735,-0.5514
4736,-0.7292
4737,-0.8580
4738,-0.3050
4739,-0.6858
4740,-0.9329
4741,-0.1044
4742,-0.6637
4743,0.1278
4744,-0.6424
4745,-0.0603
4746,-0.2396
4747,-0.3846
4748,-0.4937
4749,-0.5025
4750,-0.5135
4751,-0.0864
4752,-0.3903
4753,-0.9397
4754,-0.4411
4755,-0.6819
4756,-0.2890
4757,-0.2569
4758,-0.6602
4759,-0.7531
4760,-0.3961
4761,-0.6325
4762,-0.6019
4763,-0.1388
4764,-0.7173
4765,-0.1059
4766,-0.3498
4767,-0.5573
4768,-0.4930
4769,-0.6041
4770,-0.3881
4771,-0.6167
4772,-0.5225
4773,-0.8141
4774,-0.3035
4775,-0.7782
4776,0.0714
4777,-0.4224
4778,-0.6321
4779,-0.5037
4780,-0.4091
4781,-0.4866
4782,-0.9482
4783,-0.6019
4784,-0.8775
4785,-0.3118
4786,-0.5454
4787,-0.7182
4788,-0.6747
4789,-0.2288
4790,-0.6076
4791,-0.6382
4792,-0.3278
4793,-0.1722
4794,-0.6004
4795,-0.0972
4796,-0.4996
4797,-0.4351
4798,-0.7098
4799,-0.5601
4800,-0.5697
4801,-0.3081
4802,-0.7536
4803,-0.6790
4804,-0.4526
4805,-0.9464
4806,-0.5596
4807,-0.4451
4808,-0.4994
4809,-0.6560
4810,-0.5805
4811,-0.4701
4812,-0.3566
4813,-0.7286
4814,-0.8185
4815,-0.1975
4816,-0.4992
4817,-0.4352
4818,-0.6063
4819,-0.3340
4820,-0.5716
4821,-0.6466
4822,-0.8344
4823,-0.2503
4824,-0.6015
4825,-0.5973
4826,-0.1278
4827,-0.4797
4828,-0.5699
4829,0.0337
4830,-0.0003
4831,-0.5446
4832,-0.2785
4833,-0.6491
4834,-0.5498
4835,-0.8164
4836,-0.9907
4837,-0.5536
4838,-0.7118
4839,-0.4903
4840,-0.6485
4841,-0.7096
4842,-0.4274
4843,-0.6997
4844,-0.6240
4845,-0.6104
4846,-0.4804
4847,-0.2228
4848,0.1330
4849,-0.7370
4850,-0.4975
4851,-0.5908
4852,-0.0608
4853,-0.4090
4854,-0.6463
4855,-0.1976
4856,-0.2470
4857,-0.6398
4858,-0.2330
4859,-0.3206
4860,-0.3110
4861,-0.7618
4862,-0.4309
4863,-0.5018
4864,-0.2923
4865,-0.0622
4866,-0.2416
4867,-0.4456
4868,-0.3529
4869,-0.4702
4870,-0.4810
4871,-0.7658
4872,-0.5144
4873,-0.9932
4874,-0.1176
4875,-0.3974
4876,-0.5690
4877,-0.4829
4878,-0.6237
4879,-0.6532
4880,-0.0753
4881,-0.4915
4882,-0.6112
4883,-0.8360
4884,-0.8299
4885,-0.5240
4886,-0.4767
4887,-0.3707
4888,-0.4598
4889,-0.5233
4890,-0.3782
4891,-0.6802
4892,-0.4970
4893,-0.7072
4894,-0.9443
4895,-0.7630
4896,-0.6199
4897,-0.3520
4898,-0.6937
4899,-0.8434
4900,-0.6971
4901,-0.5887
4902,-0.1416
4903,-0.4873
4904,-0.7712
4905,-0.5932
4906,-0.5214
4907,-0.6460
4908,-0.8359
4909,-0.4099
4910,-0.3213
4911,-0.4272
4912,-0.4847
4913,-0.4243
4914,0.1136
4915,-0.5158
4916,-0.6757
4917,-0.9590
4918,-0.5114
4919,-0.9281
4920,-0.5204
4921,-0.7812
4922,-0.4128
4923,-0.1510
4924,-0.6191
4925,-0.7376
4926,-0.3618
4927,-0.2710
4928,-0.8472
4929,-0.5417
4930,-0.6458
4931,0.3252
4932,-0.6842
4933,-0.5020
4934,-0.4224
4935,-0.9253
4936,-0.5792
4937,-0.5410
4938,-0.7289
4939,-0.6778
4940,-0.3406
4941,-0.3885
4942,-0.6881
4943,-0.7913
4944,-0.6733
4945,-0.1714
4946,-0.1985
4947,-0.1397
4948,-0.6732
4949,-0.7230
4950,-0.3783
4951,-0.2187
4952,-0.6536
4953,-0.5569
4954,-0.6369
4955,-0.3631
4956,-0.4864
4957,-0.1544
4958,-0.8906
4959,-0.6125
4960,-0.4346
4961,-0.6309
4962,-0.6974
4963,-0.5265
4964,-0.5241
4965,-0.5905
4966,-0.6003
4967,-0.2799
4968,-0.5341
4969,-0.0223
4970,-0.8237
4971,-0.6565
4972,-0.5219
4973,-0.4747
4974,-0.7023
4975,-0.4902
4976,-0.0725
4977,-0.4180
4978,-0.1526
4979,-0.6833
4980,-0.7682
4981,-0.4427
4982,-0.4996
4983,-0.6870
4984,-0.8665
4985,-0.6860
4986,-0.8285
4987,-0.4281
4988,-0.5608
4989,-0.6573
4990,-0.3172
4991,-0.3422
4992,-0.6638
4993,-0.7246
4994,-0.5694
4995,-0.5708
4996,-0.0908
4997,-0.1151
4998,-0.7693
4999,-0.4039
5000,-0.5321
5001,-0.1248
5002,-0.7371
5003,-0.5586
5004,-0.8821
5005,-0.4405
5006,-0.2319
5007,-0.3339
5008,-0.8613
5009,-0.3269
5010,-0.3549
5011,-0.7724
5012,-0.4859
5013,-0.5013
5014,-0.5604
5015,-0.3805
5016,-0.2732
5017,-0.8098
5018,-0.4160
5019,-0.3983
5020,-0.4595
5021,-0.6319
5022,-0.4952
5023,-0.4179
5024,-0.6086
5025,-0.6505
5026,-0.5461
5027,-0.6104
5028,-0.6375
5029,-0.6518
5030,-0.2658
5031,-0.3938
5032,-0.6283
5033,-1.0377
5034,-0.7767
5035,-0.5416
5036,0.0571
5037,-0.6123
5038,-0.3427
5039,-0.6255
5040,-0.5761
5041,-0.8251
5042,-0.7015
5043,-0.5286
5044,-0.8162
5045,-0.3641
5046,-0.6327
5047,-0.6963
5048,-0.7498
5049,-0.4732
5050,-0.1563
5051,-0.6927
5052,-0.8563
5053,-0.1789
5054,-0.7480
5055,-0.4953
5056,-0.2768
5057,-0.6560
5058,-1.0374
5059,-0.9208
5060,-0.6042
5061,-0.5404
5062,-0.2230
5063,-0.3714
5064,-0.3712
5065,-0.6045
5066,-0.4824
5067,-0.3784
5068,-0.9142
5069,-0.4852
5070,-0.6770
5071,-0.4134
5072,-0.4456
5073,-0.4859
5074,-0.4894
5075,-0.4216
5076,-0.5404
5077,-0.6313
5078,-0.5327
5079,-0.4586
5080,-0.3426
5081,-0.1037
5082,-1.0218
5083,-0.6038
5084,-0.3195
5085,-0.6518
5086,-0.5593
5087,-0.7273
5088,-0.0758
5089,-0.0057
5090,-0.6022
5091,-0.4277
5092,-0.7008
5093,-0.1680
5094,-0.3624
5095,-0.8290
5096,-0.1638
5097,-0.2613
5098,-0.4273
5099,-0.3407
5100,-0.8292
5101,-0.6685
5102,-0.5698
5103,-0.7985
5104,-0.7367
5105,-0.6377
5106,-0.4563
5107,-0.9705
5108,-0.3600
5109,-0.3035
5110,-0.2922
5111,-0.9818
5112,-0.4158
5113,-0.5418
5114,-0.5004
5115,-0.9905
5116,-0.6037
5117,-0.6971
5118,-0.2035
5119,-0.8959
5120,-0.6513
5121,-0.6541
5122,-0.6442
5123,-0.6779
5124,-0.4406
5125,-0.6206
5126,-0.3667
5127,-0.5438
5128,-0.7019
5129,-0.4026
5130,-0.7898
5131,-0.1691
5132,-0.2639
5133,-0.5469
5134,-0.7704
5135,-0.1676
5136,-0.5507
5137,-0.3282
5138,-0.1448
5139,-0.8148
5140,-0.6641
5141,-0.7416
5142,-0.3347
5143,-0.8055
5144,-0.1489
5145,-0.2599
5146,-0.6462
5147,-0.7752
5148,-0.7328
5149,-0.6484
5150,-0.8351
5151,-0.8034
5152,-0.7757
5153,-0.1828
5154,-0.5504
5155,-0.5248
5156,-0.3874
5157,-0.3712
5158,-0.4615
5159,-0.3984
5160,-0.7522
5161,-0.9844
5162,-0.5763
5163,-0.9179
5164,0.0770
5165,-0.2304
5166,-1.0151
5167,-0.6846
5168,-0.7840
5169,-0.3207
5170,-0.9034
5171,-0.4067
5172,-0.7042
5173,-0.1423
5174,-0.7563
5175,-0.7053
5176,-0.3245
5177,-0.4521
5178,0.0990
5179,-0.7008
5180,-0.5522
5181,-0.4477
5182,-0.5055
5183,-0.8766
5184,-0.6524
5185,-0.8670
5186,-0.0306
5187,-0.5887
5188,-0.5913
5189,-0.5446
5190,-0.5310
5191,-0.5452
5192,-0.2509
5193,-0.4403
5194,-0.6969
5195,-0.7735
5196,-0.4689
5197,-0.5342
5198,-0.5961
5199,-0.4642
5200,-0.4143
5201,-0.8021
5202,-0.3190
5203,-0.2463
5204,-0.2925
5205,-0.4568
5206,-0.7759
5207,-0.5024
5208,-0.5153
5209,-0.6995
5210,-0.5565
5211,-0.9352
5212,-0.4629
5213,-0.6480
5214,-0.3540
5215,-0.1494
5216,0.1160
5217,-0.2084
5218,-0.7238
5219,-0.3742
5220,-0.2610
5221,-0.5879
5222,-0.4507
5223,-0.3540
5224,-0.1613
5225,-0.8676
5226,-0.3307
5227,-0.6195
5228,-0.6256
5229,-0.6138
5230,-0.5805
5231,0.2810
5232,-0.5858
5233,-0.6396
5234,-0.5215
5235,-0.9674
5236,-0.5248
5237,-0.4088
5238,-0.3911
5239,-0.7265
5240,-0.8463
5241,-0.9578
5242,0.3096
5243,-0.4030
5244,-0.8028
5245,-0.2818
5246,-0.9010
5247,-0.9139
5248,-0.2813
5249,-0.5542
5250,-0.1331
5251,-0.7524
5252,-0.1710
5253,-0.5035
5254,-0.3069
5255,-0.3112
5256,-0.5406
5257,-0.2255
5258,-0.7130
5259,-0.5843
5260,-0.6711
5261,-0.9413
5262,-0.3242
5263,-0.5617
5264,-0.5204
5265,-0.4195
5266,-0.5973
5267,-0.6578
5268,-0.5964
5269,-0.5718
5270,-0.6640
5271,0.0349
5272,-0.7060
5273,-0.4634
5274,-0.9426
5275,-0.6543
5276,-0.2207
5277,-0.7087
5278,-0.5784
5279,-0.5301
5280,-0.2923
5281,-0.5396
5282,-0.7503
5283,0.0604
5284,-0.6883
5285,-0.5695
5286,-0.0818
5287,-0.5706
5288,-0.7740
5289,-0.6674
5290,-0.7333
5291,-0.6633
5292,-0.6039
5293,-0.4092
5294,-0.1444
5295,-0.0233
5296,-0.1375
5297,-0.8059
5298,-0.4333
5299,-0.6775
5300,-0.3981
5301,-0.5450
5302,-0.4244
5303,-0.5102
5304,-0.5895
5305,-0.7131
5306,-0.6692
5307,-0.7028
5308,-0.7281
5309,-0.8536
5310,-0.7382
5311,-0.4373
5312,-0.5086
5313,-0.5976
5314,-0.7938
5315,-0.6756
5316,-0.3549
5317,-0.5320
5318,-0.0862
5319,-0.3749
5320,-0.3541
5321,-0.2972
5322,-0.6757
5323,-0.2808
5324,-0.5660
5325,-0.6100
5326,-0.4793
5327,-0.7129
5328,-0.6161
5329,-0.1736
5330,-0.3794
5331,-0.1157
5332,-0.1477
5333,-0.2494
5334,-0.7056
5335,-0.1668
5336,-0.4275
5337,-0.3029
5338,-0.6674
5339,-0.8202
5340,-0.8204
5341,-0.6417
5342,-0.3191
5343,-0.4620
5344,-0.6716
5345,-0.5596
5346,-0.8065
5347,-0.4059
5348,-0.9788
5349,-0.3365
5350,-0.7518
5351,-0.6355
5352,-0.5904
5353,-0.6545
5354,-0.7104
5355,-0.7379
5356,-0.7892
5357,-0.3814
5358,-0.5883
5359,-0.3523
5360,-0.2883
5361,-0.5709
5362,-0.2811
5363,-0.7115
5364,-0.2579
5365,-0.7193
5366,0.1411
5367,-0.4469
5368,-0.6484
5369,-0.3855
5370,-0.4138
5371,-0.3811
5372,-0.7614
5373,-0.7180
5374,-0.7927
5375,-0.3451
5376,-1.0287
5377,-0.4182
5378,-0.1558
5379,-0.6474
5380,-0.4072
5381,-0.2274
5382,-0.6252
5383,-0.9167
5384,-0.6735
5385,-0.5133
5386,-0.4902
5387,-0.6309
5388,-0.2811
5389,-0.7098
5390,-0.7360
5391,-0.4471
5392,-0.4391
5393,-0.3555
5394,-0.4544
5395,-0.4863
5396,-0.3775
5397,-0.6729
5398,0.0466
5399,-0.4330
5400,-0.8123
5401,-0.7431
5402,-0.6892
5403,-0.5670
5404,-0.8207
5405,-0.1020
5406,-0.2822
5407,-0.8537
5408,-0.9088
5409,-0.5375
5410,-0.7497
5411,-0.7286
5412,-0.5966
5413,-0.5680
5414,-0.9842
5415,-0.7252
5416,-0.4525
5417,-0.6509
5418,-0.5672
5419,-0.5655
5420,-0.1802
5421,-0.8606
5422,-0.6809
5423,-0.4996
5424,-0.6362
5425,-0.6345
5426,-0.7368
5427,-0.5535
5428,-0.7849
5429,-0.5717
5430,-0.2960
5431,-0.1100
5432,-0.7824
5433,-0.5035
5434,-0.5215
5435,-0.7235
5436,-0.3167
5437,-0.8190
5438,-0.8972
5439,-0.6010
5440,-0.2338
5441,-0.5255
5442,-0.4669
5443,-0.5424
5444,-0.7094
5445,-0.5303
5446,-0.7608
5447,-0.9544
5448,-0.9822
5449,-0.6191
5450,-0.7696
5451,-0.6494
5452,-0.9064
5453,-0.4184
5454,-0.3926
5455,-0.7209
5456,-0.1627
5457,-0.6580
5458,-0.6315
5459,-0.3495
5460,-0.4480
5461,-0.6628
5462,-0.5079
5463,-0.3577
5464,-0.5517
5465,-0.4210
5466,-0.4624
5467,-0.6208
5468,-0.6125
5469,-0.5049
5470,-0.5151
5471,-1.0168
5472,-0.7267
5473,-0.8515
5474,-0.3735
5475,-0.7347
5476,-0.5033
5477,-0.8428
5478,-0.7131
5479,-0.0410
5480,-0.7725
5481,-0.5465
5482,-0.3653
5483,-0.5033
5484,-0.3903
5485,-0.5467
5486,-0.3024
5487,-0.6256
5488,-0.6653
5489,-0.4390
5490,-0.7273
5491,-0.4841
5492,-0.4183
5493,-0.7785
5494,-0.8625
5495,-0.5464
5496,-0.2823
5497,-0.2369
5498,-0.6922
5499,-0.4626
5500,-0.9513
5501,-0.8102
5502,-0.8122
5503,-0.3161
5504,-0.8047
5505,-0.5746
5506,-0.3731
5507,-0.5506
5508,-0.7659
5509,-0.8251
5510,-0.9763
5511,-0.7398
5512,-0.4164
5513,-0.2523
5514,-0.5831
5515,-0.8701
5516,-0.4805
5517,-0.0993
5518,-0.4509
5519,-0.9547
5520,-0.7338
5521,-0.3291
5522,-0.3017
5523,-0.7530
5524,-0.7676
5525,0.0804
5526,-0.4803
5527,0.0650
5528,-0.5460
5529,-0.6028
5530,-0.1521
5531,-0.6533
5532,-0.3772
5533,-0.1137
5534,0.0411
5535,-0.4712
5536,-0.4437
5537,-0.7711
5538,-0.2948
5539,-0.2915
5540,-0.5576
5541,-0.4547
5542,-0.0100
5543,-0.4373
5544,-0.5499
5545,-0.8481
5546,-0.5738
5547,-0.3370
5548,-0.6123
5549,-0.6558
5550,-0.8167
5551,-0.5960
5552,-0.4802
5553,-0.5346
5554,-0.4250
5555,-0.6164
5556,-0.7372
5557,-0.4366
5558,-0.3054
5559,-0.5779
5560,-0.5549
5561,-0.5531
5562,-0.2399
5563,-0.6626
5564,-0.7547
5565,-0.1686
5566,-0.8815
5567,-0.2030
5568,-0.6700
5569,-0.3475
5570,-0.5071
5571,-0.4355
5572,-0.7198
5573,-0.3465
5574,-0.4592
5575,-0.6598
5576,-0.7029
5577,-0.0214
5578,-0.8177
5579,-0.1147
5580,-0.1763
5581,-0.2779
5582,-0.4526
5583,-0.6446
5584,-0.6532
5585,-0.6706
5586,-0.8038
5587,-0.7828
5588,0.0460
5589,-0.6922
5590,-0.2282
5591,-0.8028
5592,-0.5078
5593,-1.1183
5594,-0.7285
5595,-0.4891
5596,-0.5471
5597,-0.5169
5598,-0.9968
5599,-0.4878
5600,-0.4770
5601,-0.8718
5602,-0.5611
5603,-0.7969
5604,-0.3310
5605,-0.5498
5606,-0.3440
5607,-0.9414
5608,-0.6794
5609,-0.3442
5610,0.1943
5611,-0.7690
5612,-0.5917
5613,-0.5799
5614,-0.4712
5615,-0.8663
5616,-0.6495
5617,-0.4125
5618,-0.5034
5619,-0.5359
5620,-0.5538
5621,-0.6895
5622,-0.5137
5623,-0.6041
5624,-0.5111
5625,-0.4631
5626,-0.7844
5627,-0.2034
5628,-0.5314
5629,-0.5491
5630,-0.9241
5631,-0.7803
5632,-0.9446
5633,-0.1669
5634,-0.1791
5635,-0.2843
5636,-0.4582
5637,-0.3797
5638,-0.4884
5639,-0.5593
5640,-0.5546
5641,-0.1678
5642,-0.4495
5643,-0.5412
5644,-0.5497
5645,0.0800
5646,-0.5317
5647,-0.8227
5648,-0.6500
5649,-0.7448
5650,-0.6075
5651,-0.4459
5652,-0.6392
5653,-0.5959
5654,-0.3122
5655,-0.2303
5656,-0.5910
5657,-0.6377
5658,-0.4026
5659,-0.6301
5660,-0.4731
5661,-0.5680
5662,-0.9589
5663,-0.5271
5664,-0.3743
5665,-0.5957
5666,-0.3571
5667,-0.3400
5668,-0.7904
5669,-0.7012
5670,-0.7399
5671,-0.5284
5672,0.1082
5673,-0.4703
5674,-0.5655
5675,-0.3717
5676,-0.2864
5677,0.2570
5678,-0.7829
5679,-0.2685
5680,-0.2742
5681,-0.4240
5682,-0.4589
5683,-0.5003
5684,-0.4823
5685,-0.6104
5686,-0.4369
5687,0.0280
5688,-0.2549
5689,-0.3614
5690,0.0522
5691,-0.1926
5692,-0.3805
5693,-0.6094
5694,-1.0455
5695,-0.5345
5696,-0.4904
5697,-0.7207
5698,-0.9413
5699,-0.3571
5700,-0.3371
5701,-0.6336
5702,-0.4857
5703,-0.9040
5704,-0.8991
5705,-0.4846
5706,-0.8231
5707,-0.3350
5708,0.2844
5709,-0.5907
5710,-0.4326
5711,-0.6201
5712,-0.6976
5713,-0.2934
5714,-0.5538
5715,-0.7504
5716,0.0397
5717,0.0418
5718,-0.8428
5719,-0.2130
5720,-0.4022
5721,-0.7019
5722,-0.8818
5723,-0.9843
5724,-0.4539
5725,-0.5593
5726,-0.9223
5727,-0.5635
5728,-0.5633
5729,-0.3640
5730,-0.7935
5731,-0.4714
5732,-0.6240
5733,-0.6863
5734,-0.4589
5735,-0.4500
5736,-0.4181
5737,-0.7483
5738,-0.5398
5739,-0.4833
5740,-0.6807
5741,-0.6496
5742,-0.3717
5743,-0.7236
5744,-0.1206
5745,-0.7818
5746,-0.6653
5747,-0.0767
5748,-0.5990
5749,-0.3483
5750,-0.6990
5751,-1.0781
5752,-0.3138
5753,-0.2833
5754,-0.1268
5755,-0.3372
5756,-0.5845
5757,-0.4361
5758,-0.0499
5759,-0.4048
5760,-0.4300
5761,-0.3320
5762,-0.2285
5763,-0.5983
5764,-0.1598
5765,-0.9787
5766,-0.7533
5767,-0.1077
5768,-0.9067
5769,-0.0444
5770,-0.5034
5771,-0.6051
5772,-0.2095
5773,-0.3231
5774,-0.7901
5775,-0.6805
5776,-0.5005
5777,-0.4736
5778,-0.3600
5779,-0.6052
5780,-0.3042
5781,-0.0541
5782,-0.8232
5783,-0.2926
5784,-0.5813
5785,-0.7835
5786,-0.1671
5787,-0.4861
5788,-0.8092
5789,-0.7078
5790,-0.4419
5791,-0.7929
5792,-0.6522
5793,-0.6353
5794,-0.4164
5795,-0.2401
5796,-0.5442
5797,-0.4985
5798,-0.2895
5799,-0.4106
5800,-0.3874
5801,-0.6501
5802,-0.3461
5803,-0.3851
5804,-0.3097
5805,-0.3520
5806,-0.8827
5807,-0.7619
5808,-0.1310
5809,-0.7130
5810,-0.5694
5811,-0.6024
5812,-0.8653
5813,-0.8693
5814,-0.7431
5815,-0.7477
5816,-0.6248
5817,-0.8202
5818,-0.4563
5819,-0.8440
5820,-0.2382
5821,-0.6269
5822,-0.7467
5823,-0.4955
5824,-0.3786
5825,-0.6644
5826,-0.4439
5827,-0.5889
5828,-0.9121
5829,-0.1679
5830,-0.6669
5831,-0.6307
5832,-0.6659
5833,-0.7137
5834,-0.8059
5835,-0.0471
5836,-0.7171
5837,-0.1584
5838,-0.3902
5839,-0.2173
5840,-0.3517
5841,-0.8846
5842,-0.4507
5843,-0.2804
5844,-0.3690
5845,-0.2420
5846,-0.6390
5847,-0.7189
5848,-0.5898
5849,-0.5218
5850,-0.7821
5851,-0.4918
5852,-0.5002
5853,-0.3757
5854,-0.4142
5855,-0.1625
5856,0.1754
5857,-0.3538
5858,-0.5740
5859,-0.4384
5860,-0.9967
5861,-0.4796
5862,-0.5456
5863,-0.4286
5864,-0.5588
5865,-0.5585
5866,-0.9850
5867,-0.5401
5868,-0.7416
5869,-0.5051
5870,-0.4290
5871,-0.6719
5872,-0.6384
5873,-0.2642
5874,-0.6751
5875,-0.6296
5876,-0.5565
5877,-0.3129
5878,-0.4427
5879,0.0575
5880,-0.9994
5881,-0.6976
5882,0.0795
5883,-0.3228
5884,-0.0563
5885,-0.5227
5886,-0.3738
5887,-0.7678
5888,-0.8036
5889,-0.5215
5890,-0.2537
5891,-0.1802
5892,-0.7289
5893,-0.6486
5894,-0.4286
5895,-0.6697
5896,-0.5610
5897,-0.8506
5898,-0.8410
5899,-0.3229
5900,-0.6031
5901,-0.6913
5902,-0.6514
5903,-0.4277
5904,-0.4421
5905,-0.3987
5906,-0.3484
5907,-0.2019
5908,-0.6306
5909,-0.4848
5910,-0.4255
5911,-0.4770
5912,-0.4203
5913,-0.4332
5914,-0.0032
5915,-0.4736
5916,-0.3965
5917,-0.9413
5918,-0.8074
5919,-0.7189
5920,-0.0321
5921,-0.8606
5922,-0.6738
5923,-0.2603
5924,-0.3977
5925,-0.7337
5926,-1.1589
5927,-0.7854
5928,-0.4096
5929,0.1437
5930,-0.2221
5931,0.0536
5932,-0.6024
5933,-0.4436
5934,-0.3053
5935,-0.2745
5936,-0.5316
5937,-0.3131
5938,-0.7294
5939,-0.5096
5940,-0.4085
5941,-0.4165
5942,-0.4509
5943,-0.1981
5944,-0.0913
5945,-0.4130
5946,-0.6935
5947,-0.7894
5948,-0.6697
5949,-0.6644
5950,0.2201
5951,-0.3197
5952,-0.4304
5953,-0.2895
5954,-0.4991
5955,-0.6556
5956,-0.2831
5957,-0.3837
5958,-0.7915
5959,-0.4802
5960,-0.7469
5961,-0.1189
5962,-0.6563
5963,-0.5168
5964,-0.5300
5965,-0.3562
5966,-0.5979
5967,-0.6075
5968,-0.7415
5969,-0.2431
5970,-0.5403
5971,-0.4027
5972,-0.9093
5973,-0.6286
5974,-0.6594
5975,-0.3566
5976,-0.6559
5977,-0.2817
5978,-0.3585
5979,-0.5188
5980,-0.6841
5981,-0.3928
5982,-0.6349
5983,-0.7065
5984,-0.6803
5985,-0.3575
5986,-0.4133
5987,-0.1044
5988,-0.2649
5989,-0.5086
5990,-0.5618
5991,-0.7329
5992,-0.5793
5993,-0.3815
5994,-0.5517
5995,0.0199
5996,-0.5269
5997,-0.7146
5998,-0.1392
5999,-0.7718
6000,-0.8433
6001,-0.2828
6002,-0.4840
6003,-0.0803
6004,-0.2911
6005,-1.0020
6006,-0.2550
6007,-0.7000
6008,-0.5194
6009,-0.6469
6010,-0.7969
6011,-0.4426
6012,0.2322
6013,-0.8292
6014,-0.3409
6015,-0.4822
6016,-0.8921
6017,-0.6917
6018,-0.4480
6019,-0.5259
6020,-0.6091
6021,-0.5038
6022,-0.5208
6023,-0.4088
6024,-0.2104
6025,-0.5909
6026,-0.7626
6027,-0.4919
6028,-0.7515
6029,-0.8854
6030,-0.7935
6031,-0.5231
6032,-0.5029
6033,-0.2531
6034,-0.0401
6035,-0.8775
6036,-0.8313
6037,-0.3653
6038,-0.4782
6039,-0.6303
6040,-0.4950
6041,-0.7210
6042,-0.6186
6043,-0.4226
6044,-0.9765
6045,-0.4869
6046,-0.4439
6047,-1.0330
6048,-0.3389
6049,-0.4568
6050,-0.7123
6051,-0.1715
6052,-0.4519
6053,-0.6444
6054,-0.5939
6055,-0.0111
6056,-0.4581
6057,-0.8344
6058,-0.9776
6059,-0.6241
6060,-0.9483
6061,-0.6786
6062,-0.0762
6063,-0.1832
6064,-0.5290
6065,-0.6972
6066,-0.5610
6067,-0.4686
6068,-0.4984
6069,-0.7017
6070,-0.6317
6071,-0.3925
6072,-0.8648
6073,-0.2478
6074,-0.7289
6075,-0.4731
6076,-0.9375
6077,-0.5683
6078,-0.4511
6079,-0.6508
6080,-0.6091
6081,-0.8799
6082,-0.3706
6083,-0.1497
6084,-0.8327
6085,-0.6934
6086,-0.6265
6087,-0.3398
6088,0.0167
6089,-0.3627
6090,-0.7465
6091,-0.7939
6092,-0.9116
6093,-0.8445
6094,-0.5176
6095,-0.5504
6096,-0.4635
6097,-0.9520
6098,-0.3827
6099,-0.8590
6100,-0.4646
6101,-0.3465
6102,0.1555
6103,-0.3100
6104,-0.5637
6105,-0.4097
6106,-0.1908
6107,-0.8351
6108,-0.2290
6109,-0.5066
6110,-0.5970
6111,-0.2869
6112,-0.8734
6113,-0.6574
6114,-0.7442
6115,-0.5047
6116,-0.5622
6117,-0.6738
6118,-0.2356
6119,-0.3927
6120,-0.4076
6121,-0.3796
6122,-0.8049
6123,-0.5987
6124,-0.7053
6125,-0.6940
6126,-0.8064
6127,-0.8806
6128,-0.6077
6129,-1.0637
6130,-0.4636
6131,-0.0144
6132,-0.4450
6133,-0.6305
6134,-0.7535
6135,-0.3907
6136,-0.2671
6137,-0.5623
6138,-0.4397
6139,-0.6508
6140,-0.4017
6141,-0.5600
6142,-0.5751
6143,-0.9904
6144,-0.4791
6145,-0.3145
6146,-0.7470
6147,-0.9240
6148,-0.5287
6149,-0.7367
6150,-0.6422
6151,-0.5697
6152,-0.3572
6153,-0.6699
6154,-0.3370
6155,0.3333
6156,-0.9098
6157,-0.7281
6158,-0.6175
6159,-0.3044
6160,-0.7333
6161,-0.2862
6162,-0.7236
6163,-0.1968
6164,-0.8659
6165,-0.3764
6166,-0.5209
6167,-0.3090
6168,-0.4904
6169,-0.1405
6170,-0.2292
6171,-0.5070
6172,-0.5144
6173,-0.5007
6174,-0.4537
6175,-0.6336
6176,-0.7626
6177,-0.8167
6178,-0.3674
6179,-0.6964
6180,-0.8722
6181,-0.3839
6182,-1.0432
6183,-0.4692
6184,-0.6819
6185,-0.9995
6186,-0.5892
6187,-0.8666
6188,-0.4626
6189,-0.7488
6190,-0.5885
6191,-0.3819
6192,-0.5103
6193,-0.6710
6194,-0.3294
6195,-0.5769
6196,-0.5277
6197,-0.5442
6198,-0.1613
6199,-0.6649
6200,-0.7102
6201,-0.5197
6202,-0.8633
6203,-0.4237
6204,-0.6606
6205,-0.4949
6206,-0.7591
6207,-0.2179
6208,-0.7811
6209,-0.3515
6210,-0.4329
6211,-0.4994
6212,-0.2721
6213,-0.6099
6214,-0.5768
6215,-0.4570
6216,-0.7021
6217,-0.3566
6218,-0.5521
6219,0.0117
6220,-0.2122
6221,-0.5453
6222,0.0722
6223,-0.4967
6224,-0.5770
6225,-0.3995
6226,-0.3153
6227,-0.5393
6228,-0.3565
6229,-0.4920
6230,-0.6303
6231,-0.9462
6232,-0.5185
6233,-0.3710
6234,-0.7773
6235,-0.1703
6236,-0.3599
6237,-0.5270
6238,-0.6868
6239,-0.6157
6240,-0.0024
6241,-0.6733
6242,-0.6953
6243,-0.4719
6244,-0.6595
6245,-0.7322
6246,-0.6016
6247,-0.4530
6248,-0.5550
6249,-0.2800
6250,-0.2963
6251,-0.2779
6252,-0.6987
6253,-0.6647
6254,-0.6237
6255,-0.4174
6256,-0.2393
6257,-0.6115
6258,-0.7276
6259,-0.4305
6260,-0.3635
6261,-0.7023
6262,-0.2943
6263,-0.8781
6264,-0.7353
6265,-0.0903
6266,-0.5649
6267,-0.8780
6268,-0.3118
6269,-0.6722
6270,-0.8538
6271,-0.8050
6272,-0.4534
6273,-0.8447
6274,-0.2988
6275,-0.5457
6276,-0.6584
6277,-0.5250
6278,-0.5412
6279,-0.7370
6280,-0.3780
6281,-0.6792
6282,-0.1302
6283,-0.3609
6284,-0.6125
6285,-0.5187
6286,0.0078
6287,-0.6002
6288,-0.9237
6289,-0.9072
6290,-0.5309
6291,-0.5460
6292,-0.3784
6293,-0.3449
6294,-0.7452
6295,-0.8410
6296,-0.8637
6297,-0.8687
6298,-0.7843
6299,-0.3137
6300,-0.8257
6301,-0.8963
6302,-0.7588
6303,-0.6331
6304,-0.7044
6305,-0.4985
6306,-0.1997
6307,-0.4735
6308,-0.8001
6309,-0.1525
6310,-0.9201
6311,-0.6490
6312,-0.3406
6313,-0.6036
6314,-0.4255
6315,-0.5831
6316,-0.5765
6317,-0.4591
6318,-0.3113
6319,-0.7823
6320,-1.0602
6321,-0.5243
6322,0.0682
6323,-0.3972
6324,-0.4931
6325,-0.7054
6326,-0.7708
6327,-0.6181
6328,-0.4724
6329,-0.5683
6330,-0.6853
6331,-0.2549
6332,-0.3803
6333,-0.8388
6334,-0.6690
6335,-0.8554
6336,-0.6816
6337,-0.5021
6338,-0.2816
6339,-0.5707
6340,-0.8892
6341,-0.8072
6342,-0.4355
6343,-0.3889
6344,-0.0339
6345,-0.7626
6346,-0.2987
6347,-0.6885
6348,-0.9070
6349,-0.5666
6350,-0.3844
6351,-0.9330
6352,-0.7350
6353,0.1806
6354,-0.8493
6355,-0.5185
6356,-0.5043
6357,-0.8042
6358,-0.6686
6359,-0.6377
6360,-0.6101
6361,-0.4984
6362,-0.4593
6363,-0.5772
6364,-0.6428
6365,-0.4918
6366,-0.6966
6367,-0.3966
6368,-0.4888
6369,-0.7609
6370,-0.1248
6371,-0.8326
6372,-0.4220
6373,-0.6469
6374,-0.3002
6375,-0.8635
6376,-0.3659
6377,-0.9191
6378,-0.6045
6379,-0.4356
6380,-0.5958
6381,-0.9087
6382,-0.6160
6383,-0.5978
6384,-0.5651
6385,-0.2445
6386,-0.2681
6387,-0.6774
6388,-0.3400
6389,-0.6387
6390,-0.4733
6391,-0.7839
6392,-0.6878
6393,-0.8697
6394,-0.7111
6395,-0.8859
6396,-0.7536
6397,-0.3110
6398,-0.3153
6399,-0.5746
6400,-0.5750
6401,-0.2913
6402,-0.4125
6403,-0.7944
6404,-0.3630
6405,-0.3773
6406,-1.0614
6407,-0.4899
6408,-0.6530
6409,-0.6729
6410,-0.3900
6411,-0.4922
6412,-0.7275
6413,-0.7097
6414,-0.5749
6415,-0.7958
6416,-0.6405
6417,-0.4572
6418,-0.7470
6419,-0.7922
6420,-0.5894
6421,-0.5503
6422,-0.1824
6423,-0.7648
6424,-0.3885
6425,-0.6758
6426,-0.5483
6427,-0.8395
6428,-0.5104
6429,-0.3446
6430,-0.4443
6431,-0.7984
6432,-0.3431
6433,-0.6075
6434,-0.9090
6435,-0.7337
6436,-0.1168
6437,-0.6482
6438,-0.9484
6439,-0.6396
6440,-0.6134
6441,-0.6273
6442,-0.4349
6443,-1.0519
6444,-0.5671
6445,-0.9682
6446,-0.8376
6447,-0.1608
6448,-0.5619
6449,-0.8044
6450,-0.9792
6451,-0.8179
6452,-0.9221
6453,-0.2628
6454,-0.2907
6455,-0.5216
6456,-0.6565
6457,-0.7105
6458,-0.6185
6459,-0.8243
6460,-0.9163
6461,-0.8259
6462,-0.7043
6463,-0.6347
6464,-0.1082
6465,-0.4358
6466,-0.8674
6467,-0.4632
6468,-0.4782
6469,-0.5414
6470,-0.7772
6471,-0.6503
6472,-0.9497
6473,-0.6740
6474,-0.2122
6475,-0.7833
6476,-0.2915
6477,-0.7717
6478,-0.3734
6479,-0.2517
6480,-0.4245
6481,-0.1738
6482,-0.5966
6483,-0.3234
6484,-0.9373
6485,-0.4885
6486,-0.6781
6487,-0.6142
6488,0.0508
6489,-0.6545
6490,-0.4101
6491,-0.3652
6492,-0.5807
6493,-0.1591
6494,-0.6638
6495,-0.2066
6496,-0.4467
6497,-0.2603
6498,-0.6501
6499,-0.6879
6500,-0.7260
6501,-0.5398
6502,-0.6675
6503,-0.5009
6504,-0.7761
6505,-0.6911
6506,-0.3230
6507,-0.7497
6508,-0.7207
6509,-0.5251
6510,-0.8352
6511,-1.2159
6512,-0.1851
6513,-0.3689
6514,-0.3560
6515,-0.1391
6516,-0.5685
6517,-0.6215
6518,-0.7982
6519,-0.3183
6520,-0.8302
6521,0.0326
6522,-0.4120
6523,-0.7081
6524,-0.2699
6525,-0.2295
6526,-0.6414
6527,-0.3975
6528,-0.7557
6529,-0.9686
6530,-0.5688
6531,-0.5817
6532,-0.5205
6533,-0.9575
6534,-0.4352
6535,-0.7199
6536,-0.5849
6537,-0.3668
6538,-0.2938
6539,-0.5699
6540,-0.4924
6541,-1.0438
6542,-0.6768
6543,-0.4661
6544,-0.6791
6545,-0.7957
6546,-0.6423
6547,-0.4073
6548,-0.7507
6549,-0.6385
6550,-0.8061
6551,-0.8341
6552,-0.3259
6553,-0.2306
6554,-0.5340
6555,-0.2700
6556,-0.3297
6557,-0.6118
6558,-0.5693
6559,-0.6020
6560,-0.5692
6561,-0.5785
6562,-0.7341
6563,-0.6736
6564,-0.7865
6565,0.2802
6566,-0.3208
6567,-0.8644
6568,-0.5616
6569,-0.7290
6570,-0.7910
6571,-0.4558
6572,-0.4933
6573,-0.5559
6574,-0.7524
6575,-0.5403
6576,-0.7001
6577,-0.4713
6578,-0.8720
6579,0.0733
6580,-0.2757
6581,-0.8426
6582,-0.8896
6583,-0.8091
6584,-0.5321
6585,-0.2465
6586,-0.4406
6587,-0.5403
6588,-0.2626
6589,-0.3970
6590,-0.8254
6591,-0.5616
6592,-0.8060
6593,-0.9730
6594,-0.7070
6595,-0.2471
6596,-0.7557
6597,-0.9072
6598,0.0366
6599,-0.6804
6600,-0.9378
6601,-0.7297
6602,-0.4598
6603,-0.3728
6604,-0.4660
6605,-0.6340
6606,-0.3858
6607,-0.1050
6608,0.1161
6609,-0.2844
6610,-0.6081
6611,-1.0999
6612,-0.6486
6613,-0.2691
6614,-0.6430
6615,-0.2784
6616,-0.4776
6617,-0.3092
6618,-0.6215
6619,-0.5690
6620,-0.8349
6621,-0.3906
6622,-0.6917
6623,-0.4553
6624,-0.2427
6625,-0.1520
6626,-0.2752
6627,-0.5995
6628,-0.7690
6629,-0.6071
6630,-0.7104
6631,-0.5443
6632,-0.5689
6633,-0.8190
6634,-0.6849
6635,-0.5267
6636,-0.0329
6637,-0.5458
6638,-0.3898
6639,-0.5144
6640,-0.6970
6641,-0.4526
6642,-0.9173
6643,-0.5024
6644,-0.5284
6645,-0.6956
6646,-0.2323
6647,-0.5284
6648,-0.5258
6649,-0.6152
6650,-0.3755
6651,-0.4944
6652,-0.4096
6653,-0.6670
6654,-0.8888
6655,-0.5817
6656,-0.5181
6657,-0.5092
6658,-0.4536
6659,-0.7246
6660,-0.9906
6661,-0.8658
6662,-0.4824
6663,-0.3140
6664,-0.8176
6665,-0.6666
6666,-0.7143
6667,-0.8195
6668,-0.7221
6669,-0.5280
6670,-0.2434
6671,-0.3345
6672,-0.8935
6673,-0.7671
6674,-0.4430
6675,-0.0913
6676,0.0855
6677,-0.8966
6678,-0.5278
6679,-0.5469
6680,-0.2109
6681,-0.3957
6682,-0.6745
6683,-0.2105
6684,-0.7733
6685,-0.3443
6686,-0.5903
6687,-0.3452
6688,-0.7337
6689,-0.6219
6690,-0.6689
6691,-0.7096
6692,-0.6197
6693,-0.7490
6694,-0.2351
6695,-0.3038
6696,-0.3696
6697,-0.4851
6698,-0.2248
6699,-1.0022
6700,-0.4182
6701,-0.5113
6702,-0.4520
6703,-0.8275
6704,-0.4593
6705,-0.7014
6706,-0.5252
6707,-0.3634
6708,-0.3887
6709,-0.8461
6710,0.2923
6711,-0.3444
6712,0.4971
6713,0.0336
6714,-0.0282
6715,-0.5363
6716,-0.8069
6717,-0.7143
6718,-0.8997
6719,-0.8444
6720,-0.8022
6721,-0.1692
6722,-0.8169
6723,-0.8676
6724,-0.7481
6725,-0.3489
6726,-0.4197
6727,-0.5649
6728,-0.7521
6729,-0.5692
6730,-0.7899
6731,-0.7232
6732,-0.5296
6733,-0.4529
6734,-0.8591
6735,-0.8064
6736,-0.4838
6737,-0.6312
6738,-0.8822
6739,-0.4316
6740,-0.8392
6741,0.1460
6742,-0.6680
6743,-0.8049
6744,-0.3543
6745,-0.7441
6746,-0.7547
6747,-0.6211
6748,-0.5302
6749,-0.6879
6750,-0.6145
6751,-0.7439
6752,-0.4580
6753,0.0873
6754,-0.3415
6755,-0.7478
6756,-0.6295
6757,-0.9077
6758,-0.3883
6759,-0.6123
6760,-0.6641
6761,-0.4891
6762,-0.9580
6763,-0.4258
6764,-0.4900
6765,-0.4191
6766,-0.6852
6767,-0.9212
6768,-0.6256
6769,-0.7693
6770,-0.3406
6771,-0.6582
6772,-0.3639
6773,-0.4543
6774,-0.3178
6775,-0.4923
6776,-0.4566
6777,-0.7910
6778,-0.9104
6779,-0.1684
6780,-0.6251
6781,-0.6027
6782,-0.7720
6783,-0.3796
6784,-0.4457
6785,-0.7584
6786,-0.6575
6787,-0.4704
6788,-0.4250
6789,-0.7997
6790,-0.8824
6791,-0.4708
6792,-0.8857
6793,-0.1992
6794,-0.6836
6795,-0.4621
6796,-0.4683
6797,-0.0758
6798,-0.1747
6799,-0.5371
6800,-0.3904
6801,-0.7353
6802,-0.8478
6803,-0.6008
6804,-0.8489
6805,-0.2859
6806,-0.6182
6807,-0.2458
6808,-0.2921
6809,-0.6347
6810,-0.8265
6811,-0.7376
6812,-0.4576
6813,-0.4017
6814,-0.7642
6815,-0.5438
6816,-0.4050
6817,-0.4715
6818,-0.3664
6819,-0.4292
6820,-0.7037
6821,-0.5286
6822,-0.8042
6823,-0.6297
6824,-0.4093
6825,-0.4935
6826,-0.6653
6827,-0.6306
6828,-0.5806
6829,-0.2982
6830,-0.4307
6831,-0.2742
6832,-0.8342
6833,-0.6427
6834,-0.6080
6835,-0.5343
6836,-0.3537
6837,-0.3069
6838,-0.4793
6839,-0.7579
6840,-0.5880
6841,-0.4241
6842,-0.5554
6843,-0.6028
6844,-0.7601
6845,-0.7432
6846,-0.6677
6847,-0.5725
6848,-0.7390
6849,-0.5530
6850,-0.0034
6851,-0.8312
6852,-0.4659
6853,-0.1915
6854,-0.7350
6855,-0.8927
6856,-0.3728
6857,-0.3479
6858,-0.8947
6859,-0.4340
6860,-0.2286
6861,-0.2922
6862,0.2902
6863,-0.7394
6864,-0.9588
6865,-0.4831
6866,-0.4485
6867,-0.4188
6868,-0.6914
6869,-0.8118
6870,-0.7196
6871,-0.5408
6872,-0.5782
6873,-0.5878
6874,-0.3052
6875,-0.5919
6876,-0.7857
6877,-0.2249
6878,-0.7714
6879,-0.6582
6880,-1.0201
6881,-0.8318
6882,-0.5218
6883,-0.8213
6884,-0.3766
6885,-0.6899
6886,-0.8558
6887,-0.3709
6888,-0.5016
6889,-1.0899
6890,-0.6937
6891,-0.4106
6892,-0.5552
6893,-0.5305
6894,-0.5762
6895,0.4226
6896,-0.4699
6897,-0.9822
6898,-0.5196
6899,-0.2094
6900,-0.5720
6901,-0.7190
6902,-0.2510
6903,-0.4563
6904,-0.8176
6905,0.1510
6906,-0.6288
6907,-0.7788
6908,-0.8300
6909,-0.4309
6910,-0.3847
6911,-0.2132
6912,-0.2603
6913,-0.4829
6914,-0.3033
6915,-0.5543
6916,-0.2747
6917,-0.5592
6918,-0.1639
6919,-0.8817
6920,-0.6403
6921,-0.4784
6922,-0.0657
6923,-0.5960
6924,-0.3487
6925,-0.6207
6926,-0.3925
6927,-0.6206
6928,-0.6655
6929,-0.2726
6930,0.0212
6931,-0.7133
6932,-0.4401
6933,-0.5987
6934,-0.4285
6935,-0.7608
6936,-0.8244
6937,-0.3964
6938,-0.5136
6939,-0.6160
6940,-0.5323
6941,-0.3356
6942,-0.5924
6943,-0.1297
6944,-0.3327
6945,-0.6737
6946,-0.7682
6947,-0.5735
6948,-0.9254
6949,-0.7126
6950,-0.4448
6951,-0.8290
6952,-0.4277
6953,-0.7432
6954,-0.7706
6955,-0.6478
6956,-0.7795
6957,-0.6477
6958,-0.5980
6959,-0.3330
6960,-0.7439
6961,-0.7912
6962,-0.6065
6963,-0.4588
6964,-0.7964
6965,-0.8232
6966,-0.8454
6967,-0.7313
6968,-0.6414
6969,-0.6299
6970,-0.5618
6971,-0.5486
6972,-0.8700
6973,-0.8972
6974,-0.1175
6975,-0.4580
6976,-0.7948
6977,-0.2780
6978,-0.4273
6979,-0.4597
6980,-0.8641
6981,-0.3484
6982,-0.5645
6983,-0.2454
6984,-0.5550
6985,-0.4783
6986,-0.3581
6987,-0.7103
6988,-0.3531
6989,-0.4140
6990,0.1404
6991,-0.4160
6992,-0.8591
6993,-0.4934
6994,-0.6203
6995,-0.5551
6996,-0.2835
6997,-0.3771
6998,-0.4512
6999,-0.9116
7000,-0.9275
7001,-0.5871
7002,-0.5234
7003,-0.7863
7004,-0.8666
7005,-0.5570
7006,-0.5094
7007,-0.7464
7008,-0.0930
7009,-0.9760
7010,-0.6697
7011,0.1652
7012,-0.3622
7013,-0.0688
7014,-0.5358
7015,-0.5410
7016,-0.7296
7017,-0.7640
7018,-0.3408
7019,-0.5254
7020,-0.5380
7021,-0.7723
7022,-0.5646
7023,-0.7315
7024,-0.1637
7025,-0.5195
7026,-0.5606
7027,-0.4986
7028,-0.1685
7029,-0.4330
7030,-0.7895
7031,-0.2364
7032,-0.3431
7033,-0.5618
7034,-0.6237
7035,-0.2194
7036,-0.5520
7037,-0.1307
7038,-0.7273
7039,-0.0668
7040,-0.4760
7041,-0.8961
7042,-0.3911
7043,-0.6530
7044,-0.7297
7045,-0.7276
7046,-0.8129
7047,-0.5274
7048,-0.7300
7049,-0.5788
7050,-1.2039
7051,-0.1417
7052,-0.5708
7053,-0.1139
7054,-0.7379
7055,-0.5040
7056,-0.3670
7057,-0.1843
7058,-0.4582
7059,-0.9104
7060,-0.5896
7061,-0.5641
7062,-0.5855
7063,-0.3926
7064,-0.4813
7065,-0.6094
7066,-0.6092
7067,-0.6824
7068,-0.4434
7069,-0.3569
7070,-0.2281
7071,-0.4271
7072,-0.5198
7073,-0.4204
7074,-0.6883
7075,-0.0452
7076,-0.4349
7077,-0.7777
7078,-0.3266
7079,-0.6471
7080,-0.4915
7081,-0.4228
7082,-0.7319
7083,-0.7277
7084,-0.7246
7085,-0.6530
7086,-0.6742
7087,-0.5291
7088,-0.5301
7089,-0.7498
7090,-0.5899
7091,-0.6541
7092,-0.5306
7093,-0.5878
7094,-0.6462
7095,-0.5874
7096,-0.5822
7097,-0.8955
7098,-0.5801
7099,-0.0801
7100,-0.4620
7101,-0.5688
7102,-0.3867
7103,-0.6448
7104,-0.6517
7105,-0.6181
7106,-0.9627
7107,-0.5571
7108,-0.6436
7109,-0.6026
7110,-0.2636
7111,-0.5806
7112,-0.2372
7113,-0.3624
7114,-0.4229
7115,-0.4242
7116,-0.7949
7117,-0.7822
7118,-0.5964
7119,-0.7378
7120,-0.6776
7121,-0.6014
7122,-0.8554
7123,-0.7225
7124,-0.4752
7125,-0.5374
7126,-0.9264
7127,-0.5605
7128,-0.1953
7129,-0.6994
7130,-0.4128
7131,-0.3154
7132,-0.2143
7133,-0.6911
7134,-0.5815
7135,-0.4333
7136,-0.8187
7137,-0.1857
7138,-0.2717
7139,-0.5041
7140,-0.7907
7141,-0.6016
7142,-0.1637
7143,-0.4835
7144,-0.3153
7145,-0.5032
7146,-0.4620
7147,-0.2410
7148,-0.8741
7149,-0.6274
7150,-0.6638
7151,-0.6297
7152,-0.5863
7153,-0.6442
7154,-0.6567
7155,-0.3295
7156,-0.4176
7157,-0.6139
7158,-0.5499
7159,-0.7818
7160,-0.0575
7161,-0.7378
7162,-0.5513
7163,-0.2880
7164,-0.5666
7165,-0.5788
7166,-0.5459
7167,-0.7314
7168,-0.6084
7169,-0.4744
7170,-0.4478
7171,-0.0342
7172,-0.7434
7173,-0.7319
7174,-0.7901
7175,-0.2562
7176,-0.5931
7177,-1.0153
7178,-0.6170
7179,-0.6085
7180,-0.5281
7181,-0.7325
7182,-0.6159
7183,-0.8582
7184,-0.5962
7185,-0.0252
7186,-0.6208
7187,-0.3639
7188,-0.6676
7189,-0.3530
7190,-0.7196
7191,-1.0431
7192,-0.5419
7193,-0.5345
7194,-0.4349
7195,-0.7215
7196,0.0247
7197,-0.5512
7198,-0.7308
7199,-0.6264
7200,0.2545
7201,-0.4223
7202,-0.6756
7203,-0.7000
7204,0.1268
7205,-0.2654
7206,-0.8750
7207,-0.4251
7208,-0.7289
7209,-0.5791
7210,-0.3909
7211,-0.7682
7212,-0.6955
7213,-0.6631
7214,-0.5704
7215,-0.6747
7216,-0.5775
7217,-0.3663
7218,-0.7948
7219,-0.4018
7220,-0.3740
7221,-0.5265
7222,-0.5855
7223,-0.6585
7224,-0.3914
7225,-0.6739
7226,-0.4534
7227,-0.6360
7228,-0.1015
7229,-0.9155
7230,-0.6652
7231,-0.1451
7232,-0.1609
7233,-0.4881
7234,-0.0129
7235,-0.2242
7236,-0.3940
7237,0.1922
7238,-0.4951
7239,-0.3655
7240,-0.2461
7241,-0.0464
7242,-0.5904
7243,-0.7016
7244,-0.7246
7245,-0.5358
7246,-0.2828
7247,-0.0240
7248,-0.7111
7249,-0.3700
7250,-0.4445
7251,-0.8815
7252,-0.6298
7253,-0.2003
7254,-0.6793
7255,-0.9812
7256,-0.6039
7257,-0.8552
7258,0.4194
7259,-0.6352
7260,-0.7040
7261,-0.6469
7262,-0.6834
7263,-0.6773
7264,-0.5223
7265,-0.5768
7266,-0.5960
7267,-0.0476
7268,-0.8116
7269,-0.3701
7270,-0.0068
7271,0.1609
7272,-0.5542
7273,-0.6958
7274,-0.3781
7275,-0.9627
7276,-0.3976
7277,-0.0301
7278,-0.8846
7279,-0.3733
7280,-0.4830
7281,-0.2799
7282,-0.4779
7283,-0.4347
7284,-0.1334
7285,-0.1810
7286,-0.4693
7287,-0.4739
7288,-0.5894
7289,-0.8628
7290,-0.3041
7291,-0.3119
7292,-0.4748
7293,-0.6681
7294,-0.2171
7295,-0.6545
7296,-0.6401
7297,-0.4697
7298,-0.3509
7299,-0.7173
7300,-0.4872
7301,-0.4471
7302,-0.8352
7303,-0.3193
7304,-0.6893
7305,-0.8379
7306,-0.2612
7307,-0.3619
7308,-0.4563
7309,-0.4827
7310,-0.6607
7311,-0.3931
7312,-0.5870
7313,-0.3340
7314,-0.1817
7315,-0.5011
7316,-0.6650
7317,-0.5372
7318,-0.1602
7319,-0.5002
7320,-0.5802
7321,-0.7928
7322,-0.1445
7323,-0.8833
7324,-0.6192
7325,-0.6214
7326,-0.2759
7327,-0.7815
7328,-0.3550
7329,-0.5807
7330,-0.8913
7331,-0.5958
7332,-0.6484
7333,-0.5846
7334,-0.6810
7335,-0.6457
7336,-0.9142
7337,-0.5080
7338,-1.0401
7339,-0.7308
7340,-0.5686
7341,-0.3402
7342,-0.2932
7343,-0.4681
7344,-0.4799
7345,-0.2352
7346,-0.3260
7347,-0.6161
7348,-0.2678
7349,-0.8136
7350,-0.2404
7351,-0.6036
7352,-0.2416
7353,-0.7846
7354,-0.5724
7355,-0.7361
7356,-0.6318
7357,-0.6508
7358,-0.7742
7359,0.2153
7360,-0.1628
7361,-0.4647
7362,-0.7171
7363,-0.9021
7364,-0.1586
7365,-0.2805
7366,-0.6429
7367,-0.3587
7368,-0.6646
7369,-0.5683
7370,-0.5542
7371,-0.2077
7372,-0.9680
7373,-0.5368
7374,-0.5033
7375,-0.4838
7376,-0.6523
7377,0.0910
7378,-0.7563
7379,-0.8546
7380,-0.5603
7381,-0.2541
7382,-0.6585
7383,-0.7259
7384,-0.4445
7385,-0.9204
7386,-0.6168
7387,-0.7999
7388,-0.7778
7389,-0.8901
7390,-0.5647
7391,-0.6077
7392,-0.2121
7393,-0.5217
7394,-0.6894
7395,-0.5524
7396,-1.0042
7397,-0.1326
7398,-0.7180
7399,-0.6556
7400,-0.6277
7401,-0.2786
7402,-0.7519
7403,-0.1556
7404,-0.8517
7405,-0.5729
7406,-0.6246
7407,-0.8049
7408,-0.4909
7409,-0.8071
7410,-0.7403
7411,-1.0025
7412,-0.7586
7413,-0.5546
7414,-0.5276
7415,-0.4759
7416,-0.7596
7417,-0.5979
7418,-0.5564
7419,-0.1645
7420,-0.1586
7421,0.0878
7422,-0.5900
7423,-0.5872
7424,-0.4436
7425,-0.6799
7426,-0.6349
7427,-0.3708
7428,-0.2537
7429,-0.5283
7430,-0.6705
7431,-0.8891
7432,-0.5446
7433,-0.7325
7434,-0.5617
7435,-0.5749
7436,-0.6511
7437,-0.5179
7438,-0.3570
7439,-0.3344
7440,-0.4474
7441,-0.5679
7442,-0.0923
7443,-0.9740
7444,-0.6063
7445,-0.7044
7446,-0.5154
7447,-0.6359
7448,-0.7032
7449,-0.4422
7450,-0.5839
7451,-0.9077
7452,-0.6403
7453,-0.7213
7454,-0.4479
7455,-0.6420
7456,-0.5476
7457,-0.2249
7458,-0.5831
7459,-0.6682
7460,-0.3783
7461,-0.3077
7462,-0.2482
7463,-0.6311
7464,-0.4748
7465,-0.7902
7466,-0.4800
7467,-0.9047
7468,-0.6089
7469,-0.4307
7470,-0.1633
7471,-0.4195
7472,-0.6493
7473,-0.6351
7474,-0.5373
7475,-0.3985
7476,-0.6368
7477,-0.4988
7478,-0.2007
7479,-0.3950
7480,-0.6914
7481,-0.4752
7482,-0.4544
7483,0.0486
7484,-0.3838
7485,-0.7153
7486,-0.4389
7487,-0.4479
7488,-0.6035
7489,-0.5315
7490,-0.7637
7491,-0.6212
7492,-0.5856
7493,-0.4389
7494,-0.1899
7495,-0.3494
7496,-0.6103
7497,-0.4977
7498,-0.5945
7499,-0.6296
7500,-0.4302
7501,-0.4507
7502,-0.3818
7503,-0.6113
7504,-0.5593
7505,-0.0460
7506,-0.7352
7507,-0.5391
7508,-0.2885
7509,-0.3841
7510,-0.3528
7511,-0.2749
7512,-0.7796
7513,-0.6203
7514,0.0559
7515,-0.7691
7516,-0.5503
7517,-0.6135
7518,-0.6234
7519,-0.7722
7520,-0.8180
7521,-0.7306
7522,-0.6802
7523,-0.3764
7524,-0.4154
7525,-0.2679
7526,-0.7796
7527,-0.5316
7528,-0.4979
7529,-0.3320
7530,-0.2254
7531,-0.2091
7532,-0.9002
7533,-0.5394
7534,0.0290
7535,-0.7544
7536,-0.5863
7537,-0.5189
7538,-0.6094
7539,-0.8222
7540,-0.3098
7541,-0.4929
7542,-0.3912
7543,-0.3892
7544,-0.5553
7545,-0.7990
7546,-0.1523
7547,-0.8666
7548,-0.5662
7549,-0.4629
7550,-0.8486
7551,-0.5740
7552,-0.1780
7553,-0.7691
7554,-0.3764
7555,-0.8134
7556,-0.4296
7557,-0.4135
7558,-0.6187
7559,-0.9346
7560,-0.6399
7561,0.0613
7562,-0.4469
7563,-0.8791
7564,-0.8397
7565,-0.2891
7566,-0.8219
7567,-0.6877
7568,-0.5636
7569,-0.4402
7570,-0.8705
7571,-0.6537
7572,-0.4554
7573,-0.2626
7574,-0.4692
7575,-0.5427
7576,-0.4948
7577,-0.3246
7578,-0.0756
7579,-0.6838
7580,-0.4485
7581,-0.4708
7582,-0.7340
7583,-0.6473
7584,-0.8873
7585,-0.6778
7586,-0.8866
7587,-0.1614
7588,-0.5337
7589,-0.6811
7590,-1.0675
7591,-0.3462
7592,-0.4191
7593,-0.5175
7594,-0.5954
7595,-0.3067
7596,-0.9030
7597,-0.2001
7598,-0.5566
7599,-0.6827
7600,-0.7800
7601,-0.4288
7602,-0.4845
7603,-0.6865
7604,-0.6287
7605,-0.2580
7606,-0.5682
7607,-0.2223
7608,-0.8724
7609,-0.5439
7610,-0.3103
7611,-0.6683
7612,-0.6639
7613,-0.5941
7614,-0.6844
7615,-0.7137
7616,0.0680
7617,-0.3543
7618,-0.6420
7619,-0.7116
7620,-1.1478
7621,-0.6430
7622,-1.0295
7623,-1.0554
7624,-0.4130
7625,-0.4121
7626,-0.5324
7627,-0.4896
7628,-0.5904
7629,-0.4783
7630,-0.6430
7631,-0.6343
7632,-0.7198
7633,-0.5488
7634,-0.6703
7635,-0.2774
7636,-0.6356
7637,-0.9681
7638,-0.6549
7639,-0.6182
7640,-0.2558
7641,-0.2889
7642,-0.5475
7643,-0.4763
7644,-1.0145
7645,-0.7008
7646,-0.1950
7647,-0.7746
7648,-0.2967
7649,-0.6641
7650,-0.3528
7651,-0.5011
7652,-0.9602
7653,-0.5514
7654,-0.0631
7655,-0.4163
7656,-0.3358
7657,-0.4068
7658,-0.4951
7659,-0.2711
7660,-0.7237
7661,-0.6504
7662,-0.1460
7663,-0.5719
7664,-0.1600
7665,-0.4674
7666,-0.1811
7667,-0.7045
7668,-0.8163
7669,-0.3634
7670,-0.9346
7671,-0.0293
7672,-0.4545
7673,-0.1568
7674,-0.2643
7675,-0.6848
7676,-0.5843
7677,-0.3561
7678,-0.7273
7679,-0.7428
7680,-0.5507
7681,-0.9023
7682,-0.3693
7683,-0.6964
7684,-0.0458
7685,-0.1240
7686,-0.7176
7687,-1.0107
7688,-0.6372
7689,-0.7423
7690,-0.3566
7691,-0.5414
7692,0.1784
7693,-0.2790
7694,-0.6687
7695,-0.5717
7696,-0.2887
7697,-0.8773
7698,-0.4512
7699,-0.6112
7700,-0.6142
7701,-0.8581
7702,0.0511
7703,-0.4803
7704,-0.6794
7705,-0.7129
7706,-0.5955
7707,-0.7311
7708,-0.6240
7709,-0.1297
7710,-0.5730
7711,-0.6494
7712,-0.5216
7713,-0.4611
7714,-0.7665
7715,-0.2897
7716,-0.5996
7717,-0.4885
7718,-0.6549
7719,-0.4260
7720,-0.6587
7721,-0.8284
7722,-0.8489
7723,0.0079
7724,-0.7027
7725,-0.1474
7726,-0.1244
7727,-0.5203
7728,-0.6637
7729,-0.3578
7730,-0.3728
7731,-0.3230
7732,-0.5223
7733,-0.3890
7734,-0.3507
7735,-0.8162
7736,-0.8390
7737,-0.5449
7738,-0.8097
7739,-0.2397
7740,-0.3441
7741,-0.3009
7742,-0.4069
7743,-0.4151
7744,-0.2083
7745,-0.6173
7746,-0.5613
7747,-0.2558
7748,-0.5442
7749,-0.5232
7750,-0.6414
7751,-0.5692
7752,-0.7767
7753,-0.9782
7754,-0.9016
7755,-0.4070
7756,-0.7669
7757,-0.7672
7758,-0.6112
7759,-0.9207
7760,-0.7347
7761,-0.3635
7762,-0.5649
7763,-0.8876
7764,-0.6617
7765,-0.6230
7766,-0.6746
7767,-0.7594
7768,-0.1625
7769,-0.8642
7770,0.4462
7771,-0.5165
7772,-0.7657
7773,-0.9626
7774,-0.5237
7775,-0.5833
7776,-0.8035
7777,-0.4204
7778,-0.6280
7779,-0.8879
7780,-0.5074
7781,-0.2198
7782,-0.4721
7783,-0.7325
7784,-0.1895
7785,-0.5950
7786,-0.8275
7787,-0.8267
7788,-0.7613
7789,-0.7829
7790,-0.6419
7791,-0.8160
7792,-0.3094
7793,-0.5388
7794,-0.8327
7795,-0.6759
7796,-0.3080
7797,-0.3859
7798,-0.6987
7799,-0.3981
7800,-0.8431
7801,-0.4686
7802,-0.6710
7803,-0.3519
7804,-0.5446
7805,-0.1453
7806,-0.3436
7807,-0.5879
7808,-0.5441
7809,-0.6024
7810,-0.1531
7811,-0.7084
7812,-0.7889
7813,-0.5993
7814,-0.3989
7815,-0.5620
7816,-0.2364
7817,-0.4387
7818,-0.4562
7819,-0.9530
7820,-0.3904
7821,-0.2653
7822,-0.3898
7823,-0.5637
7824,-0.4481
7825,-0.6698
7826,-0.5554
7827,-0.6551
7828,-0.5749
7829,-0.6307
7830,-0.6565
7831,-0.6756
7832,-0.7804
7833,-0.4782
7834,-0.2216
7835,-0.7983
7836,-0.5038
7837,-0.8989
7838,-0.9912
7839,-0.6991
7840,-0.4432
7841,-0.5196
7842,-0.7810
7843,-0.8359
7844,-0.6650
7845,-0.4375
7846,-0.9204
7847,-0.5482
7848,-0.5441
7849,-0.5693
7850,-0.5709
7851,-0.5672
7852,-0.3958
7853,-0.4941
7854,-0.7883
7855,-0.4660
7856,-0.6031
7857,-0.7057
7858,-0.5227
7859,-0.6435
7860,-0.8035
7861,-0.3709
7862,-0.5394
7863,-0.7252
7864,-1.0303
7865,-0.2554
7866,-0.7722
7867,-0.7116
7868,-0.2353
7869,-1.0600
7870,-0.1592
7871,-0.7920
7872,-0.7816
7873,-0.1699
7874,-0.8634
7875,-0.4311
7876,-0.5267
7877,-0.5462
7878,-0.5453
7879,-0.2162
7880,-0.8621
7881,-0.4724
7882,-0.2477
7883,-0.6549
7884,-0.3871
7885,-0.6518
7886,-0.4809
7887,-0.2702
7888,-0.5054
7889,-0.6359
7890,-0.5541
7891,-0.6407
7892,-0.9697
7893,-0.4091
7894,-0.5869
7895,-0.1244
7896,-0.5456
7897,-0.5322
7898,-0.6936
7899,-0.5771
7900,-0.4333
7901,-0.0111
7902,-0.5561
7903,-0.5987
7904,-0.4572
7905,-0.5363
7906,-0.4953
7907,-0.2596
7908,-0.4868
7909,-0.6418
7910,-0.6261
7911,-0.3017
7912,0.0248
7913,-0.2678
7914,-0.8003
7915,-0.7604
7916,-0.4000
7917,-0.7345
7918,-0.5377
7919,-0.3823
7920,-0.4213
7921,-0.9769
7922,-0.8154
7923,-0.6015
7924,-0.4320
7925,-0.4924
7926,-0.5833
7927,-0.5669
7928,-0.8258
7929,-0.5792
7930,-0.5440
7931,-0.7594
7932,-0.3120
7933,-0.7112
7934,-0.5825
7935,-0.6410
7936,-0.5341
7937,-0.1419
7938,-0.4375
7939,-0.7568
7940,-0.4308
7941,-0.6104
7942,-0.6966
7943,-0.8669
7944,-0.4426
7945,-0.3719
7946,-0.5806
7947,-0.8496
7948,-0.5538
7949,-0.7671
7950,-0.4776
7951,-0.8521
7952,-0.4178
7953,-0.7920
7954,-0.3784
7955,-0.5949
7956,-0.7060
7957,0.1571
7958,-0.9436
7959,-0.4026
7960,-0.4392
7961,-0.7987
7962,-0.2658
7963,-0.8059
7964,-0.7071
7965,-0.3539
7966,-0.3341
7967,-0.2865
7968,-0.6956
7969,-0.6955
7970,-0.7573
7971,-0.8202
7972,-0.7711
7973,-0.6133
7974,-0.7120
7975,-0.8454
7976,-0.6574
7977,-0.1294
7978,-0.7830
7979,-0.6282
7980,-0.5119
7981,-0.4059
7982,-0.1969
7983,-0.5290
7984,-0.4761
7985,-0.7994
7986,-0.7164
7987,-0.2897
7988,-0.3671
7989,-0.3065
7990,-0.6212
7991,-0.4489
7992,-0.2966
7993,-0.8498
7994,-0.8401
7995,-0.4683
7996,-0.8625
7997,0.1881
7998,-0.9012
7999,-0.4750
8000,-0.8878
8001,-0.6444
8002,-0.5322
8003,-0.3013
8004,-0.3755
8005,-0.2529
8006,-0.4973
8007,-0.3747
8008,-0.6890
8009,-0.5502
8010,-0.4143
8011,-0.4153
8012,-0.5520
8013,-0.6562
8014,-0.0309
8015,-0.6508
8016,-0.1330
8017,-0.5697
8018,-0.2874
8019,-0.5132
8020,-0.2773
8021,-0.6803
8022,-0.7685
8023,-0.5060
8024,-0.6087
8025,-0.4949
8026,-0.5294
8027,-0.5072
8028,-0.7246
8029,0.0098
8030,-0.4011
8031,-0.3965
8032,-0.4648
8033,0.0807
8034,-0.6075
8035,-0.6293
8036,-0.6385
8037,-0.2882
8038,-0.6505
8039,-0.3636
8040,-0.6161
8041,-0.7435
8042,0.1708
8043,-0.3553
8044,0.1525
8045,-0.5425
8046,-0.2082
8047,-0.4366
8048,-0.7653
8049,-0.6043
8050,-0.4987
8051,-0.5056
8052,-0.5629
8053,-0.2889
8054,0.1319
8055,-0.5193
8056,-0.8084
8057,-0.3844
8058,-0.6581
8059,-0.6401
8060,-0.4755
8061,-0.6330
8062,-0.4244
8063,-0.4376
8064,-0.5763
8065,-0.6622
8066,-0.2346
8067,-0.6629
8068,-0.2860
8069,-0.6140
8070,-0.4214
8071,-0.7526
8072,-0.4200
8073,-1.1035
8074,-0.2435
8075,-0.4989
8076,-0.4296
8077,-0.7474
8078,-0.2104
8079,-0.6730
8080,-0.5842
8081,-0.7120
8082,-1.0272
8083,-0.4465
8084,-0.6497
8085,-0.7138
8086,-0.4251
8087,-0.6051
8088,-0.6558
8089,-1.0159
8090,-0.7064
8091,-0.4477
8092,-0.7994
8093,-0.8026
8094,-0.4116
8095,-0.0008
8096,-0.6062
8097,-0.2832
8098,-0.5600
8099,-0.6720
8100,-0.2586
8101,-0.8718
8102,-1.1128
8103,-0.8711
8104,-0.2668
8105,-0.6635
8106,-0.4745
8107,-0.2287
8108,-0.3252
8109,-0.6876
8110,-0.5021
8111,-0.5209
8112,-0.6465
8113,-0.5551
8114,-0.4234
8115,-0.7497
8116,-0.5941
8117,0.0017
8118,-0.8487
8119,-0.7915
8120,-0.8464
8121,-0.5553
8122,-0.5917
8123,-0.1332
8124,-0.4845
8125,-0.8418
8126,-0.7299
8127,-0.4820
8128,-0.5240
8129,-0.4283
8130,-0.7284
8131,-0.6519
8132,-0.6697
8133,-0.7946
8134,-0.4375
8135,-0.3725
8136,-0.3429
8137,-0.5449
8138,-0.7055
8139,-0.9190
8140,-0.6805
8141,-0.4582
8142,-0.2493
8143,-0.6120
8144,-0.2106
8145,-0.5719
8146,-0.1929
8147,-0.8539
8148,-0.1231
8149,-0.1758
8150,-0.7034
8151,-0.5526
8152,-0.4463
8153,-0.6880
8154,-0.8098
8155,-0.4320
8156,-0.3896
8157,-0.1664
8158,-0.8984
8159,-0.1357
8160,-0.5877
8161,-0.6537
8162,0.1227
8163,-0.6737
8164,-0.3249
8165,-0.6326
8166,-0.6206
8167,-0.5212
8168,-0.8458
8169,-0.6002
8170,-0.7278
8171,-0.4557
8172,-0.6768
8173,-0.5034
8174,-0.4956
8175,-0.7195
8176,-0.6515
8177,-0.6045
8178,-0.5707
8179,-0.3548
8180,-0.4828
8181,-0.4406
8182,-0.9252
8183,-0.7176
8184,-1.0018
8185,-0.4863
8186,-0.3555
8187,-0.6370
8188,-0.5763
8189,-0.6848
8190,-0.6186
8191,-0.4419
8192,-0.7449
8193,-0.6788
8194,-0.5880
8195,-0.1886
8196,-0.5835
8197,-0.2845
8198,-0.3249
8199,-0.7454
8200,-0.6553
8201,-0.0157
8202,-0.7154
8203,-0.7690
8204,-0.6094
8205,-0.8909
8206,-0.0720
8207,-0.7597
8208,-0.4059
8209,-0.7228
8210,-0.7228
8211,-0.3754
8212,-0.4189
8213,-1.0984
8214,-0.7489
8215,-0.5626
8216,-0.5442
8217,-0.4782
8218,-0.3176
8219,-0.7280
8220,0.0297
8221,-0.4513
8222,-0.5516
8223,-0.4848
8224,-0.5930
8225,-0.4025
8226,-0.3584
8227,-0.5189
8228,-0.2347
8229,-0.8329
8230,-0.3713
8231,-0.5760
8232,-0.0519
8233,-0.6348
8234,-0.8503
8235,0.2715
8236,-0.6222
8237,-0.9857
8238,-0.7618
8239,-0.7067
8240,-0.7493
8241,-0.5837
8242,-0.5263
8243,-0.2220
8244,-0.6040
8245,-0.4850
8246,-0.6104
8247,0.4078
8248,-0.5793
8249,-0.9213
8250,-0.5617
8251,-0.4275
8252,-0.4274
8253,-0.6021
8254,-0.6984
8255,-0.0851
8256,-0.3205
8257,-1.1028
8258,-0.4125
8259,-0.4070
8260,-0.5462
8261,-0.4573
8262,-0.5667
8263,-0.7476
8264,-0.7065
8265,-0.8462
8266,-0.5359
8267,-0.2830
8268,-0.6458
8269,-0.3883
8270,-0.8726
8271,-0.7530
8272,-0.7117
8273,-0.4976
8274,-0.5814
8275,-0.5900
8276,-0.5165
8277,-0.3180
8278,-0.9057
8279,-0.6256
8280,-0.9163
8281,-0.6173
8282,-0.5204
8283,-0.5577
8284,-0.2349
8285,-0.3988
8286,-0.6692
8287,-0.9085
8288,-0.7056
8289,-0.7849
8290,-0.0317
8291,-0.4596
8292,-0.2593
8293,-0.5219
8294,-0.4262
8295,-0.6559
8296,-0.5592
8297,-0.6265
8298,-0.6107
8299,-0.4431
8300,-0.3160
8301,-0.5663
8302,0.0210
8303,-0.3463
8304,-0.4943
8305,-0.7417
8306,-0.5769
8307,-0.8046
8308,-0.4851
8309,-0.5239
8310,-0.7507
8311,-0.4902
8312,-0.5461
8313,-0.4798
8314,-0.4744
8315,-0.4037
8316,-0.3828
8317,-0.2175
8318,0.1979
8319,-0.4606
8320,-0.6523
8321,-0.5392
8322,-0.6414
8323,-0.5906
8324,-0.6351
8325,-0.6237
8326,-0.4294
8327,-0.6701
8328,-0.6751
8329,-0.2164
8330,-0.3873
8331,-0.8635
8332,-1.0357
8333,-0.6332
8334,-0.3525
8335,-0.6739
8336,-0.1500
8337,-0.5118
8338,-0.5362
8339,-0.3186
8340,-0.1433
8341,-0.7249
8342,-0.6170
8343,-0.6230
8344,-0.7124
8345,-0.4530
8346,-0.5752
8347,-0.3543
8348,-0.5707
8349,-0.5158
8350,-0.7857
8351,-0.5979
8352,-0.3847
8353,-0.4321
8354,-0.7936
8355,-0.3540
8356,-0.7391
8357,-0.7969
8358,-0.7730
8359,-0.2237
8360,-0.3941
8361,-0.5827
8362,-0.6190
8363,-0.8490
8364,-0.4592
8365,-0.2900
8366,-0.7191
8367,0.0278
8368,-0.4313
8369,-0.0170
8370,-1.0023
8371,-0.0434
8372,-0.3268
8373,0.0805
8374,-0.7798
8375,-0.5374
8376,-0.7331
8377,-0.5997
8378,-0.6497
8379,-0.8446
8380,-0.1838
8381,-0.4571
8382,-0.6306
8383,-0.3705
8384,-0.7561
8385,-0.3484
8386,-0.5349
8387,-0.6737
8388,-0.3745
8389,-0.9305
8390,-0.7901
8391,-0.5997
8392,0.3077
8393,-0.6194
8394,-0.1789
8395,-0.5682
8396,-0.6607
8397,-0.5037
8398,-0.5332
8399,-0.5722
8400,-0.8768
8401,-0.2134
8402,-0.5646
8403,-0.2823
8404,-0.6427
8405,-0.5597
8406,-0.5645
8407,-0.6370
8408,-0.6958
8409,-0.7908
8410,-0.2637
8411,-0.5257
8412,-0.6995
8413,-0.4520
8414,-0.6730
8415,-0.7160
8416,-0.7099
8417,-0.1555
8418,-0.5583
8419,-0.4081
8420,-0.4424
8421,-0.7003
8422,-1.0483
8423,-0.5969
8424,-0.4268
8425,0.2734
8426,-0.3011
8427,-0.7032
8428,-0.6867
8429,-0.6004
8430,-0.5899
8431,-0.7509
8432,-0.8880
8433,-0.2355
8434,-0.4587
8435,-0.6346
8436,-0.5155
8437,-0.7288
8438,-0.8436
8439,-0.2983
8440,-0.4095
8441,-0.4951
8442,-0.1748
8443,-0.2727
8444,-0.8883
8445,-0.7065
8446,-0.6679
8447,-0.1500
8448,-0.1602
8449,-0.2975
8450,-0.5634
8451,-0.6148
8452,-0.3121
8453,-0.3199
8454,-0.8739
8455,-0.0516
8456,-0.7717
8457,-0.4941
8458,-0.2637
8459,-0.6900
8460,-0.6045
8461,-0.6863
8462,-0.6775
8463,-0.6748
8464,-0.7777
8465,-0.6973
8466,-0.5947
8467,-0.4921
8468,-0.5861
8469,-0.1872
8470,-0.0275
8471,-0.6358
8472,-1.0147
8473,-0.5446
8474,-0.5924
8475,-0.3490
8476,-0.5049
8477,-0.7740
8478,-0.8387
8479,-0.5207
8480,-0.5716
8481,-0.6753
8482,-0.4012
8483,-0.5981
8484,-0.8905
8485,-0.8613
8486,-0.4260
8487,-0.2718
8488,-0.6097
8489,-0.7868
8490,-0.7339
8491,-0.8983
8492,-0.4216
8493,-0.6138
8494,-0.4480
8495,-0.5029
8496,-0.4009
8497,-0.3231
8498,-0.3847
8499,-0.5827
8500,-0.6239
8501,-0.9150
8502,-0.5235
8503,-0.4177
8504,-0.7509
8505,-0.3667
8506,-0.0452
8507,0.1385
8508,-0.7156
8509,-0.3383
8510,-0.3739
8511,-0.3531
8512,-0.2327
8513,-0.5105
8514,-0.8410
8515,-0.6749
8516,-0.3078
8517,-0.3708
8518,-0.6652
8519,-0.7428
8520,-0.4474
8521,-0.3165
8522,-0.7334
8523,-0.3670
8524,-0.6111
8525,-0.2420
8526,-0.4244
8527,-0.0696
8528,-0.4453
8529,-0.1043
8530,-0.6999
8531,-0.4564
8532,-0.4997
8533,-0.4950
8534,0.0438
8535,-0.8194
8536,-0.3320
8537,0.0575
8538,-0.6381
8539,-0.7021
8540,-0.3815
8541,-0.0924
8542,-0.6083
8543,-0.7019
8544,-0.7857
8545,-0.8679
8546,-1.0012
8547,-0.5648
8548,-0.6579
8549,-0.9971
8550,-0.3318
8551,-1.1178
8552,-0.1429
8553,-0.3456
8554,-0.7952
8555,-0.7538
8556,-0.1320
8557,-0.8153
8558,-0.6586
8559,0.1073
8560,-0.8903
8561,-0.4992
8562,-0.7168
8563,-0.3557
8564,-0.6257
8565,-0.4018
8566,-0.2870
8567,-0.6126
8568,-0.5815
8569,-0.6009
8570,-0.3756
8571,-0.8389
8572,-0.2529
8573,-0.5991
8574,-0.8629
8575,-0.5640
8576,-0.1965
8577,-0.5615
8578,-0.3616
8579,-0.1664
8580,-0.8065
8581,-0.4087
8582,-0.2671
8583,-0.7157
8584,-0.6275
8585,-0.1405
8586,-0.3847
8587,-0.7462
8588,-0.2754
8589,-0.6732
8590,-0.3624
8591,-0.3719
8592,-0.4695
8593,-0.4046
8594,-0.3989
8595,-0.5009
8596,-0.8274
8597,-0.8767
8598,-0.4997
8599,-0.8333
8600,-0.9302
8601,-0.4799
8602,-0.5767
8603,-0.4359
8604,-0.3614
8605,-0.8245
8606,-0.5180
8607,-0.4165
8608,-0.6267
8609,-0.7728
8610,-0.9636
8611,-0.3768
8612,-0.6664
8613,-0.3373
8614,-0.1911
8615,-0.3238
8616,-0.7516
8617,-0.6708
8618,-0.3809
8619,-0.7901
8620,-0.7418
8621,-0.8378
8622,-0.5463
8623,-0.0138
8624,-0.4714
8625,-0.5276
8626,-0.4495
8627,-0.9107
8628,-1.0088
8629,-0.5670
8630,-1.2018
8631,-0.6501
8632,-0.4065
8633,-0.5663
8634,-0.4216
8635,-0.6397
8636,-0.4294
8637,-0.0976
8638,-0.7322
8639,-0.3684
8640,-0.4612
8641,-0.6811
8642,-0.4685
8643,-0.8456
8644,-0.5063
8645,-0.1335
8646,-0.4811
8647,-0.6983
8648,-0.6949
8649,-0.4007
8650,-0.8377
8651,-0.7251
8652,-0.7880
8653,-0.6115
8654,-0.7941
8655,-0.4780
8656,-0.5949
8657,-0.7790
8658,-0.5886
8659,-0.4015
8660,-0.7515
8661,-0.4315
8662,-0.6862
8663,-0.9701
8664,-0.6608
8665,-0.7508
8666,-0.3831
8667,-0.4343
8668,-0.6665
8669,-0.6737
8670,-0.5985
8671,-0.4343
8672,-0.6963
8673,-0.3806
8674,-0.1405
8675,-0.3985
8676,-0.6994
8677,-0.3007
8678,-0.6252
8679,-0.0808
8680,-0.7315
8681,-0.6050
8682,-0.4384
8683,-0.5823
8684,-0.5826
8685,-0.5712
8686,-0.4673
8687,-0.8750
8688,-0.6979
8689,-0.5188
8690,-0.3861
8691,-0.4753
8692,-0.3124
8693,-0.5145
8694,-0.4991
8695,-0.1688
8696,-0.5329
8697,-0.9041
8698,-0.6207
8699,-0.5189
8700,-0.2084
8701,-0.3749
8702,-0.4133
8703,-0.6545
8704,-0.2438
8705,-0.7088
8706,-0.4948
8707,-0.4015
8708,-0.0016
8709,-0.3214
8710,-0.3115
8711,-0.7572
8712,-0.4928
8713,-0.7577
8714,-0.6542
8715,-0.5467
8716,-0.3804
8717,-0.0890
8718,-0.7031
8719,-0.1409
8720,-0.2510
8721,-0.5210
8722,-0.0756
8723,-0.5582
8724,-0.7225
8725,-0.6583
8726,-0.5798
8727,-0.8614
8728,-1.0758
8729,-0.4625
8730,-0.5808
8731,-0.9713
8732,-0.4141
8733,0.0966
8734,-0.5782
8735,-0.5445
8736,-0.5360
8737,-0.7764
8738,-0.4288
8739,-0.2198
8740,-0.4019
8741,-0.6075
8742,-0.6786
8743,-0.2399
8744,-0.6856
8745,-0.7853
8746,-0.7797
8747,-0.2522
8748,-0.3882
8749,-0.9469
8750,-0.5649
8751,-0.5539
8752,-0.4462
8753,-0.5728
8754,-0.8777
8755,-0.8697
8756,-0.5422
8757,-0.4889
8758,-0.3484
8759,-0.7520
8760,-0.5888
8761,-0.2414
8762,-0.1215
8763,-0.7261
8764,-0.7109
8765,-0.7697
8766,-0.7938
8767,-0.7830
8768,-0.5337
8769,-0.6255
8770,-0.5455
8771,-0.2308
8772,-0.6504
8773,-0.5091
8774,-0.7194
8775,-0.1332
8776,-0.1974
8777,-0.7048
8778,-0.2413
8779,-0.5594
8780,-0.3650
8781,-0.4776
8782,-0.4729
8783,-0.6116
8784,-0.5585
8785,-0.4152
8786,-0.9255
8787,0.0922
8788,-0.6988
8789,-0.8429
8790,-0.6260
8791,-0.5150
8792,-0.5707
8793,-0.7510
8794,-0.4627
8795,-0.3676
8796,-0.5679
8797,-0.7609
8798,-0.3980
8799,-0.5075
8800,-0.3270
8801,-0.2202
8802,-0.5653
8803,-0.7537
8804,-0.4735
8805,-0.5026
8806,-0.5446
8807,-0.6431
8808,-0.4784
8809,-0.3644
8810,-0.5773
8811,-0.4159
8812,-0.6778
8813,-1.0596
8814,-0.6808
8815,-1.0233
8816,-0.5164
8817,-0.6278
8818,-0.5274
8819,-0.5164
8820,-0.4891
8821,-0.2781
8822,-0.4486
8823,-0.4785
8824,-0.5044
8825,-0.4302
8826,-0.8113
8827,-0.7628
8828,-0.3708
8829,-0.3033
8830,-1.1251
8831,-0.1092
8832,-0.6199
8833,-0.6358
8834,-1.0639
8835,0.1011
8836,-0.7558
8837,-0.4013
8838,-0.5247
8839,-0.7708
8840,-0.5997
8841,-0.6816
8842,-0.4560
8843,-0.7504
8844,-0.4075
8845,-0.3206
8846,-0.5596
8847,-0.3744
8848,-0.8985
8849,-0.7772
8850,-0.1059
8851,-1.0292
8852,-0.3823
8853,-0.2568
8854,-0.5181
8855,-0.1302
8856,-0.3622
8857,-0.1073
8858,-0.4578
8859,-0.5176
8860,-0.1487
8861,-0.6122
8862,-0.4676
8863,-0.6084
8864,-0.0504
8865,-1.0154
8866,0.0433
8867,-0.4351
8868,-0.5179
8869,-0.4853
8870,-0.0707
8871,-0.7387
8872,-0.7248
8873,-0.6695
8874,-0.5673
8875,-0.5258
8876,-0.5730
8877,-0.6061
8878,-0.4455
8879,-0.2422
8880,-0.7979
8881,-0.0361
8882,-0.8229
8883,-0.2148
8884,-0.5355
8885,-0.6300
8886,-0.5265
8887,-0.6250
8888,-0.6622
8889,-0.3174
8890,-0.8022
8891,-0.8164
8892,-0.2603
8893,-0.1496
8894,-0.4651
8895,-0.9803
8896,-0.9521
8897,-0.8173
8898,-0.6330
8899,-1.0399
8900,-0.3681
8901,-0.7025
8902,-0.6890
8903,-0.3875
8904,-0.3783
8905,-0.7366
8906,-0.7999
8907,-1.0411
8908,-0.0637
8909,-0.4424
8910,-0.6996
8911,-0.8905
8912,-0.8982
8913,-0.8272
8914,-0.5302
8915,-0.6370
8916,-0.5949
8917,-0.2859
8918,-0.4406
8919,-0.3429
8920,-0.7467
8921,-0.3323
8922,-0.9130
8923,-0.3731
8924,-0.6587
8925,-0.6749
8926,-0.5693
8927,-0.7003
8928,-0.5249
8929,-0.4400
8930,-0.3775
8931,-0.7459
8932,-0.5991
8933,-0.6207
8934,-0.6138
8935,-0.5165
8936,-0.1970
8937,-0.9703
8938,-0.5827
8939,-0.4929
8940,-0.5508
8941,-0.7312
8942,-0.9446
8943,-0.6155
8944,-0.7551
8945,-0.4327
8946,-0.7143
8947,-0.5571
8948,-0.4984
8949,-0.4266
8950,-0.4880
8951,-0.5791
8952,-0.2195
8953,-0.5887
8954,-0.5456
8955,-0.1219
8956,-0.6384
8957,-0.6060
8958,-0.2554
8959,-0.7962
8960,-0.3781
8961,-0.6588
8962,-0.5420
8963,-0.8105
8964,-0.5713
8965,-0.1362
8966,-0.2792
8967,-0.1977
8968,-0.1712
8969,-0.4346
8970,-0.8508
8971,-0.7673
8972,-0.6551
8973,-0.7292
8974,-0.5468
8975,-0.8623
8976,-0.3045
8977,-0.5707
8978,0.1399
8979,-0.3785
8980,-0.5498
8981,-0.3152
8982,-0.2460
8983,-0.5073
8984,-0.2264
8985,-0.5357
8986,0.0945
8987,-0.8352
8988,-0.2499
8989,-0.0414
8990,-0.5519
8991,-0.4303
8992,-0.6631
8993,-0.3671
8994,-0.5409
8995,-0.8747
8996,-0.6084
8997,0.3347
8998,-0.3396
8999,-0.6315
9000,0.0954
9001,-0.4884
9002,-0.8191
9003,-0.3744
9004,-0.2762
9005,-0.7509
9006,-0.8843
9007,-0.7122
9008,-0.8220
9009,-0.4671
9010,-0.6991
9011,-0.6216
9012,-0.2521
9013,-0.6074
9014,-0.4476
9015,-0.7163
9016,-0.5409
9017,-0.7520
9018,-0.2843
9019,-0.4306
9020,-0.6246
9021,-0.7561
9022,-0.4050
9023,-0.5364
9024,-0.5917
9025,-0.1746
9026,-0.6575
9027,-0.7760
9028,-0.5100
9029,-0.6097
9030,-0.4241
9031,-0.2233
9032,-0.8387
9033,-0.6823
9034,-0.2182
9035,-0.3323
9036,-0.5048
9037,0.2080
9038,-0.4183
9039,-0.8951
9040,-0.5924
9041,-0.6812
9042,-1.0013
9043,-0.5240
9044,-0.4012
9045,-0.4383
9046,-0.5405
9047,-0.4234
9048,0.0448
9049,-0.5428
9050,-0.8260
9051,-0.4898
9052,-0.0289
9053,-0.7532
9054,-0.3224
9055,-0.6975
9056,-0.5520
9057,-0.3883
9058,-0.5100
9059,-0.6469
9060,0.0425
9061,-0.9029
9062,-0.6609
9063,0.0403
9064,-0.3647
9065,-0.2088
9066,-0.2399
9067,-0.2215
9068,-0.5282
9069,-0.8732
9070,0.4234
9071,-0.9794
9072,0.1352
9073,-0.5880
9074,-0.7414
9075,-1.0048
9076,-0.3007
9077,-0.5210
9078,-0.6809
9079,-0.5188
9080,-0.3036
9081,-0.0370
9082,-0.5721
9083,-0.7967
9084,-0.8165
9085,-0.6813
9086,-0.8641
9087,-0.5922
9088,-0.5693
9089,-0.0927
9090,-0.1008
9091,-0.8728
9092,0.1025
9093,-0.6758
9094,-0.2878
9095,-0.6723
9096,-0.4897
9097,-0.3457
9098,-0.4172
9099,-0.6250
9100,-0.4501
9101,-0.4024
9102,-0.8355
9103,-0.2595
9104,-0.3323
9105,-0.6389
9106,-0.4653
9107,-0.9770
9108,-0.4506
9109,-0.4720
9110,-0.7364
9111,-0.6946
9112,-0.3696
9113,-0.7005
9114,-0.6460
9115,-0.2004
9116,-0.5736
9117,-0.2183
9118,-0.7443
9119,-0.8434
9120,-0.4425
9121,-0.4193
9122,-0.5958
9123,-0.2447
9124,-0.4065
9125,-0.7415
9126,-0.4638
9127,-0.3502
9128,-0.6777
9129,-0.8065
9130,-0.1653
9131,-0.5036
9132,-0.1903
9133,-0.4732
9134,-0.6300
9135,-0.8837
9136,-0.8299
9137,-0.3549
9138,-0.3164
9139,-0.4976
9140,-0.5389
9141,-0.6110
9142,-0.4028
9143,-0.5790
9144,-0.5305
9145,-0.6687
9146,-0.3274
9147,-0.3613
9148,-0.3951
9149,-0.4158
9150,-0.8694
9151,-0.7012
9152,-1.0493
9153,-0.7658
9154,-0.5607
9155,-0.7030
9156,-0.8439
9157,-0.7559
9158,-0.2373
9159,-0.9668
9160,-0.3887
9161,-0.7354
9162,-0.7298
9163,-0.5772
9164,-0.5636
9165,-0.7767
9166,-0.9356
9167,-1.0052
9168,-0.3095
9169,-0.6076
9170,-0.4708
9171,-0.8282
9172,-0.1074
9173,-0.6609
9174,-0.7854
9175,-0.9714
9176,-0.1261
9177,-0.5624
9178,-0.4584
9179,-0.8152
9180,-0.8895
9181,-0.5819
9182,-0.6902
9183,-0.8691
9184,-0.3682
9185,-0.2365
9186,-0.1662
9187,-0.1108
9188,-0.6988
9189,-0.8241
9190,-0.5024
9191,-0.7193
9192,-0.4121
9193,-0.7614
9194,-0.3843
9195,-0.0774
9196,-0.3227
9197,-0.5478
9198,-0.0748
9199,-0.4014
9200,-0.9943
9201,-0.2294
9202,-0.9677
9203,-0.5514
9204,-0.2684
9205,-0.1326
9206,-0.4489
9207,-0.6077
9208,-0.3628
9209,-0.7254
9210,-0.2596
9211,-0.6582
9212,-0.7901
9213,-0.0549
9214,-0.6121
9215,-0.4757
9216,-0.6115
9217,-0.6375
9218,-0.6619
9219,-0.3599
9220,-0.5465
9221,-0.5107
9222,-0.3994
9223,-0.5824
9224,-0.7887
9225,-0.5419
9226,0.2219
9227,-0.1705
9228,-0.7354
9229,-0.6887
9230,-0.8829
9231,-0.1184
9232,-0.6567
9233,-0.3967
9234,-0.4642
9235,-0.7399
9236,-0.5490
9237,-0.6454
9238,-0.5611
9239,-0.5892
9240,-0.4898
9241,-0.4046
9242,-0.6409
9243,-0.5153
9244,-0.3434
9245,-0.8222
9246,-0.1974
9247,-1.0349
9248,0.1107
9249,-0.6202
9250,-0.8882
9251,-0.2286
9252,-0.7532
9253,-0.5785
9254,-0.2805
9255,-0.9066
9256,-0.5883
9257,-0.4457
9258,-0.5065
9259,-0.5500
9260,-0.5161
9261,0.1469
9262,-0.4300
9263,-0.8430
9264,-0.6952
9265,-0.5355
9266,-0.6207
9267,-0.4765
9268,0.1249
9269,-0.5551
9270,-0.9189
9271,-0.2531
9272,-0.7441
9273,-0.0849
9274,-0.4115
9275,-0.8567
9276,-0.5720
9277,-0.9834
9278,0.2265
9279,-0.6122
9280,-0.6078
9281,-0.3746
9282,-0.6699
9283,-0.3426
9284,-0.4353
9285,-0.7758
9286,0.1130
9287,-0.9109
9288,-0.3249
9289,-0.4900
9290,-0.6516
9291,-0.6538
9292,-0.5343
9293,-0.5876
9294,-0.4191
9295,-0.6734
9296,-0.5210
9297,-0.5905
9298,-0.7577
9299,-0.4281
9300,-0.5563
9301,-0.2673
9302,-0.6703
9303,-0.4590
9304,-0.8036
9305,-0.6325
9306,-0.5506
9307,-0.7641
9308,-0.5613
9309,-0.3778
9310,-0.5337
9311,-0.3023
9312,-0.3255
9313,-0.7075
9314,-0.5319
9315,-0.5728
9316,-0.4800
9317,-0.2142
9318,-0.3886
9319,-0.6384
9320,-0.0264
9321,-0.7214
9322,-0.4951
9323,-0.6073
9324,-0.2341
9325,-0.5436
9326,-0.4412
9327,-0.4165
9328,-0.9760
9329,-0.7221
9330,-0.6645
9331,-0.5249
9332,-0.8289
9333,-0.7065
9334,-0.8324
9335,-0.4178
9336,-0.8467
9337,-0.4574
9338,-0.0122
9339,-0.4150
9340,-0.8303
9341,-0.7249
9342,-1.0053
9343,-0.4711
9344,-0.6526
9345,-0.6992
9346,-0.6234
9347,-0.7173
9348,-0.4315
9349,-0.6138
9350,-0.7071
9351,-0.5552
9352,-0.2263
9353,-0.8886
9354,-0.8787
9355,-0.5961
9356,-0.6137
9357,0.1247
9358,-0.4964
9359,-0.4887
9360,-0.5158
9361,-0.4745
9362,-0.6596
9363,-0.4966
9364,-0.7195
9365,-0.1409
9366,-0.8092
9367,-0.1943
9368,-0.3193
9369,-0.3982
9370,-0.4870
9371,0.0066
9372,-0.2906
9373,-0.9974
9374,-0.0820
9375,-0.0670
9376,-0.7063
9377,-0.5788
9378,-0.7094
9379,-0.8270
9380,-0.2657
9381,-0.4723
9382,-0.5824
9383,-0.5134
9384,-0.3131
9385,-0.5149
9386,-0.7808
9387,-0.5329
9388,-0.6424
9389,-0.7834
9390,-0.7995
9391,-0.0625
9392,-0.3181
9393,-0.7753
9394,-0.8256
9395,-0.3777
9396,-0.5999
9397,-0.6277
9398,-0.2604
9399,0.0681
9400,-0.0554
9401,-0.5294
9402,-0.8735
9403,-1.0563
9404,-0.7998
9405,-0.3187
9406,-0.1670
9407,-0.7150
9408,-0.5405
9409,-0.4783
9410,0.0340
9411,-0.4702
9412,-0.5543
9413,-0.7876
9414,-0.3840
9415,-0.6823
9416,-0.7361
9417,-0.1125
9418,-0.5542
9419,-0.7045
9420,-0.6320
9421,-0.4395
9422,-0.6024
9423,-0.6219
9424,-0.4314
9425,-0.8045
9426,-0.6231
9427,-0.7886
9428,0.1096
9429,-0.6401
9430,-0.7339
9431,-0.5736
9432,-0.9468
9433,-0.3441
9434,-0.8020
9435,-0.4985
9436,-0.4091
9437,-0.8604
9438,-0.7095
9439,-0.7318
9440,-0.8463
9441,-0.3521
9442,-0.9791
9443,-0.8402
9444,-0.7076
9445,0.0575
9446,-0.5395
9447,-0.4829
9448,-0.9298
9449,-0.3942
9450,-0.4765
9451,-0.3407
9452,-0.3882
9453,-0.4815
9454,-0.4066
9455,-0.2587
9456,-0.5241
9457,-0.9723
9458,-0.9524
9459,0.1911
9460,-0.7466
9461,-0.6238
9462,-0.2440
9463,-0.3336
9464,-0.6989
9465,-0.4710
9466,-0.8900
9467,-0.3297
9468,-0.5617
9469,-0.6629
9470,-0.5480
9471,-0.3542
9472,-0.2698
9473,-0.2683
9474,-0.8017
9475,-0.5942
9476,-0.4283
9477,-0.3237
9478,-0.1994
9479,-0.9161
9480,-0.7574
9481,-0.5784
9482,-0.7258
9483,-0.8627
9484,-0.3633
9485,-0.4652
9486,-0.8093
9487,-0.5642
9488,-0.6283
9489,0.0653
9490,-0.5635
9491,-0.3498
9492,-0.0452
9493,-0.6721
9494,-0.6143
9495,-0.6260
9496,-0.9105
9497,-1.0775
9498,-0.3950
9499,-0.5360
9500,-0.6840
9501,-0.3124
9502,-0.6401
9503,-0.5715
9504,-0.8305
9505,-0.4968
9506,-0.4052
9507,-0.6612
9508,-0.7032
9509,-0.6560
9510,-0.5117
9511,-0.6581
9512,0.0533
9513,-0.4027
9514,-0.5859
9515,-0.6088
9516,-0.5941
9517,-0.4257
9518,-0.1554
9519,-0.1778
9520,-0.6771
9521,-0.5048
9522,-0.5254
9523,-0.1754
9524,-0.6323
9525,-0.5989
9526,-0.4138
9527,-0.4809
9528,-0.2651
9529,-0.3873
9530,0.1697
9531,-0.3259
9532,-0.9488
9533,-0.5109
9534,-0.5337
9535,-0.4907
9536,-0.1392
9537,-0.3764
9538,-0.8595
9539,-0.6918
9540,-0.5949
9541,-0.0290
9542,-0.4941
9543,-0.9497
9544,-0.2942
9545,-0.4337
9546,-0.8110
9547,-0.7270
9548,0.2743
9549,-0.6542
9550,-0.3875
9551,-0.5922
9552,-0.6739
9553,-0.4803
9554,-0.7741
9555,-0.4759
9556,-0.1967
9557,-0.4246
9558,-0.1784
9559,-0.3983
9560,-0.5223
9561,-0.8008
9562,-0.8117
9563,-0.8164
9564,-0.7614
9565,-0.2897
9566,-0.9027
9567,-0.9091
9568,-0.5604
9569,-0.6205
9570,-0.4512
9571,-0.4027
9572,-0.8040
9573,-1.1077
9574,-0.4109
9575,-0.4751
9576,-0.0504
9577,-0.7609
9578,-0.8261
9579,-0.5102
9580,-0.7510
9581,-0.7384
9582,-0.4953
9583,-0.7301
9584,-0.6037
9585,-0.7876
9586,-0.6080
9587,-0.4833
9588,-0.5525
9589,-0.7084
9590,-0.5114
9591,-0.5922
9592,-0.8142
9593,-0.5782
9594,-0.7739
9595,-0.5534
9596,-0.3955
9597,-0.3988
9598,-0.0554
9599,-0.5385
9600,-0.5325
9601,-0.6034
9602,-0.4421
9603,-0.8124
9604,-0.9509
9605,-0.5010
9606,-0.7475
9607,-0.5498
9608,-0.5707
9609,-0.6801
9610,-0.0786
9611,-0.2905
9612,-0.4701
9613,-0.8831
9614,0.0464
9615,-0.6892
9616,-0.6557
9617,-0.2651
9618,-0.7055
9619,-0.7836
9620,-0.6310
9621,-0.0770
9622,-0.4219
9623,-0.5850
9624,-0.9464
9625,-0.3854
9626,-0.4988
9627,-0.7562
9628,-0.6110
9629,-0.4224
9630,-0.4535
9631,-0.5271
9632,-0.8261
9633,-0.1090
9634,-0.5107
9635,-0.3997
9636,-0.2925
9637,-0.8281
9638,0.0673
9639,-0.5705
9640,-0.7703
9641,-0.4284
9642,-0.0494
9643,-0.6885
9644,-0.5351
9645,-0.5859
9646,-0.9884
9647,-0.5467
9648,-0.2927
9649,-0.5181
9650,-0.7875
9651,-0.3725
9652,-0.1046
9653,-0.2535
9654,-0.3717
9655,-0.3966
9656,-0.7910
9657,0.6883
9658,-0.6047
9659,-0.7922
9660,-0.5640
9661,-0.7262
9662,-0.6468
9663,-0.5075
9664,-0.6545
9665,-0.6470
9666,-0.1792
9667,-0.4762
9668,-0.4523
9669,-0.6158
9670,-0.4907
9671,-0.4152
9672,-0.6110
9673,-0.7215
9674,-0.8789
9675,-0.5616
9676,-0.9347
9677,-0.4561
9678,-0.8128
9679,-0.4318
9680,-0.3401
9681,-0.2057
9682,-0.5983
9683,-0.5930
9684,-0.5440
9685,-0.4828
9686,-0.6071
9687,-0.6168
9688,-0.4678
9689,-0.6442
9690,0.3449
9691,-0.5112
9692,-0.7826
9693,-0.6795
9694,-0.6704
9695,-0.5075
9696,-0.4044
9697,-0.5149
9698,-0.3861
9699,-0.4405
9700,-0.7840
9701,0.1181
9702,-0.4829
9703,-0.4262
9704,-0.7363
9705,-0.1944
9706,-0.2773
9707,-0.5943
9708,-0.6089
9709,-0.3407
9710,0.4263
9711,-0.7815
9712,-0.4594
9713,-0.5948
9714,-0.1171
9715,-0.6476
9716,0.2392
9717,-0.7892
9718,-0.6673
9719,-0.4238
9720,-0.4786
9721,-0.6452
9722,-0.7771
9723,-0.6495
9724,-0.7933
9725,-0.3240
9726,-0.2972
9727,-0.6648
9728,-0.7366
9729,-0.3402
9730,-0.4812
9731,-0.3158
9732,-0.7280
9733,-0.3360
9734,-0.7751
9735,-0.3223
9736,-0.5372
9737,-0.6352
9738,-0.9599
9739,-0.8883
9740,-0.6644
9741,-0.8510
9742,-0.6544
9743,-0.4190
9744,-0.7870
9745,-0.2267
9746,-0.5914
9747,-0.6952
9748,-0.7368
9749,-0.3631
9750,-0.4756
9751,-0.6167
9752,-0.7451
9753,-0.5173
9754,-0.4902
9755,-0.2135
9756,-0.5215
9757,-0.5096
9758,-0.3954
9759,-0.3696
9760,-0.4088
9761,-0.5637
9762,-0.3233
9763,-0.6547
9764,-0.3631
9765,-0.7035
9766,-0.4143
9767,-0.7443
9768,-0.8777
9769,-0.9096
9770,-0.5592
9771,-0.5532
9772,-0.5771
9773,-0.5640
9774,-0.8183
9775,-1.0048
9776,-0.5311
9777,-0.5650
9778,-0.5533
9779,-0.9144
9780,0.3192
9781,-0.4027
9782,-0.3998
9783,-0.2893
9784,-0.4063
9785,-0.2961
9786,-0.3236
9787,-0.4247
9788,-0.5929
9789,-0.5006
9790,-0.8818
9791,-0.5077
9792,-0.3322
9793,-0.0507
9794,-0.1993
9795,-0.5789
9796,-0.2760
9797,-0.7115
9798,-0.6885
9799,-0.5634
9800,-0.6507
9801,-0.3477
9802,-0.2239
9803,-0.8611
9804,-0.7419
9805,-0.4792
9806,-0.1160
9807,-0.7082
9808,-0.5934
9809,-0.5319
9810,-0.8905
9811,-0.6916
9812,-0.5112
9813,-0.4755
9814,-0.2020
9815,-0.8716
9816,-0.0610
9817,-0.6445
9818,-0.4291
9819,-0.5983
9820,-0.7590
9821,-0.6264
9822,-0.3371
9823,-0.6308
9824,-0.4749
9825,-0.5525
9826,-0.8091
9827,-0.5387
9828,-0.1258
9829,-0.5006
9830,-0.6457
9831,-0.6460
9832,-0.4205
9833,-0.9031
9834,-0.4271
9835,-0.3060
9836,-0.5286
9837,-0.5192
9838,-0.7609
9839,-0.2949
9840,-0.6287
9841,-0.5707
9842,-0.6610
9843,-1.0606
9844,-0.6487
9845,-0.5176
9846,-0.6989
9847,-0.4472
9848,-0.7639
9849,-0.5489
9850,-0.5783
9851,-0.6474
9852,-0.4954
9853,-0.9355
9854,-0.6195
9855,-0.7154
9856,-0.4975
9857,-0.6124
9858,-0.2831
9859,-0.4730
9860,-0.4865
9861,-0.7518
9862,-0.3465
9863,-0.6904
9864,0.0079
9865,-0.8757
9866,-0.6183
9867,-0.5965
9868,-0.6183
9869,-0.2375
9870,-0.5390
9871,-0.6542
9872,-0.6160
9873,-0.6359
9874,-0.7362
9875,-0.4676
9876,-0.0776
9877,-0.5820
9878,-0.7332
9879,-0.2374
9880,-0.6779
9881,-0.6703
9882,-0.5097
9883,-0.6079
9884,-0.7774
9885,-0.3982
9886,-0.4483
9887,-0.7043
9888,-0.8786
9889,-0.6655
9890,-0.2155
9891,-0.8714
9892,-0.5756
9893,-0.4945
9894,-0.3632
9895,-0.8050
9896,-0.6108
9897,-0.5813
9898,-0.1871
9899,-0.1350
9900,-0.4596
9901,-0.1405
9902,-0.5193
9903,-0.7964
9904,-0.1637
9905,-0.3711
9906,-0.9823
9907,-0.5581
9908,-0.5819
9909,-0.6720
9910,-0.3552
9911,-0.4576
9912,-0.6370
9913,-0.8300
9914,-0.5879
9915,-0.3999
9916,-0.5323
9917,-0.4166
9918,-0.6151
9919,-0.9326
9920,-0.1699
9921,-0.3645
9922,-0.5054
9923,-0.6527
9924,-0.8225
9925,-0.6830
9926,-0.0692
9927,-0.3477
9928,-0.6938
9929,-0.5559
9930,-0.5646
9931,-0.2934
9932,-0.2633
9933,-0.6076
9934,-0.8027
9935,-0.6829
9936,-0.7278
9937,-0.5549
9938,-0.4931
9939,-0.4763
9940,-0.7121
9941,-0.6769
9942,-0.3958
9943,-0.7369
9944,-0.6248
9945,-0.4629
9946,-0.0729
9947,-0.5055
9948,-0.6372
9949,-0.6096
9950,-0.4706
9951,-0.6610
9952,-0.7212
9953,-0.2290
9954,-0.4887
9955,-0.6854
9956,-0.6489
9957,-0.4851
9958,-0.5524
9959,-0.7538
9960,-0.4319
9961,-0.5518
9962,-0.5201
9963,-0.6958
9964,-0.2059
9965,-0.4747
9966,-0.7606
9967,-0.7689
9968,-0.3504
9969,-0.7752
9970,-0.4214
9971,-0.3362
9972,-0.5371
9973,-0.7058
9974,-0.6586
9975,-0.3632
9976,-0.7058
9977,-0.5906
9978,-0.9951
9979,-0.8027
9980,-0.3800
9981,-0.5114
9982,-0.6881
9983,0.4153
9984,-0.7609
9985,-0.9059
9986,-0.7266
9987,-0.1184
9988,-0.7823
9989,-0.2607
9990,-0.7297
9991,-0.5950
9992,0.0140
9993,-0.4988
9994,-0.5206
9995,-0.4723
9996,-0.6664
9997,-0.5073
9998,-0.2814
9999,-0.1147
10000,-0.0772
