investor,final_pnl_usd
1,-1.1955
2,-1.1768
3,-1.3722
4,-1.4753
5,-1.2733
6,-1.8651
7,-1.8506
8,-1.2419
9,-1.5222
10,-0.9817
11,-0.6954
12,-0.6275
13,-1.4024
14,-0.8687
15,-1.2768
16,-0.6494
17,-0.5105
18,-0.8034
19,-1.0261
20,-0.3690
21,-1.1133
22,-1.0760
23,-1.6913
24,-1.4517
25,-0.8893
26,-1.2477
27,-1.6390
28,-1.0352
29,-0.9674
30,-0.7089
31,-1.6222
32,-1.5081
33,-1.7494
34,-1.3374
35,-0.8677
36,-0.9899
37,-1.4232
38,-0.6237
39,-0.7900
40,-1.0213
41,-0.7583
42,-0.9634
43,-2.1851
44,-1.4236
45,-1.5970
46,-1.3874
47,-1.0923
48,-1.4578
49,-1.6374
50,-0.6271
51,-1.5534
52,-0.8975
53,-1.4732
54,-0.7938
55,-1.6471
56,-1.0017
57,-1.3510
58,-0.9699
59,-1.1506
60,-1.0912
61,-0.7090
62,-1.6585
63,-1.1934
64,-1.1253
65,-1.0667
66,-1.6513
67,-1.4059
68,-1.0826
69,-0.7477
70,-0.8699
71,-1.6032
72,-1.3333
73,-1.4243
74,-0.4376
75,-1.2343
76,-0.4889
77,-0.6982
78,-1.2099
79,-1.4365
80,-0.7211
81,-1.4498
82,-1.0917
83,-1.2607
84,-0.7632
85,-1.7829
86,-0.9469
87,-1.7054
88,-0.7690
89,-0.8391
90,-1.0017
91,-1.4127
92,-1.1989
93,-0.6081
94,-1.0314
95,-1.3364
96,-1.0245
97,-1.3241
98,-1.3873
99,-1.2707
100,-0.9313
101,-1.1794
102,-0.8848
103,-1.0034
104,-1.2317
105,-0.9037
106,-0.7850
107,-0.9060
108,-1.2924
109,-0.7244
110,-1.6143
111,-0.5039
112,-2.1437
113,-1.3403
114,-1.9010
115,-1.0966
116,-1.5659
117,-1.4352
118,-0.9922
119,-0.9843
120,-0.9338
121,-0.6673
122,-0.4370
123,-1.2832
124,-1.0183
125,-0.8836
126,-1.4902
127,-0.6376
128,-1.4343
129,-2.2044
130,-1.1617
131,-1.1225
132,-1.5252
133,-0.5108
134,-0.9117
135,-0.8927
136,-1.5954
137,-0.9707
138,-0.8421
139,-1.5243
140,-1.0039
141,-1.2190
142,-1.0497
143,-1.1652
144,-1.1526
145,-1.1370
146,-1.0590
147,-0.8345
148,-0.7493
149,-1.2603
150,-1.1904
151,-1.2258
152,-1.5076
153,-1.2510
154,-0.3642
155,-2.8786
156,-1.6416
157,-1.4170
158,-1.1836
159,-1.4156
160,-1.2497
161,-1.6186
162,-1.0342
163,-1.1168
164,-0.7665
165,-0.9778
166,-0.9173
167,-1.3664
168,-0.6788
169,-1.3560
170,-0.9868
171,-1.3130
172,-0.5026
173,-1.4706
174,-1.4521
175,-0.9918
176,-0.4863
177,-0.8405
178,-0.5944
179,-1.0471
180,-0.4130
181,-0.9440
182,-0.9065
183,-1.3886
184,-1.2745
185,-0.7790
186,-1.4585
187,-1.2672
188,-1.4475
189,-1.4016
190,-1.6165
191,-1.6849
192,-1.1282
193,-1.2427
194,-1.0570
195,-0.5960
196,-1.2424
197,-0.6171
198,-1.3875
199,-0.9743
200,-1.9672
201,-0.9200
202,-1.3265
203,-0.7271
204,-0.7465
205,-0.2861
206,-1.3880
207,-1.0548
208,-1.0713
209,-0.6687
210,-0.9625
211,-1.0591
212,-0.8723
213,-1.6473
214,-1.8440
215,-0.9610
216,-1.1938
217,-0.7651
218,-0.9193
219,-1.4634
220,-1.8252
221,-0.9990
222,-1.6944
223,-1.9101
224,-1.3403
225,-0.6478
226,-1.9098
227,-1.1055
228,-1.5927
229,-0.7714
230,-0.8518
231,-1.6795
232,-2.2384
233,-1.0235
234,-0.7443
235,-0.7576
236,-1.3176
237,-1.1904
238,-0.8964
239,-0.8133
240,-0.2685
241,-1.9742
242,-0.5003
243,-1.4159
244,-1.2239
245,-1.5793
246,-1.0067
247,-1.0396
248,-1.0597
249,-1.4895
250,-0.9852
251,-0.5631
252,-1.1432
253,-1.3129
254,-1.3648
255,-0.9248
256,-1.2518
257,-0.4992
258,-1.2428
259,-1.0100
260,-0.8183
261,-0.8782
262,-1.7320
263,-1.1635
264,-0.8589
265,-0.9669
266,-1.1429
267,-1.5631
268,-1.1095
269,-0.9090
270,-1.2319
271,-1.2585
272,-1.4376
273,-1.4926
274,-0.7095
275,-2.1469
276,-1.1765
277,-1.4171
278,-1.1542
279,-0.9232
280,-0.9129
281,-1.7082
282,-2.1035
283,-0.6415
284,-1.0766
285,-0.9529
286,-0.8509
287,-1.1006
288,-0.9470
289,-1.4966
290,-0.9067
291,-1.1837
292,-1.7786
293,-2.1714
294,-1.3180
295,-1.1163
296,-1.7444
297,-0.9212
298,-0.6431
299,-1.2560
300,-1.6512
301,-0.9170
302,-1.6265
303,-0.7382
304,-0.6435
305,-0.9759
306,-1.4962
307,-1.4699
308,-1.5002
309,-0.6099
310,-1.6782
311,-1.1348
312,-1.4421
313,-0.4414
314,-0.8352
315,-1.1652
316,-1.1913
317,-1.2510
318,-0.6986
319,-1.0861
320,-1.8035
321,-0.9787
322,-0.9997
323,-0.7619
324,-1.0627
325,-0.5633
326,-0.8771
327,-1.2948
328,-0.5261
329,-1.1992
330,-0.6578
331,-0.7395
332,-1.2327
333,-1.9928
334,-0.7849
335,-0.9005
336,-1.4409
337,-1.8653
338,-0.8260
339,-1.5479
340,-2.2239
341,-1.3326
342,-0.8660
343,-0.6308
344,-1.2487
345,-1.2761
346,-1.7971
347,-1.0192
348,-0.5335
349,-1.5039
350,-1.3040
351,-1.2567
352,-0.7037
353,-0.9466
354,-0.9459
355,-1.6466
356,-0.9674
357,-1.1884
358,-0.8094
359,-0.9289
360,-0.8916
361,-0.9217
362,-0.9366
363,-0.9630
364,-1.2799
365,-0.3999
366,-0.8547
367,-1.3346
368,-1.3366
369,-0.6830
370,-1.1202
371,-0.8996
372,-1.0499
373,-1.4559
374,-0.8910
375,-1.3156
376,-1.1917
377,-1.6460
378,-1.4060
379,-1.9041
380,-0.5910
381,-1.1730
382,-1.5571
383,-0.9491
384,-0.8555
385,-1.0715
386,-1.2676
387,-1.1439
388,-1.5508
389,-0.9838
390,-1.6117
391,-1.8996
392,-1.5244
393,-0.6671
394,-1.5501
395,-0.7654
396,-1.1254
397,-1.4111
398,-1.1753
399,-1.2758
400,-0.6124
401,-0.6768
402,-1.7391
403,-1.6278
404,-0.8794
405,-1.3459
406,-0.9946
407,-2.3511
408,-0.9060
409,-0.9931
410,-0.8818
411,-0.6736
412,-1.4161
413,-1.1747
414,-0.8975
415,-1.4480
416,-1.5611
417,-0.5439
418,-1.1100
419,-0.4738
420,-1.3839
421,-1.2332
422,-0.7493
423,-0.8386
424,-0.4745
425,-0.7983
426,-0.7833
427,-1.1844
428,-0.7030
429,-0.7585
430,-0.8998
431,-1.7248
432,-1.0601
433,-1.4228
434,-0.8227
435,-0.7926
436,-0.9845
437,-1.0609
438,-1.2595
439,-1.1925
440,-1.9992
441,-0.9304
442,-1.2137
443,-1.1248
444,-0.6463
445,-0.9874
446,-1.2394
447,-0.9948
448,-0.7984
449,-0.9305
450,-1.2061
451,-0.7085
452,-1.6481
453,-0.7549
454,-0.7154
455,-1.0078
456,-0.3550
457,-2.3307
458,-0.7152
459,-1.2835
460,-1.7869
461,-1.5122
462,-1.5541
463,-1.1343
464,-0.6646
465,-1.2194
466,-1.1388
467,-1.2304
468,-1.8592
469,-1.3209
470,-0.8714
471,-1.0372
472,-0.9528
473,-0.6831
474,-1.0230
475,-0.7323
476,-2.0605
477,-1.0160
478,-2.2210
479,-0.8913
480,-0.9289
481,-0.7856
482,-0.7905
483,-0.5643
484,-0.7284
485,-1.0065
486,-1.0843
487,-1.2700
488,-1.0616
489,-1.2459
490,-1.6336
491,-0.6135
492,-1.1220
493,-1.1048
494,-1.2555
495,-0.3462
496,-1.4511
497,-0.9282
498,-0.9468
499,-0.8146
500,-1.2936
501,-0.8923
502,-1.2073
503,-0.6574
504,-1.9663
505,-1.4173
506,-2.0707
507,-1.4542
508,-1.8351
509,-1.2822
510,-1.1414
511,-2.2322
512,-1.5857
513,-0.8894
514,-1.5704
515,-1.3467
516,-1.7842
517,-1.1092
518,-0.9649
519,-0.8157
520,-1.2033
521,-0.5336
522,-0.5492
523,-1.3719
524,-0.5096
525,-1.3107
526,-1.1751
527,-1.5136
528,-0.9688
529,-1.6439
530,-1.4453
531,-1.4080
532,-1.8948
533,-0.7675
534,-1.0865
535,-1.2035
536,-1.0906
537,-0.9956
538,-1.5316
539,-1.3518
540,-0.5060
541,-1.5160
542,-1.3303
543,-1.0560
544,-1.0247
545,-0.5634
546,-2.1433
547,-0.6632
548,-1.5131
549,-1.2375
550,-1.4117
551,-1.3468
552,-1.1861
553,-0.7764
554,-1.3723
555,-1.3320
556,-1.7808
557,-1.1523
558,-1.0828
559,-1.2341
560,-1.1271
561,-1.0923
562,-0.7756
563,-1.4824
564,-0.7998
565,-1.9291
566,-1.8158
567,-2.0149
568,-0.9543
569,-1.3732
570,-0.7602
571,-1.0656
572,-1.6748
573,-1.5381
574,-1.0777
575,-1.6213
576,-1.3707
577,-2.1596
578,-1.0881
579,-1.5713
580,-1.3714
581,-0.7950
582,-1.8343
583,-1.0340
584,-1.1144
585,-0.8388
586,-1.0862
587,-0.8628
588,-0.2071
589,-0.9240
590,-1.1772
591,-1.8757
592,-1.4490
593,-1.4798
594,-0.9612
595,-0.5084
596,-0.9983
597,-0.7508
598,-1.1984
599,-1.3058
600,-0.9652
601,-1.3618
602,-1.1407
603,-0.5720
604,-1.0837
605,-0.9857
606,-1.7621
607,-0.7261
608,-1.8631
609,-0.9240
610,-2.0051
611,-1.0563
612,-0.9680
613,-1.6291
614,-1.4329
615,-1.0181
616,-0.9570
617,-1.6330
618,-0.9630
619,-1.5544
620,-1.3733
621,-0.8525
622,-1.7220
623,-2.0475
624,-0.8435
625,-1.5122
626,-1.2686
627,-1.3072
628,-2.2796
629,-0.7823
630,-0.7815
631,-0.9012
632,-0.9988
633,-0.2648
634,-1.9922
635,-1.2888
636,-0.6643
637,-1.0495
638,-0.9723
639,-1.6040
640,-0.7305
641,-1.3320
642,-1.2502
643,-1.4787
644,-0.5668
645,-1.5398
646,-1.2712
647,-1.8263
648,-0.3869
649,-1.3634
650,-2.0524
651,-0.8490
652,-1.1189
653,-0.6408
654,-0.7038
655,-1.4031
656,-0.8127
657,-0.9305
658,-1.3559
659,-0.8605
660,-1.0670
661,-1.0106
662,-0.7477
663,-0.8421
664,-1.3924
665,-1.0835
666,-0.8110
667,-1.3721
668,-0.8606
669,-0.4773
670,-1.2113
671,-1.4933
672,-0.8960
673,-1.3086
674,-1.8658
675,-0.9985
676,-1.1340
677,-1.6907
678,-1.0249
679,-0.9606
680,-2.1700
681,-1.0992
682,-0.6573
683,-0.7672
684,-1.7453
685,-0.6619
686,-1.0367
687,-1.0184
688,-0.5632
689,-1.6474
690,-1.5834
691,-0.9717
692,-1.4766
693,-0.7816
694,-1.0345
695,-1.0417
696,-0.7491
697,-1.8564
698,-0.8731
699,-0.8183
700,-1.0011
701,-1.1687
702,-0.4121
703,-1.1025
704,-0.8117
705,-1.6242
706,-1.0514
707,-1.0161
708,-1.0536
709,-0.8215
710,-1.6686
711,-1.1953
712,-1.3441
713,-0.5821
714,-1.0219
715,-0.9756
716,-1.3185
717,-0.8738
718,-2.1451
719,-0.6969
720,-1.1572
721,-0.6852
722,-0.8064
723,-1.3937
724,-0.7048
725,-1.2936
726,-1.1979
727,-1.6630
728,-0.8789
729,-1.1206
730,-0.8342
731,-1.0217
732,-0.4676
733,-0.9229
734,-0.3983
735,-2.0167
736,-0.7620
737,-1.1722
738,-0.8882
739,-1.5304
740,-0.8353
741,-1.3293
742,-0.6931
743,-1.6158
744,-0.6512
745,-0.6389
746,-1.0948
747,-1.0528
748,-0.7627
749,-1.4341
750,-0.7269
751,-1.4313
752,-1.5358
753,-0.4045
754,-0.9736
755,-0.9100
756,-0.9952
757,-1.0805
758,-1.0574
759,-0.7417
760,-1.1508
761,-0.8194
762,-1.3968
763,-1.3313
764,-2.1147
765,-0.9861
766,-1.1613
767,-1.1079
768,-0.6030
769,-1.1887
770,-0.8370
771,-0.6707
772,-0.9738
773,-0.9656
774,-0.8709
775,-0.9787
776,-1.3218
777,-1.8052
778,-1.2674
779,-1.0715
780,-1.5321
781,-0.6960
782,-1.5593
783,-0.8723
784,-2.3572
785,-1.0358
786,-1.8677
787,-1.3891
788,-1.2743
789,-1.1319
790,-1.9108
791,-1.2414
792,-0.6296
793,-0.9928
794,-0.9672
795,-0.8997
796,-1.3333
797,-1.4944
798,-0.7082
799,-2.1264
800,-0.7257
801,-1.5894
802,-0.7500
803,-0.6094
804,-0.8248
805,-1.2146
806,-1.0564
807,-0.9874
808,-0.9676
809,-1.4935
810,-0.8251
811,-0.8029
812,-0.7256
813,-2.0129
814,-1.9048
815,-1.5217
816,-1.0594
817,-0.8909
818,-1.2572
819,-1.0172
820,-1.2732
821,-1.7420
822,-1.5806
823,-0.7509
824,-0.8387
825,-1.1781
826,-2.1472
827,-0.6519
828,-1.7037
829,-0.4460
830,-1.3839
831,-1.2213
832,-1.0603
833,-1.8066
834,-1.1521
835,-1.2220
836,-1.2265
837,-1.1737
838,-2.1594
839,-0.8884
840,-1.2426
841,-1.5110
842,-1.3582
843,-1.3351
844,-1.4643
845,-0.7616
846,-1.2002
847,-1.0187
848,-0.8805
849,-1.0325
850,-1.9341
851,-1.6270
852,-0.9811
853,-1.7674
854,-1.5426
855,-1.0538
856,-0.8627
857,-1.2074
858,-0.6731
859,-1.0739
860,-0.8586
861,-1.2322
862,-1.4629
863,-1.2057
864,-1.0936
865,-1.1865
866,-1.0261
867,-2.0153
868,-1.6865
869,-1.1859
870,-0.6142
871,-1.1413
872,-0.6921
873,-1.8977
874,-0.9469
875,-1.2256
876,-1.1180
877,-0.9018
878,-1.5549
879,-1.3609
880,-0.7432
881,-0.4968
882,-1.0538
883,-1.3351
884,-0.6415
885,-1.0532
886,-1.5174
887,-0.8089
888,-0.8566
889,-0.5721
890,-0.8209
891,-1.3131
892,-0.8391
893,-1.2199
894,-1.7169
895,-1.3212
896,-0.8489
897,-0.9768
898,-1.2573
899,-1.4212
900,-1.0336
901,-0.8096
902,-1.7680
903,-0.5968
904,-0.6892
905,-1.7519
906,-0.7010
907,-1.2046
908,-1.1140
909,-1.3870
910,-0.6953
911,-0.9868
912,-0.2705
913,-0.6721
914,-0.5560
915,-0.7233
916,-1.3444
917,-1.5130
918,-1.7413
919,-1.0316
920,-0.6262
921,-1.2824
922,-0.9639
923,-1.4944
924,-0.8257
925,-1.6468
926,-1.0171
927,-1.5395
928,-1.5084
929,-2.0878
930,-1.0533
931,-1.2522
932,-0.8106
933,-0.8345
934,-1.2608
935,-0.7797
936,-1.0016
937,-1.6907
938,-1.3900
939,-0.9199
940,-0.3248
941,-0.5915
942,-0.8904
943,-0.8162
944,-0.8102
945,-1.1120
946,-1.4835
947,-1.0972
948,-1.7665
949,-0.9656
950,-0.8381
951,-1.1686
952,-0.9066
953,-1.2628
954,-0.9391
955,-1.1087
956,-1.1806
957,-1.1746
958,-1.3851
959,-0.7286
960,-1.2297
961,-1.1552
962,-1.5617
963,-1.2554
964,-1.0681
965,-1.1544
966,-0.5923
967,-1.1955
968,-1.0292
969,-1.1788
970,-0.8341
971,-1.1260
972,-1.1888
973,-1.3916
974,-1.4402
975,-1.1193
976,-1.7711
977,-1.2177
978,-1.1228
979,-1.5111
980,-0.9006
981,-1.6759
982,-0.5864
983,-0.9848
984,-1.4031
985,-0.6371
986,-0.9709
987,-0.7365
988,-0.7963
989,-1.4251
990,-0.3867
991,-1.2325
992,-1.1899
993,-0.7599
994,-1.1074
995,-1.5903
996,-1.8993
997,-1.5112
998,-0.9909
999,-0.5357
1000,-0.6961
1001,-1.0894
1002,-1.4979
1003,-1.5675
1004,-1.1589
1005,-1.6668
1006,-0.7781
1007,-1.4455
1008,-0.5429
1009,-1.3730
1010,-1.0712
1011,-1.2419
1012,-1.6930
1013,-1.5552
1014,-0.8644
1015,-1.3476
1016,-1.9749
1017,-2.1538
1018,-1.3677
1019,-0.9937
1020,-0.7064
1021,-0.7412
1022,-0.9983
1023,-0.5710
1024,-0.8996
1025,-0.6389
1026,-0.8287
1027,-1.6768
1028,-1.0188
1029,-0.8093
1030,-0.8854
1031,-1.6737
1032,-1.0007
1033,-1.4853
1034,-1.1889
1035,-1.2203
1036,-1.0191
1037,-1.0037
1038,-1.2508
1039,-1.1282
1040,-2.0523
1041,-0.8415
1042,-0.9522
1043,-0.7085
1044,-0.8963
1045,-1.3878
1046,-1.2972
1047,-1.4409
1048,-0.5392
1049,-0.7647
1050,-1.9611
1051,-0.8721
1052,-0.7944
1053,-1.8095
1054,-0.6481
1055,-1.3586
1056,-0.9417
1057,-1.6274
1058,-0.7963
1059,-1.5657
1060,-0.9442
1061,-1.6537
1062,-1.7103
1063,-1.6798
1064,-0.8440
1065,-2.2882
1066,-1.0403
1067,-1.0376
1068,-0.6763
1069,-1.0285
1070,-0.0307
1071,-1.2995
1072,-0.6599
1073,-2.1372
1074,-1.1864
1075,-0.7715
1076,-0.9534
1077,-0.8407
1078,-0.9431
1079,-1.7382
1080,-1.7694
1081,-1.4507
1082,-1.1211
1083,-1.5438
1084,-0.8578
1085,-0.7535
1086,-1.6838
1087,-1.2088
1088,-2.0623
1089,-1.2676
1090,-0.9065
1091,-1.3348
1092,-0.8981
1093,-1.0180
1094,-0.4380
1095,-1.6770
1096,-0.8885
1097,-1.3654
1098,-1.3054
1099,-1.0381
1100,-1.0931
1101,-1.1671
1102,-1.7329
1103,-1.3672
1104,-1.1048
1105,-1.6809
1106,-1.2319
1107,-1.0366
1108,-1.2199
1109,-1.9422
1110,-1.4594
1111,-0.6242
1112,-0.9372
1113,-1.0002
1114,-0.8077
1115,-1.3477
1116,-1.0162
1117,-1.0488
1118,-0.9833
1119,-1.0773
1120,-1.5061
1121,-0.9845
1122,-1.5193
1123,-0.4015
1124,-1.6463
1125,-1.2854
1126,-1.9511
1127,-0.5433
1128,-1.0892
1129,-1.1539
1130,-1.6864
1131,-1.0713
1132,-1.1815
1133,-1.2164
1134,-1.0041
1135,-0.9491
1136,-1.5562
1137,-1.5955
1138,-1.0865
1139,-2.1187
1140,-1.2355
1141,-1.0869
1142,-1.3862
1143,-0.9801
1144,-0.8152
1145,-0.7278
1146,-1.8069
1147,-1.2579
1148,-1.4464
1149,-0.9300
1150,-1.1404
1151,-0.7390
1152,-0.8314
1153,-1.5255
1154,-0.9996
1155,-1.0789
1156,-1.0634
1157,-1.0442
1158,-0.5821
1159,-2.0888
1160,-0.5914
1161,-1.5070
1162,-1.6268
1163,-1.2165
1164,-1.3915
1165,-1.1432
1166,-1.5707
1167,-1.6592
1168,-0.8748
1169,-0.9887
1170,-1.9006
1171,-2.1917
1172,-1.4065
1173,-0.5875
1174,-1.0212
1175,-0.6357
1176,-1.9322
1177,-1.3952
1178,-1.1542
1179,-2.0778
1180,-1.5779
1181,-1.0571
1182,-0.3974
1183,-1.7702
1184,-0.8500
1185,-0.6106
1186,-0.4142
1187,-1.3213
1188,-1.0057
1189,-1.9318
1190,-1.0023
1191,-0.8329
1192,-0.7156
1193,-1.3467
1194,-0.7745
1195,-0.6076
1196,-0.8071
1197,-0.7486
1198,-0.7716
1199,-0.9351
1200,-1.6855
1201,-1.9871
1202,-0.9682
1203,-1.1443
1204,-1.7785
1205,-0.6531
1206,-1.0987
1207,-2.4103
1208,-1.2114
1209,-1.1181
1210,-1.5842
1211,-1.1732
1212,-1.7155
1213,-0.8158
1214,-0.7082
1215,-0.6007
1216,-0.8475
1217,-0.7718
1218,-1.7696
1219,-0.8498
1220,-1.6665
1221,-2.0388
1222,-0.4059
1223,-0.6660
1224,-0.9225
1225,-1.1683
1226,-1.5211
1227,-1.0960
1228,-1.5378
1229,-1.2913
1230,-0.9895
1231,-0.9021
1232,-0.4154
1233,-0.6515
1234,-1.0177
1235,-0.8932
1236,-0.8867
1237,-1.3515
1238,-0.9862
1239,-1.6960
1240,-0.6563
1241,-0.7053
1242,-1.2493
1243,-0.3770
1244,-1.3553
1245,-0.5499
1246,-0.9639
1247,-1.3467
1248,-1.7267
1249,-0.4899
1250,-1.9553
1251,-1.5915
1252,-0.5732
1253,-1.2021
1254,-0.4993
1255,-1.0262
1256,-1.9639
1257,-1.3120
1258,-0.6342
1259,-0.6338
1260,-1.0573
1261,-1.0030
1262,-0.9603
1263,-1.8061
1264,-1.5180
1265,-1.0590
1266,-1.0360
1267,-2.0394
1268,-0.3415
1269,-1.2042
1270,-1.2650
1271,-0.5957
1272,-1.2477
1273,-0.9285
1274,-1.3009
1275,-0.8752
1276,-1.4734
1277,-1.4433
1278,-1.0817
1279,-0.6727
1280,-0.9522
1281,-1.1907
1282,-0.7601
1283,-1.7925
1284,-1.7688
1285,-0.8814
1286,-1.3538
1287,-0.8142
1288,-0.6599
1289,-1.2315
1290,-0.9606
1291,-1.1869
1292,-1.5327
1293,-1.2947
1294,-1.0681
1295,-1.0711
1296,-1.2384
1297,-0.3570
1298,-1.2674
1299,-1.6069
1300,-1.5564
1301,-2.1799
1302,-1.9438
1303,-1.8392
1304,-1.4919
1305,-0.5507
1306,-0.9085
1307,-0.9158
1308,-1.4336
1309,-0.9172
1310,-1.3219
1311,-1.1108
1312,-0.7803
1313,-1.0089
1314,-1.0693
1315,-1.7777
1316,-1.1222
1317,-1.2875
1318,-1.4661
1319,-1.2260
1320,-0.6981
1321,-1.0721
1322,-1.8332
1323,-0.6974
1324,-1.9984
1325,-1.1191
1326,-0.6010
1327,-1.4096
1328,-1.4914
1329,-0.9330
1330,-0.4194
1331,-1.5240
1332,-1.0302
1333,-1.3112
1334,-0.6458
1335,-0.9420
1336,-0.2206
1337,-1.3112
1338,-0.7715
1339,-0.9080
1340,-2.1245
1341,-0.9291
1342,-0.7925
1343,-1.8015
1344,-1.7092
1345,-1.4171
1346,-0.9647
1347,-0.9130
1348,-1.2954
1349,-1.6707
1350,-1.0247
1351,-1.4551
1352,-0.7289
1353,-1.2308
1354,-1.0788
1355,-1.3240
1356,-1.5439
1357,-1.1256
1358,-1.3316
1359,-0.9910
1360,-0.5623
1361,-1.4221
1362,-0.8282
1363,-1.5630
1364,-0.3962
1365,-0.4865
1366,-1.2354
1367,-1.2798
1368,-1.6997
1369,-1.3385
1370,-0.4863
1371,-1.2466
1372,-1.8718
1373,-0.4813
1374,-1.0945
1375,-1.0095
1376,-1.5670
1377,-0.8940
1378,-1.7289
1379,-1.0035
1380,-0.6220
1381,-1.7308
1382,-1.1481
1383,-0.7133
1384,-2.0608
1385,-0.9571
1386,-0.4257
1387,-1.5583
1388,-0.6097
1389,-1.0064
1390,-1.4151
1391,-2.0880
1392,-0.5167
1393,-1.5994
1394,-0.7526
1395,-1.2439
1396,-0.5892
1397,-1.2927
1398,-1.5681
1399,-1.0595
1400,-1.8839
1401,-1.4103
1402,-1.6336
1403,-0.5282
1404,-1.8195
1405,-1.1166
1406,-1.3423
1407,-0.7820
1408,-2.3880
1409,-1.6725
1410,-0.7747
1411,-0.9067
1412,-1.5074
1413,-1.1421
1414,-1.6757
1415,-0.8983
1416,-0.8005
1417,-1.5345
1418,-0.5392
1419,-1.4185
1420,-0.9629
1421,-1.7720
1422,-1.2547
1423,-2.0622
1424,-1.3634
1425,-0.7933
1426,-0.8924
1427,-0.8711
1428,-1.0056
1429,-0.8033
1430,-1.6285
1431,-0.5323
1432,-1.1990
1433,-0.7942
1434,-0.9160
1435,-0.9303
1436,-1.8936
1437,-1.0317
1438,-1.4976
1439,-1.6820
1440,-0.7217
1441,-0.4769
1442,-1.3242
1443,-1.4821
1444,-1.1261
1445,-1.6368
1446,-1.1065
1447,-0.5949
1448,-1.0984
1449,-1.1378
1450,-0.7740
1451,-1.2429
1452,-1.2495
1453,-1.7697
1454,-1.0135
1455,-1.7454
1456,-1.5433
1457,-1.2097
1458,-0.8467
1459,-1.4704
1460,-0.8720
1461,-0.9507
1462,-1.1521
1463,-1.2750
1464,-1.7515
1465,-1.2850
1466,-1.1451
1467,-1.5491
1468,-2.0366
1469,-1.2520
1470,-1.1585
1471,-1.8742
1472,-0.9142
1473,-0.9972
1474,-1.2684
1475,-0.7330
1476,-1.0495
1477,-1.0363
1478,-1.0346
1479,-0.9827
1480,-1.3058
1481,-1.5373
1482,-1.5735
1483,-1.4188
1484,-1.8585
1485,-0.9901
1486,-0.9754
1487,-1.2184
1488,-1.3196
1489,-1.3687
1490,-1.2451
1491,-0.8436
1492,-1.1142
1493,-0.5927
1494,-1.5437
1495,-1.2052
1496,-1.4448
1497,-1.2182
1498,-0.7840
1499,-1.5740
1500,-1.3665
1501,-0.9645
1502,-0.8817
1503,-1.5638
1504,-1.4840
1505,-1.2664
1506,-0.6894
1507,-1.3958
1508,-0.9494
1509,-0.9748
1510,-1.2055
1511,-1.2155
1512,-1.5988
1513,-1.2543
1514,-0.8721
1515,-1.6324
1516,-0.5551
1517,-0.9296
1518,-1.5992
1519,-1.1881
1520,-1.1534
1521,-1.3629
1522,-1.6251
1523,-1.1493
1524,-1.1755
1525,-0.8353
1526,-1.2584
1527,-1.0131
1528,-1.2500
1529,-0.6874
1530,-1.5457
1531,-0.6918
1532,-1.8780
1533,-1.6168
1534,-0.8842
1535,-0.8081
1536,-0.8223
1537,-0.7417
1538,-0.6494
1539,-1.3530
1540,-0.8767
1541,-1.4120
1542,-1.4329
1543,-0.8682
1544,-0.8458
1545,-1.7880
1546,-1.1963
1547,-0.9496
1548,-1.7979
1549,-0.1414
1550,-1.6624
1551,-1.1203
1552,-1.2970
1553,-0.5863
1554,-1.4084
1555,-1.6332
1556,-1.1085
1557,-0.9387
1558,-0.4267
1559,-1.1160
1560,-0.9434
1561,-1.3562
1562,-0.7885
1563,-1.3385
1564,-1.7690
1565,-0.6940
1566,-0.6452
1567,-1.1956
1568,-0.9258
1569,-1.4499
1570,-1.0393
1571,-0.7379
1572,-1.3045
1573,-1.3174
1574,-1.3526
1575,-0.8445
1576,-1.3185
1577,-1.8450
1578,-0.8801
1579,-0.5202
1580,-0.3701
1581,-1.0810
1582,-0.7421
1583,-0.8547
1584,-1.4916
1585,-1.6192
1586,-0.9263
1587,-1.0570
1588,-0.7722
1589,-0.4047
1590,-1.0165
1591,-0.6646
1592,-0.7063
1593,-1.5168
1594,-1.4393
1595,-0.6928
1596,-1.3080
1597,-1.6282
1598,-1.7375
1599,-1.2993
1600,-1.1789
1601,-1.0919
1602,-1.2996
1603,-1.2254
1604,-1.4265
1605,-1.4847
1606,-1.4528
1607,-0.7733
1608,-1.2752
1609,-0.9317
1610,-1.2607
1611,-1.6187
1612,-0.8903
1613,-1.1326
1614,-0.6943
1615,-1.3112
1616,-0.6462
1617,-1.2017
1618,-0.8069
1619,-1.1499
1620,-0.9442
1621,-1.1647
1622,-1.5009
1623,-0.7681
1624,-0.9436
1625,-1.7846
1626,-0.7237
1627,-0.8945
1628,-1.0768
1629,-0.5023
1630,-1.5563
1631,-1.2423
1632,-1.6656
1633,-0.9100
1634,-0.6040
1635,-0.9326
1636,-1.4172
1637,-0.8168
1638,-1.4599
1639,-1.2817
1640,-1.8054
1641,-1.5793
1642,-1.0090
1643,-1.3987
1644,-0.7416
1645,-1.5956
1646,-0.6999
1647,-1.0242
1648,-1.1918
1649,-1.8550
1650,-1.4379
1651,-1.0023
1652,-1.1401
1653,-1.0427
1654,-1.0683
1655,-0.7513
1656,-1.0905
1657,-1.1297
1658,-0.5842
1659,-1.1292
1660,-1.5873
1661,-1.1431
1662,-1.2299
1663,-1.1525
1664,-1.1214
1665,-0.4984
1666,-0.8503
1667,-1.2935
1668,-1.0744
1669,-1.5249
1670,-1.4681
1671,-1.5916
1672,-1.6087
1673,-0.9890
1674,-0.3071
1675,-1.0385
1676,-1.1273
1677,-1.0820
1678,-1.1650
1679,-1.5484
1680,-0.9510
1681,-1.0536
1682,-1.2210
1683,-1.1385
1684,-0.7473
1685,-2.0197
1686,-1.4450
1687,-0.5494
1688,-1.7804
1689,-1.6248
1690,-0.4999
1691,-1.1866
1692,-1.2301
1693,-1.0381
1694,-1.0630
1695,-1.0589
1696,-0.6993
1697,-0.5484
1698,-1.2931
1699,-1.0532
1700,-1.0413
1701,-0.8262
1702,-1.0380
1703,-0.9618
1704,-1.0134
1705,-1.4339
1706,-1.6434
1707,-0.9052
1708,-1.0779
1709,-0.8376
1710,-1.3012
1711,-0.7187
1712,-1.4341
1713,-1.3845
1714,-1.4160
1715,-0.3725
1716,-1.4839
1717,-1.5463
1718,-0.7952
1719,-1.4198
1720,-1.7589
1721,-1.0021
1722,-1.3813
1723,-1.5646
1724,-0.6701
1725,-0.8352
1726,-0.7882
1727,-0.5215
1728,-1.6458
1729,-1.1792
1730,-1.5183
1731,-0.4199
1732,-1.0537
1733,-1.1459
1734,-0.7329
1735,-1.6878
1736,-0.5810
1737,-1.1906
1738,-1.6564
1739,-1.8701
1740,-1.7013
1741,-0.9303
1742,-1.5012
1743,-1.0095
1744,-0.9569
1745,-0.8623
1746,-0.9573
1747,-1.1733
1748,-0.7080
1749,-1.1848
1750,-0.8375
1751,-1.1586
1752,-0.8585
1753,-1.1365
1754,-1.0026
1755,-1.3206
1756,-2.1141
1757,-1.8057
1758,-1.1173
1759,-0.7200
1760,-1.3625
1761,-1.2038
1762,-1.5305
1763,-1.5796
1764,-1.1196
1765,-1.0479
1766,-1.1412
1767,-0.6644
1768,-1.8804
1769,-1.0673
1770,-1.4463
1771,-1.4235
1772,-1.6316
1773,-1.5587
1774,-1.8261
1775,-1.1239
1776,-1.0142
1777,-1.4651
1778,-1.4645
1779,-1.1854
1780,-0.6838
1781,-1.7657
1782,-1.7225
1783,-1.3783
1784,-1.4011
1785,-0.8040
1786,-0.7334
1787,-2.0235
1788,-0.8656
1789,-0.7226
1790,-0.8998
1791,-1.5603
1792,-0.6137
1793,-1.5790
1794,-1.3202
1795,-0.8322
1796,-1.0652
1797,-1.0570
1798,-2.0362
1799,-1.2716
1800,-1.1418
1801,-0.9935
1802,-0.5102
1803,-1.1750
1804,-0.8792
1805,-0.2834
1806,-0.5748
1807,-1.0764
1808,-2.0641
1809,-1.5276
1810,-0.6746
1811,-2.4874
1812,-1.6601
1813,-0.8578
1814,-0.5143
1815,-1.1558
1816,-0.9533
1817,-1.2397
1818,-0.8936
1819,-1.4148
1820,-1.0547
1821,-0.8035
1822,-1.2862
1823,-0.7790
1824,-0.8517
1825,-1.1249
1826,-0.6581
1827,-1.2954
1828,-1.1491
1829,-0.8952
1830,-1.2045
1831,-1.1581
1832,-1.1190
1833,-0.8438
1834,-1.5617
1835,-1.6719
1836,-1.7439
1837,-1.1107
1838,-0.7987
1839,-1.0048
1840,-1.2833
1841,-1.6412
1842,-0.9881
1843,-1.2692
1844,-2.0875
1845,-0.9137
1846,-0.5333
1847,-1.6281
1848,-1.4176
1849,-1.4906
1850,-2.3904
1851,-1.1500
1852,-1.0079
1853,-1.2748
1854,-1.7604
1855,-1.5825
1856,-2.3733
1857,-1.1203
1858,-1.1288
1859,-0.3926
1860,-0.5098
1861,-1.0204
1862,-0.8301
1863,-1.6947
1864,-1.2851
1865,-0.4906
1866,-0.6958
1867,-1.1908
1868,-1.8104
1869,-0.8668
1870,-1.1233
1871,-0.8225
1872,-0.6649
1873,-1.1530
1874,-1.3808
1875,-1.5690
1876,-0.7316
1877,-0.4924
1878,-1.4242
1879,-1.4690
1880,-0.4895
1881,-1.2766
1882,-0.8887
1883,-1.1011
1884,-1.6753
1885,-0.8398
1886,-0.6929
1887,-0.9422
1888,-1.3863
1889,-0.7018
1890,-1.1373
1891,-1.6247
1892,-2.2628
1893,-1.1607
1894,-1.0659
1895,-1.3193
1896,-1.1777
1897,-1.4494
1898,-0.7812
1899,-1.3319
1900,-1.1006
1901,-1.6221
1902,-0.8393
1903,-1.2794
1904,-1.8544
1905,-1.4875
1906,-1.3298
1907,-0.9966
1908,-0.8732
1909,-1.0944
1910,-0.8166
1911,-1.4497
1912,-0.4186
1913,-1.4508
1914,-1.0427
1915,-0.7714
1916,-1.1552
1917,-1.1446
1918,-1.1530
1919,-0.8523
1920,-0.8705
1921,-0.6640
1922,-1.0802
1923,-1.2793
1924,-1.3596
1925,-1.1998
1926,-1.3345
1927,-1.0666
1928,-0.8545
1929,-1.0266
1930,-0.9540
1931,-1.2258
1932,-1.2556
1933,-1.3552
1934,-1.5877
1935,-1.6389
1936,-1.5198
1937,-1.2509
1938,-1.3248
1939,-0.8062
1940,-1.4216
1941,-1.3911
1942,-1.2448
1943,-1.4855
1944,-0.9731
1945,-0.9704
1946,-1.1869
1947,-1.2415
1948,-0.8768
1949,-1.2877
1950,-1.7345
1951,-1.0537
1952,-1.3549
1953,-1.0740
1954,-0.9063
1955,-1.3327
1956,-1.4190
1957,-0.9977
1958,-1.0293
1959,-1.2565
1960,-0.8173
1961,-0.8702
1962,-1.9434
1963,-1.2374
1964,-0.6991
1965,-1.0532
1966,-1.3052
1967,-0.9409
1968,-0.9556
1969,-1.0583
1970,-1.1542
1971,-0.4235
1972,-0.7224
1973,-1.6046
1974,-0.8231
1975,-0.6372
1976,-1.0693
1977,-1.1503
1978,-1.4087
1979,-0.7877
1980,-0.5717
1981,-1.5004
1982,-1.3374
1983,-0.6967
1984,-0.6914
1985,-1.2897
1986,-0.8525
1987,-1.0947
1988,-0.8546
1989,-1.2160
1990,-0.9829
1991,-1.6205
1992,-1.2088
1993,-1.2558
1994,-1.0461
1995,-1.5841
1996,-0.5228
1997,-1.4070
1998,-0.7162
1999,-0.6203
2000,-1.6689
2001,-1.6763
2002,-1.0392
2003,-1.8014
2004,-1.7704
2005,-2.1694
2006,-2.1289
2007,-1.1976
2008,-0.9170
2009,-1.2750
2010,-0.3740
2011,-0.9840
2012,-0.6780
2013,-1.6225
2014,-0.6448
2015,-2.2545
2016,-0.5131
2017,-1.2639
2018,-1.2760
2019,-0.9069
2020,-1.2346
2021,-1.0069
2022,-1.0882
2023,-1.2044
2024,-0.9758
2025,-0.9956
2026,-0.4596
2027,-1.8810
2028,-1.1978
2029,-1.0330
2030,-0.9074
2031,-1.4212
2032,-1.0915
2033,-1.0973
2034,-0.5823
2035,-1.4447
2036,-0.6200
2037,-1.0869
2038,-1.0375
2039,-1.0630
2040,-0.9942
2041,-1.1040
2042,-1.0291
2043,-1.0532
2044,-1.5424
2045,-1.7389
2046,-0.9379
2047,-0.8319
2048,-1.2716
2049,-2.1578
2050,-1.3526
2051,-0.6601
2052,-0.8085
2053,-1.3300
2054,-0.8849
2055,-0.9641
2056,-0.9963
2057,-0.9918
2058,-0.9991
2059,-0.8586
2060,-1.3552
2061,-0.9448
2062,-0.7701
2063,-1.5145
2064,-1.2068
2065,-2.2327
2066,-1.0765
2067,-1.4902
2068,-1.0952
2069,-0.9148
2070,-0.9986
2071,-1.2207
2072,-0.6705
2073,-0.6758
2074,-1.0999
2075,-0.6410
2076,-1.4755
2077,-1.2228
2078,-1.6037
2079,-0.8950
2080,-1.7875
2081,-0.9066
2082,-1.0695
2083,-1.5944
2084,-1.0328
2085,-0.6996
2086,-1.2268
2087,-0.9745
2088,-1.4356
2089,-1.8478
2090,-0.9509
2091,-0.8393
2092,-0.9745
2093,-1.3411
2094,-0.4817
2095,-1.1304
2096,-1.0081
2097,-0.9295
2098,-1.6165
2099,-1.1956
2100,-1.0810
2101,-1.5656
2102,-0.8664
2103,-1.7078
2104,-1.0288
2105,-1.3065
2106,-1.1533
2107,-1.5271
2108,-0.9143
2109,-1.5852
2110,-1.6527
2111,-0.5349
2112,-1.5085
2113,-0.8731
2114,-2.0147
2115,-0.6993
2116,-2.3435
2117,-0.9285
2118,-1.9494
2119,-1.0132
2120,-1.3769
2121,-0.7417
2122,-1.6188
2123,-0.5931
2124,-1.1458
2125,-1.3775
2126,-1.5997
2127,-1.6000
2128,-1.5155
2129,-1.9216
2130,-1.3704
2131,-1.2124
2132,-0.8654
2133,-1.6001
2134,-1.4039
2135,-0.6011
2136,-0.9332
2137,-1.2169
2138,-1.3121
2139,-1.4201
2140,-0.7949
2141,-1.2968
2142,-1.4451
2143,-0.9172
2144,-1.1683
2145,-0.6299
2146,-1.3434
2147,-1.3709
2148,-1.0563
2149,-1.8899
2150,-1.2579
2151,-1.3709
2152,-1.5649
2153,-0.9065
2154,-1.8972
2155,-0.9066
2156,-0.9780
2157,-0.5370
2158,-1.2658
2159,-0.9974
2160,-1.5930
2161,-1.1679
2162,-0.8118
2163,-1.4882
2164,-0.4662
2165,-1.9198
2166,-1.3607
2167,-1.4139
2168,-1.4217
2169,-1.1813
2170,-0.9257
2171,-1.9694
2172,-1.4205
2173,-0.8467
2174,-0.7799
2175,-0.8970
2176,-0.6068
2177,-0.7925
2178,-0.9277
2179,-0.9904
2180,-0.8145
2181,-0.6097
2182,-0.9067
2183,-0.9915
2184,-1.4608
2185,-1.1535
2186,-1.1171
2187,-1.7865
2188,-0.7008
2189,-0.5652
2190,-0.5648
2191,-0.7391
2192,-0.8878
2193,-0.9496
2194,-1.8976
2195,-1.4339
2196,-2.0765
2197,-1.0951
2198,-1.8542
2199,-1.2506
2200,-1.0113
2201,-1.0864
2202,-1.8241
2203,-1.2151
2204,-0.8887
2205,-1.5335
2206,-1.4682
2207,-0.7831
2208,-1.5027
2209,-0.8382
2210,-1.7330
2211,-1.5370
2212,-2.0493
2213,-1.0062
2214,-1.3383
2215,-2.3769
2216,-0.9020
2217,-1.6953
2218,-1.6004
2219,-1.4046
2220,-0.4834
2221,-1.1844
2222,-1.5135
2223,-0.6963
2224,-1.5066
2225,-1.0094
2226,-1.3056
2227,-1.0779
2228,-0.6865
2229,-0.8077
2230,-1.0292
2231,-0.4268
2232,-0.9322
2233,-1.8367
2234,-0.9502
2235,-0.9981
2236,-1.9830
2237,-1.3111
2238,-0.8983
2239,-0.6528
2240,-1.3079
2241,-1.6927
2242,-1.3224
2243,-0.8339
2244,-0.8622
2245,-1.2123
2246,-1.3934
2247,-1.6095
2248,-0.4388
2249,-0.7982
2250,-1.2993
2251,-1.3292
2252,-1.1630
2253,-0.8631
2254,-0.9812
2255,-0.9179
2256,-1.0925
2257,-0.7969
2258,-0.8265
2259,-0.6785
2260,-0.9088
2261,-0.5654
2262,-1.5186
2263,-1.3255
2264,-0.8067
2265,-0.9843
2266,-1.0951
2267,-0.8390
2268,-1.0643
2269,-0.4754
2270,-0.6701
2271,-1.1115
2272,-1.9166
2273,-1.0891
2274,-0.7168
2275,-1.2835
2276,-0.7802
2277,-1.6944
2278,-2.3100
2279,-1.4121
2280,-1.3529
2281,-0.9510
2282,-1.8874
2283,-0.6764
2284,-1.7437
2285,-0.7008
2286,-1.1997
2287,-2.2234
2288,-0.8980
2289,-0.9051
2290,-0.8809
2291,-1.2659
2292,-1.1883
2293,-0.7125
2294,-1.6584
2295,-1.3384
2296,-2.0179
2297,-0.9595
2298,-1.1467
2299,-1.6919
2300,-1.2362
2301,-1.1700
2302,-1.6337
2303,-1.3366
2304,-0.9919
2305,-0.9644
2306,-1.1718
2307,-1.3718
2308,-2.0681
2309,-1.5928
2310,-0.7564
2311,-2.1725
2312,-0.9861
2313,-1.1981
2314,-1.2811
2315,-0.6843
2316,-0.8164
2317,-1.2429
2318,-1.8746
2319,-0.7902
2320,-0.6537
2321,-0.9550
2322,-2.1691
2323,-0.9835
2324,-1.5028
2325,-1.3401
2326,-1.0027
2327,-0.9572
2328,-0.7742
2329,-0.8736
2330,-1.0830
2331,-1.1604
2332,-0.5916
2333,-1.3920
2334,-1.3195
2335,-1.4964
2336,-1.0723
2337,-0.5374
2338,-0.7371
2339,-1.3547
2340,-1.5359
2341,-1.5402
2342,-1.0713
2343,-1.2731
2344,-0.5922
2345,-1.3774
2346,-0.7653
2347,-1.4908
2348,-0.6190
2349,-1.2169
2350,-1.0870
2351,-0.2709
2352,-1.2894
2353,-1.6771
2354,-1.3428
2355,-1.3525
2356,-1.2108
2357,-1.4746
2358,-1.2433
2359,-0.8853
2360,-1.5461
2361,-0.7463
2362,-1.1283
2363,-0.9834
2364,-1.6301
2365,-0.7348
2366,-0.9200
2367,-0.7360
2368,-1.6146
2369,-0.8555
2370,-1.6453
2371,-2.5653
2372,-1.1107
2373,-1.1129
2374,-0.7408
2375,-0.7320
2376,-1.9319
2377,-1.1198
2378,-1.4823
2379,-1.8450
2380,-0.7969
2381,-1.1468
2382,-0.5780
2383,-1.9499
2384,-0.9076
2385,-0.9602
2386,-1.9684
2387,-1.2505
2388,-1.2582
2389,-1.0778
2390,-1.2311
2391,-0.7892
2392,-0.8354
2393,-1.1946
2394,-1.1039
2395,-0.9985
2396,-1.3473
2397,-1.1459
2398,-1.0441
2399,-1.3393
2400,-1.5214
2401,-1.4659
2402,-1.0945
2403,-2.2447
2404,-0.9084
2405,-1.2023
2406,-2.0795
2407,-1.0126
2408,-1.4108
2409,-0.8942
2410,-1.2864
2411,-1.1305
2412,-0.4616
2413,-1.0649
2414,-1.4504
2415,-0.9509
2416,-1.7452
2417,-1.5335
2418,-1.6367
2419,-0.4769
2420,-1.4594
2421,-1.1291
2422,-0.6647
2423,-1.5337
2424,-1.3829
2425,-1.3949
2426,-1.5925
2427,-1.0190
2428,-1.9251
2429,-0.8491
2430,-1.0408
2431,-0.7320
2432,-0.6986
2433,-1.4707
2434,-2.1263
2435,-0.6433
2436,-1.0426
2437,-1.3510
2438,-1.3097
2439,-0.9081
2440,-0.8675
2441,-1.0338
2442,-1.4041
2443,-1.3153
2444,-1.2952
2445,-1.1373
2446,-0.8272
2447,-1.6648
2448,-0.7813
2449,-0.9294
2450,-0.7213
2451,-0.7579
2452,-1.7916
2453,-1.1439
2454,-1.9148
2455,-1.8115
2456,-1.4391
2457,-0.7326
2458,-1.3212
2459,-1.4409
2460,-1.6400
2461,-0.8744
2462,-1.2956
2463,-1.9952
2464,-1.5884
2465,-1.7934
2466,-1.1467
2467,-1.0082
2468,-1.2434
2469,-0.9716
2470,-0.9172
2471,-1.1238
2472,-0.7235
2473,-1.2664
2474,-1.1968
2475,-1.3070
2476,-1.8950
2477,-1.1799
2478,-0.6334
2479,-1.5915
2480,-1.3277
2481,-0.7164
2482,-0.6700
2483,-1.0309
2484,-1.1082
2485,-0.9036
2486,-1.2485
2487,-1.3007
2488,-1.3628
2489,-1.2665
2490,-0.8805
2491,-1.6533
2492,-0.9019
2493,-1.8738
2494,-0.7533
2495,-0.6322
2496,-0.7242
2497,-1.0982
2498,-0.7874
2499,-0.7956
2500,-0.5835
2501,-1.5256
2502,-1.1208
2503,-0.6037
2504,-0.5883
2505,-1.1502
2506,-1.2031
2507,-1.3599
2508,-0.5608
2509,-1.8146
2510,-0.6014
2511,-0.8846
2512,-1.6411
2513,-1.3179
2514,-1.2718
2515,-0.7535
2516,-0.7759
2517,-1.1930
2518,-0.8018
2519,-0.7667
2520,-2.2394
2521,-1.5512
2522,-0.3672
2523,-2.4223
2524,-1.0916
2525,-0.8178
2526,-1.1601
2527,-0.9475
2528,-1.1595
2529,-1.4880
2530,-0.9041
2531,-1.9439
2532,-1.5673
2533,-1.1651
2534,-1.1964
2535,-1.3677
2536,-1.6382
2537,-1.7102
2538,-1.4270
2539,-0.8681
2540,-1.2273
2541,-1.9090
2542,-1.6377
2543,-0.6443
2544,-1.1413
2545,-1.6189
2546,-1.1588
2547,-0.9077
2548,-1.5228
2549,-1.2847
2550,-1.6431
2551,-0.9999
2552,-1.1275
2553,-0.5817
2554,-1.7871
2555,-1.7426
2556,-0.9146
2557,-1.2974
2558,-0.9163
2559,-0.3677
2560,-0.8983
2561,-1.1174
2562,-0.9175
2563,-0.6906
2564,-1.5141
2565,-1.1322
2566,-1.3761
2567,-2.0005
2568,-0.9023
2569,-0.8696
2570,-1.6853
2571,-1.5079
2572,-0.8524
2573,-1.9195
2574,-0.7723
2575,-1.9259
2576,-1.9227
2577,-1.2638
2578,-0.6628
2579,-1.7170
2580,-1.4977
2581,-0.5713
2582,-1.0747
2583,-0.6187
2584,-1.1104
2585,-0.6983
2586,-0.3984
2587,-1.9846
2588,-0.9735
2589,-1.1809
2590,-0.8299
2591,-1.8500
2592,-0.8155
2593,-0.9212
2594,-1.4981
2595,-0.6969
2596,-1.2460
2597,-1.4092
2598,-1.5125
2599,-1.2370
2600,-2.2250
2601,-1.0950
2602,-0.6942
2603,-1.7130
2604,-0.8448
2605,-1.9002
2606,-0.6526
2607,-1.0643
2608,-1.4228
2609,-1.0356
2610,-1.0233
2611,-1.7975
2612,-1.0036
2613,-0.7580
2614,-1.5722
2615,-0.9651
2616,-1.8776
2617,-1.3718
2618,-1.1751
2619,-0.8350
2620,-1.1905
2621,-0.8821
2622,-1.5047
2623,-1.4538
2624,-1.3701
2625,-0.8044
2626,-0.7729
2627,-1.8264
2628,-1.1505
2629,-0.5819
2630,-1.4475
2631,-1.1082
2632,-0.9350
2633,-1.7788
2634,-1.8278
2635,-1.0420
2636,-1.2237
2637,-1.3861
2638,-0.6716
2639,-1.5451
2640,-0.9228
2641,-0.8164
2642,-1.6833
2643,-1.1881
2644,-1.2522
2645,-0.5622
2646,-1.6944
2647,-0.6161
2648,-0.7624
2649,-1.0218
2650,-0.8401
2651,-0.8539
2652,-2.2092
2653,-1.3128
2654,-0.9344
2655,-0.8600
2656,-0.6643
2657,-1.5268
2658,-1.1902
2659,-1.7800
2660,-1.5442
2661,-1.2587
2662,-1.8021
2663,-1.3032
2664,-1.1276
2665,-1.2726
2666,-0.8401
2667,-1.0352
2668,-1.8457
2669,-0.8017
2670,-1.0246
2671,-1.0357
2672,-1.5670
2673,-1.3451
2674,-1.3432
2675,-1.2063
2676,-1.4831
2677,-0.7258
2678,-0.7885
2679,-0.8499
2680,-0.9572
2681,-0.7336
2682,-1.0485
2683,-1.1673
2684,-1.4314
2685,-1.4113
2686,-2.4007
2687,-1.4232
2688,-0.7756
2689,-1.6737
2690,-0.8046
2691,-2.0197
2692,-1.5369
2693,-2.0337
2694,-1.4032
2695,-0.8429
2696,-1.4470
2697,-1.1324
2698,-1.0823
2699,-0.4885
2700,-0.8984
2701,-1.4183
2702,-1.0131
2703,-0.3499
2704,-0.7632
2705,-1.1775
2706,-1.0640
2707,-1.1754
2708,-0.8031
2709,-1.3681
2710,-1.6570
2711,-1.1635
2712,-1.4697
2713,-0.7882
2714,-1.7169
2715,-1.8574
2716,-1.5400
2717,-1.3114
2718,-0.3475
2719,-1.4303
2720,-1.1658
2721,-0.5064
2722,-1.6938
2723,-0.6564
2724,-0.7520
2725,-0.9170
2726,-0.9145
2727,-1.2482
2728,-1.0418
2729,-0.4890
2730,-0.8675
2731,-1.3174
2732,-1.1340
2733,-0.4746
2734,-1.3675
2735,-0.5065
2736,-1.1464
2737,-1.7452
2738,-2.2874
2739,-0.7406
2740,-0.8198
2741,-0.9059
2742,-1.0330
2743,-0.9598
2744,-1.6278
2745,-2.2808
2746,-1.5118
2747,-1.2184
2748,-1.2644
2749,-1.2845
2750,-1.8584
2751,-0.8526
2752,-1.1743
2753,-1.2202
2754,-1.4428
2755,-1.2905
2756,-0.7994
2757,-1.3842
2758,-0.7943
2759,-0.5063
2760,-1.7351
2761,-1.1784
2762,-1.7435
2763,-1.2082
2764,-1.6160
2765,-1.3810
2766,-1.2333
2767,-0.9742
2768,-2.0016
2769,-1.0562
2770,-1.1936
2771,-1.4458
2772,-0.9539
2773,-0.5274
2774,-1.9513
2775,-0.6975
2776,-1.3217
2777,-1.2338
2778,-0.8377
2779,-1.4979
2780,-1.7590
2781,-1.9962
2782,-0.9231
2783,-1.5030
2784,-0.9154
2785,-1.1437
2786,-0.9794
2787,-0.6341
2788,-1.7466
2789,-1.4774
2790,-2.0244
2791,-1.7044
2792,-1.0013
2793,-1.1527
2794,-2.1705
2795,-1.9574
2796,-1.2676
2797,-1.7825
2798,-0.4820
2799,-0.7491
2800,-1.0813
2801,-1.1760
2802,-1.2647
2803,-1.8694
2804,-1.6308
2805,-0.6162
2806,-1.7569
2807,-0.9984
2808,-1.0645
2809,-1.4898
2810,-0.5876
2811,-0.8133
2812,-1.1552
2813,-0.7149
2814,-0.4629
2815,-1.0933
2816,-2.1394
2817,-1.8308
2818,-0.8257
2819,-2.3399
2820,-1.3802
2821,-0.7582
2822,-0.9108
2823,-1.1297
2824,-1.5439
2825,-0.7616
2826,-1.7163
2827,-0.9907
2828,-2.8690
2829,-1.3073
2830,-0.5779
2831,-1.0502
2832,-1.4956
2833,-1.8779
2834,-1.3832
2835,-1.5023
2836,-1.6729
2837,-0.9585
2838,-0.8173
2839,-0.8769
2840,-1.1036
2841,-1.1465
2842,-1.1100
2843,-1.2651
2844,-1.4972
2845,-1.3429
2846,-1.4168
2847,-0.7260
2848,-1.3458
2849,-1.6938
2850,-1.3565
2851,-1.3829
2852,-1.7706
2853,-1.7015
2854,-1.0605
2855,-1.0971
2856,-1.2088
2857,-1.6050
2858,-0.9833
2859,-0.4288
2860,-1.7722
2861,-0.9887
2862,-0.8851
2863,-1.1171
2864,-1.1805
2865,-1.4650
2866,-0.9302
2867,-1.4602
2868,-1.0892
2869,-0.7549
2870,-0.7015
2871,-0.9328
2872,-1.5138
2873,-0.6247
2874,-1.0993
2875,-2.0747
2876,-0.5117
2877,-0.6010
2878,-1.6344
2879,-0.6177
2880,-0.7986
2881,-1.6980
2882,-1.3895
2883,-0.4336
2884,-0.6132
2885,-0.9135
2886,-1.1585
2887,-1.6150
2888,-1.2340
2889,-0.4719
2890,-0.7425
2891,-0.6057
2892,-1.9364
2893,-0.7233
2894,-0.8181
2895,-1.1008
2896,-1.5230
2897,-0.7871
2898,-1.4142
2899,-1.1128
2900,-1.3129
2901,-0.9113
2902,-1.1541
2903,-0.6913
2904,-0.9068
2905,-1.0636
2906,-1.0945
2907,-1.8358
2908,-0.9603
2909,-1.1694
2910,-0.9608
2911,-1.5739
2912,-0.7047
2913,-1.0157
2914,-1.6122
2915,-1.6111
2916,-0.7884
2917,-1.0842
2918,-0.9020
2919,-1.5384
2920,-1.2678
2921,-0.8167
2922,-1.3281
2923,-1.5550
2924,-0.8594
2925,-1.5654
2926,-1.3400
2927,-1.7243
2928,-2.1327
2929,-0.5514
2930,-0.9310
2931,-1.4096
2932,-1.6240
2933,-0.6383
2934,-1.2585
2935,-1.3780
2936,-0.6159
2937,-0.4319
2938,-1.4272
2939,-1.8604
2940,-1.1001
2941,-0.9762
2942,-1.4773
2943,-1.0015
2944,-1.3699
2945,-1.0633
2946,-0.9132
2947,-1.5307
2948,-0.9291
2949,-1.0239
2950,-0.6833
2951,-0.7849
2952,-1.4874
2953,-1.0887
2954,-0.7680
2955,-1.1940
2956,-1.8768
2957,-1.3132
2958,-0.3813
2959,-1.1202
2960,-0.6215
2961,-1.5927
2962,-1.3040
2963,-1.8212
2964,-1.2043
2965,-0.7331
2966,-1.5628
2967,-1.6521
2968,-1.5052
2969,-1.0875
2970,-0.8737
2971,-1.4469
2972,-0.7834
2973,-1.3616
2974,-1.0686
2975,-0.9079
2976,-0.8797
2977,-1.1312
2978,-0.8982
2979,-1.1642
2980,-1.5275
2981,-0.8755
2982,-1.3762
2983,-0.7084
2984,-1.2962
2985,-1.8494
2986,-1.0743
2987,-1.6579
2988,-1.2668
2989,-1.2705
2990,-1.0816
2991,-0.6213
2992,-0.7588
2993,-1.6589
2994,-1.3058
2995,-0.7952
2996,-1.3231
2997,-0.8364
2998,-2.3522
2999,-1.1471
3000,-1.4836
3001,-0.9387
3002,-1.6392
3003,-0.9027
3004,-1.6975
3005,-1.1208
3006,-0.9190
3007,-2.0401
3008,-1.7568
3009,-1.9221
3010,-0.6481
3011,-0.9306
3012,-1.2173
3013,-1.4953
3014,-0.6477
3015,-1.5471
3016,-1.0105
3017,-0.8092
3018,-1.3233
3019,-0.7961
3020,-0.4872
3021,-1.3367
3022,-1.0439
3023,-1.8040
3024,-1.0498
3025,-1.5395
3026,-1.2862
3027,-1.4100
3028,-1.2563
3029,-0.3075
3030,-0.4262
3031,-0.9310
3032,-0.9736
3033,-1.3413
3034,-1.0970
3035,-0.7126
3036,-0.7200
3037,-0.7375
3038,-1.4205
3039,-1.0735
3040,-1.8510
3041,-1.6255
3042,-1.0199
3043,-1.0202
3044,-1.0591
3045,-1.5204
3046,-1.8500
3047,-1.6153
3048,-1.4183
3049,-1.6869
3050,-1.4394
3051,-1.0470
3052,-0.8023
3053,-1.4601
3054,-1.1034
3055,-0.7921
3056,-1.2140
3057,-1.1223
3058,-0.7069
3059,-1.4698
3060,-0.6025
3061,-1.4149
3062,-1.7852
3063,-1.3323
3064,-2.1312
3065,-0.8192
3066,-0.8101
3067,-1.2715
3068,-1.9500
3069,-0.5073
3070,-1.7078
3071,-1.7560
3072,-1.7935
3073,-1.2515
3074,-1.0229
3075,-1.1278
3076,-1.0533
3077,-0.5799
3078,-0.5774
3079,-0.9928
3080,-1.5222
3081,-1.4124
3082,-0.8818
3083,-0.7325
3084,-2.0233
3085,-1.6279
3086,-1.5978
3087,-0.9232
3088,-1.3843
3089,-1.0905
3090,-0.7944
3091,-0.8513
3092,-1.0832
3093,-1.5414
3094,-1.4426
3095,-1.0906
3096,-1.2503
3097,-0.4230
3098,-1.0861
3099,-0.8563
3100,-0.4632
3101,-1.0939
3102,-0.8501
3103,-1.5984
3104,-1.9248
3105,-0.8260
3106,-1.1016
3107,-1.1672
3108,-2.0802
3109,-1.3334
3110,-0.5041
3111,-0.8628
3112,-0.5970
3113,-0.9338
3114,-1.2302
3115,-1.1372
3116,-0.9276
3117,-1.3703
3118,-0.6589
3119,-1.2484
3120,-1.3121
3121,-1.0347
3122,-1.0998
3123,-1.0280
3124,-1.4331
3125,-1.4043
3126,-0.6114
3127,-1.6763
3128,-0.5841
3129,-0.9695
3130,-1.0992
3131,-1.6592
3132,-0.8381
3133,-1.2303
3134,-0.8239
3135,-0.9250
3136,-0.3223
3137,-0.4342
3138,-0.9474
3139,-0.5027
3140,-1.0490
3141,-0.9923
3142,-1.6182
3143,-0.6267
3144,-1.9188
3145,-1.3691
3146,-1.6259
3147,-1.8586
3148,-0.8524
3149,-0.6430
3150,-1.2589
3151,-1.4983
3152,-1.9368
3153,-1.1813
3154,-1.0356
3155,-0.8168
3156,-1.0889
3157,-1.1211
3158,-1.3340
3159,-1.4176
3160,-1.2832
3161,-1.2682
3162,-0.6619
3163,-0.9325
3164,-0.8673
3165,-1.6047
3166,-1.1042
3167,-1.0596
3168,-0.7480
3169,-1.4586
3170,-1.7307
3171,-1.0553
3172,-1.4823
3173,-1.0920
3174,-1.0228
3175,-1.1308
3176,-0.5431
3177,-1.7430
3178,-1.4010
3179,-1.3076
3180,-1.4018
3181,-1.1487
3182,-1.1504
3183,-0.7819
3184,-1.1492
3185,-0.7299
3186,-1.1518
3187,-1.6831
3188,-0.9245
3189,-0.6434
3190,-0.6246
3191,-0.9027
3192,-1.2719
3193,-1.7083
3194,-1.2382
3195,-0.4551
3196,-0.4929
3197,-1.3037
3198,-0.5885
3199,-0.5030
3200,-0.6096
3201,-0.9256
3202,-0.6289
3203,-1.4395
3204,-0.7834
3205,-0.3968
3206,-1.0238
3207,-1.3823
3208,-1.6107
3209,-0.7190
3210,-1.0512
3211,-0.9334
3212,-0.8110
3213,-1.4988
3214,-0.9127
3215,-1.6473
3216,-0.5893
3217,-1.0800
3218,-0.9296
3219,-1.7365
3220,-0.7973
3221,-0.3111
3222,-1.5307
3223,-1.4764
3224,-0.8816
3225,-1.4308
3226,-0.9041
3227,-2.0926
3228,-1.5169
3229,-1.1723
3230,-0.6741
3231,-0.9644
3232,-1.3911
3233,-1.1866
3234,-1.3794
3235,-1.3004
3236,-1.2943
3237,-1.9027
3238,-1.0813
3239,-1.8232
3240,-1.4799
3241,-1.1640
3242,-0.4285
3243,-1.0177
3244,-1.8112
3245,-0.8693
3246,-1.0441
3247,-1.6872
3248,-0.6805
3249,-1.4253
3250,-0.9621
3251,-0.2099
3252,-1.5308
3253,-1.0701
3254,-1.8448
3255,-1.0721
3256,-1.3318
3257,-0.6281
3258,-1.0904
3259,-0.6688
3260,-1.2351
3261,-0.6673
3262,-1.7293
3263,-0.8860
3264,-1.7529
3265,-1.5823
3266,-1.0316
3267,-1.7010
3268,-1.2214
3269,-1.2374
3270,-1.5849
3271,-1.2757
3272,-0.6753
3273,-0.9547
3274,-0.2456
3275,-0.7397
3276,-1.0007
3277,-0.7797
3278,-1.0137
3279,-1.2497
3280,-1.7982
3281,-1.9185
3282,-0.6613
3283,-1.5196
3284,-1.7947
3285,-1.3660
3286,-1.0042
3287,-1.2805
3288,-1.3948
3289,-1.0229
3290,-1.5698
3291,-1.3263
3292,-1.6963
3293,-1.4792
3294,-0.8061
3295,-0.9928
3296,-1.5506
3297,-1.0371
3298,-1.0976
3299,-1.8442
3300,-0.9557
3301,-1.7434
3302,-1.3656
3303,-1.3824
3304,-1.1615
3305,-1.7146
3306,-1.0919
3307,-0.6670
3308,-1.2704
3309,-1.5647
3310,-1.4001
3311,-0.7481
3312,-1.2317
3313,-1.9724
3314,-0.4182
3315,-1.3614
3316,-1.1559
3317,-0.8620
3318,-1.0958
3319,-0.8381
3320,-0.8972
3321,-1.6838
3322,-1.3603
3323,-1.0348
3324,-1.3561
3325,-1.3960
3326,-1.5793
3327,-1.5661
3328,-1.1998
3329,-1.0673
3330,-1.3181
3331,-0.6288
3332,-0.6063
3333,-0.8680
3334,-1.2835
3335,-1.6819
3336,-0.7255
3337,-1.3358
3338,-1.2901
3339,-1.1661
3340,-0.7569
3341,-1.4736
3342,-1.7451
3343,-1.3054
3344,-0.8320
3345,-1.2220
3346,-1.0580
3347,-1.3427
3348,-1.3372
3349,-1.7345
3350,-2.2246
3351,-0.6984
3352,-1.0561
3353,-1.7149
3354,-1.5733
3355,-1.0321
3356,-1.0255
3357,-1.5998
3358,-1.4822
3359,-2.3618
3360,-0.8179
3361,-1.9805
3362,-0.9462
3363,-1.7222
3364,-0.5561
3365,-1.0891
3366,-0.8947
3367,-0.4945
3368,-0.9844
3369,-1.5845
3370,-1.0152
3371,-1.0050
3372,-2.2823
3373,-0.7499
3374,-0.7129
3375,-0.8308
3376,-1.1348
3377,-1.6218
3378,-0.6742
3379,-0.8873
3380,-1.6284
3381,-0.9489
3382,-0.8744
3383,-0.8912
3384,-1.3059
3385,-1.3271
3386,-1.0417
3387,-1.3619
3388,-1.3427
3389,-1.0677
3390,-0.9380
3391,-0.9246
3392,-1.5039
3393,-1.0593
3394,-1.1515
3395,-0.7827
3396,-1.0941
3397,-1.4225
3398,-1.4297
3399,-0.8875
3400,-1.3046
3401,-0.9975
3402,-1.1755
3403,-1.3317
3404,-1.3079
3405,-1.1358
3406,-0.4823
3407,-1.4934
3408,-0.8145
3409,-0.6210
3410,-1.5989
3411,-1.1531
3412,-0.7854
3413,-1.5282
3414,-2.0027
3415,-2.1776
3416,-1.0698
3417,-1.3334
3418,-0.8475
3419,-1.5707
3420,-0.9038
3421,-1.1219
3422,-1.7436
3423,-0.4954
3424,-1.3929
3425,-0.7171
3426,-0.7753
3427,-1.6247
3428,-2.0133
3429,-2.0029
3430,-0.9728
3431,-0.6979
3432,-0.9122
3433,-0.7227
3434,-0.8416
3435,-0.7716
3436,-0.7522
3437,-0.4612
3438,-1.5757
3439,-0.7707
3440,-0.8643
3441,-1.3059
3442,-0.8203
3443,-0.9280
3444,-1.2808
3445,-1.4676
3446,-1.3320
3447,-1.8787
3448,-2.0561
3449,-1.2182
3450,-1.3748
3451,-1.3159
3452,-1.1470
3453,-1.6821
3454,-0.8899
3455,-1.4406
3456,-1.0120
3457,-0.9395
3458,-0.5622
3459,-1.1695
3460,-1.1185
3461,-0.7147
3462,-0.7020
3463,-0.4821
3464,-1.3268
3465,-0.4632
3466,-1.2831
3467,-1.0950
3468,-1.4014
3469,-1.5865
3470,-1.3548
3471,-1.3845
3472,-0.7127
3473,-0.5034
3474,-0.6879
3475,-1.2851
3476,-2.0030
3477,-1.1569
3478,-1.8395
3479,-1.4602
3480,-2.4034
3481,-1.2920
3482,-0.6979
3483,-1.8762
3484,-0.7578
3485,-0.3067
3486,-1.1577
3487,-1.6829
3488,-0.6029
3489,-1.5834
3490,-0.6362
3491,-1.8194
3492,-1.8791
3493,-1.3358
3494,-1.2509
3495,-1.1848
3496,-0.8433
3497,-1.4986
3498,-1.0807
3499,-0.8459
3500,-2.1076
3501,-0.8113
3502,-1.2577
3503,-0.9956
3504,-0.6156
3505,-1.4733
3506,-1.0446
3507,-1.3694
3508,-1.5408
3509,-0.3224
3510,-1.0773
3511,-0.6829
3512,-0.9076
3513,-1.1663
3514,-1.7139
3515,-1.4493
3516,-0.6346
3517,-1.3225
3518,-0.8289
3519,-1.9030
3520,-1.2136
3521,-1.1193
3522,-1.2547
3523,-0.8539
3524,-0.7739
3525,-1.1641
3526,-1.1970
3527,-1.1891
3528,-1.6686
3529,-1.3077
3530,-0.8047
3531,-0.9225
3532,-2.0914
3533,-0.9166
3534,-1.4722
3535,-1.2442
3536,-1.8473
3537,-0.9487
3538,-1.3363
3539,-1.5688
3540,-0.7608
3541,-0.4776
3542,-1.7025
3543,-0.9772
3544,-1.1647
3545,-1.4052
3546,-2.4987
3547,-1.2432
3548,-0.9624
3549,-0.8486
3550,-0.3890
3551,-1.1960
3552,-1.4185
3553,-0.7735
3554,-1.2719
3555,-0.4412
3556,-0.8652
3557,-1.4097
3558,-1.0808
3559,-1.7612
3560,-1.3260
3561,-2.2480
3562,-1.0443
3563,-1.3449
3564,-0.7723
3565,-0.9808
3566,-1.5163
3567,-0.8907
3568,-1.8005
3569,-0.6129
3570,-1.2584
3571,-0.8332
3572,-1.4199
3573,-1.6965
3574,-1.3923
3575,-0.6331
3576,-1.0085
3577,-1.3877
3578,-1.6947
3579,-1.9594
3580,-0.8417
3581,-1.3367
3582,-1.5199
3583,-1.0918
3584,-1.2063
3585,-1.0886
3586,-0.8701
3587,-1.9542
3588,-2.0623
3589,-1.5163
3590,-1.1454
3591,-0.7189
3592,-0.6558
3593,-1.5385
3594,-0.6972
3595,-1.5731
3596,-1.0337
3597,-0.7826
3598,-1.1469
3599,-1.8905
3600,-0.6943
3601,-1.2918
3602,-1.0913
3603,-1.5071
3604,-0.9342
3605,-0.9206
3606,-0.9286
3607,-1.6178
3608,-1.0770
3609,-1.8472
3610,-1.3122
3611,-1.4085
3612,-1.3469
3613,-1.1615
3614,-0.9557
3615,-0.9499
3616,-0.6571
3617,-1.1722
3618,-1.6242
3619,-1.1708
3620,-2.0866
3621,-0.6544
3622,-0.7283
3623,-0.6556
3624,-1.4046
3625,-1.3447
3626,-1.9782
3627,-1.1363
3628,-0.8695
3629,-1.9214
3630,-1.3090
3631,-0.8339
3632,-0.5406
3633,-0.9633
3634,-1.0422
3635,-1.1269
3636,-2.0519
3637,-1.8394
3638,-1.5917
3639,-0.8746
3640,-1.3278
3641,-1.0155
3642,-1.0061
3643,-1.1476
3644,-1.3270
3645,-2.2679
3646,-0.8136
3647,-1.7797
3648,-0.8728
3649,-1.0943
3650,-1.1346
3651,-0.6543
3652,-0.7463
3653,-1.7141
3654,-1.0338
3655,-2.0563
3656,-1.2366
3657,-0.6188
3658,-0.7947
3659,-0.8634
3660,-0.5282
3661,-0.5022
3662,-2.1203
3663,-0.4499
3664,-0.7491
3665,-0.9679
3666,-1.3438
3667,-0.8609
3668,-1.3790
3669,-1.2716
3670,-1.9396
3671,-0.8793
3672,-1.1060
3673,-0.5683
3674,-0.7759
3675,-1.7404
3676,-1.3436
3677,-1.5632
3678,-1.2465
3679,-1.0300
3680,-2.8031
3681,-1.4491
3682,-1.1286
3683,-1.3200
3684,-1.4837
3685,-0.9990
3686,-1.9642
3687,-1.1165
3688,-1.3110
3689,-1.2652
3690,-0.5353
3691,-1.0640
3692,-1.3748
3693,-0.8099
3694,-0.8837
3695,-0.3874
3696,-1.2518
3697,-1.2137
3698,-1.6114
3699,-0.9165
3700,-1.0042
3701,-1.2812
3702,-1.0080
3703,-1.4412
3704,-1.2764
3705,-0.9282
3706,-0.8903
3707,-1.5761
3708,-1.5958
3709,-0.7721
3710,-1.0894
3711,-1.8335
3712,-1.3992
3713,-0.6890
3714,-1.4915
3715,-1.1796
3716,-2.0796
3717,-0.6869
3718,-1.0936
3719,-1.1138
3720,-1.1005
3721,-0.8101
3722,-0.8461
3723,-2.2202
3724,-1.3960
3725,-0.6174
3726,-1.0518
3727,-1.1747
3728,-1.1145
3729,-1.7960
3730,-1.0406
3731,-1.5758
3732,-1.0299
3733,-1.9916
3734,-1.0036
3735,-1.0674
3736,-0.6847
3737,-0.7802
3738,-1.5072
3739,-1.1334
3740,-1.0716
3741,-1.1372
3742,-1.4483
3743,-0.8839
3744,-1.4912
3745,-1.5274
3746,-0.8766
3747,-1.8357
3748,-0.7604
3749,-1.6853
3750,-1.3098
3751,-0.9490
3752,-1.1976
3753,-0.7848
3754,-0.8819
3755,-0.8446
3756,-1.0259
3757,-0.5584
3758,-1.1903
3759,-0.9835
3760,-0.7360
3761,-1.1726
3762,-0.6323
3763,-1.3895
3764,-1.5284
3765,-0.6255
3766,-1.4428
3767,-0.8557
3768,-1.3813
3769,-1.9307
3770,-1.5675
3771,-1.3562
3772,-1.1937
3773,-1.9802
3774,-0.5250
3775,-0.6669
3776,-0.4104
3777,-0.6783
3778,-1.3540
3779,-1.0098
3780,-1.5385
3781,-0.9499
3782,-1.6338
3783,-1.5654
3784,-1.3587
3785,-1.0026
3786,-1.0170
3787,-1.0164
3788,-0.9028
3789,-1.3929
3790,-0.5267
3791,-1.2008
3792,-1.0763
3793,-1.3112
3794,-0.5175
3795,-0.6996
3796,-1.3757
3797,-0.9268
3798,-1.4839
3799,-1.2014
3800,-2.2576
3801,-0.6746
3802,-1.3285
3803,-1.4345
3804,-0.5828
3805,-1.0746
3806,-0.9028
3807,-1.4207
3808,-0.7788
3809,-0.8747
3810,-1.4253
3811,-1.4598
3812,-0.8919
3813,-0.5915
3814,-1.0653
3815,-0.7933
3816,-1.2625
3817,-1.5490
3818,-1.2309
3819,-1.5405
3820,-0.6312
3821,-1.3420
3822,-0.6060
3823,-1.1324
3824,-0.5396
3825,-1.0624
3826,-0.6156
3827,-1.2041
3828,-0.9196
3829,-1.3454
3830,-1.0738
3831,-1.0367
3832,-1.6659
3833,-1.2307
3834,-0.9248
3835,-0.7572
3836,-0.4653
3837,-1.3747
3838,-1.9620
3839,-1.4079
3840,-1.2679
3841,-1.1449
3842,-0.9704
3843,-0.9051
3844,-0.5463
3845,-1.4081
3846,-0.9304
3847,-1.1116
3848,-1.4153
3849,-1.3736
3850,-0.8531
3851,-0.7099
3852,-1.2143
3853,-1.8485
3854,-1.5162
3855,-1.2058
3856,-2.0172
3857,-1.1002
3858,-1.5808
3859,-0.9778
3860,-0.9772
3861,-1.3017
3862,-1.1907
3863,-0.8553
3864,-2.0622
3865,-1.8167
3866,-1.8028
3867,-1.2490
3868,-1.0075
3869,-0.7821
3870,-1.2933
3871,-0.9712
3872,-1.3978
3873,-1.0980
3874,-1.6349
3875,-0.8965
3876,-1.9546
3877,-0.9075
3878,-1.1148
3879,-1.1607
3880,-0.4591
3881,-1.0829
3882,-0.8543
3883,-0.4484
3884,-1.0462
3885,-0.8869
3886,-1.3405
3887,-1.5336
3888,-1.4606
3889,-0.9460
3890,-1.4659
3891,-0.9953
3892,-1.4736
3893,-1.5392
3894,-1.7299
3895,-0.5712
3896,-1.0668
3897,-0.5494
3898,-1.3209
3899,-1.2560
3900,-0.9970
3901,-0.6709
3902,-0.6860
3903,-1.6048
3904,-1.4898
3905,-1.0637
3906,-1.3266
3907,-1.7290
3908,-0.9461
3909,-1.2535
3910,-1.1045
3911,-0.5683
3912,-0.8418
3913,-0.2916
3914,-0.9528
3915,-1.5737
3916,-1.7816
3917,-0.8928
3918,-1.4841
3919,-0.5070
3920,-2.6498
3921,-0.7150
3922,-1.4675
3923,-1.4005
3924,-1.1522
3925,-0.6575
3926,-1.0103
3927,-2.0635
3928,-1.7852
3929,-1.4700
3930,-2.3299
3931,-1.1391
3932,-0.9629
3933,-1.6996
3934,-0.4933
3935,-0.3901
3936,-0.0857
3937,-1.4751
3938,-0.8155
3939,-0.6462
3940,-1.0652
3941,-1.0692
3942,-1.2242
3943,-1.2286
3944,-1.4249
3945,-1.1560
3946,-1.5842
3947,-1.9787
3948,-2.1380
3949,-1.5624
3950,-0.9832
3951,-0.8211
3952,-0.4381
3953,-0.9915
3954,-1.5828
3955,-1.0453
3956,-1.2116
3957,-1.3876
3958,-0.6519
3959,-1.2730
3960,-1.1531
3961,-1.3355
3962,-0.8493
3963,-1.4247
3964,-0.5848
3965,-1.0724
3966,-1.2900
3967,-1.1633
3968,-0.7220
3969,-0.8717
3970,-0.8078
3971,-1.3837
3972,-1.2419
3973,-0.8048
3974,-1.5122
3975,-2.0664
3976,-1.3284
3977,-1.4795
3978,-1.5798
3979,-0.8181
3980,-1.4477
3981,-1.3054
3982,-1.1866
3983,-1.1181
3984,-0.4570
3985,-1.1432
3986,-1.3661
3987,-1.2404
3988,-1.1699
3989,-1.1419
3990,-0.9973
3991,-1.6364
3992,-0.9332
3993,-1.0973
3994,-1.6102
3995,-1.7801
3996,-1.3409
3997,-1.5290
3998,-1.2666
3999,-1.3987
4000,-2.2901
4001,-1.5638
4002,-0.6977
4003,-1.2203
4004,-1.7313
4005,-1.4774
4006,-0.5863
4007,-1.2260
4008,-1.0090
4009,-0.6883
4010,-1.9213
4011,-1.6456
4012,-1.7598
4013,-1.1599
4014,-0.5564
4015,-0.8175
4016,-1.5731
4017,-0.6035
4018,-1.9937
4019,-0.6424
4020,-0.8655
4021,-1.1574
4022,-1.5362
4023,-1.6374
4024,-1.4187
4025,-1.2334
4026,-1.4152
4027,-1.6204
4028,-1.2704
4029,-0.6261
4030,-1.8517
4031,-0.9469
4032,-0.8705
4033,-1.4187
4034,-0.6610
4035,-1.4366
4036,-1.9974
4037,-1.5374
4038,-0.9425
4039,-1.5699
4040,-0.8797
4041,-0.4866
4042,-0.8579
4043,-0.9540
4044,-1.0949
4045,-0.8953
4046,-0.5075
4047,-0.9189
4048,-1.0035
4049,-2.1326
4050,-1.0979
4051,-1.0841
4052,-1.4731
4053,-1.9108
4054,-1.3666
4055,-1.5257
4056,-0.9485
4057,-1.3298
4058,-1.0718
4059,-1.1162
4060,-0.8116
4061,-1.6082
4062,-0.6238
4063,-1.2662
4064,-1.5529
4065,-0.9018
4066,-0.9481
4067,-0.5629
4068,-1.9845
4069,-1.1203
4070,-0.9295
4071,-1.7386
4072,-1.8667
4073,-1.2600
4074,-0.3425
4075,-0.6696
4076,-1.3600
4077,-1.4300
4078,-1.8046
4079,-1.2598
4080,-1.4028
4081,-1.3945
4082,-0.7467
4083,-1.5637
4084,-1.3829
4085,-0.9298
4086,-1.5984
4087,-1.2033
4088,-1.4602
4089,-1.9439
4090,-0.7388
4091,-0.8898
4092,-1.0183
4093,-0.9231
4094,-0.7878
4095,-0.9082
4096,-1.8881
4097,-1.8594
4098,-0.5963
4099,-1.2747
4100,-1.2652
4101,-0.8077
4102,-1.5646
4103,-0.9343
4104,-1.0936
4105,-1.4122
4106,-1.0898
4107,-0.6350
4108,-1.1059
4109,-0.7494
4110,-1.5398
4111,-1.0126
4112,-0.6930
4113,-1.4903
4114,-1.1042
4115,-1.0727
4116,-1.1063
4117,-1.3236
4118,-1.0495
4119,-1.7313
4120,-0.8450
4121,-1.0094
4122,-1.5437
4123,-1.1114
4124,-1.0828
4125,-1.1322
4126,-1.0999
4127,-1.0845
4128,-2.2729
4129,-1.5042
4130,-0.6268
4131,-1.4240
4132,-0.7087
4133,-1.6759
4134,-1.7855
4135,-1.2275
4136,-1.1520
4137,-1.0466
4138,-1.5362
4139,-0.8529
4140,-1.3512
4141,-0.5553
4142,-1.2483
4143,-1.1110
4144,-1.3147
4145,-1.9446
4146,-1.2347
4147,-0.5912
4148,-0.8644
4149,-0.7771
4150,-0.8200
4151,-1.2823
4152,-1.1707
4153,-0.3149
4154,-0.8871
4155,-1.1281
4156,-0.3960
4157,-1.6313
4158,-1.9917
4159,-1.6531
4160,-1.8461
4161,-1.3167
4162,-1.2152
4163,-0.9299
4164,-1.0956
4165,-0.6405
4166,-0.8540
4167,-0.5699
4168,-0.6521
4169,-1.0770
4170,-1.4033
4171,-1.1435
4172,-0.8618
4173,-1.5960
4174,-1.1964
4175,-1.1486
4176,-2.0621
4177,-1.7138
4178,-0.7846
4179,-1.2780
4180,-0.7498
4181,-1.9418
4182,-1.6290
4183,-1.1459
4184,-0.8472
4185,-1.6775
4186,-1.0164
4187,-1.2675
4188,-0.7522
4189,-0.7397
4190,-0.6883
4191,-1.2885
4192,-0.6693
4193,-1.2086
4194,-0.7992
4195,-1.4191
4196,-0.6585
4197,-1.3508
4198,-0.8990
4199,-1.3985
4200,-1.2108
4201,-0.9078
4202,-0.7921
4203,-0.8122
4204,-0.8173
4205,-1.1799
4206,-1.4028
4207,-1.0151
4208,-0.8245
4209,-1.3154
4210,-0.7121
4211,-0.8399
4212,-1.0411
4213,-1.3882
4214,-2.1031
4215,-1.3348
4216,-1.5864
4217,-1.2004
4218,-1.4069
4219,-1.5699
4220,-1.3825
4221,-0.9571
4222,-1.6842
4223,-1.6418
4224,-0.7538
4225,-1.6524
4226,-0.9171
4227,-1.7423
4228,-1.5217
4229,-1.3466
4230,-0.7226
4231,-1.0047
4232,-1.9080
4233,-0.5662
4234,-0.8772
4235,-1.2564
4236,-0.7045
4237,-0.9930
4238,-0.4022
4239,-1.3543
4240,-1.1750
4241,-0.6553
4242,-0.9872
4243,-1.1316
4244,-1.7486
4245,-1.2108
4246,-1.1119
4247,-1.3809
4248,-1.1841
4249,-1.3597
4250,-1.2785
4251,-0.9390
4252,-1.4269
4253,-0.7953
4254,-1.2224
4255,-1.0603
4256,-1.0848
4257,-0.9807
4258,-1.1129
4259,-1.0577
4260,-1.3959
4261,-0.6963
4262,-1.3962
4263,-1.1820
4264,-0.6494
4265,-1.5861
4266,-1.3631
4267,-1.2430
4268,-1.3122
4269,-0.8857
4270,-0.8589
4271,-0.6923
4272,-0.6366
4273,-1.7487
4274,-0.7778
4275,-1.2965
4276,-1.6263
4277,-0.6145
4278,-1.9707
4279,-0.4716
4280,-1.9883
4281,-0.7631
4282,-1.6492
4283,-1.2830
4284,-0.7711
4285,-0.7843
4286,-0.9774
4287,-0.8808
4288,-0.4494
4289,-2.0727
4290,-1.0173
4291,-2.3315
4292,-1.3121
4293,-1.0627
4294,-1.2045
4295,-1.0546
4296,-1.1171
4297,-1.2364
4298,-1.4405
4299,-1.0677
4300,-1.0361
4301,-1.0148
4302,-0.5403
4303,-1.3235
4304,-0.6456
4305,-1.0453
4306,-0.8171
4307,-1.0580
4308,-1.5087
4309,-0.8279
4310,-1.0944
4311,-0.9148
4312,-0.7992
4313,-0.9662
4314,-0.9960
4315,-1.0135
4316,-1.5400
4317,-0.8756
4318,-1.2402
4319,-1.3589
4320,-1.5784
4321,-1.5884
4322,-1.1436
4323,-1.2974
4324,-1.3054
4325,-1.3291
4326,-1.3776
4327,-1.2531
4328,-0.4476
4329,-1.1981
4330,-1.5565
4331,-0.6736
4332,-0.3177
4333,-1.1023
4334,-0.6981
4335,-1.3203
4336,-0.4408
4337,-2.0897
4338,-0.6186
4339,-0.4487
4340,-1.4500
4341,-0.7018
4342,-0.6417
4343,-0.9522
4344,-1.5104
4345,-1.1804
4346,-1.9462
4347,-1.3136
4348,-1.1966
4349,-1.2451
4350,-1.6452
4351,-1.0151
4352,-1.2432
4353,-2.0198
4354,-1.3335
4355,-0.4939
4356,-1.2669
4357,-0.9824
4358,-1.3443
4359,-1.1345
4360,-0.8277
4361,-0.7462
4362,-1.0322
4363,-1.6468
4364,-1.3251
4365,-0.9331
4366,-0.7523
4367,-1.4845
4368,-0.6686
4369,-0.7378
4370,-0.9880
4371,-1.0832
4372,-1.1507
4373,-1.1985
4374,-1.7464
4375,-1.2152
4376,-1.5550
4377,-0.8792
4378,-1.6254
4379,-1.1876
4380,-1.7254
4381,-0.8161
4382,-0.6567
4383,-0.6733
4384,-0.3999
4385,-0.6579
4386,-0.8250
4387,-0.6745
4388,-1.1764
4389,-1.7014
4390,-1.0845
4391,-1.3070
4392,-1.4395
4393,-1.1446
4394,-1.0388
4395,-1.2785
4396,-1.0919
4397,-0.9883
4398,-1.3080
4399,-1.5709
4400,-1.6828
4401,-1.2853
4402,-1.2226
4403,-1.2812
4404,-1.1620
4405,-0.7945
4406,-1.4887
4407,-1.2077
4408,-0.9754
4409,-1.3190
4410,-0.8532
4411,-1.6837
4412,-1.3362
4413,-1.1959
4414,-1.4797
4415,-0.7558
4416,-0.9730
4417,-1.0668
4418,-0.7956
4419,-1.2441
4420,-0.9188
4421,-1.2671
4422,-0.7022
4423,-0.5821
4424,-1.2369
4425,-1.4718
4426,-1.9721
4427,-1.9342
4428,-1.1326
4429,-0.7110
4430,-1.7184
4431,-1.3039
4432,-1.4100
4433,-1.4569
4434,-0.7268
4435,-1.6420
4436,-1.9805
4437,-1.3556
4438,-0.9838
4439,-0.6417
4440,-0.9493
4441,-1.0608
4442,-0.7799
4443,-1.1148
4444,-1.0923
4445,-1.2620
4446,-1.5595
4447,-1.0177
4448,-1.1921
4449,-0.7127
4450,-0.6056
4451,-1.0160
4452,-0.5051
4453,-1.0401
4454,-1.2375
4455,-1.2474
4456,-1.6381
4457,-0.6968
4458,-1.5085
4459,-0.6504
4460,-0.6991
4461,-1.2950
4462,-1.9482
4463,-1.3471
4464,-1.2632
4465,-0.9694
4466,-1.1737
4467,-1.4628
4468,-1.0919
4469,-1.2407
4470,-1.0623
4471,-1.1285
4472,-1.1978
4473,-1.0557
4474,-1.3183
4475,-0.9930
4476,-0.7635
4477,-0.8312
4478,-1.1971
4479,-0.9614
4480,-1.1223
4481,-0.7577
4482,-1.2088
4483,-0.7405
4484,-1.3124
4485,-1.0979
4486,-1.1546
4487,-1.3556
4488,-0.9722
4489,-1.0137
4490,-0.5756
4491,-0.9801
4492,-1.3964
4493,-0.8819
4494,-0.9427
4495,-1.1458
4496,-1.1718
4497,-1.5141
4498,-1.1582
4499,-1.5216
4500,-0.5808
4501,-1.8454
4502,-1.4195
4503,-0.8771
4504,-1.4482
4505,-1.5716
4506,-1.0898
4507,-0.8752
4508,-0.6098
4509,-0.8266
4510,-1.2117
4511,-1.3713
4512,-1.5026
4513,-1.2577
4514,-1.8245
4515,-1.0956
4516,-1.4822
4517,-2.0415
4518,-1.4648
4519,-0.4364
4520,-0.9960
4521,-1.5327
4522,-1.0971
4523,-1.0109
4524,-0.9184
4525,-0.9128
4526,-1.0927
4527,-0.4395
4528,-1.7171
4529,-1.8066
4530,-0.9999
4531,-1.2765
4532,-0.6958
4533,-0.7900
4534,-1.1785
4535,-0.8283
4536,-1.2340
4537,-1.0802
4538,-1.4256
4539,-1.6456
4540,-1.0375
4541,-0.8039
4542,-1.1647
4543,-1.3600
4544,-1.0332
4545,-0.6079
4546,-1.3593
4547,-1.3062
4548,-1.7368
4549,-1.2484
4550,-1.5328
4551,-1.0492
4552,-0.9926
4553,-1.3100
4554,-0.8697
4555,-0.7939
4556,-1.2729
4557,-1.3560
4558,-0.9464
4559,-1.0694
4560,-1.9950
4561,-1.0773
4562,-0.7601
4563,-0.5847
4564,-0.6117
4565,-0.5002
4566,-1.0924
4567,-0.8708
4568,-0.7760
4569,-1.2172
4570,-0.7440
4571,-0.7897
4572,-0.7283
4573,-0.9993
4574,-0.4821
4575,-0.7610
4576,-1.0001
4577,-1.4229
4578,-1.8147
4579,-1.1518
4580,-0.8161
4581,-0.4756
4582,-1.1166
4583,-0.8875
4584,-1.0377
4585,-1.4599
4586,-0.7101
4587,-0.8346
4588,-1.2247
4589,-1.7831
4590,-1.4488
4591,-1.3603
4592,-1.4002
4593,-0.5646
4594,-1.1750
4595,-1.4521
4596,-1.0188
4597,-1.0003
4598,-1.3590
4599,-1.3844
4600,-1.3507
4601,-0.8727
4602,-1.3956
4603,-1.3167
4604,-1.9868
4605,-1.2821
4606,-0.4480
4607,-1.0027
4608,-1.4470
4609,-0.8074
4610,-0.8848
4611,-1.0525
4612,-0.6184
4613,-1.6576
4614,-1.3068
4615,-1.2312
4616,-1.6678
4617,-1.2300
4618,-1.3852
4619,-1.0723
4620,-0.7506
4621,-1.6286
4622,-1.4314
4623,-2.3644
4624,-0.4102
4625,-0.9974
4626,-1.2337
4627,-1.1154
4628,-2.0419
4629,-0.8515
4630,-1.8812
4631,-1.6005
4632,-1.0602
4633,-1.0944
4634,-1.7550
4635,-0.9169
4636,-1.2834
4637,-1.4333
4638,-1.0433
4639,-0.6950
4640,-0.7284
4641,-0.6941
4642,-1.5901
4643,-0.4683
4644,-1.2791
4645,-1.6590
4646,-0.4451
4647,-2.1565
4648,-0.6260
4649,-2.5347
4650,-1.0306
4651,-1.5537
4652,-0.4638
4653,-1.0103
4654,-1.2389
4655,-0.7248
4656,-0.9645
4657,-1.1646
4658,-1.5737
4659,-1.5272
4660,-0.5807
4661,-0.9253
4662,-1.7885
4663,-0.9736
4664,-1.0704
4665,-1.0869
4666,-1.3294
4667,-0.6528
4668,-1.7227
4669,-0.9059
4670,-1.0392
4671,-0.6235
4672,-1.1809
4673,-0.5106
4674,-0.5529
4675,-1.1042
4676,-1.0975
4677,-1.3979
4678,-1.2634
4679,-1.4176
4680,-1.4727
4681,-1.2388
4682,-2.1216
4683,-0.6533
4684,-1.3122
4685,-0.8405
4686,-0.8345
4687,-0.7152
4688,-0.7339
4689,-0.9979
4690,-1.6506
4691,-1.5408
4692,-0.4591
4693,-1.0533
4694,-1.7958
4695,-1.6181
4696,-1.2402
4697,-1.0469
4698,-1.5174
4699,-0.5875
4700,-2.3157
4701,-1.6084
4702,-0.9395
4703,-1.2039
4704,-1.0293
4705,-0.5999
4706,-0.6643
4707,-0.7132
4708,-0.6617
4709,-1.6560
4710,-0.8090
4711,-1.1524
4712,-0.6909
4713,-0.9143
4714,-0.9556
4715,-1.5651
4716,-0.7288
4717,-1.2944
4718,-1.5055
4719,-1.0723
4720,-1.6641
4721,-1.1861
4722,-1.1912
4723,-0.7490
4724,-1.4815
4725,-1.1475
4726,-0.8565
4727,-1.2212
4728,-2.1227
4729,-0.8610
4730,-0.7263
4731,-1.8054
4732,-0.8668
4733,-0.9920
4734,-2.0835
4735,-1.0538
4736,-1.7577
4737,-0.7998
4738,-1.4134
4739,-1.4782
4740,-0.9364
4741,-1.9596
4742,-1.2455
4743,-2.2040
4744,-0.7053
4745,-1.9343
4746,-0.6238
4747,-1.6316
4748,-0.8785
4749,-0.9157
4750,-0.5481
4751,-2.6082
4752,-1.3245
4753,-0.9547
4754,-0.4223
4755,-1.1939
4756,-1.3976
4757,-1.8308
4758,-1.1361
4759,-0.7972
4760,-0.5561
4761,-0.9006
4762,-0.7624
4763,-1.5067
4764,-1.1077
4765,-0.5123
4766,-0.7565
4767,-1.2842
4768,-0.8088
4769,-1.3612
4770,-0.8384
4771,-1.1177
4772,-1.1002
4773,-1.2085
4774,-0.5762
4775,-1.0867
4776,-1.6691
4777,-1.1919
4778,-1.7252
4779,-1.4597
4780,-1.5868
4781,-1.7435
4782,-1.1180
4783,-1.8017
4784,-1.4903
4785,-0.4979
4786,-0.7879
4787,-0.9294
4788,-0.8070
4789,-1.4369
4790,-1.2473
4791,-1.7045
4792,-1.3179
4793,-1.6466
4794,-1.0361
4795,-1.3189
4796,-0.8595
4797,-0.9494
4798,-1.4977
4799,-0.9501
4800,-1.3318
4801,-1.7057
4802,-0.9434
4803,-1.3657
4804,-1.2158
4805,-1.3597
4806,-1.7323
4807,-1.5140
4808,-1.1123
4809,-0.7343
4810,-1.3550
4811,-1.3245
4812,-1.8203
4813,-0.9646
4814,-1.0871
4815,-1.1592
4816,-1.2359
4817,-0.4150
4818,-0.8417
4819,-1.5220
4820,-0.7834
4821,-1.7018
4822,-1.5762
4823,-1.4534
4824,-0.7825
4825,-0.7453
4826,-1.7102
4827,-1.3153
4828,-0.9650
4829,-1.7718
4830,-1.9278
4831,-0.6347
4832,-1.3279
4833,-0.7100
4834,-1.1281
4835,-1.5240
4836,-1.0782
4837,-1.2929
4838,-0.9317
4839,-0.8023
4840,-1.4079
4841,-0.8371
4842,-0.9507
4843,-0.5914
4844,-0.6036
4845,-1.3584
4846,-1.0250
4847,-2.0392
4848,-1.7160
4849,-0.9925
4850,-1.5438
4851,-1.2052
4852,-1.5515
4853,-1.5014
4854,-1.3998
4855,-2.2544
4856,-1.7781
4857,-0.4512
4858,-1.1244
4859,-1.1741
4860,-1.4225
4861,-1.5427
4862,-1.0091
4863,-1.8259
4864,-1.2253
4865,-2.0026
4866,-1.9600
4867,-0.4549
4868,-1.0813
4869,-0.5081
4870,-0.8927
4871,-1.3181
4872,-1.0061
4873,-1.3211
4874,-1.3052
4875,-0.4181
4876,-0.7517
4877,-1.5888
4878,-1.0441
4879,-1.0949
4880,-2.0006
4881,-0.6335
4882,-1.0175
4883,-0.8785
4884,-1.0728
4885,-0.7483
4886,-1.8460
4887,-1.5783
4888,-1.8049
4889,-1.5103
4890,-1.0330
4891,-0.4718
4892,-1.3415
4893,-1.3414
4894,-0.9540
4895,-1.0491
4896,-0.9945
4897,-0.9943
4898,-1.8116
4899,-1.3707
4900,-1.4391
4901,-1.3434
4902,-0.2601
4903,-1.5633
4904,-1.2677
4905,-1.1339
4906,-1.6043
4907,-0.9369
4908,-1.3791
4909,-1.6368
4910,-1.3815
4911,-1.3670
4912,-1.0213
4913,-1.6629
4914,-1.8577
4915,-0.8313
4916,-1.8188
4917,-1.1745
4918,-0.6807
4919,-1.4862
4920,-1.1325
4921,-0.8663
4922,-1.8785
4923,-1.8933
4924,-0.9469
4925,-1.2764
4926,-1.1724
4927,-0.9627
4928,-0.8263
4929,-1.8735
4930,-0.6297
4931,-1.9438
4932,-1.2575
4933,-2.0068
4934,-1.3834
4935,-1.3669
4936,-0.9748
4937,-0.8142
4938,-1.5951
4939,-0.8461
4940,-1.0937
4941,-1.9678
4942,-1.4823
4943,-0.9492
4944,-0.5930
4945,-1.8151
4946,-1.3899
4947,-1.4077
4948,-0.7878
4949,-1.1633
4950,-0.9588
4951,-1.3802
4952,-1.1197
4953,-1.0956
4954,-1.0584
4955,-1.3567
4956,-1.2735
4957,-1.5417
4958,-1.4128
4959,-1.4111
4960,-0.5675
4961,-1.5954
4962,-1.0096
4963,-1.1926
4964,-0.8879
4965,-0.9096
4966,-1.1136
4967,-1.5680
4968,-0.5381
4969,-2.2197
4970,-1.3116
4971,-1.0571
4972,-0.8564
4973,-0.4101
4974,-0.8393
4975,-1.9741
4976,-2.0482
4977,-1.5306
4978,-1.5760
4979,-1.1849
4980,-1.1469
4981,-0.7506
4982,-0.6212
4983,-0.8699
4984,-0.9639
4985,-0.8234
4986,-1.0231
4987,-0.9621
4988,-0.9066
4989,-1.1671
4990,-2.1606
4991,-1.4257
4992,-0.7007
4993,-1.2274
4994,-0.9699
4995,-0.6520
4996,-1.5813
4997,-1.4573
4998,-1.3406
4999,-1.3856
5000,-1.4424
5001,-1.8143
5002,-0.7319
5003,-0.9655
5004,-1.5131
5005,-1.6634
5006,-1.7849
5007,-1.2813
5008,-0.8864
5009,-1.5302
5010,-1.2867
5011,-0.8258
5012,-1.5230
5013,-0.8949
5014,-0.8977
5015,-0.3556
5016,-0.9252
5017,-0.6802
5018,-1.0460
5019,-0.7742
5020,-1.3378
5021,-1.0332
5022,-1.4405
5023,-1.4061
5024,-0.6295
5025,-0.8988
5026,-0.9601
5027,-0.9626
5028,-1.0948
5029,-0.9599
5030,-0.5743
5031,-0.7588
5032,-0.7650
5033,-1.2338
5034,-0.8396
5035,-1.5937
5036,-2.2481
5037,-1.3968
5038,-1.0721
5039,-0.7729
5040,-0.7514
5041,-1.2531
5042,-1.3391
5043,-1.5374
5044,-0.9242
5045,-1.1525
5046,-1.0305
5047,-0.7326
5048,-0.7503
5049,-1.3535
5050,-1.2721
5051,-1.2363
5052,-1.3857
5053,-0.6190
5054,-0.7717
5055,-0.7602
5056,-1.4802
5057,-1.0623
5058,-1.2498
5059,-1.1944
5060,-0.5992
5061,-1.1724
5062,-1.6882
5063,-0.5233
5064,-1.5970
5065,-1.5010
5066,-1.7653
5067,-0.8248
5068,-1.1011
5069,-1.7455
5070,-0.9674
5071,-0.4489
5072,-1.0295
5073,-1.6465
5074,-1.2928
5075,-0.5811
5076,-1.4261
5077,-1.5800
5078,-0.7611
5079,-1.3894
5080,-1.3466
5081,-2.3875
5082,-1.2657
5083,-0.8070
5084,-0.4004
5085,-1.8418
5086,-1.3155
5087,-1.5876
5088,-2.2481
5089,-1.8388
5090,-0.7163
5091,-0.5416
5092,-1.0575
5093,-1.5268
5094,-0.8740
5095,-1.0773
5096,-1.5128
5097,-1.0979
5098,-1.3180
5099,-1.9053
5100,-0.9099
5101,-1.1781
5102,-1.4333
5103,-1.5560
5104,-1.0245
5105,-1.7324
5106,-2.0885
5107,-1.0166
5108,-1.3252
5109,-0.4110
5110,-1.4394
5111,-1.1261
5112,-0.7291
5113,-1.0000
5114,-0.9138
5115,-1.3886
5116,-1.3569
5117,-1.1512
5118,-1.0552
5119,-1.0593
5120,-1.7468
5121,-1.3956
5122,-1.8665
5123,-0.9233
5124,-1.0742
5125,-1.1635
5126,-1.8231
5127,-0.5983
5128,-0.9845
5129,-0.4161
5130,-0.8958
5131,-1.6464
5132,-1.5347
5133,-1.7396
5134,-1.4339
5135,-0.3194
5136,-0.4937
5137,-0.9604
5138,-1.6127
5139,-1.1003
5140,-1.3008
5141,-0.9027
5142,-1.0215
5143,-1.0591
5144,-1.7205
5145,-1.1933
5146,-1.7768
5147,-1.1995
5148,-0.8992
5149,-1.2445
5150,-1.5187
5151,-0.8292
5152,-0.9346
5153,-2.0759
5154,-0.7347
5155,-1.1352
5156,-0.5277
5157,-1.0647
5158,-1.5709
5159,-1.4657
5160,-1.2798
5161,-1.2019
5162,-0.8223
5163,-1.2314
5164,-2.1033
5165,-2.2000
5166,-1.2788
5167,-0.8906
5168,-1.4035
5169,-1.7409
5170,-0.9902
5171,-1.5676
5172,-1.2475
5173,-1.2103
5174,-0.8731
5175,-0.8245
5176,-1.7833
5177,-0.7105
5178,-2.0837
5179,-0.8973
5180,-0.9156
5181,-1.9149
5182,-1.2265
5183,-1.0351
5184,-0.6118
5185,-1.0038
5186,-2.1304
5187,-1.4166
5188,-1.0775
5189,-1.4380
5190,-0.8361
5191,-1.5949
5192,-0.6091
5193,-1.2951
5194,-0.7791
5195,-0.8296
5196,-0.4508
5197,-0.5575
5198,-0.9157
5199,-1.1933
5200,-1.2583
5201,-1.3372
5202,-1.9957
5203,-0.6597
5204,-0.7961
5205,-0.5410
5206,-0.8833
5207,-0.4273
5208,-1.4781
5209,-1.0343
5210,-0.4617
5211,-1.4017
5212,-1.0822
5213,-0.7913
5214,-0.7344
5215,-1.6753
5216,-1.6089
5217,-1.2493
5218,-1.1091
5219,-0.3127
5220,-1.6852
5221,-1.2178
5222,-0.8798
5223,-0.5683
5224,-0.6022
5225,-1.1731
5226,-1.1694
5227,-1.2988
5228,-0.6317
5229,-1.2203
5230,-1.5418
5231,-2.2415
5232,-1.2306
5233,-1.4067
5234,-0.8558
5235,-0.9947
5236,-1.0734
5237,-1.0535
5238,-1.0207
5239,-1.0701
5240,-1.1502
5241,-1.2291
5242,-1.7007
5243,-0.7438
5244,-0.9203
5245,-1.6165
5246,-0.8224
5247,-1.5254
5248,-0.6363
5249,-1.0083
5250,-1.1108
5251,-1.3582
5252,-1.6551
5253,-0.6210
5254,-1.5979
5255,-1.3559
5256,-1.4956
5257,-1.1918
5258,-1.0414
5259,-0.8522
5260,-1.2746
5261,-0.8658
5262,-1.4696
5263,-1.7093
5264,-0.9800
5265,-1.3945
5266,-1.3370
5267,-0.8428
5268,-1.2667
5269,-0.9075
5270,-0.6128
5271,-1.4712
5272,-0.6927
5273,-0.7580
5274,-1.1703
5275,-0.9316
5276,-0.4263
5277,-1.0527
5278,-0.9118
5279,-0.7942
5280,-0.8576
5281,-1.8974
5282,-0.9438
5283,-2.6983
5284,-1.1327
5285,-0.6881
5286,-1.5474
5287,-0.8624
5288,-1.0897
5289,-0.9215
5290,-0.6572
5291,-1.2141
5292,-0.8800
5293,-1.6517
5294,-0.7872
5295,-1.5386
5296,-0.4736
5297,-1.1829
5298,-0.5772
5299,-1.3760
5300,-1.3094
5301,-1.1997
5302,-1.6134
5303,-0.6141
5304,-1.2677
5305,-1.2637
5306,-1.2521
5307,-1.1376
5308,-0.9714
5309,-0.9409
5310,-0.9001
5311,-1.6033
5312,-1.2690
5313,-0.9102
5314,-1.1584
5315,-1.3075
5316,-1.7063
5317,-1.1402
5318,-1.6840
5319,-2.2529
5320,-1.1825
5321,-1.8774
5322,-1.5959
5323,-1.6518
5324,-1.1330
5325,-0.8565
5326,-0.7585
5327,-0.9499
5328,-1.4121
5329,-2.2164
5330,-1.8067
5331,-1.2690
5332,-1.9083
5333,-1.4269
5334,-1.5288
5335,-1.3880
5336,-0.6339
5337,-0.6402
5338,-0.6988
5339,-1.4009
5340,-1.0869
5341,-0.6607
5342,-0.6751
5343,-0.6643
5344,-0.9663
5345,-0.4617
5346,-1.0513
5347,-0.8910
5348,-1.1682
5349,-1.3684
5350,-0.9913
5351,-0.9533
5352,-1.0330
5353,-1.5687
5354,-1.8818
5355,-0.9964
5356,-1.7746
5357,-1.3085
5358,-0.9472
5359,-1.6098
5360,-0.7812
5361,-0.9183
5362,-1.9317
5363,-1.2773
5364,-1.4222
5365,-0.9897
5366,-1.8849
5367,-0.6509
5368,-0.9825
5369,-1.4916
5370,-1.1569
5371,-0.4727
5372,-0.8057
5373,-0.9607
5374,-0.9720
5375,-1.4806
5376,-0.8734
5377,-1.4878
5378,-1.4047
5379,-1.2756
5380,-1.0808
5381,-1.4414
5382,-0.7890
5383,-1.1280
5384,-1.2527
5385,-1.1973
5386,-0.5951
5387,-0.7207
5388,-0.7449
5389,-0.7541
5390,-1.5069
5391,-1.7759
5392,-1.6643
5393,-0.9038
5394,-1.5023
5395,-1.8218
5396,-1.0743
5397,-0.8150
5398,-1.5732
5399,-1.5646
5400,-1.1162
5401,-1.1541
5402,-0.8934
5403,-1.2057
5404,-0.9714
5405,-1.9248
5406,-1.6001
5407,-1.0058
5408,-1.3181
5409,-0.8471
5410,-1.3631
5411,-0.7246
5412,-1.3772
5413,-0.9663
5414,-1.1289
5415,-1.4501
5416,-1.0863
5417,-1.0541
5418,-1.1138
5419,-1.2906
5420,-1.8179
5421,-0.9716
5422,-0.8061
5423,-0.3828
5424,-1.4996
5425,-0.7179
5426,-0.9593
5427,-1.2547
5428,-1.1486
5429,-0.5850
5430,-1.7462
5431,-1.4070
5432,-1.1094
5433,-1.1172
5434,-0.6185
5435,-0.8665
5436,-1.3145
5437,-1.2435
5438,-1.0252
5439,-0.8703
5440,-0.6448
5441,-0.6813
5442,-1.2585
5443,-1.3228
5444,-0.8761
5445,-1.5646
5446,-1.5502
5447,-0.9685
5448,-1.2428
5449,-1.7915
5450,-1.2625
5451,-0.9811
5452,-0.8421
5453,-0.5894
5454,-1.4051
5455,-1.0367
5456,-1.9897
5457,-1.3202
5458,-0.7280
5459,-0.6915
5460,-0.7684
5461,-1.2857
5462,-1.0553
5463,-0.3844
5464,-0.8810
5465,-1.3293
5466,-0.4022
5467,-1.0537
5468,-1.6573
5469,-0.6084
5470,-1.5741
5471,-1.0498
5472,-1.8850
5473,-0.8251
5474,-1.5125
5475,-0.8932
5476,-1.6979
5477,-1.1380
5478,-0.9233
5479,-2.4236
5480,-1.2188
5481,-1.4502
5482,-0.5568
5483,-0.5434
5484,-0.4189
5485,-0.8212
5486,-1.2681
5487,-1.4056
5488,-0.8941
5489,-1.1731
5490,-1.3332
5491,-1.4802
5492,-1.0385
5493,-1.3483
5494,-1.8591
5495,-0.6623
5496,-0.3883
5497,-0.2400
5498,-1.0073
5499,-1.2639
5500,-0.9238
5501,-1.5261
5502,-1.3093
5503,-1.9242
5504,-0.9152
5505,-1.0167
5506,-1.2424
5507,-1.4602
5508,-0.8148
5509,-1.1068
5510,-1.0077
5511,-1.1919
5512,-1.0177
5513,-1.2954
5514,-1.3873
5515,-0.9134
5516,-1.3902
5517,-1.5415
5518,-2.0135
5519,-1.0252
5520,-0.9513
5521,-0.6095
5522,-1.2073
5523,-1.4829
5524,-0.9685
5525,-2.3566
5526,-1.3917
5527,-1.9007
5528,-1.4189
5529,-0.6302
5530,-1.5376
5531,-1.0136
5532,-1.6193
5533,-1.6686
5534,-2.3112
5535,-1.0217
5536,-1.6430
5537,-0.8952
5538,-1.5165
5539,-0.3156
5540,-0.7323
5541,-0.7437
5542,-1.9029
5543,-1.1846
5544,-1.0801
5545,-1.1673
5546,-0.7151
5547,-1.2328
5548,-0.9817
5549,-1.0078
5550,-0.8081
5551,-0.6670
5552,-1.4061
5553,-1.4789
5554,-0.2891
5555,-1.1390
5556,-0.8376
5557,-0.7573
5558,-1.2117
5559,-1.7517
5560,-0.7875
5561,-1.2629
5562,-2.1998
5563,-1.1682
5564,-1.3221
5565,-1.1540
5566,-1.4105
5567,-2.0144
5568,-1.3857
5569,-1.4686
5570,-1.8704
5571,-1.4617
5572,-0.6776
5573,-1.2247
5574,-0.4687
5575,-1.2614
5576,-1.1381
5577,-2.2938
5578,-0.8758
5579,-2.4366
5580,-0.6482
5581,-0.3679
5582,-1.3120
5583,-0.8192
5584,-0.9858
5585,-0.8809
5586,-0.9726
5587,-1.0842
5588,-1.6857
5589,-1.2651
5590,-1.4277
5591,-1.7373
5592,-0.6493
5593,-0.9080
5594,-0.7216
5595,-0.8884
5596,-1.0708
5597,-1.4482
5598,-0.7943
5599,-1.2934
5600,-1.0006
5601,-1.1755
5602,-1.2313
5603,-0.9083
5604,-0.5834
5605,-0.9842
5606,-1.4458
5607,-1.2398
5608,-0.8715
5609,-1.0236
5610,-1.6155
5611,-1.5720
5612,-0.4277
5613,-1.1072
5614,-0.5993
5615,-1.0208
5616,-0.6324
5617,-1.4606
5618,-1.0544
5619,-0.4194
5620,-0.6624
5621,-0.6344
5622,-0.9270
5623,-0.5418
5624,-1.2201
5625,-1.1493
5626,-0.8994
5627,-1.7102
5628,-0.6826
5629,-0.7009
5630,-1.1952
5631,-1.7438
5632,-1.2066
5633,-1.4745
5634,-1.2496
5635,-1.6385
5636,-1.6331
5637,-1.5458
5638,-1.1639
5639,-0.7426
5640,-1.6509
5641,-2.0047
5642,-1.0990
5643,-1.1335
5644,-1.1299
5645,-1.2046
5646,-0.7541
5647,-1.0405
5648,-0.6576
5649,-1.2929
5650,-1.7931
5651,-1.4215
5652,-0.7603
5653,-0.9145
5654,-0.8491
5655,-1.5345
5656,-1.0644
5657,-1.6276
5658,-1.4443
5659,-0.6034
5660,-0.6925
5661,-0.7153
5662,-1.4011
5663,-1.8104
5664,-1.2262
5665,-0.6584
5666,-1.3000
5667,-0.3426
5668,-1.6475
5669,-0.6502
5670,-0.9597
5671,-1.1624
5672,-1.6452
5673,-1.3671
5674,-0.7126
5675,-1.5370
5676,-0.6925
5677,-1.9645
5678,-1.1201
5679,-0.9623
5680,-1.2022
5681,-0.8758
5682,-1.1800
5683,-1.1900
5684,-0.7322
5685,-0.6275
5686,-0.9672
5687,-1.9233
5688,-1.3716
5689,-1.0377
5690,-2.1720
5691,-1.5668
5692,-0.7434
5693,-0.6146
5694,-1.3222
5695,-0.8014
5696,-0.8470
5697,-1.0683
5698,-1.3542
5699,-0.4206
5700,-0.7519
5701,-1.7740
5702,-0.9170
5703,-1.5303
5704,-1.1570
5705,-1.1239
5706,-0.9752
5707,-1.2751
5708,-2.3406
5709,-1.2296
5710,-0.7453
5711,-1.9669
5712,-0.9923
5713,-1.4790
5714,-1.9913
5715,-0.9809
5716,-1.9628
5717,-1.2197
5718,-0.9139
5719,-1.1063
5720,-1.0150
5721,-1.0541
5722,-1.0550
5723,-1.4939
5724,-0.7423
5725,-1.2107
5726,-0.8394
5727,-1.2295
5728,-1.2988
5729,-1.1169
5730,-1.2239
5731,-0.4788
5732,-1.1395
5733,-0.8614
5734,-1.6796
5735,-1.7277
5736,-0.8373
5737,-1.1303
5738,-0.6140
5739,-1.2104
5740,-0.9123
5741,-0.9567
5742,-0.9913
5743,-0.9597
5744,-2.1220
5745,-1.1745
5746,-1.5369
5747,-1.9088
5748,-1.6281
5749,-1.3683
5750,-0.9156
5751,-1.3470
5752,-1.2762
5753,-1.7042
5754,-1.8816
5755,-0.7820
5756,-1.4200
5757,-1.5700
5758,-1.6661
5759,-1.4005
5760,-0.6208
5761,-1.2829
5762,-1.3815
5763,-1.3039
5764,-1.7506
5765,-1.0533
5766,-0.8965
5767,-1.3461
5768,-1.0901
5769,-1.5874
5770,-0.6929
5771,-1.4672
5772,-1.5439
5773,-1.3913
5774,-1.2713
5775,-0.7523
5776,-0.5851
5777,-1.4441
5778,-0.7108
5779,-0.7654
5780,-1.9041
5781,-1.7479
5782,-0.9153
5783,-2.1310
5784,-0.7640
5785,-1.0385
5786,-1.9385
5787,-1.0353
5788,-1.0284
5789,-1.0566
5790,-0.7271
5791,-1.5710
5792,-1.4464
5793,-1.0967
5794,-1.3891
5795,-1.5286
5796,-0.5718
5797,-1.1943
5798,-0.5022
5799,-1.1798
5800,-1.4541
5801,-0.8336
5802,-1.1061
5803,-1.1412
5804,-1.5978
5805,-0.9667
5806,-1.2194
5807,-1.1238
5808,-1.6425
5809,-1.0507
5810,-1.2726
5811,-1.4152
5812,-1.5885
5813,-0.9199
5814,-1.3198
5815,-1.3258
5816,-1.1492
5817,-0.8708
5818,-1.2646
5819,-1.1923
5820,-0.2438
5821,-0.8065
5822,-1.3406
5823,-1.1659
5824,-0.8230
5825,-1.0890
5826,-1.1582
5827,-0.6021
5828,-0.9280
5829,-1.7463
5830,-0.8078
5831,-0.6803
5832,-0.4908
5833,-1.3385
5834,-0.9365
5835,-1.8924
5836,-0.9437
5837,-1.5401
5838,-1.5413
5839,-1.0611
5840,-0.6211
5841,-1.1203
5842,-0.5659
5843,-0.9510
5844,-0.9680
5845,-2.0005
5846,-0.5965
5847,-0.8487
5848,-1.0610
5849,-0.5228
5850,-1.0748
5851,-0.9593
5852,-1.1092
5853,-0.7312
5854,-0.3161
5855,-1.4333
5856,-1.5133
5857,-1.9739
5858,-0.5276
5859,-0.7372
5860,-1.9111
5861,-0.7953
5862,-1.3584
5863,-1.0227
5864,-0.5099
5865,-1.3121
5866,-1.0156
5867,-0.6584
5868,-1.4196
5869,-1.2511
5870,-1.0361
5871,-1.4519
5872,-0.8740
5873,-1.3062
5874,-1.7843
5875,-0.6492
5876,-0.6607
5877,-0.6548
5878,-1.4186
5879,-1.1928
5880,-1.1079
5881,-0.9758
5882,-2.2425
5883,-1.0530
5884,-2.0516
5885,-1.2578
5886,-0.5378
5887,-0.9301
5888,-0.8972
5889,-1.0646
5890,-1.4680
5891,-1.8178
5892,-1.1217
5893,-0.5634
5894,-0.8788
5895,-1.3424
5896,-0.8706
5897,-0.9646
5898,-0.6020
5899,-1.6567
5900,-1.0932
5901,-0.9719
5902,-0.9875
5903,-0.6746
5904,-0.7052
5905,-0.4871
5906,-1.8245
5907,-1.4807
5908,-0.9990
5909,-0.5644
5910,-1.6438
5911,-0.9701
5912,-1.1043
5913,-1.8502
5914,-1.9792
5915,-1.3553
5916,-0.9879
5917,-0.9313
5918,-0.9916
5919,-0.7720
5920,-1.6341
5921,-1.3545
5922,-0.7455
5923,-1.6431
5924,-0.9189
5925,-0.8665
5926,-1.3496
5927,-1.2649
5928,-0.4067
5929,-2.1892
5930,-2.0212
5931,-1.5683
5932,-0.7808
5933,-1.5292
5934,-0.3703
5935,-2.3678
5936,-1.0069
5937,-1.3192
5938,-0.9950
5939,-1.6424
5940,-1.2412
5941,-1.1651
5942,-1.2103
5943,-1.2889
5944,-2.0594
5945,-0.4640
5946,-0.5420
5947,-1.1585
5948,-1.0926
5949,-0.9911
5950,-2.2418
5951,-0.4376
5952,-1.8229
5953,-1.9896
5954,-0.4828
5955,-1.4166
5956,-1.2982
5957,-1.9001
5958,-0.8770
5959,-1.0881
5960,-0.8525
5961,-1.3583
5962,-1.5930
5963,-1.4838
5964,-1.0417
5965,-1.7494
5966,-1.0539
5967,-1.7589
5968,-0.9142
5969,-1.4242
5970,-1.3168
5971,-1.0884
5972,-1.5038
5973,-1.3182
5974,-0.9273
5975,-1.5232
5976,-1.0653
5977,-1.7847
5978,-1.5908
5979,-0.5898
5980,-0.8631
5981,-2.4413
5982,-1.3191
5983,-1.1708
5984,-1.5575
5985,-0.4000
5986,-0.7359
5987,-1.9653
5988,-2.0285
5989,-0.6334
5990,-0.9680
5991,-1.1170
5992,-2.0971
5993,-2.0090
5994,-0.7212
5995,-1.4372
5996,-0.5554
5997,-0.8004
5998,-1.3934
5999,-1.2408
6000,-0.9865
6001,-1.9086
6002,-0.9439
6003,-1.2594
6004,-0.7143
6005,-1.5380
6006,-1.7014
6007,-0.8281
6008,-1.7214
6009,-1.2418
6010,-1.1750
6011,-1.2643
6012,-1.5037
6013,-0.8062
6014,-1.1103
6015,-1.8447
6016,-1.1383
6017,-1.2819
6018,-1.0093
6019,-1.7752
6020,-0.7605
6021,-1.0112
6022,-0.7833
6023,-1.2025
6024,-1.8118
6025,-0.6486
6026,-1.4289
6027,-1.9767
6028,-1.1659
6029,-1.0344
6030,-0.9189
6031,-0.8705
6032,-0.5980
6033,-1.4979
6034,-1.3843
6035,-1.0761
6036,-1.1619
6037,-0.7737
6038,-1.2307
6039,-0.7251
6040,-1.8687
6041,-0.7759
6042,-1.4200
6043,-0.7683
6044,-1.3125
6045,-0.5678
6046,-0.6014
6047,-1.0786
6048,-0.6819
6049,-0.9112
6050,-0.8136
6051,-1.5291
6052,-1.0638
6053,-1.0255
6054,-1.7058
6055,-1.5792
6056,-0.8964
6057,-0.9374
6058,-1.2643
6059,-0.8141
6060,-1.3919
6061,-1.6151
6062,-1.4098
6063,-1.5146
6064,-0.5445
6065,-1.1827
6066,-1.0976
6067,-0.4645
6068,-0.8090
6069,-0.6873
6070,-0.5499
6071,-0.7808
6072,-1.1931
6073,-1.6481
6074,-0.9802
6075,-1.1014
6076,-1.3493
6077,-1.1731
6078,-0.5283
6079,-0.5454
6080,-0.8670
6081,-0.9208
6082,-1.1746
6083,-0.6810
6084,-0.6337
6085,-0.8878
6086,-1.1373
6087,-1.3390
6088,-1.3464
6089,-1.1541
6090,-0.8656
6091,-0.9350
6092,-0.8997
6093,-1.5751
6094,-0.5911
6095,-1.4421
6096,-1.1089
6097,-1.3099
6098,-0.6780
6099,-1.0218
6100,-0.6282
6101,-1.5548
6102,-1.8769
6103,-1.7309
6104,-0.8317
6105,-0.6967
6106,-1.7820
6107,-1.4282
6108,-1.2520
6109,-0.6974
6110,-0.8482
6111,-0.5909
6112,-1.1685
6113,-0.7188
6114,-1.1258
6115,-1.0142
6116,-0.6825
6117,-1.0446
6118,-0.8493
6119,-0.3996
6120,-1.3300
6121,-0.6475
6122,-1.0754
6123,-0.9140
6124,-0.9609
6125,-0.8781
6126,-0.7425
6127,-1.2224
6128,-1.3101
6129,-1.2051
6130,-0.6929
6131,-1.4534
6132,-0.5608
6133,-1.2639
6134,-0.8493
6135,-1.0804
6136,-1.6269
6137,-1.6603
6138,-0.6657
6139,-1.6944
6140,-1.2479
6141,-1.2579
6142,-1.8159
6143,-0.9690
6144,-1.3679
6145,-1.2398
6146,-0.7326
6147,-1.1800
6148,-1.2071
6149,-1.3803
6150,-0.5360
6151,-1.0178
6152,-1.8180
6153,-0.9410
6154,-0.8477
6155,-1.7809
6156,-1.0231
6157,-1.1042
6158,-0.6488
6159,-1.4792
6160,-1.3265
6161,-0.9132
6162,-1.1054
6163,-1.0220
6164,-1.0656
6165,-1.2241
6166,-1.2497
6167,-1.6349
6168,-1.1071
6169,-1.2427
6170,-0.4294
6171,-0.5981
6172,-0.4569
6173,-1.0114
6174,-0.4759
6175,-0.8653
6176,-1.0082
6177,-1.0797
6178,-1.7728
6179,-1.4553
6180,-1.0864
6181,-1.6890
6182,-1.3931
6183,-2.0263
6184,-0.8798
6185,-1.3207
6186,-0.8682
6187,-1.1654
6188,-0.5356
6189,-1.1152
6190,-0.9090
6191,-0.6538
6192,-1.2786
6193,-1.3308
6194,-1.4613
6195,-1.8151
6196,-1.6538
6197,-1.1901
6198,-1.8503
6199,-1.0470
6200,-0.5937
6201,-1.0060
6202,-0.8913
6203,-0.6231
6204,-1.2918
6205,-1.7797
6206,-1.1353
6207,-1.3749
6208,-1.3948
6209,-0.6325
6210,-0.8506
6211,-1.1853
6212,-0.7851
6213,-1.3859
6214,-0.8631
6215,-1.3966
6216,-1.7014
6217,-1.5627
6218,-1.2545
6219,-1.6237
6220,-1.3467
6221,-1.0971
6222,-1.9612
6223,-1.0880
6224,-0.6218
6225,-1.0045
6226,-1.0179
6227,-1.3122
6228,-1.5160
6229,-1.5067
6230,-1.3100
6231,-1.1686
6232,-0.9725
6233,-1.3745
6234,-1.4837
6235,-0.8383
6236,-0.8924
6237,-0.6674
6238,-0.7884
6239,-1.1160
6240,-2.2752
6241,-1.4346
6242,-0.9322
6243,-1.8883
6244,-0.7695
6245,-0.9317
6246,-0.8072
6247,-1.5015
6248,-0.7595
6249,-1.3305
6250,-0.9693
6251,-1.6366
6252,-0.7724
6253,-0.5411
6254,-1.0874
6255,-1.3078
6256,-0.7326
6257,-1.7725
6258,-0.9100
6259,-0.6081
6260,-1.0310
6261,-1.1991
6262,-1.3925
6263,-1.0517
6264,-1.0013
6265,-1.4408
6266,-1.2302
6267,-1.0023
6268,-0.7397
6269,-1.0196
6270,-1.1077
6271,-1.1763
6272,-1.4366
6273,-0.9350
6274,-1.8510
6275,-0.5368
6276,-1.0451
6277,-1.0209
6278,-1.3734
6279,-1.3196
6280,-1.5607
6281,-1.6542
6282,-1.6238
6283,-1.2321
6284,-0.9552
6285,-1.0833
6286,-1.9334
6287,-0.7005
6288,-1.1625
6289,-1.2926
6290,-1.1081
6291,-0.7334
6292,-0.8342
6293,-0.7655
6294,-0.9893
6295,-0.7115
6296,-1.3051
6297,-1.3954
6298,-1.9875
6299,-1.4442
6300,-1.1434
6301,-1.5283
6302,-0.9666
6303,-0.7789
6304,-0.9099
6305,-1.1470
6306,-0.5875
6307,-0.3237
6308,-1.1430
6309,-1.6065
6310,-0.9910
6311,-0.8226
6312,-1.7879
6313,-1.0850
6314,-0.7459
6315,-0.8340
6316,-0.8254
6317,-0.7200
6318,-1.0639
6319,-1.0631
6320,-1.2728
6321,-1.7697
6322,-1.6387
6323,-1.0036
6324,-1.4076
6325,-1.1960
6326,-1.0837
6327,-1.3158
6328,-0.7810
6329,-1.5178
6330,-2.1769
6331,-1.6816
6332,-1.1924
6333,-1.1187
6334,-1.0031
6335,-0.9171
6336,-1.2712
6337,-1.2798
6338,-1.8143
6339,-1.5549
6340,-1.3331
6341,-0.7866
6342,-1.1690
6343,-1.2630
6344,-2.2299
6345,-1.3080
6346,-1.6489
6347,-0.7077
6348,-0.7841
6349,-0.8339
6350,-1.7401
6351,-1.4895
6352,-0.9525
6353,-2.6630
6354,-1.1349
6355,-1.2988
6356,-1.3051
6357,-0.9912
6358,-1.4499
6359,-0.8807
6360,-0.4618
6361,-0.5299
6362,-1.9590
6363,-1.2383
6364,-1.0702
6365,-1.1550
6366,-1.4057
6367,-1.4930
6368,-0.6061
6369,-1.0725
6370,-1.3296
6371,-1.4957
6372,-1.7637
6373,-1.3736
6374,-1.3675
6375,-1.2133
6376,-1.1105
6377,-1.6655
6378,-0.5621
6379,-1.8360
6380,-1.1272
6381,-1.1539
6382,-1.1607
6383,-1.0075
6384,-0.8963
6385,-0.9238
6386,-1.4225
6387,-0.5017
6388,-1.6708
6389,-0.6778
6390,-0.4578
6391,-1.1335
6392,-0.7826
6393,-1.4239
6394,-1.2903
6395,-1.1707
6396,-0.7577
6397,-1.2141
6398,-1.6246
6399,-0.8341
6400,-0.8955
6401,-1.5132
6402,-0.8623
6403,-0.8443
6404,-0.6274
6405,-1.5614
6406,-1.3577
6407,-0.6892
6408,-1.1506
6409,-1.4137
6410,-1.3291
6411,-0.6260
6412,-1.2725
6413,-0.7701
6414,-1.0129
6415,-1.1227
6416,-1.0455
6417,-1.3129
6418,-0.7944
6419,-1.1058
6420,-1.7305
6421,-1.0720
6422,-1.7568
6423,-0.9554
6424,-1.5784
6425,-0.5476
6426,-1.5870
6427,-1.2255
6428,-1.5078
6429,-0.7884
6430,-0.9174
6431,-1.1502
6432,-1.3431
6433,-1.3236
6434,-1.1738
6435,-0.9015
6436,-1.7040
6437,-0.8967
6438,-1.6976
6439,-1.5577
6440,-1.2678
6441,-1.4339
6442,-0.7478
6443,-1.3203
6444,-1.3115
6445,-1.2098
6446,-0.9161
6447,-0.1878
6448,-0.6781
6449,-0.8244
6450,-1.0995
6451,-0.8947
6452,-1.3750
6453,-1.8772
6454,-0.3404
6455,-1.4040
6456,-0.7268
6457,-1.1544
6458,-0.9399
6459,-1.0599
6460,-0.9317
6461,-0.9398
6462,-0.8899
6463,-0.8025
6464,-0.5653
6465,-2.1908
6466,-1.0715
6467,-0.4197
6468,-1.7176
6469,-0.9943
6470,-0.9940
6471,-0.8612
6472,-0.8964
6473,-0.7211
6474,-1.6120
6475,-0.9930
6476,-1.0784
6477,-1.2440
6478,-1.1629
6479,-1.5836
6480,-1.1179
6481,-1.4471
6482,-0.9396
6483,-0.7024
6484,-0.9508
6485,-0.9528
6486,-0.9012
6487,-1.1776
6488,-1.5956
6489,-0.7447
6490,-1.6548
6491,-1.1358
6492,-1.6160
6493,-0.6035
6494,-0.4578
6495,-0.4512
6496,-0.8385
6497,-2.2431
6498,-1.0923
6499,-1.1525
6500,-1.1036
6501,-1.3691
6502,-1.0432
6503,-0.7234
6504,-0.7554
6505,-0.9223
6506,-1.4686
6507,-1.4058
6508,-0.7361
6509,-1.3757
6510,-1.3639
6511,-1.2109
6512,-0.7048
6513,-1.5349
6514,-1.1112
6515,-1.4672
6516,-1.4394
6517,-1.2412
6518,-1.1511
6519,-0.9130
6520,-0.7803
6521,-2.0723
6522,-1.1334
6523,-0.8049
6524,-0.4334
6525,-1.8914
6526,-1.2411
6527,-1.4073
6528,-0.8258
6529,-1.3500
6530,-1.0589
6531,-0.8431
6532,-1.0847
6533,-1.4631
6534,-1.1041
6535,-0.8710
6536,-1.4424
6537,-1.5579
6538,-1.1027
6539,-0.9709
6540,-1.1499
6541,-1.1841
6542,-1.1303
6543,-1.0366
6544,-1.4108
6545,-0.9674
6546,-0.9133
6547,-1.1545
6548,-1.2160
6549,-1.0445
6550,-1.5576
6551,-1.1532
6552,-1.4464
6553,-0.5151
6554,-2.1529
6555,-0.5078
6556,-0.6261
6557,-0.5922
6558,-0.7388
6559,-0.8333
6560,-1.3340
6561,-1.3400
6562,-1.0807
6563,-1.4441
6564,-0.8747
6565,-2.1829
6566,-0.7571
6567,-0.9204
6568,-0.6452
6569,-0.8139
6570,-1.1083
6571,-1.5321
6572,-0.5152
6573,-0.7808
6574,-0.9853
6575,-0.7190
6576,-0.8985
6577,-0.4167
6578,-0.8417
6579,-2.1332
6580,-0.4715
6581,-1.6252
6582,-1.0492
6583,-1.2415
6584,-0.5588
6585,-1.8432
6586,-1.6656
6587,-0.6217
6588,-0.8643
6589,-1.6558
6590,-1.0613
6591,-1.7468
6592,-1.6937
6593,-0.9268
6594,-0.8422
6595,-1.4655
6596,-0.8725
6597,-1.1748
6598,-1.5601
6599,-0.7519
6600,-1.4835
6601,-1.2007
6602,-1.7546
6603,-1.6705
6604,-1.7008
6605,-1.1813
6606,-1.2770
6607,-1.8554
6608,-1.7949
6609,-1.3300
6610,-0.6721
6611,-1.1055
6612,-1.5419
6613,-1.7719
6614,-1.8231
6615,-1.0545
6616,-0.9369
6617,-0.9467
6618,-0.9939
6619,-0.7539
6620,-0.9076
6621,-1.6470
6622,-0.8920
6623,-0.7756
6624,-1.9282
6625,-1.9976
6626,-1.6064
6627,-1.6669
6628,-1.0791
6629,-0.7464
6630,-0.9110
6631,-1.5186
6632,-0.6723
6633,-0.9413
6634,-0.9010
6635,-0.9369
6636,-0.8187
6637,-0.6726
6638,-1.4896
6639,-0.8151
6640,-1.1212
6641,-1.2777
6642,-1.6292
6643,-1.0740
6644,-1.6824
6645,-0.6984
6646,-0.7983
6647,-0.5761
6648,-0.6160
6649,-1.1563
6650,-1.4253
6651,-0.8867
6652,-1.4933
6653,-1.3711
6654,-1.2040
6655,-0.4558
6656,-0.8864
6657,-1.1951
6658,-0.9500
6659,-1.2060
6660,-0.9722
6661,-0.8130
6662,-1.2714
6663,-0.8615
6664,-0.8885
6665,-1.0875
6666,-1.5185
6667,-0.8650
6668,-0.6548
6669,-0.7586
6670,-1.7448
6671,-0.7876
6672,-1.5044
6673,-1.1579
6674,-1.0960
6675,-2.4680
6676,-1.9266
6677,-1.0584
6678,-0.5010
6679,-1.1443
6680,-1.4041
6681,-0.5263
6682,-0.8288
6683,-1.6486
6684,-0.9808
6685,-1.6029
6686,-0.5721
6687,-1.7314
6688,-1.2285
6689,-0.7939
6690,-0.9179
6691,-0.6990
6692,-0.8659
6693,-1.3275
6694,-1.9571
6695,-1.1464
6696,-1.7342
6697,-1.7125
6698,-1.9909
6699,-1.3425
6700,-0.5931
6701,-1.6839
6702,-1.0307
6703,-1.3961
6704,-1.2884
6705,-1.1278
6706,-1.1101
6707,-0.4299
6708,-0.8215
6709,-1.2649
6710,-2.0855
6711,-0.8926
6712,-2.0307
6713,-1.8166
6714,-1.5346
6715,-0.8626
6716,-1.4128
6717,-1.3596
6718,-1.1191
6719,-1.6372
6720,-1.5575
6721,-1.0802
6722,-1.2426
6723,-1.0021
6724,-1.2565
6725,-1.4717
6726,-1.0110
6727,-1.6377
6728,-1.5210
6729,-0.9480
6730,-1.1677
6731,-0.9284
6732,-0.8002
6733,-0.9487
6734,-0.8426
6735,-1.0316
6736,-0.9759
6737,-1.0104
6738,-0.9934
6739,-0.5631
6740,-1.1417
6741,-2.0416
6742,-0.6627
6743,-0.8550
6744,-1.1910
6745,-1.2303
6746,-1.1180
6747,-0.6694
6748,-0.5846
6749,-1.8254
6750,-0.7176
6751,-1.1962
6752,-0.7832
6753,-2.0471
6754,-1.6163
6755,-0.8002
6756,-1.3744
6757,-1.1719
6758,-0.8874
6759,-1.4650
6760,-0.6932
6761,-0.9373
6762,-1.1054
6763,-0.9331
6764,-1.6357
6765,-1.0904
6766,-0.7956
6767,-1.0467
6768,-1.2529
6769,-0.8794
6770,-1.0113
6771,-1.2303
6772,-1.2405
6773,-0.4527
6774,-0.6806
6775,-1.2729
6776,-1.9710
6777,-0.7240
6778,-1.2017
6779,-2.1593
6780,-1.2057
6781,-1.5813
6782,-0.7119
6783,-1.4616
6784,-1.5087
6785,-1.5735
6786,-1.2308
6787,-1.1971
6788,-1.4983
6789,-1.2022
6790,-1.0087
6791,-0.9037
6792,-1.3758
6793,-0.3020
6794,-1.3336
6795,-1.1779
6796,-0.9071
6797,-1.9442
6798,-1.1523
6799,-1.2088
6800,-1.9823
6801,-1.0771
6802,-1.2308
6803,-0.9475
6804,-1.4434
6805,-1.3136
6806,-1.0618
6807,-2.1010
6808,-1.9116
6809,-0.4677
6810,-0.8857
6811,-0.9337
6812,-1.1941
6813,-0.9813
6814,-1.2067
6815,-0.7799
6816,-1.1026
6817,-1.5552
6818,-1.9139
6819,-0.8583
6820,-1.0926
6821,-0.7996
6822,-1.1108
6823,-1.1396
6824,-1.5139
6825,-0.8416
6826,-0.8164
6827,-0.9218
6828,-0.8871
6829,-1.8071
6830,-1.6309
6831,-1.0470
6832,-1.6602
6833,-0.8798
6834,-1.4520
6835,-0.5922
6836,-1.6827
6837,-0.9613
6838,-0.7178
6839,-1.1122
6840,-1.1103
6841,-1.2696
6842,-1.2830
6843,-1.0534
6844,-0.7871
6845,-1.1483
6846,-1.0501
6847,-1.0005
6848,-0.9319
6849,-1.1692
6850,-1.4907
6851,-1.4221
6852,-0.8373
6853,-1.8221
6854,-0.8404
6855,-0.8919
6856,-0.5443
6857,-0.6032
6858,-1.3996
6859,-0.8520
6860,-1.8715
6861,-1.4502
6862,-2.1460
6863,-1.0240
6864,-1.3431
6865,-0.5512
6866,-1.5255
6867,-1.4825
6868,-1.6722
6869,-1.1665
6870,-0.8415
6871,-0.9143
6872,-1.3966
6873,-0.8709
6874,-1.4393
6875,-1.3654
6876,-0.9939
6877,-1.2747
6878,-0.9530
6879,-1.1218
6880,-1.4232
6881,-1.2335
6882,-1.0707
6883,-1.1466
6884,-1.3039
6885,-0.7370
6886,-0.9320
6887,-2.2679
6888,-0.9094
6889,-1.4522
6890,-0.9871
6891,-1.1470
6892,-0.5712
6893,-1.1772
6894,-0.9363
6895,-2.7015
6896,-1.5681
6897,-1.7565
6898,-1.6000
6899,-1.3309
6900,-1.2396
6901,-1.2763
6902,-1.2865
6903,-1.4853
6904,-0.9586
6905,-1.9738
6906,-1.3043
6907,-1.2026
6908,-1.1259
6909,-1.2704
6910,-0.9604
6911,-0.6029
6912,-1.5050
6913,-1.6000
6914,-1.1085
6915,-1.4311
6916,-1.8966
6917,-1.3105
6918,-1.8602
6919,-0.7801
6920,-1.9103
6921,-0.9209
6922,-0.0403
6923,-0.6788
6924,-1.7404
6925,-1.0066
6926,-2.0294
6927,-0.4531
6928,-0.6389
6929,-0.3056
6930,-1.9606
6931,-0.9562
6932,-1.3094
6933,-1.0730
6934,-0.4850
6935,-1.5646
6936,-1.5037
6937,-1.3192
6938,-1.6269
6939,-0.9071
6940,-1.3817
6941,-1.8898
6942,-0.6326
6943,-1.2025
6944,-0.5723
6945,-1.2430
6946,-0.7944
6947,-1.0431
6948,-0.9536
6949,-1.1932
6950,-0.3630
6951,-1.0048
6952,-1.4165
6953,-1.2898
6954,-1.2001
6955,-0.9239
6956,-1.3671
6957,-1.3458
6958,-0.9210
6959,-1.1807
6960,-0.7349
6961,-1.1023
6962,-1.0408
6963,-0.6573
6964,-1.2670
6965,-1.0731
6966,-1.3306
6967,-1.4863
6968,-1.5853
6969,-1.5363
6970,-1.6502
6971,-1.4668
6972,-0.9705
6973,-1.3130
6974,-1.5935
6975,-0.6699
6976,-1.0363
6977,-1.4547
6978,-1.4475
6979,-1.2086
6980,-1.1069
6981,-0.7396
6982,-0.8635
6983,-0.9398
6984,-1.2254
6985,-1.6965
6986,-1.5894
6987,-0.6884
6988,-0.5710
6989,-1.1043
6990,-2.2397
6991,-0.6460
6992,-1.0094
6993,-1.4071
6994,-1.0861
6995,-0.5659
6996,-0.8149
6997,-1.0120
6998,-0.4441
6999,-1.2527
7000,-1.2192
7001,-0.5845
7002,-1.1637
7003,-1.1123
7004,-1.3664
7005,-0.9523
7006,-1.0893
7007,-0.7373
7008,-0.9171
7009,-0.9525
7010,-0.9814
7011,-2.4482
7012,-0.6781
7013,-2.0947
7014,-1.1052
7015,-0.8496
7016,-0.6737
7017,-1.7190
7018,-1.4548
7019,-1.6186
7020,-1.2684
7021,-1.2735
7022,-0.9215
7023,-1.3279
7024,-2.3237
7025,-1.0329
7026,-0.5988
7027,-0.5098
7028,-1.3740
7029,-1.1648
7030,-0.9247
7031,-1.4727
7032,-1.5717
7033,-1.3708
7034,-0.7263
7035,-2.1125
7036,-1.3224
7037,-0.1395
7038,-0.8386
7039,-1.2157
7040,-0.6083
7041,-0.9141
7042,-1.4817
7043,-0.8483
7044,-0.7021
7045,-1.1228
7046,-1.1523
7047,-1.2686
7048,-0.9690
7049,-1.5283
7050,-1.7531
7051,-2.0906
7052,-0.8688
7053,-1.8947
7054,-1.1363
7055,-1.7111
7056,-0.4045
7057,-1.2422
7058,-1.1573
7059,-1.1583
7060,-1.4018
7061,-1.3690
7062,-0.7769
7063,-1.3580
7064,-0.6587
7065,-1.0838
7066,-0.7361
7067,-1.4704
7068,-1.2061
7069,-1.3199
7070,-1.1242
7071,-0.8426
7072,-1.3941
7073,-1.3905
7074,-1.0238
7075,-1.8138
7076,-1.0757
7077,-0.9600
7078,-0.8203
7079,-0.9428
7080,-1.3388
7081,-0.8312
7082,-0.9282
7083,-0.9320
7084,-1.3368
7085,-1.0545
7086,-1.0596
7087,-1.7323
7088,-0.3881
7089,-0.9079
7090,-1.3002
7091,-1.1254
7092,-1.0692
7093,-1.6247
7094,-2.0434
7095,-0.6322
7096,-1.1398
7097,-1.1736
7098,-1.4063
7099,-2.0036
7100,-1.2626
7101,-0.7380
7102,-0.4838
7103,-0.8719
7104,-1.1786
7105,-1.5246
7106,-1.4901
7107,-1.7685
7108,-0.7648
7109,-0.8514
7110,-2.0332
7111,-0.4780
7112,-1.3329
7113,-1.5851
7114,-1.4455
7115,-1.6849
7116,-0.8586
7117,-0.7018
7118,-1.5561
7119,-1.2771
7120,-1.2111
7121,-0.8745
7122,-0.7322
7123,-1.6259
7124,-1.2917
7125,-0.4021
7126,-1.2845
7127,-0.7428
7128,-1.2089
7129,-1.1841
7130,-1.1191
7131,-1.3355
7132,-1.3004
7133,-1.1548
7134,-0.8239
7135,-0.5230
7136,-0.8163
7137,-1.5893
7138,-0.4524
7139,-0.3912
7140,-0.8957
7141,-1.0686
7142,-1.6869
7143,-0.4411
7144,-1.6911
7145,-0.6465
7146,-1.4756
7147,-1.2800
7148,-1.2215
7149,-1.0597
7150,-1.1348
7151,-0.8607
7152,-1.2970
7153,-0.7112
7154,-0.9028
7155,-1.0477
7156,-0.5433
7157,-0.4686
7158,-0.6077
7159,-0.9588
7160,-1.8494
7161,-0.9194
7162,-0.9122
7163,-1.1418
7164,-1.0084
7165,-0.5541
7166,-0.7278
7167,-1.3781
7168,-0.7131
7169,-0.8179
7170,-0.6413
7171,-2.0559
7172,-1.2796
7173,-0.9434
7174,-1.2224
7175,-2.3040
7176,-0.5983
7177,-0.8612
7178,-0.4822
7179,-0.5772
7180,-0.4864
7181,-1.2616
7182,-1.2410
7183,-1.3161
7184,-1.0552
7185,-1.6375
7186,-0.9426
7187,-1.3845
7188,-1.0291
7189,-1.6313
7190,-0.9221
7191,-1.3098
7192,-1.5713
7193,-0.8428
7194,-1.7654
7195,-1.4268
7196,-1.8227
7197,-0.5820
7198,-0.6673
7199,-1.5420
7200,-1.8074
7201,-1.0984
7202,-1.1362
7203,-1.2884
7204,-1.7598
7205,-0.7519
7206,-0.8187
7207,-1.6264
7208,-1.3808
7209,-1.8047
7210,-0.6147
7211,-0.7124
7212,-0.8637
7213,-1.0894
7214,-0.6406
7215,-0.6507
7216,-1.1699
7217,-0.8092
7218,-0.8907
7219,-0.4535
7220,-1.8250
7221,-0.7243
7222,-0.9027
7223,-0.8450
7224,-1.5476
7225,-1.0035
7226,-0.6936
7227,-1.3747
7228,-1.7727
7229,-1.0250
7230,-1.1076
7231,-1.3929
7232,-1.4137
7233,-1.3296
7234,-0.9763
7235,-1.5586
7236,-1.3971
7237,-1.8083
7238,-0.9003
7239,-0.9044
7240,-1.0123
7241,-1.0719
7242,-1.2096
7243,-1.2142
7244,-1.2655
7245,-0.9492
7246,-0.6727
7247,-2.4178
7248,-1.2836
7249,-1.9266
7250,-0.8109
7251,-1.0837
7252,-1.2236
7253,-1.6086
7254,-1.2962
7255,-1.1812
7256,-0.9156
7257,-1.1996
7258,-1.9159
7259,-1.5133
7260,-1.1999
7261,-1.0967
7262,-1.4277
7263,-0.7099
7264,-0.5708
7265,-1.3983
7266,-0.7693
7267,-1.7553
7268,-1.1976
7269,-1.9984
7270,-1.1858
7271,-1.2928
7272,-0.6347
7273,-0.7466
7274,-1.3158
7275,-0.8236
7276,-0.8103
7277,-1.6203
7278,-1.0152
7279,-1.4325
7280,-0.5132
7281,-0.9827
7282,-1.1729
7283,-1.3868
7284,-2.1366
7285,-1.4818
7286,-1.4293
7287,-1.0808
7288,-1.4174
7289,-0.7828
7290,-0.5806
7291,-0.7056
7292,-0.6291
7293,-1.1837
7294,-2.0652
7295,-1.1547
7296,-1.5624
7297,-0.8796
7298,-1.1100
7299,-1.4326
7300,-1.7240
7301,-0.6917
7302,-1.3489
7303,-1.0696
7304,-1.2050
7305,-1.4718
7306,-1.2659
7307,-0.9105
7308,-1.3087
7309,-0.9993
7310,-0.5680
7311,-1.8854
7312,-1.6416
7313,-1.3956
7314,-1.6166
7315,-0.8704
7316,-0.9653
7317,-0.6803
7318,-0.8694
7319,-0.9465
7320,-1.5209
7321,-1.2963
7322,-2.1932
7323,-0.9191
7324,-1.6971
7325,-0.8619
7326,-1.0960
7327,-1.1088
7328,-0.9047
7329,-1.9553
7330,-0.8262
7331,-0.6916
7332,-0.9764
7333,-0.6607
7334,-0.9016
7335,-0.9042
7336,-1.0420
7337,-1.6245
7338,-1.0943
7339,-1.4498
7340,-0.6609
7341,-1.7135
7342,-1.6438
7343,-0.5011
7344,-1.4070
7345,-0.2505
7346,-1.5107
7347,-0.8119
7348,-0.4040
7349,-0.8524
7350,-2.0362
7351,-1.4291
7352,-0.9036
7353,-0.8456
7354,-1.0296
7355,-0.9492
7356,-1.6681
7357,-0.8494
7358,-1.3865
7359,-2.0246
7360,-2.1523
7361,-1.0604
7362,-0.7817
7363,-1.1001
7364,-1.5672
7365,-0.7484
7366,-0.8340
7367,-0.9693
7368,-0.9021
7369,-1.0335
7370,-0.8605
7371,-1.0097
7372,-1.1527
7373,-1.4687
7374,-1.5844
7375,-0.9902
7376,-1.2636
7377,-2.0726
7378,-1.1018
7379,-0.9372
7380,-0.5633
7381,-1.1611
7382,-1.1562
7383,-1.1520
7384,-1.1863
7385,-1.0113
7386,-1.3517
7387,-1.3078
7388,-1.5559
7389,-1.2967
7390,-0.7811
7391,-1.6312
7392,-0.6956
7393,-1.8189
7394,-1.4758
7395,-1.5976
7396,-1.3260
7397,-1.8125
7398,-1.4038
7399,-1.2523
7400,-1.2139
7401,-0.9863
7402,-1.2883
7403,-1.8488
7404,-1.2293
7405,-1.1947
7406,-0.9634
7407,-0.9150
7408,-1.0046
7409,-0.9756
7410,-0.6867
7411,-1.3533
7412,-1.1083
7413,-1.4527
7414,-0.5240
7415,-1.1367
7416,-0.9083
7417,-0.5984
7418,-1.3303
7419,-1.8833
7420,-1.4511
7421,-1.4923
7422,-1.0987
7423,-1.2738
7424,-1.1587
7425,-0.7277
7426,-0.8488
7427,-0.8074
7428,-1.3290
7429,-0.5917
7430,-1.1497
7431,-1.3113
7432,-0.6595
7433,-0.6909
7434,-0.9517
7435,-0.8001
7436,-1.1199
7437,-1.1670
7438,-1.6896
7439,-1.2664
7440,-1.3223
7441,-0.6446
7442,-1.0497
7443,-1.3518
7444,-0.5943
7445,-0.6409
7446,-1.5391
7447,-0.6395
7448,-0.6244
7449,-1.3370
7450,-1.5206
7451,-0.8353
7452,-1.0422
7453,-0.8891
7454,-0.8199
7455,-0.7874
7456,-1.4675
7457,-0.2262
7458,-1.5833
7459,-1.6632
7460,-1.0879
7461,-1.8547
7462,-1.9403
7463,-0.6106
7464,-1.1637
7465,-0.9553
7466,-0.7031
7467,-0.8724
7468,-1.0922
7469,-0.5293
7470,-1.4541
7471,-0.7496
7472,-0.9885
7473,-1.3650
7474,-0.9445
7475,-1.3168
7476,-0.7047
7477,-0.8040
7478,-1.8259
7479,-1.8787
7480,-1.1323
7481,-0.7697
7482,-0.7122
7483,-1.8594
7484,-1.9525
7485,-1.0072
7486,-1.0985
7487,-1.7671
7488,-0.8794
7489,-0.6319
7490,-1.1633
7491,-0.8667
7492,-1.5256
7493,-0.9266
7494,-1.7360
7495,-1.5395
7496,-0.7222
7497,-0.7511
7498,-1.8145
7499,-1.0384
7500,-1.5693
7501,-1.7517
7502,-1.9361
7503,-1.4242
7504,-1.0251
7505,-0.7301
7506,-1.6571
7507,-0.6468
7508,-1.4074
7509,-1.1618
7510,-1.9227
7511,-2.4311
7512,-1.1671
7513,-1.1388
7514,-2.1645
7515,-1.3703
7516,-1.2300
7517,-0.9891
7518,-1.2834
7519,-1.6137
7520,-1.2005
7521,-1.1171
7522,-0.7000
7523,-1.0958
7524,-1.1776
7525,-0.7273
7526,-0.9722
7527,-1.1788
7528,-1.1287
7529,-0.6234
7530,-1.8085
7531,-1.1003
7532,-1.1370
7533,-1.0677
7534,-2.0115
7535,-1.4039
7536,-0.9588
7537,-0.3370
7538,-1.3783
7539,-0.8900
7540,-1.5031
7541,-0.7597
7542,-1.0750
7543,-0.4972
7544,-1.2123
7545,-0.9159
7546,-0.9357
7547,-1.0824
7548,-0.6463
7549,-1.1187
7550,-0.8448
7551,-0.6126
7552,-0.1761
7553,-0.9436
7554,-1.2741
7555,-1.0696
7556,-1.3540
7557,-1.1607
7558,-0.8642
7559,-1.2664
7560,-0.9981
7561,-1.7550
7562,-0.9689
7563,-1.1805
7564,-0.9515
7565,-0.8802
7566,-0.7849
7567,-0.8306
7568,-0.9078
7569,-0.8565
7570,-1.1694
7571,-1.1634
7572,-1.3301
7573,-1.2835
7574,-1.8153
7575,-1.2932
7576,-0.8410
7577,-1.6079
7578,-2.0374
7579,-0.9904
7580,-1.4974
7581,-0.8997
7582,-0.6484
7583,-1.2260
7584,-1.1010
7585,-0.8223
7586,-1.1353
7587,-1.6446
7588,-1.0733
7589,-0.8364
7590,-0.8983
7591,-1.9301
7592,-0.9145
7593,-1.2567
7594,-0.9581
7595,-1.6329
7596,-1.3118
7597,-0.9831
7598,-1.4568
7599,-1.5317
7600,-0.7223
7601,-0.5939
7602,-0.8394
7603,-1.2957
7604,-0.8223
7605,-1.1333
7606,-0.8852
7607,-1.4759
7608,-1.0120
7609,-1.1892
7610,-0.5713
7611,-1.1237
7612,-0.6544
7613,-1.6565
7614,-1.0498
7615,-1.4674
7616,-2.0417
7617,-0.8822
7618,-1.1107
7619,-1.0050
7620,-1.1816
7621,-0.7454
7622,-1.3197
7623,-1.1778
7624,-1.1823
7625,-1.0848
7626,-1.7174
7627,-1.0982
7628,-1.1356
7629,-1.2515
7630,-1.0843
7631,-0.5414
7632,-1.4501
7633,-1.5118
7634,-0.7242
7635,-1.9018
7636,-0.7049
7637,-1.5362
7638,-1.0506
7639,-0.5646
7640,-1.5626
7641,-1.7667
7642,-1.6196
7643,-0.5628
7644,-1.1529
7645,-1.5990
7646,-2.2069
7647,-1.1284
7648,-0.9697
7649,-1.5532
7650,-1.0155
7651,-0.9650
7652,-0.8878
7653,-0.9510
7654,-2.0273
7655,-1.0681
7656,-1.6964
7657,-1.9626
7658,-0.5178
7659,-1.6426
7660,-0.6355
7661,-1.3498
7662,-1.0593
7663,-0.7506
7664,-1.6510
7665,-1.6191
7666,-1.6200
7667,-1.3907
7668,-0.8426
7669,-0.9476
7670,-0.9373
7671,-1.5490
7672,-1.6956
7673,-1.7235
7674,-1.1887
7675,-0.7665
7676,-1.4226
7677,-1.6166
7678,-1.1940
7679,-1.1386
7680,-1.4737
7681,-0.9294
7682,-1.4673
7683,-0.8733
7684,-1.3791
7685,-1.7167
7686,-0.7718
7687,-0.9415
7688,-1.5617
7689,-1.6824
7690,-1.6566
7691,-1.0545
7692,-2.6354
7693,-1.1917
7694,-0.8303
7695,-1.1744
7696,-0.7485
7697,-0.8163
7698,-1.2519
7699,-1.5022
7700,-0.6407
7701,-0.9494
7702,-1.4507
7703,-0.5140
7704,-0.5389
7705,-0.8989
7706,-0.6729
7707,-1.2721
7708,-1.1475
7709,-1.6150
7710,-1.6425
7711,-0.8559
7712,-1.5199
7713,-1.3731
7714,-0.8961
7715,-1.4561
7716,-0.8937
7717,-0.5347
7718,-1.6278
7719,-1.4883
7720,-1.3689
7721,-1.3104
7722,-1.0203
7723,-1.8847
7724,-0.8319
7725,-1.0458
7726,-1.9372
7727,-0.6749
7728,-1.3713
7729,-1.6658
7730,-1.5249
7731,-1.2137
7732,-0.7526
7733,-1.4203
7734,-1.8352
7735,-1.2269
7736,-0.9850
7737,-1.4829
7738,-1.2578
7739,-0.4675
7740,-0.7674
7741,-1.4350
7742,-1.1446
7743,-0.8905
7744,-1.5658
7745,-1.4444
7746,-0.8726
7747,-0.7087
7748,-1.1949
7749,-1.7150
7750,-0.7500
7751,-1.2826
7752,-0.9272
7753,-1.0773
7754,-0.9785
7755,-0.5748
7756,-1.0169
7757,-1.2365
7758,-0.7437
7759,-1.0810
7760,-0.7890
7761,-1.1911
7762,-0.5947
7763,-0.9454
7764,-1.4761
7765,-1.5126
7766,-0.8141
7767,-1.1645
7768,-1.6778
7769,-0.8721
7770,-2.4254
7771,-1.5844
7772,-1.4063
7773,-0.9139
7774,-1.1851
7775,-1.3829
7776,-0.8829
7777,-1.7457
7778,-0.9704
7779,-1.4368
7780,-1.2315
7781,-1.5789
7782,-0.5062
7783,-1.1380
7784,-1.7250
7785,-1.5248
7786,-1.0157
7787,-1.7801
7788,-1.5895
7789,-1.4233
7790,-1.0905
7791,-0.8606
7792,-1.1823
7793,-0.6660
7794,-1.3947
7795,-0.6201
7796,-1.8865
7797,-0.5694
7798,-0.8268
7799,-1.3310
7800,-1.3006
7801,-1.7520
7802,-1.7557
7803,-1.8000
7804,-1.5406
7805,-1.7763
7806,-1.6269
7807,-1.4586
7808,-0.9266
7809,-1.2845
7810,-1.3590
7811,-1.0679
7812,-0.9828
7813,-1.3995
7814,-0.4179
7815,-1.8606
7816,-2.0692
7817,-1.4646
7818,-0.4682
7819,-1.2039
7820,-0.7732
7821,-1.5270
7822,-0.3701
7823,-1.3852
7824,-0.8900
7825,-0.7325
7826,-0.8955
7827,-1.1663
7828,-1.1886
7829,-1.6320
7830,-1.4698
7831,-0.9304
7832,-0.9052
7833,-0.6768
7834,-1.8618
7835,-0.9697
7836,-1.3024
7837,-1.0065
7838,-1.5232
7839,-0.5710
7840,-0.5182
7841,-1.6557
7842,-0.8423
7843,-0.6905
7844,-0.7120
7845,-1.4836
7846,-1.1370
7847,-1.1212
7848,-0.4373
7849,-0.7748
7850,-1.2264
7851,-0.6313
7852,-0.4283
7853,-0.5375
7854,-1.3407
7855,-1.4746
7856,-1.6752
7857,-1.1015
7858,-0.9497
7859,-1.3848
7860,-1.1536
7861,-0.4725
7862,-1.4805
7863,-1.6177
7864,-1.1928
7865,-1.3230
7866,-0.8328
7867,-0.9646
7868,-2.5019
7869,-0.9279
7870,-1.0131
7871,-1.2123
7872,-1.5124
7873,-1.4647
7874,-1.3633
7875,-0.6715
7876,-1.0396
7877,-1.1430
7878,-0.8695
7879,-0.8635
7880,-1.3313
7881,-0.6863
7882,-1.2480
7883,-0.9213
7884,-1.2701
7885,-0.9356
7886,-0.7287
7887,-0.2913
7888,-1.0882
7889,-0.7292
7890,-0.8871
7891,-0.4805
7892,-0.9927
7893,-1.2355
7894,-1.4560
7895,-1.7886
7896,-1.1872
7897,-0.9955
7898,-0.9485
7899,-0.9681
7900,-1.2456
7901,-1.6124
7902,-1.2894
7903,-1.6399
7904,-0.4946
7905,-0.7376
7906,-0.7950
7907,-1.4367
7908,-1.3528
7909,-1.2549
7910,-1.5163
7911,-1.5458
7912,-1.9511
7913,-1.4246
7914,-1.3476
7915,-0.8562
7916,-0.9589
7917,-1.1581
7918,-0.6421
7919,-1.2884
7920,-1.0319
7921,-1.0463
7922,-0.8450
7923,-1.3096
7924,-0.5529
7925,-0.7112
7926,-0.9816
7927,-0.6355
7928,-1.2991
7929,-1.1200
7930,-0.8968
7931,-0.7605
7932,-1.4120
7933,-1.1242
7934,-0.9870
7935,-1.0106
7936,-1.3912
7937,-1.2629
7938,-1.3798
7939,-1.7019
7940,-1.0128
7941,-1.2176
7942,-0.9001
7943,-1.2164
7944,-0.7325
7945,-1.8860
7946,-0.9536
7947,-0.9857
7948,-0.7421
7949,-1.8172
7950,-0.5817
7951,-1.0562
7952,-0.8487
7953,-1.0995
7954,-0.9484
7955,-0.6484
7956,-0.7035
7957,-2.1541
7958,-1.2708
7959,-1.1539
7960,-1.5176
7961,-0.9093
7962,-1.2831
7963,-1.0869
7964,-1.1154
7965,-1.0217
7966,-1.0819
7967,-1.5801
7968,-0.8596
7969,-1.1993
7970,-1.1244
7971,-1.0626
7972,-1.5699
7973,-0.6896
7974,-0.7478
7975,-1.0819
7976,-1.0626
7977,-1.2504
7978,-1.2622
7979,-1.5680
7980,-1.3457
7981,-1.6515
7982,-1.3551
7983,-0.8066
7984,-0.6142
7985,-0.7513
7986,-1.3156
7987,-0.6992
7988,-1.4567
7989,-0.7825
7990,-0.9926
7991,-0.8795
7992,-1.9639
7993,-0.9920
7994,-1.4429
7995,-0.7716
7996,-1.3673
7997,-1.7635
7998,-1.2310
7999,-0.6798
8000,-0.9556
8001,-0.8213
8002,-0.6753
8003,-2.1940
8004,-1.0659
8005,-0.2696
8006,-0.8817
8007,-0.8831
8008,-1.2627
8009,-0.8598
8010,-1.1537
8011,-1.0920
8012,-1.4903
8013,-1.3344
8014,-1.3108
8015,-1.4265
8016,-1.3305
8017,-1.3740
8018,-1.4434
8019,-0.5971
8020,-1.2773
8021,-1.2110
8022,-0.7605
8023,-0.7505
8024,-0.6884
8025,-1.0575
8026,-1.0143
8027,-1.4557
8028,-0.6558
8029,-1.8880
8030,-0.8919
8031,-0.9401
8032,-0.5998
8033,-1.6545
8034,-0.8831
8035,-1.1700
8036,-1.2017
8037,-1.0304
8038,-1.0764
8039,-1.6735
8040,-1.2017
8041,-1.1491
8042,-2.1319
8043,-1.3013
8044,-1.4492
8045,-1.6292
8046,-1.8026
8047,-1.1334
8048,-0.9716
8049,-1.3632
8050,-1.3675
8051,-0.6483
8052,-1.6286
8053,-1.2642
8054,-2.2055
8055,-1.1912
8056,-1.4518
8057,-1.1026
8058,-1.0593
8059,-1.7631
8060,-0.7998
8061,-1.2383
8062,-0.6872
8063,-1.1672
8064,-0.8929
8065,-0.8877
8066,-2.2763
8067,-0.9421
8068,-1.3006
8069,-1.2341
8070,-1.9623
8071,-1.1354
8072,-1.1428
8073,-1.3616
8074,-1.6377
8075,-1.8097
8076,-1.2819
8077,-1.2186
8078,-1.5384
8079,-0.9151
8080,-0.6096
8081,-1.1854
8082,-1.1009
8083,-1.6698
8084,-0.8448
8085,-1.0079
8086,-1.2691
8087,-1.4154
8088,-0.9780
8089,-1.3062
8090,-0.7900
8091,-0.6219
8092,-0.9721
8093,-0.8046
8094,-1.8500
8095,-1.4803
8096,-0.6713
8097,-2.0076
8098,-1.5155
8099,-0.9985
8100,-1.8426
8101,-1.0537
8102,-1.0138
8103,-1.1846
8104,-1.2109
8105,-1.5643
8106,-1.3935
8107,-1.6041
8108,-1.3789
8109,-1.1667
8110,-0.5418
8111,-1.0970
8112,-0.8737
8113,-0.8019
8114,-0.8258
8115,-0.8075
8116,-1.1193
8117,-1.2089
8118,-1.4317
8119,-1.8472
8120,-1.6835
8121,-1.1241
8122,-0.9235
8123,-1.6537
8124,-1.5872
8125,-1.2344
8126,-0.6325
8127,-1.6603
8128,-1.5250
8129,-1.4226
8130,-0.7475
8131,-0.9260
8132,-1.6087
8133,-1.2430
8134,-0.9355
8135,-1.7005
8136,-0.9701
8137,-0.6067
8138,-0.9679
8139,-1.0635
8140,-1.2657
8141,-0.8656
8142,-0.9942
8143,-0.8701
8144,-1.8571
8145,-1.7406
8146,-1.4122
8147,-1.1313
8148,-1.7651
8149,-2.1608
8150,-1.0233
8151,-1.1244
8152,-0.9423
8153,-0.9388
8154,-1.6126
8155,-0.9279
8156,-0.6873
8157,-1.6702
8158,-1.0316
8159,-1.2792
8160,-1.4311
8161,-1.2623
8162,-1.9712
8163,-0.5942
8164,-1.7258
8165,-1.0340
8166,-0.8375
8167,-0.8004
8168,-0.9615
8169,-0.6911
8170,-1.1627
8171,-0.7025
8172,-0.5733
8173,-0.9219
8174,-0.4892
8175,-0.9235
8176,-0.7546
8177,-0.7112
8178,-1.4922
8179,-0.5281
8180,-1.0389
8181,-1.2700
8182,-1.5477
8183,-1.4834
8184,-1.3374
8185,-0.9985
8186,-0.5588
8187,-0.8615
8188,-1.1306
8189,-1.0784
8190,-0.7456
8191,-1.1347
8192,-0.9342
8193,-1.0576
8194,-1.1774
8195,-1.1498
8196,-1.4099
8197,-1.0481
8198,-0.4787
8199,-1.2979
8200,-1.2742
8201,-2.3969
8202,-1.2517
8203,-1.0877
8204,-0.5272
8205,-0.7259
8206,-1.5115
8207,-0.7120
8208,-1.3549
8209,-1.2726
8210,-1.7955
8211,-0.9912
8212,-0.5713
8213,-1.2975
8214,-0.7566
8215,-1.2992
8216,-0.8666
8217,-0.7292
8218,-1.1741
8219,-0.9804
8220,-1.8482
8221,-0.3949
8222,-1.1220
8223,-2.0280
8224,-0.7382
8225,-1.9248
8226,-0.9549
8227,-1.6619
8228,-0.6468
8229,-1.3730
8230,-1.1745
8231,-0.5096
8232,-1.4790
8233,-1.6096
8234,-0.8909
8235,-1.9490
8236,-1.7961
8237,-1.0757
8238,-0.8707
8239,-1.2328
8240,-1.0386
8241,-0.8077
8242,-1.6075
8243,-2.2568
8244,-0.9379
8245,-1.4862
8246,-1.8014
8247,-2.3063
8248,-1.0844
8249,-1.3268
8250,-1.1295
8251,-1.1265
8252,-0.9180
8253,-0.9395
8254,-0.9494
8255,-2.0912
8256,-1.1756
8257,-1.0936
8258,-1.5141
8259,-1.3197
8260,-0.6729
8261,-0.7488
8262,-0.6015
8263,-1.0343
8264,-0.8824
8265,-0.7694
8266,-1.3400
8267,-1.3681
8268,-0.9070
8269,-1.0493
8270,-1.1830
8271,-1.3911
8272,-1.2210
8273,-2.0721
8274,-1.0639
8275,-1.4420
8276,-0.5303
8277,-1.2477
8278,-1.1727
8279,-1.4680
8280,-1.3927
8281,-0.6512
8282,-1.9163
8283,-0.5823
8284,-1.3932
8285,-0.3839
8286,-0.8665
8287,-1.1251
8288,-1.0187
8289,-1.1600
8290,-1.8182
8291,-1.3688
8292,-2.3037
8293,-0.7489
8294,-1.4824
8295,-0.6920
8296,-0.8209
8297,-0.6592
8298,-0.6980
8299,-0.6311
8300,-1.3561
8301,-1.6447
8302,-1.9152
8303,-1.5670
8304,-0.9085
8305,-1.3154
8306,-1.4409
8307,-1.0301
8308,-1.2048
8309,-0.7023
8310,-1.0610
8311,-0.8569
8312,-1.3836
8313,-1.9128
8314,-1.4731
8315,-1.1853
8316,-1.9341
8317,-0.5628
8318,-1.9764
8319,-1.3608
8320,-0.5904
8321,-1.2621
8322,-1.1423
8323,-0.9509
8324,-1.0347
8325,-1.0742
8326,-0.9899
8327,-1.4288
8328,-0.9203
8329,-1.0774
8330,-0.4579
8331,-1.5842
8332,-1.2016
8333,-1.1925
8334,-0.3480
8335,-0.9524
8336,-2.0004
8337,-0.6677
8338,-1.3815
8339,-1.8127
8340,-2.0026
8341,-0.9630
8342,-0.8887
8343,-1.4869
8344,-0.9837
8345,-1.6823
8346,-0.8597
8347,-0.3396
8348,-0.4199
8349,-1.6449
8350,-1.4667
8351,-1.3492
8352,-1.2109
8353,-1.7688
8354,-1.4222
8355,-0.4177
8356,-0.7756
8357,-1.2509
8358,-1.1166
8359,-2.1088
8360,-1.0241
8361,-1.2165
8362,-0.4535
8363,-1.1872
8364,-1.0939
8365,-1.4177
8366,-1.5654
8367,-1.6481
8368,-1.5425
8369,-2.1783
8370,-1.2100
8371,-1.6302
8372,-1.6304
8373,-1.8727
8374,-0.9376
8375,-1.1674
8376,-1.0936
8377,-1.0301
8378,-1.4399
8379,-0.8222
8380,-1.9755
8381,-0.5049
8382,-1.2185
8383,-0.7424
8384,-1.0500
8385,-0.8788
8386,-0.5710
8387,-1.2820
8388,-1.7288
8389,-1.0260
8390,-1.8134
8391,-0.9825
8392,-2.4452
8393,-0.8867
8394,-1.3282
8395,-0.9233
8396,-1.0743
8397,-1.2171
8398,-1.7180
8399,-0.6804
8400,-0.9130
8401,-1.7668
8402,-1.0153
8403,-1.3874
8404,-1.0394
8405,-0.6160
8406,-1.1401
8407,-1.0734
8408,-1.6210
8409,-0.8373
8410,-1.2234
8411,-0.6103
8412,-1.5186
8413,-1.3559
8414,-0.8974
8415,-0.7613
8416,-1.0109
8417,-1.7284
8418,-0.7228
8419,-0.7548
8420,-1.6102
8421,-0.9876
8422,-1.1334
8423,-1.2398
8424,-0.9467
8425,-1.7491
8426,-1.5076
8427,-0.9259
8428,-1.0168
8429,-1.4253
8430,-0.7316
8431,-1.0546
8432,-1.3277
8433,-1.5667
8434,-1.6909
8435,-1.2303
8436,-1.1513
8437,-0.7584
8438,-0.8080
8439,-0.5320
8440,-1.6183
8441,-0.7509
8442,-1.6243
8443,-2.2789
8444,-1.0786
8445,-1.1393
8446,-1.1747
8447,-2.1885
8448,-1.0842
8449,-1.4514
8450,-0.9190
8451,-1.9411
8452,-1.2859
8453,-2.1572
8454,-1.3326
8455,-2.0280
8456,-1.4863
8457,-0.7305
8458,-1.6882
8459,-1.1751
8460,-1.6526
8461,-1.0480
8462,-0.8638
8463,-1.4204
8464,-1.0350
8465,-1.2852
8466,-1.3652
8467,-1.2866
8468,-1.7212
8469,-1.5636
8470,-1.9578
8471,-1.1675
8472,-1.2958
8473,-1.1328
8474,-1.4096
8475,-2.1580
8476,-0.5496
8477,-1.1730
8478,-0.9855
8479,-0.8126
8480,-1.5149
8481,-0.6583
8482,-1.0375
8483,-1.2175
8484,-1.5494
8485,-1.2935
8486,-0.6968
8487,-1.3405
8488,-0.4544
8489,-1.7078
8490,-0.7051
8491,-1.2459
8492,-1.6660
8493,-0.9706
8494,-1.0359
8495,-0.7852
8496,-1.2669
8497,-1.4305
8498,-1.1639
8499,-1.5156
8500,-1.0917
8501,-1.2001
8502,-0.7756
8503,-1.0994
8504,-1.1888
8505,-0.6454
8506,-0.9146
8507,-1.5315
8508,-0.9409
8509,-0.8526
8510,-1.8024
8511,-0.9718
8512,-1.6844
8513,-0.8452
8514,-1.4074
8515,-0.5188
8516,-0.8222
8517,-0.9540
8518,-0.7278
8519,-0.8910
8520,-0.7649
8521,-1.9950
8522,-1.3016
8523,-0.7926
8524,-1.1788
8525,-1.6759
8526,-1.8331
8527,-1.9875
8528,-0.5544
8529,-1.5902
8530,-0.8001
8531,-0.7763
8532,-0.8867
8533,-1.2305
8534,-2.3411
8535,-0.8314
8536,-1.8527
8537,-2.3039
8538,-1.1061
8539,-0.7632
8540,-0.7123
8541,-2.0257
8542,-0.5851
8543,-0.9514
8544,-0.7971
8545,-1.3137
8546,-1.0369
8547,-1.2662
8548,-0.5258
8549,-1.1978
8550,-0.4361
8551,-1.4391
8552,-2.1429
8553,-0.5936
8554,-0.8368
8555,-0.8021
8556,-1.2183
8557,-1.1973
8558,-0.9284
8559,-2.0236
8560,-1.1802
8561,-0.4776
8562,-0.9465
8563,-1.0278
8564,-0.8729
8565,-1.9009
8566,-1.0136
8567,-2.0129
8568,-0.5642
8569,-0.8520
8570,-0.4146
8571,-1.1465
8572,-1.6841
8573,-0.9790
8574,-0.9526
8575,-1.2677
8576,-1.5785
8577,-0.6885
8578,-1.2569
8579,-1.5328
8580,-1.3140
8581,-1.4422
8582,-1.4326
8583,-1.1779
8584,-0.9435
8585,-1.5516
8586,-0.4430
8587,-1.6323
8588,-1.2426
8589,-0.6039
8590,-0.8981
8591,-1.4098
8592,-1.2325
8593,-0.5497
8594,-1.4641
8595,-1.2977
8596,-1.2176
8597,-1.2956
8598,-1.2809
8599,-1.4488
8600,-0.8016
8601,-0.9246
8602,-0.8116
8603,-1.8844
8604,-1.1680
8605,-0.8578
8606,-0.5185
8607,-1.2737
8608,-1.4837
8609,-0.9391
8610,-0.8778
8611,-1.4561
8612,-0.5965
8613,-1.4117
8614,-1.5707
8615,-1.1462
8616,-0.9950
8617,-1.0624
8618,-0.3103
8619,-0.6688
8620,-0.8685
8621,-0.9700
8622,-1.8810
8623,-2.0988
8624,-1.5757
8625,-1.1453
8626,-0.5792
8627,-1.5842
8628,-1.1437
8629,-1.2714
8630,-1.4048
8631,-0.9519
8632,-0.7695
8633,-0.9929
8634,-1.2236
8635,-1.0800
8636,-1.5584
8637,-2.1019
8638,-1.3112
8639,-1.5372
8640,-1.5020
8641,-0.7288
8642,-1.4378
8643,-1.2443
8644,-0.9932
8645,-1.4213
8646,-0.9112
8647,-1.2910
8648,-0.6875
8649,-0.9868
8650,-1.3964
8651,-1.1352
8652,-0.9774
8653,-1.3376
8654,-1.0075
8655,-0.9923
8656,-1.2968
8657,-1.4134
8658,-1.1687
8659,-1.4694
8660,-1.1195
8661,-0.9437
8662,-0.9316
8663,-1.1559
8664,-0.7664
8665,-1.2098
8666,-1.7077
8667,-1.7399
8668,-1.2672
8669,-1.3055
8670,-0.7602
8671,-1.0838
8672,-1.2109
8673,-1.4470
8674,-1.6488
8675,-1.1509
8676,-1.2862
8677,-1.6663
8678,-0.8321
8679,-1.8419
8680,-1.0307
8681,-0.6283
8682,-1.1499
8683,-0.8197
8684,-1.0041
8685,-1.3459
8686,-0.7798
8687,-1.0103
8688,-0.9893
8689,-1.8985
8690,-1.0764
8691,-0.5062
8692,-1.1204
8693,-1.4515
8694,-0.9912
8695,-1.6298
8696,-1.6092
8697,-1.0975
8698,-0.8311
8699,-1.2553
8700,-1.6432
8701,-1.6106
8702,-0.9436
8703,-0.8534
8704,-1.8100
8705,-1.4306
8706,-0.8740
8707,-1.1705
8708,-1.8849
8709,-1.6567
8710,-1.0285
8711,-1.2095
8712,-0.8349
8713,-1.5890
8714,-0.9498
8715,-1.6752
8716,-1.3070
8717,-1.6498
8718,-0.6685
8719,-2.5039
8720,-1.2373
8721,-0.8843
8722,-2.2615
8723,-0.6344
8724,-1.6427
8725,-0.8363
8726,-1.1397
8727,-1.0939
8728,-1.0534
8729,-1.4558
8730,-0.8434
8731,-1.3693
8732,-0.3204
8733,-1.8453
8734,-0.8715
8735,-0.7121
8736,-1.2100
8737,-0.7999
8738,-1.3588
8739,-1.8820
8740,-1.1950
8741,-1.2785
8742,-1.1671
8743,-1.5324
8744,-1.8437
8745,-0.9804
8746,-1.2475
8747,-1.1668
8748,-0.3802
8749,-1.4168
8750,-0.7998
8751,-0.9185
8752,-0.8729
8753,-1.3095
8754,-1.0637
8755,-0.9942
8756,-1.1671
8757,-1.5955
8758,-1.3709
8759,-1.3747
8760,-1.9857
8761,-1.6366
8762,-0.6233
8763,-1.2016
8764,-0.8668
8765,-0.8664
8766,-1.0168
8767,-0.9135
8768,-0.7672
8769,-0.4782
8770,-1.2939
8771,-1.2160
8772,-0.9859
8773,-0.9179
8774,-0.6642
8775,-2.1288
8776,-1.8856
8777,-1.6134
8778,-0.5717
8779,-1.8758
8780,-1.7899
8781,-1.4325
8782,-1.6183
8783,-1.4746
8784,-1.4410
8785,-1.7464
8786,-1.5470
8787,-2.1007
8788,-0.7324
8789,-0.9040
8790,-0.8455
8791,-1.5629
8792,-0.5007
8793,-0.7977
8794,-0.9652
8795,-1.6880
8796,-0.6995
8797,-0.9375
8798,-1.7174
8799,-1.0405
8800,-1.7222
8801,-1.2775
8802,-1.1415
8803,-1.1363
8804,-1.2363
8805,-1.2380
8806,-1.3496
8807,-0.9262
8808,-0.9239
8809,-1.3708
8810,-0.7427
8811,-1.4153
8812,-1.4015
8813,-0.9706
8814,-1.9509
8815,-1.2811
8816,-1.6633
8817,-1.4920
8818,-0.6922
8819,-1.2066
8820,-1.2031
8821,-1.2318
8822,-1.2535
8823,-1.1953
8824,-0.5192
8825,-1.5226
8826,-1.2927
8827,-1.3581
8828,-1.9414
8829,-1.1383
8830,-1.6623
8831,-1.6538
8832,-1.1273
8833,-0.7744
8834,-1.1839
8835,-2.0828
8836,-1.3117
8837,-0.7897
8838,-0.9013
8839,-0.9705
8840,-0.7339
8841,-0.8523
8842,-1.2951
8843,-0.6543
8844,-1.7625
8845,-0.8612
8846,-1.3354
8847,-1.4859
8848,-1.5998
8849,-1.0771
8850,-1.5572
8851,-0.9435
8852,-1.0996
8853,-1.4784
8854,-0.7985
8855,-1.5369
8856,-1.2390
8857,-1.8533
8858,-1.1624
8859,-1.6269
8860,-2.2988
8861,-1.2135
8862,-0.7391
8863,-0.6253
8864,-2.4872
8865,-1.1253
8866,-1.8994
8867,-0.7091
8868,-1.4576
8869,-1.3984
8870,-1.2658
8871,-1.2536
8872,-0.8152
8873,-1.5924
8874,-1.6420
8875,-1.2038
8876,-0.5173
8877,-1.5904
8878,-0.6790
8879,-1.5491
8880,-1.3122
8881,-2.0325
8882,-1.5450
8883,-1.7705
8884,-1.2274
8885,-0.8919
8886,-0.5638
8887,-1.4330
8888,-1.4384
8889,-0.8947
8890,-0.8885
8891,-1.1849
8892,-1.2049
8893,-0.8244
8894,-1.0450
8895,-1.1577
8896,-1.1523
8897,-1.2833
8898,-1.2837
8899,-1.2660
8900,-1.1421
8901,-1.2593
8902,-0.9536
8903,-1.7802
8904,-0.7774
8905,-1.7008
8906,-0.9393
8907,-1.1896
8908,-1.2718
8909,-0.5336
8910,-1.3336
8911,-1.4583
8912,-1.3043
8913,-1.4084
8914,-0.9602
8915,-1.3999
8916,-0.9986
8917,-0.6481
8918,-1.5812
8919,-0.6002
8920,-1.0202
8921,-0.8343
8922,-1.1479
8923,-0.5812
8924,-0.6206
8925,-1.3240
8926,-0.7946
8927,-1.0154
8928,-0.6641
8929,-2.0807
8930,-0.9403
8931,-1.5647
8932,-0.8952
8933,-1.2485
8934,-1.1546
8935,-0.8449
8936,-1.5926
8937,-1.2231
8938,-1.4921
8939,-0.8362
8940,-1.1184
8941,-1.1809
8942,-1.1489
8943,-0.6261
8944,-0.9208
8945,-1.4886
8946,-0.7565
8947,-0.9793
8948,-1.2559
8949,-1.5671
8950,-1.5056
8951,-1.4269
8952,-0.9320
8953,-0.6365
8954,-1.4752
8955,-1.3968
8956,-1.0483
8957,-1.0161
8958,-1.0278
8959,-1.4030
8960,-1.5313
8961,-1.2077
8962,-1.4205
8963,-1.3385
8964,-0.4363
8965,-1.4679
8966,-0.9512
8967,-1.4803
8968,-1.3406
8969,-1.3380
8970,-0.9315
8971,-1.0440
8972,-0.7193
8973,-1.3795
8974,-1.4723
8975,-1.2806
8976,-1.2403
8977,-0.9792
8978,-1.8820
8979,-1.2282
8980,-0.6246
8981,-1.9076
8982,-0.3422
8983,-1.8708
8984,-1.1736
8985,-0.7281
8986,-2.0428
8987,-0.9958
8988,-1.9009
8989,-1.6257
8990,-0.8633
8991,-1.0077
8992,-0.6793
8993,-0.8675
8994,-0.5282
8995,-0.9124
8996,-0.6609
8997,-2.0017
8998,-1.6053
8999,-0.7112
9000,-1.7931
9001,-1.3232
9002,-0.9679
9003,-0.7080
9004,-1.1637
9005,-0.9228
9006,-1.1218
9007,-1.2092
9008,-1.4796
9009,-0.6138
9010,-1.5884
9011,-1.6779
9012,-2.0953
9013,-1.1269
9014,-1.5308
9015,-1.0634
9016,-0.8427
9017,-1.0985
9018,-1.4399
9019,-0.9598
9020,-1.1492
9021,-1.5459
9022,-0.6311
9023,-0.5791
9024,-1.4605
9025,-1.7172
9026,-2.0065
9027,-0.7753
9028,-1.0423
9029,-0.5451
9030,-1.2323
9031,-1.4420
9032,-0.9370
9033,-1.1529
9034,-0.7976
9035,-0.9787
9036,-1.2998
9037,-2.1607
9038,-1.4012
9039,-1.0682
9040,-0.7892
9041,-1.1946
9042,-1.4171
9043,-0.6611
9044,-0.6931
9045,-1.9616
9046,-1.2965
9047,-0.4798
9048,-1.7023
9049,-1.2984
9050,-0.9941
9051,-0.6838
9052,-1.6940
9053,-0.8386
9054,-1.1052
9055,-0.8406
9056,-0.7522
9057,-1.2052
9058,-1.0544
9059,-0.8282
9060,-1.8249
9061,-1.2459
9062,-1.1611
9063,-1.5308
9064,-0.9989
9065,-1.5441
9066,-1.6084
9067,-1.4428
9068,-1.0210
9069,-0.8246
9070,-1.8025
9071,-0.8443
9072,-2.2673
9073,-1.7582
9074,-1.4136
9075,-1.1266
9076,-0.4830
9077,-0.9055
9078,-0.9219
9079,-0.6412
9080,-1.9361
9081,-1.9034
9082,-1.3631
9083,-1.1411
9084,-1.3000
9085,-1.1428
9086,-1.3342
9087,-0.7270
9088,-0.7612
9089,-1.2902
9090,-1.7616
9091,-0.7424
9092,-1.5659
9093,-0.9639
9094,-1.5246
9095,-1.4280
9096,-1.8087
9097,-1.5916
9098,-0.9501
9099,-0.5880
9100,-1.4883
9101,-0.7628
9102,-1.1070
9103,-1.7561
9104,-0.6478
9105,-1.3195
9106,-1.4626
9107,-1.0991
9108,-0.6557
9109,-0.8332
9110,-1.5859
9111,-1.9193
9112,-1.7084
9113,-1.3380
9114,-1.6593
9115,-1.6455
9116,-0.5413
9117,-1.2525
9118,-1.0253
9119,-1.3449
9120,-1.8134
9121,-0.8460
9122,-1.5451
9123,-1.6212
9124,-1.0375
9125,-0.8915
9126,-1.1475
9127,-1.1950
9128,-0.7994
9129,-0.7531
9130,-0.6720
9131,-0.9561
9132,-0.4077
9133,-1.0819
9134,-0.8950
9135,-1.3364
9136,-1.2854
9137,-1.2768
9138,-1.0991
9139,-1.0011
9140,-1.0087
9141,-1.7084
9142,-0.8762
9143,-1.2236
9144,-1.1574
9145,-1.1906
9146,-0.7447
9147,-0.7331
9148,-0.9782
9149,-1.9356
9150,-1.3573
9151,-1.1320
9152,-1.2309
9153,-1.1285
9154,-0.8743
9155,-1.0042
9156,-0.9093
9157,-1.2333
9158,-1.7933
9159,-1.2985
9160,-1.4123
9161,-0.7014
9162,-0.9273
9163,-1.4476
9164,-0.7576
9165,-1.1272
9166,-1.0404
9167,-1.3409
9168,-1.7514
9169,-0.7352
9170,-1.5884
9171,-0.9217
9172,-1.9727
9173,-0.7702
9174,-1.2568
9175,-1.2496
9176,-1.7907
9177,-1.4947
9178,-0.5129
9179,-1.5185
9180,-1.2053
9181,-1.2345
9182,-0.7765
9183,-1.1246
9184,-1.7436
9185,-1.9276
9186,-1.3354
9187,-2.0430
9188,-1.2778
9189,-1.0587
9190,-1.0484
9191,-1.0972
9192,-1.4551
9193,-0.9576
9194,-0.9946
9195,-1.8600
9196,-0.9710
9197,-1.1072
9198,-2.0589
9199,-1.8129
9200,-1.2713
9201,-1.7659
9202,-1.0711
9203,-0.9040
9204,-1.4420
9205,-1.6678
9206,-1.3374
9207,-0.5906
9208,-1.2557
9209,-1.1797
9210,-1.3536
9211,-1.0783
9212,-0.8012
9213,-1.6358
9214,-1.1953
9215,-1.4114
9216,-0.9309
9217,-0.9366
9218,-1.0891
9219,-1.7281
9220,-1.4532
9221,-1.4176
9222,-1.1236
9223,-0.7460
9224,-1.1260
9225,-0.8876
9226,-1.9045
9227,-1.8284
9228,-1.0430
9229,-0.6477
9230,-1.0787
9231,-1.0988
9232,-1.3085
9233,-1.3875
9234,-1.0459
9235,-0.9742
9236,-0.9651
9237,-0.9627
9238,-0.9171
9239,-1.0777
9240,-1.0683
9241,-0.2547
9242,-0.9452
9243,-0.4664
9244,-0.9477
9245,-1.1368
9246,-1.2247
9247,-1.0046
9248,-1.6001
9249,-0.9215
9250,-1.2704
9251,-1.6106
9252,-1.0043
9253,-0.8061
9254,-1.7829
9255,-0.9256
9256,-1.6479
9257,-0.6841
9258,-1.5303
9259,-0.5051
9260,-0.9256
9261,-1.6454
9262,-1.3041
9263,-1.0909
9264,-1.2228
9265,-1.4746
9266,-0.8034
9267,-1.3642
9268,-1.7349
9269,-0.7024
9270,-1.2515
9271,-1.2996
9272,-1.0961
9273,-1.7221
9274,-1.5458
9275,-1.4082
9276,-1.1710
9277,-1.1678
9278,-1.9785
9279,-0.4834
9280,-1.0415
9281,-1.0424
9282,-0.7437
9283,-1.7955
9284,-0.4468
9285,-1.1290
9286,-1.4915
9287,-1.4101
9288,-1.0047
9289,-0.9901
9290,-1.0800
9291,-0.8696
9292,-1.7758
9293,-1.4036
9294,-0.5680
9295,-0.8414
9296,-0.7946
9297,-0.5994
9298,-1.6375
9299,-0.6423
9300,-1.3972
9301,-2.0004
9302,-0.7014
9303,-0.3964
9304,-0.8322
9305,-0.9131
9306,-0.6234
9307,-1.1372
9308,-1.5958
9309,-0.7963
9310,-0.7256
9311,-0.8241
9312,-1.4320
9313,-1.1679
9314,-2.3592
9315,-1.0193
9316,-1.5019
9317,-0.5095
9318,-1.0157
9319,-1.0393
9320,-2.1066
9321,-1.0017
9322,-1.2906
9323,-1.5581
9324,-1.2106
9325,-0.7116
9326,-0.6915
9327,-0.4231
9328,-1.0946
9329,-1.2840
9330,-0.7262
9331,-1.2337
9332,-1.2671
9333,-0.9782
9334,-1.4769
9335,-1.5733
9336,-1.1173
9337,-1.0019
9338,-1.2837
9339,-0.3504
9340,-0.9101
9341,-1.0839
9342,-1.4593
9343,-1.5548
9344,-1.9788
9345,-0.8906
9346,-1.4271
9347,-0.8099
9348,-0.9615
9349,-1.0244
9350,-0.9450
9351,-1.1386
9352,-1.6817
9353,-1.0948
9354,-0.9373
9355,-1.1754
9356,-1.2993
9357,-2.2026
9358,-1.0926
9359,-0.8667
9360,-0.7072
9361,-1.0195
9362,-0.5909
9363,-1.4220
9364,-0.6558
9365,-1.3229
9366,-1.1551
9367,-1.5039
9368,-1.5187
9369,-2.0727
9370,-1.4322
9371,-2.0812
9372,-1.7423
9373,-1.1544
9374,-2.0098
9375,-1.3218
9376,-1.3086
9377,-1.3108
9378,-1.0989
9379,-0.8170
9380,-1.5228
9381,-1.1101
9382,-1.0178
9383,-0.7938
9384,-1.9256
9385,-0.9990
9386,-1.3786
9387,-1.2295
9388,-1.2009
9389,-1.0515
9390,-1.1464
9391,-1.5125
9392,-0.9966
9393,-1.0354
9394,-1.1131
9395,-0.6047
9396,-1.0264
9397,-1.1958
9398,-0.8408
9399,-2.1320
9400,-1.9233
9401,-1.7842
9402,-0.6537
9403,-1.3098
9404,-0.9825
9405,-1.8453
9406,-2.3364
9407,-1.3306
9408,-1.4949
9409,-0.7570
9410,-2.2473
9411,-0.8454
9412,-0.7784
9413,-0.7537
9414,-1.2117
9415,-0.7384
9416,-1.1959
9417,-2.0807
9418,-1.6004
9419,-1.2472
9420,-0.9736
9421,-0.9242
9422,-0.6459
9423,-0.8134
9424,-1.2856
9425,-1.4370
9426,-1.6913
9427,-0.9527
9428,-1.8323
9429,-1.0796
9430,-1.3048
9431,-1.3394
9432,-1.2097
9433,-1.3370
9434,-1.4695
9435,-0.7527
9436,-1.3304
9437,-0.8944
9438,-0.8990
9439,-1.0106
9440,-1.3598
9441,-1.0370
9442,-0.9019
9443,-1.2663
9444,-1.0695
9445,-1.8569
9446,-1.7315
9447,-0.6111
9448,-1.3332
9449,-0.9315
9450,-0.5146
9451,-1.5453
9452,-0.3898
9453,-1.1854
9454,-1.0826
9455,-1.6317
9456,-1.5274
9457,-1.0162
9458,-1.2185
9459,-2.2810
9460,-0.9423
9461,-1.0776
9462,-0.6185
9463,-0.4815
9464,-0.9868
9465,-1.1657
9466,-1.1490
9467,-0.2893
9468,-1.3687
9469,-1.8436
9470,-0.9187
9471,-1.5030
9472,-1.4236
9473,-1.8897
9474,-0.6345
9475,-0.8182
9476,-1.8868
9477,-1.5478
9478,-1.4487
9479,-0.9721
9480,-1.1029
9481,-0.6723
9482,-1.2494
9483,-0.9182
9484,-0.9593
9485,-1.5494
9486,-0.8909
9487,-0.6727
9488,-1.2871
9489,-1.4175
9490,-0.7523
9491,-1.4647
9492,-2.1510
9493,-0.8169
9494,-1.0461
9495,-1.1014
9496,-0.8831
9497,-0.9201
9498,-0.3055
9499,-0.9527
9500,-0.5993
9501,-1.9093
9502,-1.2484
9503,-1.1033
9504,-1.1430
9505,-0.5940
9506,-0.7409
9507,-0.7838
9508,-1.3909
9509,-0.9242
9510,-0.5239
9511,-0.6701
9512,-2.2066
9513,-1.7501
9514,-0.8955
9515,-1.2102
9516,-1.1169
9517,-1.2853
9518,-1.5994
9519,-1.7840
9520,-1.1409
9521,-0.5525
9522,-1.2786
9523,-0.4254
9524,-1.4233
9525,-1.5402
9526,-1.5933
9527,-1.0822
9528,-0.5428
9529,-1.5098
9530,-2.1890
9531,-1.1885
9532,-1.8898
9533,-1.3441
9534,-0.6956
9535,-1.1364
9536,-1.8881
9537,-1.1987
9538,-1.3619
9539,-1.6751
9540,-0.6308
9541,-1.7314
9542,-1.5201
9543,-1.3176
9544,-0.8865
9545,-0.5259
9546,-1.0650
9547,-1.8035
9548,-2.4547
9549,-1.5506
9550,-1.1189
9551,-0.8001
9552,-0.6474
9553,-0.9007
9554,-1.1504
9555,-1.0377
9556,-0.9491
9557,-1.8496
9558,-1.5614
9559,-1.1969
9560,-0.8564
9561,-1.2580
9562,-1.3338
9563,-1.0973
9564,-0.9357
9565,-0.6935
9566,-1.2577
9567,-0.8849
9568,-1.6808
9569,-1.0583
9570,-0.7602
9571,-1.3693
9572,-1.1668
9573,-1.0950
9574,-0.5011
9575,-1.4038
9576,-2.1199
9577,-0.9327
9578,-0.9806
9579,-0.8493
9580,-1.0917
9581,-1.2256
9582,-1.4088
9583,-0.8542
9584,-0.7997
9585,-0.8154
9586,-1.1018
9587,-1.5564
9588,-0.5775
9589,-0.6633
9590,-1.7653
9591,-1.8559
9592,-1.1198
9593,-1.4603
9594,-0.8264
9595,-0.6847
9596,-1.2202
9597,-1.5828
9598,-2.0026
9599,-1.3078
9600,-0.6240
9601,-0.9168
9602,-1.4182
9603,-1.3350
9604,-1.1665
9605,-1.1530
9606,-1.4586
9607,-0.9179
9608,-1.3663
9609,-1.4859
9610,-1.9754
9611,-0.9289
9612,-1.0395
9613,-0.9838
9614,-1.9018
9615,-1.1259
9616,-1.2936
9617,-1.7572
9618,-0.7481
9619,-1.2947
9620,-1.3014
9621,-1.0903
9622,-0.9478
9623,-1.0712
9624,-1.4255
9625,-0.5356
9626,-0.6582
9627,-0.7430
9628,-0.9846
9629,-0.8238
9630,-0.4735
9631,-1.2855
9632,-1.2550
9633,-1.2078
9634,-0.4130
9635,-0.5549
9636,-1.1201
9637,-1.4340
9638,-1.6282
9639,-1.1114
9640,-1.0034
9641,-1.1063
9642,-1.7455
9643,-0.6424
9644,-1.4168
9645,-1.5135
9646,-1.4439
9647,-0.8249
9648,-1.4199
9649,-1.1290
9650,-0.9074
9651,-1.0104
9652,-1.4734
9653,-1.8448
9654,-0.4015
9655,-1.5314
9656,-0.9321
9657,-1.9892
9658,-1.3072
9659,-1.3305
9660,-1.3145
9661,-0.8230
9662,-0.7168
9663,-1.1791
9664,-1.2333
9665,-1.4752
9666,-0.6794
9667,-1.4541
9668,-1.7512
9669,-1.2409
9670,-0.9088
9671,-1.9854
9672,-0.8447
9673,-1.0887
9674,-1.3201
9675,-0.8664
9676,-0.9710
9677,-1.1942
9678,-1.2571
9679,-0.7408
9680,-1.6426
9681,-0.6088
9682,-1.3790
9683,-0.8870
9684,-1.1487
9685,-0.8684
9686,-1.3261
9687,-1.7054
9688,-0.5596
9689,-0.9946
9690,-2.1616
9691,-1.2167
9692,-0.9800
9693,-0.7651
9694,-1.5147
9695,-1.2298
9696,-1.4642
9697,-0.8786
9698,-1.3866
9699,-1.0728
9700,-0.8665
9701,-1.8453
9702,-1.3260
9703,-1.4346
9704,-0.8297
9705,-1.5574
9706,-0.9460
9707,-1.2804
9708,-1.3730
9709,-0.8339
9710,-2.5825
9711,-0.6816
9712,-1.2450
9713,-1.4909
9714,-1.5837
9715,-1.0610
9716,-2.6588
9717,-1.2968
9718,-1.1493
9719,-1.0862
9720,-1.6488
9721,-1.1645
9722,-1.1258
9723,-1.3067
9724,-0.6550
9725,-0.8480
9726,-1.2510
9727,-0.6941
9728,-0.9932
9729,-1.5312
9730,-1.3800
9731,-1.3111
9732,-1.2596
9733,-0.8030
9734,-1.2084
9735,-1.6679
9736,-0.8921
9737,-1.5305
9738,-1.2064
9739,-1.2384
9740,-0.8334
9741,-1.2025
9742,-1.5547
9743,-1.0044
9744,-1.7975
9745,-1.6615
9746,-0.9855
9747,-1.1816
9748,-1.1627
9749,-0.8304
9750,-1.4696
9751,-1.7597
9752,-1.1571
9753,-0.5041
9754,-0.9191
9755,-0.5791
9756,-0.8070
9757,-0.9667
9758,-0.9454
9759,-1.2482
9760,-1.6216
9761,-1.3784
9762,-1.0808
9763,-0.9198
9764,-1.8648
9765,-1.0324
9766,-0.7288
9767,-0.8302
9768,-1.2898
9769,-1.2045
9770,-0.6481
9771,-1.7244
9772,-1.0642
9773,-0.7806
9774,-1.0674
9775,-1.3403
9776,-2.0209
9777,-1.3508
9778,-0.6976
9779,-1.0661
9780,-2.4532
9781,-0.5407
9782,-1.6184
9783,-1.2870
9784,-0.6291
9785,-1.1340
9786,-1.4383
9787,-1.4135
9788,-0.7549
9789,-0.6226
9790,-1.1040
9791,-0.3368
9792,-1.7622
9793,-1.8002
9794,-1.5838
9795,-0.6769
9796,-0.3131
9797,-0.9383
9798,-0.7202
9799,-1.2252
9800,-1.5903
9801,-1.4338
9802,-1.6804
9803,-1.8129
9804,-1.0388
9805,-1.5496
9806,-0.1122
9807,-1.2220
9808,-0.7478
9809,-1.7375
9810,-0.9972
9811,-0.9407
9812,-0.8193
9813,-0.7140
9814,-1.7297
9815,-1.3468
9816,-2.1323
9817,-0.7437
9818,-0.8316
9819,-0.7963
9820,-1.3845
9821,-1.0291
9822,-1.9623
9823,-1.3548
9824,-1.1545
9825,-1.7175
9826,-1.1301
9827,-1.0860
9828,-1.7072
9829,-0.5025
9830,-1.8363
9831,-0.6646
9832,-1.0884
9833,-1.4876
9834,-1.1812
9835,-1.6262
9836,-1.2844
9837,-0.5972
9838,-0.9503
9839,-0.8212
9840,-0.6629
9841,-1.0139
9842,-0.8669
9843,-1.3779
9844,-0.7334
9845,-1.3210
9846,-0.9909
9847,-1.1669
9848,-0.6031
9849,-0.5119
9850,-1.9033
9851,-1.7939
9852,-0.4203
9853,-1.4210
9854,-0.7659
9855,-0.7790
9856,-1.3370
9857,-0.8368
9858,-2.0722
9859,-1.4901
9860,-0.6987
9861,-0.9995
9862,-1.5797
9863,-0.7979
9864,-1.4743
9865,-0.8814
9866,-0.8996
9867,-0.9375
9868,-1.4597
9869,-1.4515
9870,-1.2995
9871,-0.6586
9872,-0.7827
9873,-0.9952
9874,-0.9612
9875,-0.3818
9876,-1.4298
9877,-0.6699
9878,-1.4672
9879,-1.2282
9880,-1.3217
9881,-1.3134
9882,-1.4028
9883,-0.6462
9884,-1.0208
9885,-0.9145
9886,-1.0341
9887,-1.0187
9888,-1.5119
9889,-1.5830
9890,-1.4799
9891,-1.5481
9892,-0.7440
9893,-0.6616
9894,-0.8112
9895,-1.2234
9896,-0.5499
9897,-0.9689
9898,-1.2006
9899,-1.7836
9900,-0.6674
9901,-1.3766
9902,-1.6882
9903,-0.8951
9904,-1.7432
9905,-0.8915
9906,-1.3925
9907,-1.7492
9908,-0.9618
9909,-0.9877
9910,-1.1654
9911,-1.1313
9912,-1.3169
9913,-1.1036
9914,-0.9320
9915,-1.0922
9916,-0.8035
9917,-1.6370
9918,-1.2317
9919,-1.2326
9920,-1.5018
9921,-0.8729
9922,-1.2800
9923,-0.8987
9924,-1.3530
9925,-1.2116
9926,-2.1965
9927,-1.6907
9928,-1.2499
9929,-0.6637
9930,-0.7919
9931,-0.5344
9932,-0.5809
9933,-0.6316
9934,-1.6610
9935,-0.6683
9936,-1.7522
9937,-0.8805
9938,-1.0212
9939,-1.2591
9940,-0.9349
9941,-0.7081
9942,-1.0545
9943,-1.2861
9944,-0.7267
9945,-1.8043
9946,-1.6061
9947,-0.9931
9948,-0.6390
9949,-1.1389
9950,-1.0162
9951,-0.5092
9952,-0.6700
9953,-0.6621
9954,-1.2285
9955,-1.0229
9956,-1.0886
9957,-1.4652
9958,-1.7428
9959,-1.3208
9960,-1.4259
9961,-0.9396
9962,-0.9509
9963,-0.5611
9964,-1.5965
9965,-1.0363
9966,-1.0531
9967,-0.9582
9968,-1.0889
9969,-1.1669
9970,-1.2309
9971,-1.3984
9972,-0.5678
9973,-1.3291
9974,-1.1035
9975,-0.7930
9976,-0.9442
9977,-0.6838
9978,-1.0844
9979,-0.9281
9980,-1.5256
9981,-0.7875
9982,-1.1494
9983,-2.3725
9984,-1.4870
9985,-0.8355
9986,-1.0309
9987,-1.9930
9988,-0.6707
9989,-0.5368
9990,-0.7254
9991,-1.9724
9992,-0.7205
9993,-1.0977
9994,-1.0751
9995,-1.7165
9996,-0.8598
9997,-0.9474
9998,-1.8832
9999,-0.8479
10000,-1.5101
