timestamp,open,high,low,close,volume
1,102228.0,102760.0,101997.0,102095.0,25.32539009
1,102068.0,102121.0,101738.0,101968.0,44.98625321
1,101997.0,102059.0,101699.0,101711.0,7.1797002800000005
1,101719.0,101848.0,101557.0,101742.0,10.56437563
1,101723.0,101961.0,101698.0,101698.0,8.47534535
1,101678.0,101798.0,101629.0,101749.0,4.28927015
1,101729.0,101905.0,101653.0,101824.0,5.17231062
1,101842.0,102017.0,101662.0,101664.0,37.15656988
1,101759.0,101989.0,101651.0,101906.0,18.94364425
1,101917.0,101917.0,101643.0,101730.0,21.70279601
1,101705.0,101705.0,101382.0,101415.0,18.26600078
1,101415.0,101461.0,100498.0,100855.0,69.58288142
1,100860.0,100933.0,100633.0,100756.0,36.07379067
1,100747.0,100945.0,100624.0,100651.0,43.61822324
1,100650.0,100848.0,99765.0,100013.0,185.67011696
1,100026.0,100105.0,97124.0,97915.0,442.04085313
1,97914.0,98302.0,97547.0,97715.0,107.06365154
1,97741.0,97781.0,96573.0,97245.0,111.60550826000001
1,97238.0,97490.0,96574.0,96707.0,35.04197152
1,96711.0,97146.0,96296.0,96394.0,37.8592203
1,96410.0,96800.0,96130.0,96501.0,103.77533155
1,96443.0,97049.0,96363.0,96512.0,67.18199778
1,96450.0,97200.0,96404.0,97117.0,30.89224876
1,97122.0,97129.0,96818.0,96946.0,17.60940902
1,96922.0,97248.0,96712.0,97247.0,48.24148042
1,97246.0,97246.0,96609.0,96901.0,31.797859689999996
1,96880.0,97143.0,96750.0,96933.0,16.72151962
1,96859.0,96859.0,96216.0,96506.0,43.90182611
1,96519.0,96603.0,96088.0,96259.0,19.404527859999998
1,96320.0,96620.0,96091.0,96477.0,17.496164110000002
1,96554.0,96603.0,95253.0,95258.0,66.97018659
1,95270.0,95765.0,95239.0,95630.0,90.20069747
1,95610.0,96095.0,95490.0,95937.0,114.69014809
1,95913.0,96070.0,95398.0,95413.0,74.06002645
1,95419.0,95949.0,95419.0,95924.0,69.03458081000001
1,95942.0,96007.0,94511.0,95104.0,175.00878731
1,95104.0,95330.0,94812.0,94845.0,74.44582192
1,94851.0,95637.0,94851.0,95361.0,86.99176314
1,95360.0,95836.0,94896.0,95300.0,122.80921866
1,95197.0,96030.0,94614.0,95458.0,168.57215468
1,95459.0,95484.0,94506.0,94757.0,158.4920176
1,94748.0,94804.0,92502.0,94001.0,296.71644246
1,94000.0,95076.0,93751.0,94245.0,177.41630952
1,94222.0,94828.0,94006.0,94226.0,58.21121327
1,94222.0,94377.0,93750.0,93930.0,88.35940332
1,93950.0,94552.0,93600.0,94433.0,26.49149409
1,94434.0,95273.0,94434.0,95273.0,44.94427545
1,95274.0,95274.0,94897.0,95065.0,10.06670886
1,95034.0,95101.0,94799.0,95101.0,12.867934259999998
1,95113.0,95333.0,94954.0,94954.0,33.08768838
1,94966.0,94989.0,93439.0,94738.0,258.48893115
1,94745.0,94752.0,93989.0,93989.0,38.615016849999996
1,93979.0,94447.0,93775.0,94387.0,15.270509610000001
1,94358.0,94520.0,94234.0,94427.0,10.05212554
1,94425.0,94570.0,94017.0,94060.0,9.66784987
1,94060.0,94260.0,93179.0,93179.0,57.0287086
1,93181.0,93338.0,92679.0,92985.0,111.81635939
1,92992.0,93689.0,92941.0,93467.0,62.31733627
1,93489.0,93612.0,93005.0,93405.0,43.82696098
1,93379.0,93887.0,93192.0,93414.0,112.55157942000001
1,93409.0,93641.0,93122.0,93347.0,19.14521113
1,93365.0,93437.0,91884.0,91956.0,131.95756607
1,91904.0,92853.0,91761.0,92830.0,152.00415819
1,92817.0,94532.0,92655.0,94223.0,107.32606489
1,94221.0,94661.0,93851.0,94243.0,70.642593
1,94245.0,94268.0,92325.0,92688.0,100.69587331
1,92693.0,93214.0,92415.0,93028.0,67.45352667
1,93023.0,93287.0,91916.0,91916.0,104.81707914
1,91915.0,92313.0,91215.0,91896.0,161.1036547
1,91896.0,92479.0,91772.0,92061.0,100.66884631
1,92084.0,92703.0,91645.0,92460.0,83.99413288
1,92440.0,92649.0,92051.0,92542.0,12.40088208
1,92545.0,92835.0,92465.0,92741.0,19.92692772
1,92740.0,93128.0,92598.0,93097.0,20.7273893
1,93140.0,93674.0,93039.0,93373.0,32.99775792
1,93380.0,93708.0,93342.0,93699.0,13.505629670000001
1,93699.0,93877.0,93503.0,93832.0,49.84605836
1,93832.0,94227.0,93641.0,93963.0,59.38139622
1,93964.0,94317.0,93764.0,94245.0,47.77873076
1,94236.0,94976.0,94082.0,94517.0,105.716892
1,94511.0,94756.0,94430.0,94691.0,49.90141394
1,94690.0,94976.0,94589.0,94801.0,39.5508297
1,94810.0,95238.0,94774.0,95229.0,22.82079813
1,95238.0,95238.0,94634.0,95092.0,77.55498742
1,95091.0,95174.0,94727.0,95023.0,112.44257154
1,95021.0,95034.0,92768.0,93536.0,351.25277831
1,93540.0,94655.0,93422.0,94114.0,230.29843876
1,94086.0,94498.0,92227.0,93739.0,206.0020471
1,93726.0,94023.0,93200.0,93768.0,89.30638778
1,93636.0,95797.0,93328.0,95737.0,179.205342
1,95777.0,95777.0,94600.0,94851.0,39.67048663
1,94892.0,95377.0,94436.0,95313.0,7.29569042
1,95300.0,95430.0,94650.0,94691.0,11.58214888
1,94657.0,94912.0,94605.0,94606.0,6.34202359
1,94606.0,94893.0,94580.0,94759.0,12.24097099
1,94733.0,94881.0,94671.0,94702.0,13.62229501
1,94702.0,94702.0,94364.0,94578.0,69.32256878
1,94624.0,94659.0,94227.0,94418.0,10.26770582
1,94415.0,94476.0,94182.0,94407.0,4.30048676
1,94395.0,94408.0,94102.0,94195.0,6.63892203
1,94183.0,94303.0,93843.0,94046.0,15.68470917
1,94050.0,94340.0,94010.0,94340.0,20.98175407
1,94336.0,94396.0,94187.0,94187.0,8.92991735
1,94204.0,94308.0,94120.0,94216.0,3.83963694
1,94216.0,94372.0,94035.0,94050.0,18.43936468
1,94077.0,94309.0,94032.0,94309.0,1.90325242
1,94308.0,94430.0,94278.0,94430.0,28.10091255
1,94430.0,94723.0,94413.0,94574.0,19.94432389
1,94589.0,94606.0,94481.0,94499.0,6.20396457
1,94503.0,94561.0,94328.0,94365.0,18.07569646
1,94379.0,94588.0,94306.0,94583.0,4.40773813
1,94560.0,94594.0,94345.0,94379.0,10.19204728
1,94425.0,94657.0,94301.0,94397.0,150.86549823000001
1,94397.0,94397.0,93944.0,94101.0,68.84363491
1,94110.0,94256.0,94068.0,94228.0,6.81000915
1,94196.0,94260.0,94040.0,94188.0,9.64838011
1,94192.0,94600.0,94138.0,94560.0,38.20168513
1,94564.0,94975.0,94559.0,94906.0,60.78423129
1,94921.0,94964.0,94559.0,94570.0,35.04627225
1,94560.0,94724.0,94535.0,94568.0,22.44468901
1,94573.0,94629.0,94408.0,94415.0,12.78163793
1,94412.0,94551.0,94283.0,94537.0,12.39715001
1,94532.0,94600.0,94434.0,94583.0,15.16372177
1,94580.0,94634.0,94374.0,94571.0,4.13505096
1,94580.0,94604.0,94455.0,94546.0,3.11878871
1,94544.0,94587.0,94464.0,94494.0,1.5187963
1,94525.0,94571.0,94340.0,94368.0,14.83035941
1,94340.0,94401.0,94251.0,94277.0,27.32538741
1,94282.0,94347.0,94091.0,94107.0,14.04299337
1,94116.0,94180.0,93685.0,93858.0,66.09277537999999
1,93852.0,93987.0,93760.0,93962.0,34.24675872
1,93959.0,94272.0,93952.0,94201.0,24.02823134
1,94196.0,94521.0,94113.0,94295.0,24.71056198
1,94294.0,94657.0,94274.0,94624.0,31.81336264
1,94606.0,94907.0,94606.0,94737.0,15.995440839999999
1,94772.0,95363.0,94646.0,95029.0,64.4467898
1,95027.0,95095.0,94782.0,95005.0,43.63859547
1,95005.0,95204.0,94936.0,95119.0,21.40472959
1,95108.0,95238.0,94903.0,94971.0,18.523411210000003
1,94963.0,95024.0,94550.0,94613.0,22.23410803
1,94610.0,94768.0,94582.0,94646.0,6.8152215599999995
1,94660.0,94679.0,94283.0,94290.0,15.5957276
1,94294.0,94304.0,93775.0,93880.0,28.20059732
1,93938.0,94498.0,93926.0,94497.0,47.91856927
1,94498.0,95846.0,94260.0,95288.0,171.16863035
1,95261.0,95322.0,94080.0,94176.0,91.31824002
1,94173.0,94445.0,93871.0,94173.0,18.04788712
1,94173.0,94346.0,93951.0,94225.0,8.09763974
1,94224.0,94828.0,94169.0,94506.0,83.44220491
1,94433.0,94440.0,94001.0,94123.0,19.3851378
1,94136.0,94265.0,93239.0,93538.0,51.14448189
1,93607.0,93867.0,93433.0,93479.0,11.61937365
1,93521.0,93584.0,92851.0,92981.0,20.098872450000002
1,92973.0,93123.0,92612.0,92801.0,41.79307046
1,92798.0,92798.0,91310.0,91543.0,104.4860334
1,91568.0,91689.0,90754.0,90775.0,178.71915841999999
1,90764.0,91201.0,90204.0,90633.0,320.63169566
1,90652.0,91687.0,90490.0,91049.0,73.08255093
1,91049.0,92196.0,89164.0,91768.0,306.26475509
1,91764.0,93062.0,91526.0,92102.0,95.56364287000001
1,92133.0,92223.0,91212.0,91281.0,46.72916719
1,91278.0,92246.0,91197.0,91865.0,19.8348825
1,91933.0,92359.0,91536.0,92031.0,57.07119203
1,92029.0,92460.0,91571.0,92277.0,67.37119248
1,92258.0,93732.0,91851.0,93542.0,116.40105641
1,93567.0,94417.0,93394.0,94168.0,79.11298477999999
1,94177.0,94669.0,94137.0,94353.0,118.65946039
1,94419.0,94566.0,94172.0,94505.0,25.8190168
1,94537.0,94822.0,94345.0,94452.0,41.383671039999996
1,94463.0,94987.0,94463.0,94815.0,63.523763620000004
1,94838.0,95229.0,94713.0,94854.0,65.50672838
1,94852.0,95085.0,94805.0,94835.0,22.429068490000002
1,94865.0,95114.0,94805.0,95087.0,4.26621501
1,95079.0,95421.0,94867.0,94867.0,62.16154575
1,94942.0,94973.0,94737.0,94973.0,13.75296105
1,94996.0,95113.0,94804.0,94832.0,5.26852
1,94827.0,95765.0,94827.0,95469.0,105.91893899
1,95468.0,97339.0,95468.0,97120.0,138.08133631
1,97149.0,97171.0,96573.0,96648.0,44.18390669
1,96618.0,96647.0,96330.0,96500.0,16.69230234
1,96621.0,96621.0,95961.0,95961.0,48.50516724
1,95961.0,97183.0,95742.0,96324.0,151.7096897
1,96355.0,97188.0,96013.0,96157.0,122.48677326
1,96256.0,96898.0,96190.0,96437.0,81.82372027
1,96420.0,96420.0,95332.0,95687.0,77.42023403
1,95657.0,96508.0,95532.0,96482.0,10.63526451
1,96465.0,96920.0,96238.0,96722.0,97.71709221
1,96721.0,97051.0,96422.0,96487.0,131.92144894
1,96547.0,96863.0,96101.0,96459.0,104.24372536
1,96432.0,96631.0,96280.0,96427.0,37.03323939
1,96434.0,96722.0,96402.0,96685.0,10.91426865
1,96652.0,96748.0,96470.0,96523.0,20.22986203
1,96560.0,97293.0,96474.0,96892.0,47.41810205
1,96764.0,97493.0,96764.0,97339.0,38.27369813
1,97325.0,97404.0,96725.0,96785.0,37.66762483
1,96804.0,97269.0,96736.0,97269.0,72.07224376
1,97271.0,97657.0,97061.0,97154.0,49.66799564
1,97153.0,97202.0,96736.0,96989.0,19.410217890000002
1,96989.0,97099.0,96809.0,97049.0,4.49177231
1,97049.0,97534.0,97049.0,97269.0,36.96312228
1,97279.0,97481.0,97122.0,97176.0,7.06704691
1,97176.0,97313.0,96759.0,96792.0,36.681832920000005
1,96786.0,97102.0,96712.0,96890.0,9.50887723
1,96891.0,96891.0,96515.0,96728.0,15.2753359
1,96724.0,97127.0,96516.0,96887.0,30.49392858
1,96887.0,99026.0,96810.0,98938.0,166.13370979
1,98962.0,99502.0,98611.0,99427.0,191.94231517
1,99459.0,99769.0,98967.0,98985.0,320.25637962
1,98986.0,99489.0,98897.0,99000.0,98.98752754
1,99001.0,99348.0,98623.0,98650.0,58.43951332
1,98655.0,99475.0,98655.0,99475.0,83.24556844
1,99451.0,99985.0,99307.0,99870.0,109.17361291
1,99870.0,100715.0,99484.0,99618.0,228.05187853
1,99609.0,99885.0,99512.0,99694.0,79.64990876
1,99716.0,99844.0,99580.0,99721.0,11.44190382
1,99750.0,100521.0,99646.0,100512.0,59.50294962
1,100512.0,100860.0,99647.0,99873.0,90.8696376
1,99896.0,100209.0,99852.0,100089.0,11.07725584
1,100085.0,100122.0,99482.0,99611.0,32.13566606
1,99634.0,99837.0,99168.0,99455.0,23.71099704
1,99455.0,99686.0,99455.0,99602.0,11.28162474
1,99599.0,99599.0,99346.0,99373.0,6.33701919
1,99370.0,99869.0,99295.0,99780.0,34.85429589
1,99779.0,99831.0,99642.0,99772.0,5.73088091
1,99781.0,99802.0,98622.0,98953.0,80.07857247
1,98954.0,99284.0,98643.0,99117.0,37.43428588
1,99118.0,99383.0,99094.0,99182.0,13.33823543
1,99189.0,99307.0,98719.0,99135.0,37.35751847
1,99132.0,99466.0,98886.0,99362.0,55.193038890000004
1,99363.0,99400.0,98788.0,99060.0,102.21718577
1,99063.0,99380.0,97483.0,97536.0,167.60020465
1,97549.0,99251.0,97319.0,99251.0,161.78228860000002
1,99251.0,99846.0,99075.0,99372.0,280.53156824
1,99340.0,100340.0,99180.0,99822.0,192.2096747
1,99822.0,100039.0,99250.0,99581.0,55.26410217
1,99580.0,100414.0,99387.0,100394.0,95.45000414
1,100397.0,100640.0,100274.0,100346.0,122.33592082
1,100373.0,100388.0,99732.0,100137.0,111.54429907
1,100125.0,100125.0,99383.0,99833.0,51.16846154
1,99829.0,100089.0,99720.0,99975.0,38.27186763
1,99975.0,100413.0,99944.0,100127.0,21.24067775
1,100127.0,101774.0,100043.0,101636.0,112.62090228
1,101636.0,102088.0,100789.0,101071.0,77.10171866
1,101070.0,101237.0,100918.0,100999.0,18.9348954
1,100999.0,101467.0,100920.0,101467.0,67.50195054
1,101463.0,101774.0,101311.0,101311.0,97.85362778
1,101311.0,101569.0,101294.0,101380.0,13.58561987
1,101398.0,101848.0,101398.0,101461.0,16.36635228
1,101431.0,102175.0,101429.0,102106.0,38.31017414
1,102105.0,102262.0,101726.0,101845.0,98.78511631
1,101832.0,102528.0,101775.0,102279.0,112.68070797
1,102289.0,102426.0,102078.0,102244.0,15.39353166
1,102217.0,102927.0,102177.0,102749.0,76.20647354
1,102749.0,102961.0,102422.0,102465.0,79.77477636
1,102449.0,103365.0,102286.0,103364.0,329.96563502
1,103369.0,104360.0,103298.0,104053.0,494.36545687
1,104047.0,105073.0,103885.0,105042.0,398.03148141
1,105043.0,105313.0,104047.0,104145.0,226.8554416
1,104151.0,105000.0,104072.0,104894.0,124.84292191
1,104897.0,105932.0,104758.0,105912.0,243.74541007
1,105913.0,105928.0,104584.0,104723.0,278.32918251
1,104725.0,105087.0,104509.0,104639.0,80.54650273
1,104639.0,104722.0,104232.0,104429.0,39.62468323
1,104429.0,104556.0,104119.0,104119.0,24.73384078
1,104119.0,104701.0,104119.0,104698.0,20.31921356
1,104698.0,104698.0,104119.0,104298.0,30.76168393
1,104298.0,104507.0,104262.0,104346.0,11.37298664
1,104333.0,104469.0,103053.0,103558.0,100.29667836
1,103557.0,103682.0,102659.0,103557.0,124.6673822
1,103557.0,103718.0,102820.0,102820.0,109.96798955
1,102820.0,103558.0,102820.0,103395.0,24.65280807
1,103393.0,103445.0,102569.0,102771.0,31.940000610000002
1,102769.0,103299.0,102238.0,103236.0,34.30864162
1,103235.0,103411.0,103006.0,103091.0,12.63713869
1,103091.0,103233.0,102777.0,103149.0,19.04551779
1,103117.0,103799.0,102872.0,103521.0,88.49371834
1,103535.0,103969.0,103326.0,103429.0,35.18660236
1,103396.0,104337.0,103087.0,104301.0,101.24336947
1,104301.0,104492.0,103718.0,103931.0,61.500628039999995
1,103930.0,104909.0,103683.0,104500.0,104.41437378
1,104501.0,104611.0,103088.0,103200.0,139.94441996
1,103165.0,104107.0,103165.0,103705.0,53.15266435
1,103723.0,104317.0,103706.0,104001.0,37.34401347
1,104001.0,104369.0,103978.0,104268.0,21.851203599999998
1,104268.0,104382.0,103679.0,103930.0,13.78330513
1,103930.0,104159.0,103807.0,103807.0,47.51239294
1,103807.0,104215.0,103770.0,104195.0,16.44058613
1,104198.0,104604.0,104198.0,104436.0,65.5907095
1,104432.0,104432.0,104037.0,104039.0,39.21172676
1,104032.0,104569.0,103920.0,104377.0,60.60924105
1,104380.0,105313.0,104380.0,104780.0,116.52274475
1,104765.0,105048.0,104458.0,104856.0,38.498285179999996
1,104856.0,105110.0,104581.0,104902.0,54.94665385
1,104903.0,105008.0,104122.0,105007.0,169.96089707
1,105006.0,105490.0,104904.0,105424.0,36.31754416
1,105425.0,105469.0,104791.0,105002.0,65.16008194
1,104995.0,104995.0,104152.0,104275.0,61.18493465
1,104269.0,105283.0,103310.0,105130.0,220.59314951
1,105147.0,105152.0,104250.0,104622.0,92.58245950999999
1,104623.0,105136.0,104045.0,104171.0,99.68320255
1,104173.0,104859.0,104134.0,104766.0,92.92829211
1,104767.0,105124.0,104689.0,104804.0,26.61443275
1,104805.0,105524.0,104638.0,104996.0,125.87449294000001
1,104996.0,105069.0,104390.0,104801.0,75.17044995
1,104778.0,105052.0,104560.0,104820.0,30.1871541
1,104823.0,105022.0,104394.0,104952.0,15.02860019
1,104988.0,105098.0,104774.0,104903.0,35.691632000000006
1,104902.0,106077.0,104843.0,106077.0,76.65140254
1,106056.0,106294.0,105391.0,106158.0,113.60109539999999
1,106159.0,106256.0,103546.0,103546.0,228.89169389
1,103546.0,104319.0,101030.0,103291.0,402.00316407
1,103298.0,103298.0,99528.0,101237.0,324.52900375
1,101191.0,101542.0,99462.0,99679.0,47.05379226
1,99725.0,100806.0,99486.0,100510.0,41.43498034
1,100545.0,102154.0,100446.0,101783.0,28.16711406
1,101783.0,102058.0,101310.0,101804.0,72.03992284
1,101801.0,102666.0,101430.0,102120.0,58.97919682
1,102111.0,102710.0,102012.0,102230.0,51.5633458
1,102229.0,109356.0,102133.0,107272.0,496.74569361000005
1,107212.0,109186.0,106756.0,106945.0,444.01153099000004
1,106954.0,108237.0,106927.0,108176.0,61.41379652
1,108179.0,109030.0,107436.0,108006.0,166.1730478
1,108004.0,108575.0,107651.0,107825.0,69.93418622
1,107836.0,108404.0,107655.0,108099.0,60.586801030000004
1,108099.0,108563.0,105350.0,106789.0,136.84687922
1,106790.0,107985.0,106516.0,107793.0,55.86308346
1,107794.0,107969.0,107127.0,107747.0,89.60577836
1,107741.0,107852.0,104361.0,104791.0,355.42903007
1,104853.0,106902.0,103682.0,106564.0,249.73592235
1,106521.0,106616.0,100482.0,102877.0,996.05475675
1,102849.0,104356.0,102657.0,103807.0,153.04775874
1,103825.0,103861.0,102649.0,103583.0,55.17988734
1,103566.0,104191.0,103255.0,103520.0,33.59713016
1,103528.0,103962.0,102475.0,102475.0,30.27413714
1,102522.0,103676.0,101725.0,103466.0,54.54467937
1,103487.0,103553.0,101630.0,102141.0,113.58661757
1,102155.0,102514.0,100982.0,101038.0,32.50333316
1,101055.0,102102.0,100087.0,101335.0,172.52084068
1,101374.0,102602.0,100948.0,102390.0,135.88369598
1,102391.0,103116.0,102175.0,102809.0,62.90399135
1,102809.0,102834.0,101807.0,102190.0,18.35257638
1,102211.0,102395.0,101215.0,101259.0,107.66751183999999
1,101255.0,102030.0,101023.0,102020.0,29.43832046
1,102041.0,102357.0,101711.0,101887.0,39.68482324
1,101852.0,102357.0,101619.0,102352.0,22.12170895
1,102349.0,102744.0,102006.0,102610.0,19.81096059
1,102604.0,103227.0,102450.0,103052.0,112.82362574999999
1,103051.0,103857.0,102972.0,103673.0,86.44093399
1,103653.0,104594.0,103514.0,104418.0,53.56874672
1,104418.0,104885.0,104059.0,104368.0,37.57556374
1,104369.0,105206.0,102948.0,103167.0,281.11530447
1,103173.0,103998.0,102726.0,103846.0,129.90248879
1,103832.0,106462.0,103745.0,104945.0,476.42823827
1,104945.0,106401.0,104881.0,106166.0,203.39346884
1,106167.0,107265.0,105902.0,106881.0,360.66821417
1,106882.0,107149.0,106270.0,107061.0,345.72834227
1,107061.0,107227.0,105951.0,106121.0,162.46698964
1,106157.0,106827.0,105795.0,106796.0,44.66468991
1,106795.0,106795.0,106001.0,106001.0,23.25588534
1,106001.0,106300.0,105459.0,106149.0,99.49007973
1,106149.0,106309.0,105799.0,105970.0,13.37855177
1,105963.0,106370.0,105466.0,105793.0,80.36085516
1,105777.0,106180.0,105553.0,105556.0,15.02837165
1,105573.0,105902.0,105573.0,105598.0,5.70452367
1,105607.0,105807.0,105316.0,105578.0,27.77055695
1,105577.0,105841.0,105490.0,105678.0,7.06922159
1,105676.0,105921.0,105194.0,105360.0,62.77729396
1,105361.0,105658.0,105052.0,105064.0,28.09410025
1,105064.0,105300.0,104733.0,105247.0,84.27628539999999
1,105249.0,105249.0,104909.0,104956.0,16.72556945
1,104959.0,105143.0,104650.0,105123.0,43.54201093
1,105103.0,105431.0,104749.0,105049.0,54.137549719999996
1,105085.0,105541.0,105044.0,105277.0,24.05218359
1,105253.0,105360.0,103813.0,104044.0,111.04272288
1,104044.0,104897.0,103659.0,104342.0,286.7075456
1,104433.0,105136.0,104000.0,104200.0,229.26332219
1,104182.0,104200.0,103322.0,103711.0,64.95412355
1,103699.0,104604.0,103662.0,104373.0,161.56144079
1,104373.0,104670.0,103765.0,103901.0,80.65821044
1,103901.0,104708.0,103849.0,104622.0,66.77390181
1,104622.0,104796.0,104070.0,104322.0,67.94430535000001
1,104302.0,104353.0,103621.0,104067.0,108.65961362
1,104066.0,104469.0,103756.0,103837.0,54.35828955
1,103844.0,104121.0,103613.0,103632.0,18.7131384
1,103659.0,103766.0,103014.0,103262.0,39.11202404
1,103244.0,103579.0,102550.0,102871.0,29.95259827
1,102891.0,102913.0,102046.0,102599.0,66.3739544
1,102584.0,102929.0,102140.0,102390.0,76.50263399
1,102387.0,102416.0,101540.0,101994.0,61.24281819
1,102000.0,102572.0,101907.0,102485.0,61.92133696
1,102482.0,102890.0,102177.0,102216.0,105.00552728
1,102200.0,102705.0,102030.0,102634.0,147.25210811
1,102640.0,102640.0,102018.0,102173.0,63.82530877
1,102172.0,102416.0,101614.0,101661.0,30.66316912
1,101612.0,102020.0,101233.0,101653.0,41.36863868
1,101667.0,102139.0,101667.0,101904.0,58.50205891
1,101905.0,102089.0,101386.0,101590.0,48.39340663
1,101603.0,102651.0,101273.0,102462.0,111.48966682
1,102457.0,106010.0,101969.0,105172.0,371.35317465
1,105174.0,105776.0,102680.0,105247.0,464.76415629
1,105295.0,106848.0,105052.0,105168.0,400.5367481
1,105166.0,106252.0,104256.0,105949.0,136.42984039
1,105962.0,106157.0,105160.0,105467.0,27.12373205
1,105467.0,105550.0,103452.0,103835.0,54.5130438
1,103802.0,106445.0,102632.0,103340.0,819.44801389
1,103307.0,103440.0,102275.0,103112.0,259.18376257
1,103112.0,104710.0,103013.0,104001.0,226.41264505
1,104005.0,104556.0,103815.0,103933.0,88.80267486
1,103922.0,104172.0,103432.0,103442.0,12.097278039999999
1,103439.0,103883.0,103072.0,103190.0,77.49861630000001
1,103220.0,103522.0,102966.0,103037.0,19.97400116
1,103031.0,104279.0,102754.0,103885.0,27.38660272
1,103884.0,104870.0,103802.0,104614.0,73.46737745
1,104613.0,105224.0,104545.0,105200.0,113.76557577
1,105204.0,105305.0,104632.0,104994.0,12.73181427
1,104990.0,105173.0,104651.0,105042.0,89.12370435
1,105046.0,105611.0,104916.0,105519.0,40.11883835
1,105518.0,105753.0,105060.0,105187.0,11.01342833
1,105155.0,105428.0,105059.0,105426.0,11.510785049999999
1,105426.0,105537.0,105237.0,105421.0,25.72636684
1,105432.0,105591.0,105212.0,105528.0,44.57487097
1,105528.0,105769.0,104998.0,105120.0,64.51753624
1,105119.0,106303.0,104690.0,105786.0,197.99346956
1,105807.0,105997.0,105279.0,105864.0,113.23742716
1,105864.0,106177.0,105616.0,105678.0,108.8913605
1,105711.0,106751.0,105660.0,106488.0,101.37490338
1,106505.0,107149.0,106137.0,106330.0,132.35428167
1,106370.0,106643.0,105750.0,105830.0,109.86220576
1,105792.0,105794.0,104771.0,104819.0,228.39512206999999
1,104866.0,105392.0,104866.0,105096.0,42.91715614
1,105128.0,105502.0,104733.0,104751.0,11.40552752
1,104774.0,104926.0,104478.0,104855.0,55.29544995
1,104855.0,104855.0,104377.0,104417.0,42.82947526
1,104410.0,104771.0,104380.0,104713.0,51.58826373
1,104713.0,104795.0,104446.0,104516.0,56.5410771
1,104516.0,105223.0,104445.0,105145.0,75.75568257
1,105145.0,105145.0,104594.0,104624.0,53.905135279999996
1,104621.0,104644.0,104232.0,104315.0,61.66778137
1,104315.0,104442.0,104211.0,104308.0,92.72739603000001
1,104278.0,104470.0,104262.0,104342.0,10.23734176
1,104342.0,104480.0,104144.0,104292.0,26.630241480000002
1,104322.0,104394.0,104256.0,104361.0,7.46166057
1,104360.0,104608.0,104126.0,104516.0,31.75143496
1,104521.0,104658.0,104371.0,104656.0,5.64000865
1,104655.0,104758.0,104452.0,104736.0,6.24618483
1,104758.0,104821.0,104631.0,104718.0,5.86450361
1,104701.0,104710.0,104482.0,104596.0,15.98618518
1,104577.0,105072.0,104577.0,104904.0,37.13647785
1,104902.0,104979.0,104608.0,104642.0,18.97180869
1,104648.0,104884.0,104470.0,104884.0,44.77615616
1,104880.0,105237.0,104833.0,104948.0,20.54700931
1,104949.0,105152.0,104904.0,105037.0,7.62532411
1,105034.0,105174.0,104924.0,104924.0,8.14690167
1,104925.0,105105.0,104838.0,105087.0,6.60412966
1,105123.0,105237.0,104994.0,105039.0,10.01560907
1,105053.0,105087.0,104679.0,104738.0,37.23479613
1,104741.0,104826.0,104533.0,104589.0,10.44524877
1,104588.0,104745.0,104520.0,104604.0,11.182818710000001
1,104597.0,104696.0,104520.0,104659.0,15.18319286
1,104659.0,105186.0,104659.0,105037.0,29.21802651
1,105036.0,105424.0,104985.0,105151.0,37.08477442
1,105151.0,105180.0,104997.0,105080.0,12.20572248
1,105079.0,105092.0,104960.0,104971.0,3.4596918199999998
1,104978.0,105073.0,104935.0,104975.0,10.03996055
1,104973.0,105187.0,104871.0,105006.0,59.35652277
1,105007.0,105016.0,104445.0,104630.0,28.08916625
1,104629.0,104683.0,104486.0,104683.0,12.6999827
1,104695.0,104809.0,104655.0,104809.0,9.31850988
1,104808.0,104859.0,104698.0,104859.0,7.90927101
1,104871.0,105035.0,104836.0,104945.0,19.26761088
1,104943.0,104991.0,104797.0,104953.0,7.9788143400000004
1,104948.0,105048.0,104876.0,104953.0,3.15881862
1,104953.0,105007.0,104909.0,104926.0,7.35641373
1,104927.0,105010.0,104911.0,104941.0,8.25070353
1,104940.0,105224.0,104909.0,105164.0,19.72524199
1,105162.0,105199.0,105023.0,105076.0,16.33761406
1,105076.0,105161.0,104922.0,104933.0,33.2383448
1,104933.0,104967.0,104558.0,104558.0,30.35880601
1,104557.0,104693.0,104307.0,104322.0,24.3543925
1,104321.0,104321.0,102450.0,102573.0,382.12166978
1,102573.0,103186.0,101510.0,101635.0,218.00910485
1,101737.0,102030.0,101127.0,101250.0,92.62686581
1,101224.0,101629.0,100807.0,100906.0,99.68053563000001
1,100914.0,101807.0,100682.0,101354.0,24.99885233
1,101358.0,101361.0,100216.0,100360.0,56.32819344
1,100357.0,100681.0,99701.0,100329.0,110.64483771
1,100326.0,100426.0,98686.0,98901.0,190.27343781
1,98901.0,99360.0,97750.0,99025.0,201.13262029
1,99021.0,99299.0,98682.0,99002.0,91.82747678
1,99011.0,99491.0,98776.0,99372.0,108.24212634
1,99382.0,99383.0,98223.0,98338.0,83.44705114
1,98338.0,99287.0,98287.0,98750.0,29.09361256
1,98787.0,100818.0,98679.0,100553.0,166.4585367
1,100594.0,101647.0,100017.0,100469.0,219.13348852000001
1,100495.0,102311.0,100125.0,101945.0,276.06169137
1,101915.0,102108.0,100837.0,101105.0,276.40328017
1,101119.0,101230.0,99571.0,99715.0,142.59421202
1,99714.0,100000.0,99049.0,99137.0,69.88387342
1,99092.0,99696.0,98823.0,99088.0,67.61824758
1,99160.0,99873.0,99132.0,99644.0,75.12804288
1,99643.0,101741.0,99573.0,101408.0,246.84124886
1,101326.0,102366.0,100950.0,101334.0,165.4880429
1,101344.0,101918.0,101246.0,101589.0,93.27732132
1,101612.0,102149.0,101612.0,102090.0,104.93355378
1,102065.0,102865.0,101798.0,101901.0,142.88304282
1,101845.0,101972.0,101375.0,101375.0,28.83272921
1,101370.0,102413.0,101335.0,102398.0,55.881782030000004
1,102398.0,102853.0,102043.0,102629.0,29.95906561
1,102630.0,103347.0,102598.0,102902.0,61.06498293
1,102903.0,103344.0,102839.0,103024.0,13.12600194
1,103045.0,103201.0,102638.0,102751.0,10.7235904
1,102751.0,103320.0,102545.0,102808.0,95.09933904
1,102808.0,103028.0,102620.0,102830.0,32.82578127
1,102829.0,102951.0,102410.0,102944.0,27.63682475
1,102949.0,103173.0,102607.0,102747.0,68.98026285
1,102746.0,102926.0,102569.0,102779.0,8.12574801
1,102757.0,102979.0,102472.0,102581.0,16.7837984
1,102591.0,102929.0,102489.0,102578.0,42.59824662
1,102578.0,102890.0,101820.0,102642.0,264.84061312
1,102633.0,103745.0,102517.0,102765.0,187.64420355000001
1,102793.0,102914.0,101937.0,102245.0,64.95870153999999
1,102244.0,103075.0,102206.0,102559.0,77.72276004
1,102575.0,103074.0,102126.0,102192.0,79.09457572
1,102191.0,102618.0,101803.0,102401.0,88.35100822
1,102400.0,102515.0,101176.0,101212.0,91.0276705
1,101211.0,101467.0,100233.0,100298.0,123.88962403000001
1,100286.0,101330.0,100225.0,101215.0,86.72532522
1,101207.0,101378.0,100692.0,101292.0,22.89753445
1,101291.0,101748.0,101288.0,101676.0,19.45202541
1,101663.0,101919.0,101397.0,101795.0,12.7705502
1,101798.0,102248.0,101672.0,101768.0,47.125752150000004
1,101763.0,102127.0,101726.0,102011.0,16.81561054
1,102004.0,102127.0,101946.0,101979.0,13.13044645
1,101960.0,102336.0,101937.0,102213.0,25.28896115
1,102266.0,102791.0,102217.0,102750.0,29.63772115
1,102783.0,102789.0,102441.0,102687.0,26.16429956
1,102709.0,102953.0,102656.0,102696.0,37.56730369
1,102696.0,102728.0,102263.0,102294.0,22.66240975
1,102293.0,102655.0,102164.0,102499.0,32.00088021
1,102499.0,102742.0,102397.0,102585.0,18.446106399999998
1,102591.0,102761.0,102188.0,102188.0,42.1263793
1,102209.0,102296.0,101687.0,101803.0,75.48203932
1,101801.0,102309.0,101565.0,101999.0,137.48237198
1,102023.0,102470.0,101763.0,101969.0,54.78488171
1,101968.0,102127.0,101669.0,102087.0,19.62981178
1,102080.0,102755.0,101986.0,102381.0,25.271849680000003
1,102415.0,103027.0,102021.0,102904.0,93.95352298
1,102843.0,103971.0,101360.0,103586.0,277.94489202
1,103583.0,104769.0,102866.0,104199.0,320.43569568
1,104247.0,104389.0,103746.0,103746.0,108.84659039
1,103747.0,104007.0,103415.0,103500.0,48.47367541
1,103500.0,104332.0,103471.0,103747.0,30.437882419999998
1,103768.0,104128.0,103313.0,104037.0,29.56731893
1,104034.0,104540.0,103924.0,104272.0,67.65377679
1,104270.0,104641.0,104022.0,104641.0,35.30930645
1,104644.0,105279.0,104494.0,105232.0,159.2329258
1,105220.0,105563.0,104850.0,105469.0,43.24480955
1,105485.0,105524.0,105029.0,105375.0,13.74012579
1,105386.0,105553.0,105164.0,105186.0,47.7217341
1,105187.0,105350.0,104846.0,105131.0,50.554255500000004
1,105148.0,105324.0,104948.0,105062.0,40.86835692
1,105062.0,105515.0,105008.0,105422.0,40.76571929
1,105400.0,105400.0,105111.0,105319.0,29.08796444
1,105319.0,105379.0,105074.0,105295.0,21.37253613
1,105298.0,105298.0,104859.0,105020.0,38.21122613
1,105019.0,105325.0,104822.0,104824.0,56.53817321
1,104854.0,106265.0,104651.0,105897.0,223.65044676
1,105922.0,106447.0,105414.0,105584.0,224.4013301
1,105614.0,106010.0,105518.0,105712.0,70.65003977
1,105713.0,105713.0,104936.0,105322.0,73.69960757
1,105310.0,105617.0,104782.0,105606.0,69.00356289
1,105634.0,105789.0,105271.0,105713.0,57.60629454
1,105732.0,105844.0,104846.0,104948.0,75.7497278
1,104948.0,105238.0,104819.0,105051.0,48.213397979999996
1,105051.0,105383.0,104995.0,105129.0,13.9287766
1,105116.0,105266.0,104709.0,104738.0,12.36788891
1,104737.0,105023.0,104419.0,104898.0,48.70477662
1,104902.0,104904.0,104451.0,104737.0,39.14227209
1,104738.0,104834.0,104276.0,104389.0,39.339797000000004
1,104354.0,104357.0,103944.0,104337.0,40.08493399
1,104337.0,104520.0,103983.0,103997.0,36.41356213
1,103997.0,104457.0,103992.0,104298.0,25.70914786
1,104305.0,104721.0,104304.0,104519.0,15.9201849
1,104519.0,104783.0,104046.0,104188.0,39.79124317
1,104189.0,104311.0,104021.0,104021.0,13.68061966
1,104021.0,104294.0,103925.0,104249.0,29.78703504
1,104250.0,104418.0,104076.0,104283.0,13.36239711
1,104283.0,104834.0,104283.0,104752.0,22.06833779
1,104732.0,104873.0,104557.0,104699.0,9.93549752
1,104716.0,105009.0,104570.0,104625.0,40.65643565
1,104658.0,104834.0,104119.0,104391.0,98.61716365
1,104452.0,106046.0,104452.0,105473.0,494.0212831
1,105460.0,105597.0,104729.0,105101.0,72.68005556
1,105100.0,105100.0,104570.0,104589.0,27.449047059999998
1,104588.0,104832.0,102545.0,102575.0,200.97004781
1,102577.0,102960.0,102066.0,102271.0,291.50838724
1,102252.0,102260.0,101528.0,101613.0,258.26533926
1,101601.0,102115.0,101303.0,102098.0,106.0409892
1,102103.0,102452.0,101904.0,102239.0,29.967345
1,102238.0,102416.0,101934.0,102412.0,22.39646075
1,102408.0,102545.0,102200.0,102477.0,15.34363527
1,102459.0,102744.0,102439.0,102558.0,15.424486289999999
1,102558.0,102754.0,102386.0,102448.0,22.00355237
1,102445.0,102497.0,102189.0,102225.0,15.01938866
1,102226.0,102458.0,102124.0,102303.0,26.95642926
1,102300.0,102557.0,102234.0,102486.0,10.66838362
1,102483.0,102557.0,102177.0,102390.0,18.65389717
1,102390.0,102471.0,102140.0,102148.0,7.49833425
1,102148.0,102259.0,101833.0,101976.0,20.43612212
1,101991.0,101991.0,101418.0,101634.0,102.95631775
1,101637.0,101931.0,101626.0,101626.0,61.98807626999999
1,101615.0,102005.0,101615.0,102005.0,19.37574185
1,102005.0,102285.0,101991.0,102240.0,17.99766007
1,102240.0,102252.0,101822.0,101824.0,28.37896321
1,101844.0,102127.0,101798.0,101821.0,37.25779398
1,101822.0,102151.0,101723.0,102052.0,36.78456659
1,102052.0,102188.0,101882.0,101893.0,14.48262021
1,101885.0,102250.0,101885.0,102248.0,16.64593596
1,102248.0,102257.0,101957.0,102005.0,8.55021093
1,102001.0,102012.0,101456.0,101663.0,37.19829404
1,101663.0,101663.0,100931.0,101288.0,67.44413966
1,101288.0,101540.0,101008.0,101207.0,40.91208237
1,101182.0,101404.0,100498.0,100660.0,93.50753167
1,100653.0,100836.0,100270.0,100638.0,50.00495326
1,100638.0,101284.0,100493.0,101245.0,24.94347347
1,101245.0,101430.0,101141.0,101230.0,15.67750526
1,101253.0,101253.0,100431.0,100453.0,47.38705476
1,100458.0,100726.0,99150.0,99174.0,92.40973185
1,99180.0,99813.0,99038.0,99532.0,69.10656945
1,99534.0,100305.0,99478.0,100237.0,33.56663229
1,100237.0,100473.0,100073.0,100248.0,19.78304652
1,100270.0,100270.0,99577.0,99605.0,51.49765499
1,99601.0,100063.0,99301.0,99819.0,76.0878116
1,99818.0,99843.0,99388.0,99684.0,50.69748752
1,99675.0,99675.0,99213.0,99383.0,31.95066075
1,99400.0,99550.0,98646.0,98796.0,42.54720922
1,98842.0,99121.0,98150.0,98150.0,63.24724735
1,98142.0,98753.0,98141.0,98745.0,48.011344460000004
1,98746.0,99395.0,98686.0,99200.0,62.92428148
1,99192.0,99346.0,98718.0,99337.0,69.30882551
1,99343.0,99343.0,98068.0,98235.0,69.91783116
1,98229.0,98481.0,96956.0,97141.0,213.39490489
1,97141.0,97856.0,96800.0,97001.0,138.44338851999998
1,97011.0,98634.0,96824.0,98214.0,132.67728922999999
1,98215.0,98579.0,97629.0,97774.0,25.61788753
1,97772.0,97939.0,96582.0,96989.0,32.92218847
1,96989.0,98008.0,96168.0,97962.0,178.95680484
1,97962.0,97962.0,96537.0,97675.0,156.90137586
1,97670.0,97718.0,95487.0,96480.0,181.05923104
1,96492.0,96875.0,92111.0,93431.0,383.86849776
1,93428.0,94987.0,91530.0,93522.0,276.12377397
1,93470.0,94759.0,93470.0,94071.0,37.99502967
1,94084.0,94493.0,92746.0,92831.0,68.97486142
1,92929.0,94407.0,92746.0,94279.0,119.62827204
1,94270.0,94704.0,93752.0,93948.0,37.40897716
1,93963.0,95520.0,93943.0,95440.0,128.19041237
1,95407.0,95718.0,95006.0,95422.0,55.31955188
1,95395.0,96037.0,95325.0,95386.0,88.62580205
1,95391.0,95788.0,94888.0,95772.0,96.92145541
1,95763.0,95784.0,95011.0,95176.0,74.02764607
1,95254.0,95691.0,94871.0,94871.0,107.52390317
1,94871.0,95467.0,94472.0,94740.0,173.69642937
1,94796.0,96822.0,94238.0,96655.0,467.83074469
1,96709.0,99621.0,96291.0,99031.0,422.54559903
1,99010.0,99234.0,98309.0,98687.0,176.13241226
1,98728.0,99470.0,98161.0,99363.0,199.68862588
1,99362.0,100122.0,99100.0,100021.0,190.91285772
1,100043.0,102065.0,99776.0,102065.0,296.33371274
1,102070.0,102138.0,101187.0,101207.0,165.40730031
1,101213.0,102097.0,101045.0,101950.0,107.63155877
1,101917.0,102569.0,101623.0,101767.0,129.02797299
1,101826.0,101956.0,101400.0,101457.0,97.009393
1,101456.0,101776.0,101147.0,101198.0,30.233828
1,101176.0,101785.0,100821.0,101469.0,99.82096516
1,101484.0,101533.0,100909.0,100924.0,40.97781215
1,100935.0,101116.0,100651.0,100710.0,22.09387216
1,100711.0,100853.0,100114.0,100150.0,33.62959977
1,100166.0,100187.0,98374.0,98966.0,209.11208241
1,99004.0,99708.0,98948.0,99449.0,70.32388244
1,99450.0,99565.0,98423.0,98550.0,39.35264001
1,98550.0,98799.0,97962.0,98370.0,62.66946431
1,98391.0,98871.0,98361.0,98424.0,52.792704369999996
1,98424.0,99014.0,98423.0,98880.0,28.999202370000003
1,98879.0,99514.0,98805.0,99056.0,50.26293781
1,99111.0,99849.0,99111.0,99461.0,85.21950999
1,99453.0,99645.0,99078.0,99110.0,36.46310885
1,99110.0,100474.0,98683.0,100087.0,245.06595203999998
1,100084.0,100333.0,98379.0,99446.0,160.59617667
1,99440.0,99994.0,99071.0,99071.0,36.674301279999995
1,99089.0,99666.0,98901.0,99224.0,60.69069494
1,99222.0,99629.0,98840.0,99469.0,20.45175321
1,99469.0,100846.0,98884.0,98955.0,197.02345279
1,98952.0,99481.0,98021.0,98681.0,98.71383915
1,98697.0,98697.0,96469.0,96531.0,170.78090079
1,96540.0,97987.0,96147.0,97724.0,182.60991775
1,97733.0,98209.0,97524.0,97786.0,33.60879261
1,97809.0,98410.0,97761.0,98332.0,28.19254276
1,98314.0,98937.0,97721.0,97865.0,35.06538678
1,97876.0,98224.0,97187.0,98033.0,83.89270047999999
1,98032.0,98330.0,97796.0,98091.0,11.2843803
1,98079.0,98372.0,97952.0,98075.0,3.5731732199999997
1,98072.0,98342.0,97739.0,98177.0,5.37798862
1,98176.0,98252.0,97623.0,97697.0,8.75219611
1,97697.0,97997.0,97398.0,97909.0,67.36303977
1,97909.0,98044.0,97619.0,97658.0,11.96591182
1,97657.0,98001.0,97318.0,97446.0,51.47310993
1,97450.0,98067.0,97388.0,97784.0,47.68484249
1,97781.0,98291.0,97754.0,98271.0,20.86689598
1,98292.0,98748.0,98056.0,98091.0,27.40217455
1,98109.0,98735.0,98056.0,98626.0,29.91215465
1,98627.0,99168.0,98174.0,98336.0,120.86275592
1,98333.0,98581.0,97798.0,98156.0,94.4026058
1,98149.0,98299.0,97364.0,98005.0,119.86357631
1,98005.0,98282.0,97395.0,97576.0,127.41423202
1,97577.0,97724.0,96528.0,96735.0,204.31795687000002
1,96724.0,97516.0,96512.0,97383.0,147.2788776
1,97430.0,97748.0,96913.0,97321.0,134.61446832000001
1,97320.0,97526.0,96805.0,96920.0,32.42796427
1,96916.0,97046.0,96292.0,96496.0,74.95047764
1,96461.0,96854.0,96181.0,96614.0,87.9828152
1,96614.0,96980.0,96471.0,96840.0,56.51941189
1,96835.0,97222.0,96644.0,97172.0,21.44833134
1,97165.0,97450.0,97104.0,97373.0,22.67748901
1,97374.0,97481.0,97091.0,97373.0,11.01987836
1,97373.0,97830.0,97286.0,97627.0,23.7729823
1,97627.0,97868.0,97618.0,97838.0,16.86986778
1,97845.0,98444.0,97731.0,98408.0,61.783174880000004
1,98403.0,98403.0,98069.0,98210.0,33.75011284
1,98217.0,98339.0,97968.0,98165.0,42.45656863
1,98162.0,98765.0,98135.0,98659.0,124.99032921
1,98659.0,99089.0,98659.0,99062.0,56.83375125
1,99064.0,99174.0,98462.0,98931.0,62.94302617
1,98931.0,99098.0,98331.0,98357.0,74.93371493000001
1,98378.0,98814.0,98210.0,98663.0,29.11315065
1,98703.0,98937.0,97826.0,97860.0,100.77923713
1,97872.0,98091.0,96974.0,97354.0,129.93340977
1,97348.0,97587.0,96446.0,96599.0,115.50852576
1,96615.0,97211.0,96411.0,96735.0,52.068372849999996
1,96733.0,96861.0,95919.0,96343.0,191.02242386
1,96342.0,96928.0,95678.0,95995.0,178.64841062
1,95993.0,97076.0,95819.0,96908.0,133.33881276
1,96925.0,96925.0,96134.0,96811.0,112.79923661
1,96808.0,96914.0,96207.0,96880.0,53.51684573
1,96953.0,96953.0,96213.0,96573.0,17.19814638
1,96566.0,96939.0,96421.0,96520.0,37.30762638
1,96520.0,97784.0,96520.0,97405.0,81.06146704
1,97405.0,97640.0,97071.0,97592.0,9.54336242
1,97586.0,97777.0,97258.0,97450.0,14.79578599
1,97450.0,97880.0,97402.0,97458.0,13.74015677
1,97438.0,97542.0,97166.0,97337.0,12.07719982
1,97363.0,97363.0,96631.0,96771.0,67.99361736
1,96776.0,97217.0,96671.0,96772.0,37.62416622
1,96772.0,97259.0,96666.0,97057.0,31.59438698
1,97063.0,97399.0,97063.0,97319.0,15.77467702
1,97324.0,97493.0,97279.0,97287.0,11.52301872
1,97287.0,97766.0,97287.0,97766.0,25.05695372
1,97766.0,98061.0,97543.0,97968.0,36.82286113
1,98032.0,98871.0,97250.0,98871.0,183.43927911
1,98870.0,100185.0,98739.0,99795.0,447.53831409000003
1,99796.0,99796.0,97672.0,98308.0,416.59738465
1,98324.0,98603.0,97735.0,97865.0,45.118152800000004
1,97872.0,98201.0,97212.0,97460.0,45.74744097
1,97456.0,98380.0,97334.0,97805.0,32.33775746
1,97782.0,97848.0,96914.0,96914.0,21.95538954
1,96939.0,96940.0,95662.0,95782.0,247.01998003
1,95762.0,96188.0,95711.0,96012.0,27.2023934
1,96016.0,96116.0,95662.0,96089.0,20.76219447
1,96088.0,96547.0,95899.0,96535.0,54.298111649999996
1,96534.0,96851.0,96382.0,96683.0,20.76957209
1,96683.0,96806.0,96413.0,96524.0,7.02222366
1,96564.0,96851.0,96445.0,96785.0,5.82269937
1,96783.0,96896.0,96563.0,96724.0,7.6659026699999995
1,96715.0,96715.0,96249.0,96299.0,29.37045005
1,96306.0,96364.0,96089.0,96215.0,30.46869945
1,96214.0,96221.0,95919.0,96007.0,23.94998158
1,96009.0,96295.0,95800.0,96213.0,31.162782
1,96213.0,96295.0,95894.0,95895.0,21.93012267
1,95944.0,96180.0,95944.0,96159.0,16.42511151
1,96162.0,96272.0,96019.0,96064.0,10.3413515
1,96054.0,96119.0,95869.0,96111.0,21.74794205
1,96110.0,96249.0,95903.0,96048.0,33.53808735
1,96049.0,96479.0,96011.0,96245.0,48.38993234
1,96244.0,96370.0,95950.0,96095.0,18.9410982
1,96097.0,96202.0,95700.0,95840.0,21.06666875
1,95835.0,96111.0,95747.0,96111.0,22.20174203
1,96111.0,96376.0,96111.0,96376.0,25.94120736
1,96376.0,96515.0,96251.0,96515.0,29.80295426
1,96515.0,96747.0,96406.0,96606.0,34.03124746
1,96607.0,96646.0,96389.0,96488.0,39.75474355
1,96487.0,96596.0,96377.0,96505.0,24.97301581
1,96505.0,96708.0,96423.0,96507.0,49.18865368
1,96499.0,96712.0,96468.0,96472.0,41.206243
1,96472.0,96619.0,96400.0,96608.0,20.85936754
1,96618.0,96999.0,96522.0,96966.0,51.71444906
1,96999.0,97037.0,96736.0,96782.0,33.54081428
1,96767.0,97318.0,96736.0,97318.0,35.91786959
1,97318.0,97337.0,97014.0,97249.0,28.14117674
1,97249.0,97249.0,97026.0,97050.0,7.00436033
1,97051.0,97088.0,96817.0,97041.0,14.56986154
1,97040.0,97133.0,96961.0,97088.0,17.66379423
1,97074.0,97293.0,97074.0,97107.0,11.09416004
1,97107.0,97107.0,96933.0,96952.0,19.5677542
1,96951.0,96951.0,96711.0,96804.0,13.16404896
1,96803.0,97028.0,96593.0,96607.0,36.852845540000004
1,96596.0,96729.0,96423.0,96553.0,12.17203461
1,96554.0,96562.0,95836.0,95906.0,41.38519555
1,95905.0,96294.0,95765.0,96155.0,34.779615820000004
1,96153.0,96666.0,96153.0,96528.0,21.89316162
1,96504.0,96568.0,96353.0,96487.0,16.52839761
1,96486.0,96601.0,95972.0,96214.0,19.84196653
1,96214.0,96295.0,96028.0,96242.0,18.936258589999998
1,96241.0,96302.0,95927.0,96084.0,22.334038149999998
1,96083.0,96745.0,96083.0,96356.0,60.47385545
1,96348.0,96360.0,94726.0,95247.0,215.66423497
1,95161.0,96434.0,94828.0,95896.0,216.87878121
1,95858.0,96573.0,95763.0,96477.0,37.690665
1,96533.0,97131.0,96533.0,96751.0,30.88660657
1,96773.0,96840.0,95307.0,95597.0,90.06931847999999
1,95593.0,96065.0,95446.0,95824.0,47.04293304
1,95870.0,97093.0,95811.0,96781.0,53.20008462
1,96825.0,97154.0,96665.0,96955.0,12.59730018
1,97014.0,97642.0,96765.0,96996.0,59.96093907
1,97074.0,97220.0,96828.0,97143.0,46.73014636
1,97255.0,97504.0,97147.0,97435.0,11.97997895
1,97433.0,97905.0,97386.0,97698.0,50.25390588
1,97721.0,97890.0,97489.0,97699.0,5.33381116
1,97707.0,97962.0,97620.0,97750.0,19.26317174
1,97767.0,97924.0,97645.0,97691.0,8.75779445
1,97691.0,97818.0,97213.0,97377.0,36.90621987
1,97418.0,98349.0,97392.0,98214.0,70.81469114000001
1,98314.0,98322.0,97126.0,97317.0,63.66974778
1,97321.0,97598.0,96913.0,97262.0,41.518766
1,97260.0,97450.0,96903.0,97336.0,103.34057281
1,97345.0,97528.0,96928.0,97528.0,20.24498512
1,97524.0,97563.0,97202.0,97562.0,41.98675275
1,97563.0,97657.0,97282.0,97401.0,22.42844092
1,97400.0,97521.0,97248.0,97406.0,77.35100469
1,97360.0,97409.0,97143.0,97406.0,19.57883459
1,97406.0,97510.0,97305.0,97436.0,35.1456231
1,97427.0,97484.0,97275.0,97469.0,25.047249490000002
1,97465.0,98129.0,97447.0,97821.0,55.32403211
1,97821.0,98106.0,97821.0,98036.0,5.628585
1,98019.0,98121.0,97506.0,97795.0,31.65731742
1,97793.0,97793.0,97516.0,97653.0,16.95952778
1,97645.0,98187.0,97571.0,98113.0,34.96442911
1,98087.0,98481.0,98027.0,98422.0,105.27403824000001
1,98428.0,98490.0,98174.0,98451.0,17.93136551
1,98448.0,98474.0,98277.0,98290.0,28.89148779
1,98286.0,98344.0,98134.0,98250.0,21.24561865
1,98236.0,98323.0,97951.0,98032.0,11.61893091
1,98025.0,98151.0,97916.0,97983.0,9.574881529999999
1,97982.0,98221.0,97916.0,98172.0,16.55682627
1,98161.0,98161.0,97707.0,97798.0,30.67994938
1,97797.0,97865.0,96731.0,96824.0,52.394086810000005
1,96808.0,97306.0,96631.0,96980.0,101.26629586
1,96981.0,97259.0,96666.0,97003.0,74.75938956
1,97041.0,97049.0,96313.0,96313.0,59.3315565
1,96364.0,96364.0,95972.0,96159.0,153.30370211
1,96155.0,96155.0,95387.0,95435.0,82.76234493
1,95441.0,95643.0,94853.0,95022.0,69.41521884
1,95020.0,95409.0,94923.0,95283.0,74.00947368
1,95273.0,96412.0,95232.0,96378.0,146.84292024
1,96370.0,96480.0,95364.0,95531.0,71.10958464000001
1,95585.0,95965.0,95487.0,95754.0,12.96984798
1,95756.0,96088.0,95669.0,96053.0,37.92949923
1,96050.0,96214.0,95794.0,96181.0,11.74549131
1,96180.0,96180.0,95421.0,95550.0,40.713066659999996
1,95573.0,95738.0,95079.0,95261.0,19.25577388
1,95261.0,95585.0,95242.0,95524.0,7.23441619
1,95523.0,95892.0,95500.0,95867.0,6.31655399
1,95891.0,95915.0,95675.0,95801.0,33.931488030000004
1,95801.0,96157.0,95800.0,96059.0,14.36300695
1,96058.0,96434.0,96055.0,96350.0,20.4048472
1,96353.0,96356.0,96030.0,96125.0,8.37547712
1,96124.0,96195.0,95917.0,95977.0,27.8683974
1,95976.0,96355.0,95976.0,96083.0,37.0665672
1,96120.0,96352.0,95968.0,95983.0,4.3566149
1,95995.0,96596.0,94091.0,94972.0,305.90588705
1,94968.0,95672.0,94513.0,95637.0,171.02053059
1,95672.0,95973.0,94740.0,95784.0,59.86415223
1,95808.0,97089.0,95106.0,96993.0,98.94806808999999
1,97076.0,97694.0,96781.0,97358.0,186.60740763
1,97375.0,97424.0,96650.0,96933.0,21.99923183
1,96903.0,97281.0,96358.0,97177.0,12.10219561
1,97216.0,97661.0,96950.0,97024.0,78.51914491
1,97027.0,97904.0,96876.0,97646.0,99.21686042
1,97667.0,98144.0,97419.0,97801.0,100.81249669
1,97805.0,98029.0,97540.0,97882.0,71.91331704000001
1,97882.0,97882.0,97540.0,97824.0,6.39002438
1,97824.0,98091.0,97757.0,97996.0,10.8547446
1,97995.0,97995.0,97389.0,97485.0,11.0351788
1,97485.0,97646.0,97469.0,97516.0,6.7473487500000005
1,97517.0,97580.0,96805.0,96966.0,29.72134814
1,96946.0,96949.0,96550.0,96670.0,15.83951666
1,96659.0,96756.0,95834.0,96049.0,64.22213568
1,96055.0,96225.0,95926.0,96050.0,22.33862311
1,96081.0,96182.0,95754.0,95952.0,27.94772349
1,95955.0,96294.0,95795.0,96261.0,28.028837799999998
1,96281.0,96342.0,96133.0,96166.0,5.71926607
1,96177.0,96284.0,95605.0,95926.0,53.11354919
1,95926.0,96065.0,95721.0,95838.0,9.911175590000001
1,95845.0,96306.0,95697.0,96099.0,128.78798917999998
1,96069.0,96118.0,95364.0,95885.0,65.40008110000001
1,95854.0,96453.0,95561.0,95989.0,89.16383613
1,96000.0,96000.0,95249.0,95373.0,88.66706875
1,95367.0,96015.0,95316.0,95710.0,37.1042133
1,95715.0,95992.0,95352.0,95982.0,17.013863869999998
1,95968.0,96387.0,95598.0,95607.0,18.00942655
1,95623.0,96305.0,95614.0,96304.0,19.33318332
1,96302.0,96747.0,96265.0,96474.0,62.67505884
1,96503.0,96611.0,96287.0,96416.0,6.86761518
1,96456.0,96631.0,96323.0,96627.0,32.867126809999995
1,96631.0,96967.0,96566.0,96758.0,26.30274832
1,96782.0,96897.0,96387.0,96546.0,4.60312619
1,96534.0,96836.0,96449.0,96608.0,27.47466753
1,96554.0,97197.0,96554.0,97132.0,22.25243442
1,97138.0,97243.0,96775.0,96775.0,5.40783551
1,96849.0,96927.0,96596.0,96723.0,26.68391397
1,96707.0,96862.0,96624.0,96835.0,15.052152029999998
1,96845.0,97073.0,96825.0,96956.0,18.22942379
1,96956.0,97029.0,96817.0,96895.0,28.3779307
1,96889.0,97166.0,96856.0,97111.0,12.884773749999999
1,97115.0,97189.0,96985.0,97046.0,27.77868604
1,97030.0,97155.0,96828.0,96904.0,30.24092834
1,96904.0,96904.0,96560.0,96662.0,14.83984442
1,96661.0,96980.0,96469.0,96816.0,36.70430853
1,96800.0,97574.0,96597.0,97275.0,116.3090435
1,97422.0,97422.0,96300.0,96927.0,178.71806833
1,96928.0,97702.0,96524.0,97702.0,137.5705786
1,97670.0,98871.0,97143.0,98560.0,178.96305305
1,98578.0,98766.0,98211.0,98250.0,134.7026247
1,98251.0,98486.0,97701.0,97990.0,65.54199870000001
1,97988.0,98307.0,97063.0,97232.0,55.01763039
1,97203.0,97529.0,96750.0,97523.0,51.42664914
1,97505.0,97574.0,96957.0,97160.0,28.14995481
1,97159.0,97533.0,97033.0,97520.0,8.04031284
1,97515.0,97527.0,97237.0,97458.0,29.84406624
1,97458.0,97844.0,97458.0,97814.0,22.94750994
1,97814.0,97915.0,97642.0,97853.0,14.89115535
1,97853.0,97974.0,97669.0,97680.0,15.951138480000001
1,97679.0,97804.0,97517.0,97529.0,14.59079375
1,97529.0,97659.0,97478.0,97626.0,6.04486944
1,97625.0,97683.0,97458.0,97489.0,4.19759902
1,97494.0,97541.0,97379.0,97379.0,6.79532658
1,97377.0,97551.0,97330.0,97515.0,12.961699439999999
1,97516.0,97610.0,97464.0,97574.0,5.43522718
1,97575.0,97739.0,97469.0,97675.0,8.43448818
1,97679.0,97679.0,97506.0,97632.0,20.17695955
1,97633.0,97831.0,97558.0,97758.0,19.255943339999998
1,97758.0,97936.0,97677.0,97731.0,19.34727828
1,97726.0,97775.0,97447.0,97621.0,14.09680943
1,97624.0,97715.0,97554.0,97649.0,13.7592645
1,97649.0,97715.0,97482.0,97542.0,14.1483068
1,97547.0,97591.0,97331.0,97424.0,10.06281723
1,97422.0,97587.0,97385.0,97538.0,13.12187637
1,97569.0,97657.0,97533.0,97540.0,6.0652837
1,97558.0,97669.0,97434.0,97543.0,16.21824685
1,97558.0,97704.0,97558.0,97684.0,13.85595603
1,97684.0,97739.0,97453.0,97547.0,19.454157679999998
1,97557.0,97645.0,97435.0,97591.0,14.08803072
1,97591.0,97727.0,97581.0,97621.0,7.170911660000001
1,97621.0,97686.0,97560.0,97663.0,4.08606782
1,97662.0,97677.0,97494.0,97547.0,11.787000019999999
1,97546.0,97559.0,97447.0,97553.0,5.97442455
1,97552.0,97593.0,97478.0,97541.0,1.9119802000000001
1,97543.0,97668.0,97485.0,97611.0,11.255618580000002
1,97610.0,97627.0,97471.0,97494.0,10.99479058
1,97494.0,97494.0,97225.0,97240.0,17.00034015
1,97262.0,97345.0,97143.0,97174.0,10.73736336
1,97173.0,97353.0,97077.0,97353.0,18.81292962
1,97353.0,97388.0,97200.0,97200.0,12.74877982
1,97199.0,97347.0,97189.0,97347.0,4.50548784
1,97347.0,97347.0,97114.0,97137.0,9.33024081
1,97142.0,97212.0,96805.0,96853.0,35.34129522
1,96829.0,97037.0,96689.0,96991.0,44.47106235
1,96988.0,97096.0,96921.0,96921.0,6.86541622
1,96920.0,97119.0,96910.0,97066.0,12.41258565
1,97066.0,97166.0,96945.0,96998.0,23.3030823
1,96997.0,97002.0,96686.0,96885.0,26.49153389
1,96885.0,97119.0,96788.0,97074.0,11.84997646
1,97073.0,97154.0,96888.0,96934.0,17.541792100000002
1,96933.0,97271.0,96877.0,97187.0,21.672900339999998
1,97186.0,97201.0,96597.0,96868.0,50.0042746
1,96880.0,96914.0,96066.0,96132.0,69.30395732
1,96066.0,96434.0,96054.0,96318.0,25.31670162
1,96324.0,96542.0,96099.0,96522.0,4.08997405
1,96522.0,96631.0,96171.0,96216.0,4.3801671099999995
1,96235.0,96262.0,96075.0,96234.0,6.11838394
1,96234.0,96271.0,96024.0,96043.0,6.9055431800000004
1,96043.0,96307.0,95836.0,96229.0,86.50377405
1,96230.0,96446.0,96224.0,96388.0,12.41218548
1,96392.0,96457.0,95926.0,96078.0,32.16921562
1,96077.0,96272.0,95962.0,96157.0,18.01804002
1,96158.0,96307.0,96109.0,96170.0,8.04010811
1,96169.0,96388.0,96055.0,96108.0,8.4567913
1,96118.0,96299.0,95980.0,96066.0,56.58095278
1,96066.0,96492.0,96066.0,96448.0,28.8640027
1,96462.0,96485.0,96263.0,96411.0,9.73869
1,96417.0,97014.0,96416.0,96809.0,48.24615611
1,96810.0,96899.0,95583.0,95670.0,71.113699
1,95668.0,95938.0,95324.0,95337.0,77.34844647
1,95365.0,95742.0,95284.0,95489.0,90.46034271
1,95476.0,95765.0,95264.0,95339.0,38.20271792
1,95339.0,95603.0,95227.0,95555.0,36.7954015
1,95540.0,96278.0,95493.0,95997.0,60.9548276
1,95994.0,96411.0,95938.0,96411.0,17.11934876
1,96410.0,96410.0,95869.0,95884.0,12.54274095
1,95889.0,96011.0,95719.0,95772.0,40.25986036
1,95779.0,96062.0,95571.0,95617.0,13.59833709
1,95671.0,96272.0,95629.0,96270.0,35.208788150000004
1,96272.0,96313.0,96006.0,96051.0,5.91493163
1,96042.0,96284.0,95996.0,96202.0,4.66910559
1,96197.0,96284.0,95949.0,96061.0,6.627692290000001
1,96072.0,96091.0,95563.0,95580.0,32.87263759
1,95600.0,95640.0,95261.0,95368.0,22.96797194
1,95375.0,95670.0,95291.0,95458.0,12.02999426
1,95439.0,95568.0,95101.0,95234.0,50.35434187
1,95142.0,95758.0,95142.0,95758.0,71.02837414999999
1,95757.0,95845.0,95608.0,95699.0,21.08363576
1,95716.0,95735.0,95527.0,95604.0,6.05257854
1,95606.0,96237.0,95575.0,96158.0,28.16218633
1,96158.0,96434.0,96086.0,96194.0,45.78161313
1,96208.0,96714.0,95412.0,95500.0,97.89790142999999
1,95473.0,95679.0,95178.0,95513.0,166.46643536
1,95472.0,95592.0,94589.0,94597.0,150.81879519
1,94607.0,94847.0,94059.0,94065.0,89.27207629
1,94057.0,94291.0,93539.0,93870.0,222.04060903
1,93868.0,94328.0,93340.0,94025.0,96.85182203000001
1,94046.0,94398.0,93696.0,94144.0,47.5783458
1,94140.0,95273.0,94066.0,95001.0,124.80269287
1,95001.0,95461.0,94809.0,95257.0,29.56212641
1,95266.0,95616.0,95195.0,95612.0,33.88603124
1,95612.0,95783.0,95261.0,95297.0,88.06523785
1,95298.0,95410.0,95011.0,95410.0,19.16350515
1,95410.0,95880.0,95409.0,95773.0,58.064277340000004
1,95774.0,95784.0,95525.0,95666.0,3.09495504
1,95664.0,95719.0,95215.0,95215.0,34.7642035
1,95204.0,95300.0,95033.0,95254.0,18.599796310000002
1,95252.0,95621.0,95207.0,95581.0,29.283472579999998
1,95581.0,95798.0,95567.0,95665.0,14.92438172
1,95665.0,95824.0,95600.0,95600.0,44.81623894
1,95599.0,95972.0,95599.0,95864.0,10.94445608
1,95912.0,96430.0,95912.0,96306.0,35.63328767
1,96306.0,96406.0,96193.0,96406.0,13.129709159999999
1,96423.0,96469.0,96157.0,96158.0,28.64717108
1,96157.0,96469.0,96157.0,96273.0,85.19416018999999
1,96266.0,96677.0,95706.0,95751.0,145.0491516
1,95762.0,96376.0,95539.0,95915.0,129.68307327
1,95916.0,96342.0,95916.0,96296.0,54.10216246
1,96304.0,96471.0,96119.0,96392.0,46.22568719
1,96392.0,96402.0,95621.0,95650.0,125.215164
1,95653.0,96206.0,95410.0,96203.0,129.72732825
1,96178.0,96469.0,96097.0,96139.0,199.0293455
1,96165.0,96459.0,96047.0,96321.0,27.48806713
1,96307.0,96585.0,96307.0,96539.0,29.396542619999998
1,96539.0,96866.0,96538.0,96642.0,49.86335298
1,96639.0,96832.0,96439.0,96822.0,22.16788886
1,96861.0,96968.0,96649.0,96758.0,25.89807822
1,96760.0,97272.0,96760.0,97130.0,51.66226673
1,97130.0,97353.0,96982.0,97084.0,22.8710248
1,97080.0,97333.0,97049.0,97223.0,24.41789615
1,97223.0,97228.0,96910.0,96913.0,45.26810524
1,96922.0,96980.0,96806.0,96917.0,31.754574220000002
1,96917.0,97101.0,96825.0,96889.0,50.37659941
1,96887.0,97201.0,96818.0,97177.0,36.50031283
1,97156.0,97271.0,97156.0,97199.0,17.64196623
1,97199.0,97364.0,97108.0,97364.0,18.33305764
1,97364.0,97376.0,97179.0,97211.0,20.4439411
1,97211.0,97540.0,97211.0,97444.0,39.633399680000004
1,97443.0,97572.0,97307.0,97572.0,86.37461023
1,97572.0,98058.0,96910.0,97000.0,307.03135767
1,96999.0,97318.0,96840.0,96871.0,137.33766762
1,96939.0,97970.0,96919.0,97566.0,209.84039025
1,97570.0,98021.0,97524.0,97997.0,68.68069581
1,97996.0,98456.0,97969.0,98346.0,133.51859642
1,98392.0,98561.0,98267.0,98459.0,101.68628619
1,98456.0,98758.0,98364.0,98519.0,73.8887371
1,98551.0,98560.0,98056.0,98136.0,67.87718924
1,98133.0,98415.0,98101.0,98154.0,49.93878165
1,98153.0,98540.0,98153.0,98337.0,38.43307806
1,98335.0,98536.0,98127.0,98261.0,62.45180833
1,98278.0,98382.0,98138.0,98339.0,35.48615733
1,98339.0,98401.0,98153.0,98162.0,15.54991039
1,98160.0,98310.0,98128.0,98162.0,17.94737546
1,98166.0,98303.0,98156.0,98232.0,14.32964233
1,98231.0,98410.0,98203.0,98366.0,22.41738577
1,98366.0,98445.0,98332.0,98430.0,25.31181544
1,98429.0,98622.0,98211.0,98211.0,86.43829907
1,98211.0,98291.0,98174.0,98239.0,14.432809409999999
1,98239.0,98952.0,98139.0,98372.0,112.89533611
1,98371.0,98682.0,98262.0,98639.0,36.31814168
1,98639.0,98824.0,98513.0,98656.0,32.57118286
1,98656.0,98978.0,98554.0,98924.0,22.82065501
1,98973.0,99508.0,98852.0,99381.0,204.61658069
1,99406.0,99406.0,98398.0,98803.0,300.64054864
1,98802.0,99346.0,97172.0,98128.0,489.46470668
1,98133.0,98760.0,97766.0,98231.0,272.97815687
1,98230.0,98460.0,96853.0,96972.0,153.57475543
1,96966.0,97229.0,96521.0,96541.0,97.17644255
1,96521.0,96806.0,95178.0,95222.0,176.2636546
1,95236.0,95620.0,94805.0,94944.0,157.48537621
1,94958.0,95364.0,94941.0,95304.0,194.23194376
1,95302.0,95834.0,95164.0,95765.0,182.84888794
1,95765.0,96145.0,95609.0,96131.0,110.52404642
1,96137.0,96180.0,95750.0,96170.0,124.74605179
1,96167.0,96439.0,96113.0,96235.0,35.89029319
1,96234.0,96469.0,96100.0,96343.0,34.13803834
1,96343.0,96357.0,96168.0,96284.0,38.83626878
1,96284.0,96457.0,96280.0,96402.0,31.32430011
1,96402.0,96515.0,96323.0,96515.0,13.61375721
1,96514.0,96563.0,96342.0,96397.0,35.390964679999996
1,96394.0,96498.0,96296.0,96296.0,20.67470417
1,96297.0,96344.0,96137.0,96195.0,27.69486076
1,96197.0,96492.0,96142.0,96467.0,29.33773872
1,96468.0,96550.0,96419.0,96500.0,34.01479728
1,96498.0,96580.0,96497.0,96572.0,9.35809692
1,96571.0,96967.0,96566.0,96828.0,36.90386429
1,96827.0,96897.0,96528.0,96560.0,53.35613797
1,96556.0,96701.0,96538.0,96544.0,30.11085471
1,96543.0,96689.0,96506.0,96598.0,27.39880478
1,96597.0,96794.0,96492.0,96517.0,49.49715842
1,96516.0,96677.0,96488.0,96628.0,26.85898732
1,96632.0,96805.0,96422.0,96457.0,46.58627422
1,96455.0,96643.0,96379.0,96630.0,29.37603406
1,96629.0,96643.0,96521.0,96589.0,14.2806636
1,96589.0,96676.0,96521.0,96676.0,9.16598209
1,96676.0,96712.0,96613.0,96668.0,9.783667939999999
1,96667.0,96667.0,96521.0,96572.0,27.38432489
1,96571.0,96666.0,96515.0,96666.0,22.39943244
1,96664.0,96664.0,96403.0,96486.0,27.12194774
1,96486.0,96526.0,96414.0,96430.0,8.73916074
1,96429.0,96573.0,96429.0,96448.0,18.37364443
1,96447.0,96541.0,96412.0,96417.0,16.69760026
1,96416.0,96416.0,96227.0,96227.0,28.58176746
1,96227.0,96353.0,96170.0,96350.0,25.378821340000002
1,96350.0,96572.0,96320.0,96529.0,23.35726924
1,96527.0,96527.0,96330.0,96372.0,11.85933194
1,96381.0,96468.0,96284.0,96304.0,14.2710725
1,96303.0,96303.0,96111.0,96187.0,11.83574636
1,96198.0,96226.0,96119.0,96124.0,5.86431881
1,96127.0,96163.0,95709.0,95735.0,27.02937854
1,95751.0,95961.0,95743.0,95961.0,34.004941519999996
1,95960.0,96035.0,95560.0,95606.0,28.92892889
1,95573.0,95719.0,95448.0,95457.0,31.99183497
1,95446.0,95616.0,95446.0,95457.0,9.36139313
1,95443.0,95742.0,95260.0,95659.0,46.053392439999996
1,95658.0,95879.0,95642.0,95733.0,13.49255131
1,95758.0,95858.0,95728.0,95768.0,8.76373972
1,95767.0,95822.0,95687.0,95791.0,5.88780076
1,95791.0,95791.0,95656.0,95770.0,8.78245928
1,95770.0,95926.0,95559.0,95802.0,36.56884478
1,95801.0,96319.0,95788.0,96262.0,74.5690967
1,96264.0,96492.0,96180.0,96259.0,41.88946474
1,96255.0,96349.0,95784.0,95970.0,40.26428185
1,95979.0,96207.0,95777.0,95826.0,6.7826935299999995
1,95818.0,95818.0,95342.0,95476.0,33.14017245
1,95425.0,95573.0,95091.0,95295.0,62.87448196
1,95295.0,95772.0,95244.0,95737.0,9.49684531
1,95737.0,95892.0,95635.0,95868.0,37.258339
1,95877.0,95949.0,95722.0,95896.0,12.33927704
1,95895.0,95931.0,95399.0,95505.0,98.16686877
1,95525.0,96158.0,95525.0,95795.0,66.92740144
1,95787.0,95926.0,95395.0,95654.0,18.85013445
1,95646.0,95857.0,95432.0,95846.0,23.44026784
1,95845.0,95949.0,95688.0,95803.0,12.04990914
1,95805.0,96076.0,95365.0,95595.0,96.15528436
1,95597.0,95777.0,94565.0,94648.0,136.30700290000001
1,94664.0,94942.0,93833.0,94304.0,196.74697757
1,94316.0,94953.0,94160.0,94398.0,82.75190821
1,94408.0,95175.0,94301.0,94665.0,15.86948694
1,94653.0,94852.0,94134.0,94165.0,13.25988897
1,94155.0,94538.0,93685.0,93942.0,63.36727647
1,93938.0,94540.0,93822.0,93975.0,194.4072496
1,93974.0,94310.0,93607.0,93953.0,45.08081922
1,93969.0,93969.0,92390.0,92477.0,209.21062523
1,92431.0,92848.0,91330.0,91554.0,175.51075686000001
1,91516.0,92131.0,90928.0,91833.0,232.68782148
1,91850.0,92375.0,91179.0,92022.0,200.42556598
1,92021.0,92499.0,91583.0,92356.0,71.14215
1,92356.0,92512.0,91926.0,92137.0,36.26567013
1,92137.0,92310.0,91829.0,91923.0,21.01010363
1,91888.0,92100.0,91711.0,92038.0,53.15034919
1,92039.0,92108.0,91213.0,91242.0,86.64471144
1,91245.0,91416.0,87629.0,89342.0,663.26744116
1,89197.0,89973.0,89001.0,89368.0,204.86879747999998
1,89369.0,89558.0,88251.0,88252.0,238.03387234000002
1,88251.0,88815.0,86314.0,88180.0,371.61710774
1,88107.0,89307.0,87623.0,89211.0,171.13215768
1,89211.0,89507.0,88871.0,89348.0,73.9388761
1,89355.0,89498.0,88730.0,88822.0,35.16309921
1,88791.0,89315.0,87042.0,87110.0,87.91484967
1,87060.0,87640.0,85953.0,87070.0,268.12020171
1,87123.0,87639.0,86055.0,87345.0,193.0849535
1,87323.0,87713.0,86742.0,87125.0,101.4933663
1,87135.0,87660.0,86804.0,86960.0,320.01042548
1,86960.0,87964.0,86400.0,87824.0,230.83406885
1,87827.0,88930.0,87510.0,88058.0,356.61225532000003
1,88051.0,88720.0,87670.0,88720.0,113.72930927
1,88718.0,89386.0,88444.0,88738.0,138.17361199
1,88738.0,89064.0,88567.0,88576.0,15.30469714
1,88573.0,88573.0,88046.0,88055.0,16.51105615
1,88046.0,88717.0,88046.0,88598.0,6.8529015300000005
1,88596.0,89060.0,88336.0,88906.0,102.32215087
1,88906.0,89279.0,88788.0,88804.0,32.8310338
1,88803.0,89128.0,88580.0,88603.0,42.18297427
1,88596.0,88777.0,88313.0,88315.0,25.47913971
1,88331.0,88841.0,88328.0,88829.0,13.13556083
1,88828.0,89065.0,88372.0,88636.0,88.78635207
1,88632.0,88712.0,88107.0,88415.0,29.03518021
1,88415.0,89219.0,88389.0,89047.0,72.31492983
1,89047.0,89241.0,88816.0,89195.0,22.39972483
1,89184.0,89200.0,88548.0,88585.0,68.33094351
1,88557.0,88615.0,87559.0,87878.0,94.03854262
1,87880.0,88010.0,86989.0,87101.0,47.85470338
1,87110.0,87576.0,85341.0,87528.0,337.14954573
1,87465.0,88386.0,87335.0,87457.0,196.43079596
1,87468.0,87689.0,86180.0,86696.0,170.87533556
1,86686.0,87188.0,85591.0,85957.0,141.09178091
1,85940.0,86386.0,83365.0,84177.0,492.14564151
1,84175.0,84957.0,83662.0,83764.0,219.8352174
1,83763.0,84496.0,82133.0,84217.0,574.34075067
1,84280.0,84957.0,83357.0,84477.0,157.88457499
1,84459.0,85247.0,84062.0,84297.0,62.24741578
1,84297.0,84639.0,83800.0,84071.0,104.6785307
1,84150.0,84674.0,83937.0,84605.0,115.8936563
1,84606.0,85317.0,84207.0,84681.0,42.45566559
1,84635.0,85052.0,84141.0,84222.0,185.06844105
1,84197.0,85243.0,84197.0,85151.0,38.25309351
1,85127.0,85243.0,84622.0,85056.0,77.50060086
1,85069.0,85849.0,84975.0,85794.0,75.74161862
1,85798.0,86625.0,85612.0,86187.0,80.69531346000001
1,86194.0,86510.0,86034.0,86204.0,43.981620910000004
1,86203.0,86362.0,85801.0,85986.0,72.24245676
1,85992.0,86253.0,85797.0,86102.0,30.2949433
1,86102.0,86979.0,85975.0,86971.0,80.27830652
1,86946.0,86988.0,86334.0,86620.0,59.33675126
1,86620.0,86715.0,86191.0,86240.0,31.42201323
1,86240.0,86675.0,85723.0,86034.0,107.79810844
1,86059.0,86314.0,84896.0,84937.0,172.20473353
1,84898.0,86030.0,84590.0,85439.0,186.7100333
1,85439.0,85606.0,84308.0,84393.0,118.58554866
1,84393.0,84960.0,84274.0,84484.0,157.78013936
1,84490.0,84876.0,84410.0,84519.0,55.32805456
1,84489.0,84489.0,83501.0,83983.0,163.50095029
1,84005.0,84040.0,82615.0,83345.0,393.80569155
1,83424.0,84287.0,83122.0,84263.0,115.39957851
1,84280.0,84653.0,83771.0,84637.0,53.9316149
1,84620.0,84802.0,84344.0,84639.0,101.74014986
1,84621.0,84798.0,84147.0,84238.0,14.36456087
1,84156.0,84323.0,81084.0,81639.0,416.74205367
1,81629.0,82772.0,79500.0,80690.0,500.44545353
1,80690.0,81441.0,80198.0,80348.0,290.94109893
1,80346.0,80857.0,79407.0,80313.0,152.2236177
1,80321.0,80425.0,79060.0,79747.0,116.51392817
1,79859.0,80306.0,78923.0,79279.0,140.93033464
1,79219.0,80152.0,78764.0,79104.0,110.47904815
1,79100.0,79309.0,78197.0,78890.0,81.34700283
1,78882.0,80641.0,78812.0,80278.0,333.29290542
1,80290.0,80424.0,79526.0,80030.0,34.3176585
1,79953.0,80776.0,79924.0,80470.0,42.845289550000004
1,80466.0,80761.0,80025.0,80739.0,25.57036464
1,80720.0,81672.0,80572.0,81464.0,107.94094938
1,81464.0,82514.0,81065.0,82090.0,130.95424853
1,82066.0,84439.0,81953.0,84036.0,324.15732498
1,84001.0,84900.0,83495.0,84351.0,233.86317134
1,84330.0,84394.0,83575.0,83614.0,59.17629459
1,83595.0,85082.0,83180.0,84467.0,176.62009677
1,84460.0,84779.0,84207.0,84460.0,48.10376275
1,84412.0,84768.0,83592.0,84141.0,148.98981953
1,84162.0,84564.0,83965.0,84196.0,28.96981995
1,84226.0,84434.0,83849.0,84091.0,34.2407495
1,84104.0,84490.0,83970.0,84321.0,14.33841949
1,84316.0,84569.0,83804.0,83830.0,48.89192447
1,83818.0,84814.0,83803.0,84619.0,82.96893492
1,84607.0,85600.0,84318.0,85204.0,89.65877601
1,85205.0,85479.0,84935.0,85292.0,50.29096174
1,85317.0,86517.0,85293.0,86154.0,94.52932248
1,86154.0,86239.0,85562.0,85562.0,48.83665418
1,85582.0,85631.0,84853.0,85043.0,147.69592692
1,85042.0,85042.0,84713.0,84713.0,123.27649797000001
1,84712.0,85284.0,84712.0,85284.0,41.12698931
1,85284.0,85483.0,85108.0,85374.0,25.835560530000002
1,85365.0,85410.0,84785.0,84881.0,55.85884045
1,84886.0,84936.0,84358.0,84600.0,35.0997858
1,84605.0,84905.0,84450.0,84717.0,8.58121755
1,84717.0,84907.0,84317.0,84490.0,22.33189982
1,84490.0,84813.0,84386.0,84684.0,6.2582029
1,84676.0,84854.0,84512.0,84761.0,34.69911341
1,84763.0,85223.0,84656.0,85223.0,33.14912977
1,85232.0,85315.0,84911.0,85175.0,30.0157047
1,85174.0,85290.0,85032.0,85288.0,45.00476655
1,85287.0,85504.0,85160.0,85436.0,120.29886456
1,85439.0,85534.0,85294.0,85485.0,16.74438835
1,85487.0,86104.0,85274.0,86035.0,65.86857202
1,86034.0,86227.0,85653.0,86080.0,150.17118082
1,86148.0,86165.0,85654.0,86033.0,84.77280184
1,86031.0,86266.0,85778.0,85980.0,40.80665946
1,85981.0,86314.0,85980.0,86313.0,9.98673084
1,86314.0,86448.0,85612.0,85756.0,54.999598989999996
1,85751.0,86174.0,85737.0,85841.0,4.86690888
1,85840.0,85840.0,85510.0,85706.0,12.12858177
1,85708.0,86006.0,85628.0,85912.0,5.07981594
1,85912.0,86508.0,85871.0,86249.0,57.59652472
1,86236.0,86308.0,86050.0,86210.0,7.65564099
1,86210.0,86217.0,85684.0,85719.0,18.10118855
1,85719.0,86072.0,85653.0,85874.0,22.7702538
1,85863.0,85965.0,85770.0,85951.0,5.56800029
1,85960.0,86174.0,85925.0,86079.0,21.62418315
1,86078.0,86078.0,85728.0,85944.0,28.14864109
1,85945.0,85961.0,85473.0,85662.0,18.01590399
1,85679.0,85877.0,85029.0,85079.0,91.51834544
1,85079.0,88632.0,85052.0,87420.0,711.26649281
1,87414.0,91957.0,87303.0,91208.0,919.88319561
1,91254.0,95152.0,90690.0,94113.0,554.02301995
1,94152.0,94460.0,92344.0,92758.0,133.49122977
1,92776.0,93572.0,92609.0,93533.0,92.60784799
1,93527.0,94456.0,93519.0,94349.0,51.87416335
1,94347.0,94448.0,93667.0,94291.0,160.00373837
1,94238.0,94725.0,93915.0,94265.0,73.04333033
1,94251.0,94848.0,93857.0,94273.0,57.96965394
1,94272.0,94422.0,93284.0,93284.0,92.62308436999999
1,93294.0,93382.0,92642.0,93035.0,59.24318187
1,93041.0,93394.0,92431.0,93282.0,75.86947861
1,93284.0,93401.0,92439.0,92697.0,67.8308523
1,92675.0,92929.0,92570.0,92820.0,39.37103086
1,92839.0,93315.0,92808.0,93304.0,46.57307445000001
1,93303.0,93303.0,91309.0,91595.0,125.39802476
1,91612.0,92522.0,91169.0,92362.0,120.9287369
1,92320.0,92355.0,91135.0,91433.0,75.74200415
1,91471.0,92014.0,91183.0,91806.0,63.39559128
1,91798.0,92524.0,91518.0,92492.0,55.94672225
1,92494.0,92871.0,92410.0,92713.0,25.62824422
1,92688.0,93215.0,92664.0,92995.0,49.317128079999996
1,92994.0,93668.0,92864.0,93563.0,62.24154892
1,93566.0,93695.0,89157.0,89179.0,523.72929965
1,89207.0,91250.0,89111.0,89989.0,332.53701794
1,89993.0,90654.0,89624.0,90101.0,108.05189749
1,90101.0,90929.0,89864.0,90247.0,28.596136
1,90245.0,90392.0,86771.0,87097.0,390.5838721
1,87096.0,87665.0,85500.0,85536.0,201.13251061
1,85537.0,86318.0,85101.0,85992.0,170.72205397
1,85988.0,86485.0,85069.0,85336.0,72.30830556000001
1,85324.0,86968.0,85252.0,86605.0,43.75079715
1,86590.0,86738.0,85964.0,86160.0,25.1836509
1,86161.0,86727.0,85826.0,85950.0,115.33097182
1,85960.0,86097.0,82618.0,83320.0,415.30010677
1,83301.0,84331.0,82450.0,83898.0,236.68749914
1,83861.0,84374.0,83580.0,83920.0,31.85723545
1,83929.0,83959.0,83301.0,83354.0,32.1932812
1,83387.0,84496.0,83343.0,84225.0,22.19390773
1,84228.0,84347.0,83565.0,83833.0,21.54872324
1,83824.0,83952.0,83112.0,83142.0,60.51351803
1,83141.0,83873.0,83002.0,83850.0,125.73238098
1,83851.0,84131.0,83605.0,83710.0,75.63285436
1,83709.0,84000.0,83456.0,83920.0,25.72426611
1,83920.0,84310.0,83656.0,83911.0,27.65881994
1,83908.0,83932.0,83245.0,83762.0,71.74989924
1,83716.0,83716.0,82170.0,82740.0,187.15212003
1,82755.0,84872.0,82037.0,83109.0,417.51565576999997
1,83114.0,83289.0,81463.0,82922.0,240.41359673
1,82915.0,83758.0,81989.0,83505.0,75.77979314
1,83500.0,85462.0,83380.0,85418.0,328.36435333000003
1,85359.0,86903.0,85127.0,86772.0,105.57964676
1,86741.0,88482.0,86559.0,88221.0,128.77921634
1,88210.0,88825.0,86668.0,86761.0,215.86895368
1,86811.0,88922.0,86583.0,87506.0,201.39415393
1,87505.0,87938.0,87390.0,87425.0,27.01665073
1,87458.0,87730.0,87078.0,87240.0,16.2181059
1,87262.0,87262.0,86397.0,86781.0,101.78133023000001
1,86780.0,87756.0,86584.0,87645.0,46.12784412
1,87610.0,87849.0,87015.0,87467.0,12.27580714
1,87422.0,87850.0,86765.0,86765.0,7.23934724
1,86824.0,87376.0,86720.0,86875.0,22.53548712
1,86899.0,87229.0,86836.0,87127.0,5.52181779
1,87127.0,87534.0,87000.0,87466.0,48.28272088
1,87463.0,87681.0,87344.0,87597.0,21.45971861
1,87600.0,87892.0,87588.0,87736.0,24.59115315
1,87736.0,88803.0,87662.0,88476.0,145.94085799
1,88476.0,90623.0,88369.0,89911.0,281.71907127000003
1,89882.0,90082.0,89568.0,89829.0,110.57585218999999
1,89802.0,90917.0,89802.0,90360.0,111.08192568
1,90377.0,90584.0,89100.0,89477.0,164.07541136999998
1,89443.0,89797.0,88182.0,88517.0,105.38412212
1,88519.0,89528.0,87916.0,88323.0,56.23059986
1,88329.0,89236.0,87564.0,88919.0,129.05783806
1,88927.0,90445.0,88782.0,89673.0,152.92310149
1,89661.0,89909.0,88888.0,89688.0,97.52529525
1,89701.0,90092.0,89475.0,89734.0,37.96713486
1,89741.0,90546.0,89670.0,90478.0,61.74572062
1,90500.0,90625.0,89925.0,90380.0,27.31448529
1,90349.0,90524.0,90011.0,90463.0,13.34053943
1,90523.0,90993.0,90318.0,90611.0,47.96822398
1,90590.0,90820.0,89995.0,90089.0,33.50474876
1,90060.0,91860.0,90060.0,91047.0,151.58651945
1,91096.0,91992.0,91026.0,91805.0,153.46502135
1,91805.0,92010.0,91433.0,91563.0,9.44807603
1,91609.0,92424.0,91538.0,92279.0,31.981816350000003
1,92288.0,92790.0,92140.0,92774.0,42.69804382
1,92731.0,92752.0,91795.0,91918.0,55.80083903
1,91926.0,91985.0,91254.0,91343.0,46.720027019999996
1,91342.0,91600.0,91149.0,91160.0,32.30071674
1,91147.0,91159.0,90638.0,90749.0,46.56251938
1,90747.0,91649.0,90652.0,91273.0,76.57993769000001
1,91290.0,91560.0,91026.0,91339.0,25.58751196
1,91350.0,91395.0,89832.0,90131.0,99.18546076
1,90096.0,90420.0,89467.0,89572.0,60.61316952
1,89566.0,90358.0,89134.0,89812.0,220.9399364
1,89794.0,91442.0,89622.0,90847.0,181.01037488
1,90873.0,91056.0,89245.0,89292.0,90.5599299
1,89308.0,89337.0,88000.0,88590.0,168.65034698
1,88605.0,88945.0,88133.0,88399.0,82.30860153
1,88401.0,89376.0,87835.0,88512.0,83.11440292
1,88544.0,89332.0,88476.0,89026.0,128.67804733
1,89067.0,89875.0,88978.0,89875.0,71.99897412
1,89886.0,90777.0,89532.0,90311.0,260.50046251
1,90340.0,90576.0,89905.0,89918.0,15.89424029
1,89922.0,91277.0,84713.0,85493.0,490.69960612
1,85563.0,88887.0,85286.0,88295.0,303.21739001
1,88268.0,88429.0,87261.0,87261.0,89.49520369
1,87263.0,87683.0,86812.0,86968.0,79.92350326
1,86981.0,87878.0,86848.0,87615.0,72.42656136000001
1,87615.0,88424.0,87581.0,88198.0,56.44466359
1,88226.0,88344.0,87805.0,88185.0,14.06615858
1,88207.0,88598.0,88107.0,88353.0,32.05394989
1,88365.0,88473.0,87992.0,88392.0,23.013386450000002
1,88363.0,89679.0,88350.0,88932.0,135.82105663
1,88943.0,89284.0,88761.0,89257.0,66.60231011
1,89259.0,89434.0,88867.0,88957.0,52.22808486
1,88979.0,89305.0,88342.0,89060.0,138.71501493
1,89059.0,90319.0,89005.0,89139.0,302.08095154
1,89146.0,91081.0,88697.0,90458.0,273.88831459
1,90447.0,90769.0,88054.0,88454.0,264.63052678
1,88435.0,88937.0,86635.0,87202.0,186.63910606
1,87210.0,88612.0,86563.0,87654.0,74.75070641
1,87680.0,89000.0,87509.0,88550.0,36.42576385
1,88570.0,88876.0,87319.0,87772.0,83.66389685
1,87788.0,88442.0,86625.0,86949.0,265.85350649
1,87007.0,87298.0,85593.0,86332.0,120.08460388
1,86245.0,86810.0,85612.0,86733.0,97.05456766
1,86707.0,86793.0,85966.0,86759.0,27.00132107
1,86754.0,86861.0,86520.0,86693.0,24.47460716
1,86693.0,86721.0,85190.0,86060.0,78.67125017000001
1,86071.0,86287.0,85906.0,86160.0,16.334778
1,86134.0,86141.0,85439.0,85897.0,40.50224246
1,85897.0,86473.0,85638.0,86417.0,27.90385504
1,86417.0,86427.0,85995.0,86260.0,6.79241621
1,86255.0,86622.0,86255.0,86456.0,16.45390945
1,86456.0,86526.0,86107.0,86179.0,32.4916024
1,86180.0,86290.0,86034.0,86078.0,9.58517118
1,86057.0,86436.0,85839.0,85926.0,18.38789909
1,85956.0,86231.0,85929.0,86101.0,5.3913334
1,86084.0,86095.0,85756.0,85922.0,10.16484404
1,85921.0,86356.0,85809.0,86190.0,37.781522
1,86190.0,86489.0,86098.0,86299.0,25.47420214
1,86297.0,86582.0,86189.0,86330.0,22.150685629999998
1,86331.0,86554.0,86194.0,86367.0,9.12636877
1,86367.0,86426.0,85813.0,86113.0,49.08697462
1,86109.0,86112.0,85653.0,85927.0,18.54433199
1,85929.0,86049.0,85851.0,86019.0,4.26022465
1,86055.0,86449.0,85801.0,86199.0,47.8026008
1,86212.0,86343.0,86166.0,86247.0,4.76779613
1,86249.0,86469.0,86183.0,86211.0,6.60943571
1,86213.0,86314.0,85852.0,86314.0,56.73170248
1,86313.0,86355.0,86040.0,86192.0,10.25935752
1,86204.0,86428.0,86107.0,86392.0,11.45318018
1,86392.0,86469.0,86075.0,86166.0,8.38533334
1,86146.0,86248.0,85993.0,85994.0,29.110080339999996
1,85993.0,86188.0,85952.0,86145.0,5.397687230000001
1,86088.0,86095.0,85932.0,86038.0,3.20485508
1,86019.0,86115.0,85960.0,86020.0,2.85099251
1,85982.0,86010.0,85811.0,85862.0,9.78805049
1,85872.0,86117.0,85818.0,85959.0,18.72819266
1,85959.0,86036.0,85767.0,85767.0,24.20101604
1,85770.0,85842.0,85401.0,85507.0,24.514645209999998
1,85505.0,85618.0,84712.0,84822.0,49.886077889999996
1,84812.0,85069.0,84662.0,85003.0,64.30322978
1,85000.0,85000.0,84247.0,84556.0,81.17427487
1,84531.0,84664.0,83491.0,83491.0,91.76847934
1,83503.0,83773.0,83011.0,83578.0,170.83148439
1,83592.0,83713.0,82763.0,83059.0,73.31623158000001
1,83038.0,83703.0,82312.0,82503.0,177.88497957
1,82505.0,82933.0,82201.0,82311.0,113.6527743
1,82357.0,83302.0,82254.0,82645.0,40.61866677
1,82663.0,82974.0,82318.0,82628.0,38.2783287
1,82615.0,83509.0,82615.0,83080.0,97.10336545
1,83078.0,83083.0,81540.0,81788.0,221.22395581
1,81829.0,82041.0,80190.0,80284.0,209.7206691
1,80357.0,81005.0,80000.0,80708.0,142.78283724
1,80728.0,81472.0,80077.0,81271.0,160.55241487
1,81268.0,81858.0,80814.0,81721.0,61.93734987
1,81777.0,82730.0,81522.0,82170.0,127.37724022
1,82224.0,82318.0,81799.0,82028.0,9.02940168
1,82031.0,82643.0,82012.0,82639.0,11.38116131
1,82647.0,82764.0,82140.0,82287.0,17.68769351
1,82333.0,82418.0,81983.0,82326.0,48.924505030000006
1,82349.0,82684.0,82065.0,82317.0,73.18733506
1,82326.0,82382.0,81180.0,81371.0,82.60504722
1,81358.0,84007.0,81326.0,82488.0,280.57395339
1,82510.0,82654.0,81639.0,82307.0,129.59286338
1,82327.0,83773.0,82074.0,83483.0,118.110425
1,83575.0,83752.0,82655.0,83267.0,184.45623783
1,83236.0,83309.0,81419.0,81520.0,162.99824473
1,81417.0,81445.0,79170.0,79807.0,334.56314162
1,79887.0,81092.0,79547.0,80004.0,126.90310248
1,80012.0,80192.0,78942.0,78969.0,136.21763611
1,78987.0,79294.0,78167.0,78424.0,276.65241547
1,78400.0,79111.0,77459.0,77600.0,121.37349759
1,77600.0,79482.0,77393.0,78938.0,234.28113767
1,78898.0,79667.0,78366.0,79260.0,57.04220313
1,79287.0,79835.0,78918.0,79470.0,56.48356058
1,79430.0,79728.0,79167.0,79517.0,22.91869957
1,79468.0,79645.0,78471.0,78561.0,142.94342024
1,78599.0,79168.0,76600.0,77655.0,396.52366832
1,77648.0,79049.0,76811.0,79049.0,124.59672041
1,79060.0,79575.0,78886.0,79322.0,100.83804239999999
1,79317.0,79861.0,79247.0,79492.0,50.26177643
1,79486.0,80212.0,79443.0,79741.0,46.34086769
1,79737.0,80424.0,79679.0,80207.0,46.37701714
1,80254.0,80520.0,80088.0,80088.0,47.517497070000005
1,80087.0,80589.0,80078.0,80431.0,83.18670745
1,80404.0,81492.0,80324.0,81136.0,124.32479567
1,81108.0,81865.0,81108.0,81452.0,103.86382428
1,81451.0,81865.0,81262.0,81790.0,56.994279989999995
1,81789.0,82050.0,81414.0,81710.0,110.96398359
1,81710.0,81884.0,81063.0,81235.0,120.96427102
1,81210.0,82154.0,80541.0,80900.0,229.43628095
1,80871.0,81315.0,79031.0,79742.0,174.92024843
1,79646.0,81608.0,79639.0,81173.0,251.21326009
1,81191.0,81877.0,80619.0,81356.0,104.90063788
1,81361.0,81663.0,80749.0,81289.0,47.75703491
1,81308.0,83453.0,81308.0,83282.0,147.56859382
1,83264.0,83568.0,82829.0,83107.0,175.04794966
1,83125.0,83129.0,82593.0,82766.0,68.57887141
1,82779.0,83245.0,82779.0,83103.0,15.31191662
1,83130.0,83285.0,82968.0,83173.0,16.74445333
1,83110.0,83137.0,82547.0,82869.0,12.331013219999999
1,82941.0,83113.0,82599.0,82732.0,5.00626571
1,82740.0,83733.0,82731.0,83293.0,122.58727585
1,83293.0,83293.0,82239.0,82414.0,89.84353577
1,82423.0,82585.0,82089.0,82091.0,15.62223269
1,82089.0,82129.0,81587.0,81767.0,204.76902014
1,81767.0,81990.0,81581.0,81968.0,19.60273694
1,81958.0,81958.0,81268.0,81434.0,47.8838253
1,81373.0,82486.0,81308.0,82409.0,137.8686966
1,82395.0,82791.0,82016.0,82678.0,105.61371599
1,82677.0,82892.0,82229.0,82643.0,64.52932356
1,82643.0,82743.0,82100.0,82461.0,28.14865186
1,82486.0,83035.0,82421.0,82983.0,17.02274938
1,82983.0,84437.0,82855.0,84048.0,268.76703252
1,84103.0,84182.0,82369.0,82656.0,202.23883341
1,82672.0,82902.0,81478.0,81478.0,284.62740618
1,81500.0,81963.0,80607.0,81713.0,345.48064068
1,81707.0,82253.0,81599.0,81958.0,101.15283231
1,81923.0,82880.0,81804.0,81839.0,101.93558992
1,81823.0,82778.0,81718.0,82628.0,146.4977403
1,82617.0,83122.0,82469.0,82930.0,42.04684896
1,82908.0,83162.0,82696.0,83124.0,10.29796023
1,83125.0,83305.0,82866.0,83061.0,24.9211103
1,83113.0,83679.0,83097.0,83651.0,42.11305178
1,83637.0,83867.0,83389.0,83620.0,40.64139315
1,83677.0,83980.0,83432.0,83432.0,92.41197845
1,83420.0,84176.0,83310.0,83891.0,56.17798317
1,83901.0,84287.0,83758.0,83770.0,59.3893529
1,83768.0,84156.0,83543.0,83543.0,56.80424811
1,83551.0,83691.0,83178.0,83281.0,26.96175056
1,83263.0,83495.0,83074.0,83137.0,13.412233089999999
1,83136.0,83306.0,82854.0,83264.0,16.92428983
1,83283.0,83495.0,83132.0,83133.0,35.06671562
1,83147.0,83247.0,82417.0,82983.0,134.9321192
1,82958.0,83492.0,82958.0,83421.0,78.44973651
1,83418.0,83453.0,82993.0,83173.0,32.92717251
1,83159.0,83183.0,82701.0,82957.0,21.57520127
1,82917.0,83849.0,82279.0,82480.0,122.77701087999999
1,82495.0,83042.0,81596.0,81758.0,156.76548495
1,81659.0,82461.0,81549.0,81958.0,128.52496679
1,81988.0,82163.0,80948.0,81044.0,139.84799951
1,81034.0,81231.0,80627.0,80787.0,63.84878372
1,80849.0,80877.0,79910.0,80024.0,191.40727812
1,80012.0,80907.0,79963.0,80762.0,117.45013119000001
1,80779.0,80985.0,80094.0,80128.0,130.07975748
1,80158.0,80681.0,80158.0,80275.0,38.580065499999996
1,80318.0,80821.0,80240.0,80722.0,62.85670371
1,80752.0,81355.0,80700.0,81355.0,34.28365738
1,81355.0,81434.0,81045.0,81079.0,18.546271230000002
1,81084.0,81647.0,80801.0,81508.0,102.64823978
1,81508.0,81833.0,81198.0,81584.0,11.46158838
1,81577.0,82229.0,81577.0,82187.0,37.73693376
1,82171.0,82171.0,81721.0,81877.0,37.447100739999996
1,81877.0,82012.0,81819.0,81945.0,6.66671622
1,81972.0,82195.0,81802.0,82120.0,6.61962221
1,82120.0,82165.0,81777.0,82019.0,41.30862005
1,81992.0,82417.0,81885.0,82180.0,24.62427069
1,82180.0,82615.0,82180.0,82573.0,65.44425484
1,82615.0,82913.0,82555.0,82760.0,34.47704436
1,82793.0,83269.0,82660.0,83034.0,42.48720001
1,83041.0,83322.0,82998.0,83248.0,43.23568093
1,83237.0,83505.0,83050.0,83406.0,34.4839425
1,83410.0,83884.0,83054.0,83622.0,175.92168769
1,83598.0,83598.0,82638.0,83502.0,352.31916263
1,83512.0,85294.0,83512.0,84724.0,317.99679731
1,84724.0,84949.0,83964.0,84786.0,296.88950659
1,84785.0,84815.0,84201.0,84338.0,51.3955596
1,84364.0,84719.0,84214.0,84574.0,65.18472775
1,84569.0,84955.0,84468.0,84559.0,78.6517042
1,84564.0,84564.0,83722.0,84137.0,79.40133971
1,84143.0,84324.0,83989.0,84205.0,57.86187743
1,84218.0,84517.0,84123.0,84449.0,6.93644311
1,84439.0,84442.0,83968.0,83975.0,15.79509328
1,83984.0,84348.0,83984.0,84322.0,23.93941216
1,84318.0,84561.0,84129.0,84366.0,39.99722248
1,84371.0,84621.0,84176.0,84585.0,34.2714704
1,84555.0,84672.0,84428.0,84496.0,9.49091832
1,84495.0,84571.0,84317.0,84463.0,23.90186259
1,84462.0,84481.0,84287.0,84288.0,6.03708666
1,84287.0,84312.0,84186.0,84195.0,19.57557468
1,84199.0,84220.0,83833.0,83844.0,28.39617406
1,83856.0,84012.0,83633.0,83901.0,33.69654919
1,83900.0,83954.0,83734.0,83954.0,20.92125734
1,83953.0,83973.0,83674.0,83914.0,42.87206818
1,83914.0,84166.0,83860.0,84111.0,15.95804707
1,84097.0,84267.0,84024.0,84155.0,10.109737729999999
1,84147.0,84478.0,84147.0,84467.0,17.13323174
1,84419.0,84419.0,84133.0,84140.0,20.56074
1,84140.0,84388.0,84140.0,84344.0,19.50192526
1,84388.0,84469.0,84200.0,84345.0,7.9085113300000005
1,84353.0,84479.0,84268.0,84415.0,2.52542674
1,84416.0,84473.0,84147.0,84223.0,19.40006626
1,84214.0,84330.0,84116.0,84302.0,4.52317723
1,84307.0,84429.0,84307.0,84378.0,22.53091515
1,84378.0,84449.0,84243.0,84393.0,52.65376166
1,84401.0,84449.0,84326.0,84384.0,4.91406689
1,84395.0,84411.0,84295.0,84347.0,5.370899
1,84362.0,84369.0,84228.0,84228.0,13.953260329999999
1,84257.0,84276.0,83848.0,83885.0,47.33686881
1,83884.0,84115.0,83753.0,83963.0,40.86192435
1,83957.0,84378.0,83914.0,84323.0,25.787957809999998
1,84313.0,84409.0,84256.0,84400.0,5.38643934
1,84400.0,84409.0,84301.0,84397.0,8.35771793
1,84394.0,84400.0,84232.0,84242.0,2.06566213
1,84229.0,84367.0,83960.0,84261.0,54.10363849
1,84266.0,84340.0,84165.0,84259.0,6.75520792
1,84264.0,84278.0,83816.0,83873.0,39.64999234
1,83889.0,84035.0,83672.0,83673.0,88.86511203
1,83673.0,83673.0,82397.0,82405.0,198.02963416
1,82404.0,82924.0,82404.0,82761.0,74.51046482
1,82724.0,83111.0,82506.0,82588.0,71.33546897
1,82585.0,83342.0,82585.0,83342.0,56.451319680000005
1,83342.0,83442.0,82994.0,83323.0,14.48848734
1,83323.0,85059.0,83323.0,83639.0,224.96890302
1,83656.0,84046.0,83482.0,83901.0,9.814864120000001
1,83948.0,84093.0,83633.0,83692.0,4.46433813
1,83692.0,83711.0,82593.0,83093.0,66.3952179
1,83105.0,83404.0,82923.0,83217.0,8.49837594
1,83209.0,83219.0,82694.0,82746.0,5.13277349
1,82725.0,82828.0,82092.0,82101.0,44.29204832
1,82091.0,82615.0,81983.0,82555.0,66.69666616
1,82569.0,83132.0,82521.0,83044.0,35.76303798
1,83051.0,83387.0,82833.0,83225.0,61.18092231
1,83227.0,83352.0,82973.0,83197.0,42.87424696
1,83317.0,83709.0,83317.0,83709.0,21.87485935
1,83713.0,83853.0,83513.0,83591.0,10.6923205
1,83598.0,83604.0,83132.0,83132.0,41.09297027
1,83132.0,83281.0,82691.0,83212.0,59.709050500000004
1,83192.0,83582.0,83192.0,83564.0,20.86416775
1,83540.0,83672.0,83188.0,83534.0,11.28264001
1,83529.0,83743.0,83438.0,83641.0,10.16544944
1,83648.0,83678.0,83262.0,83325.0,30.40694917
1,83375.0,83661.0,83223.0,83502.0,32.55381269
1,83486.0,83952.0,83012.0,83055.0,189.14260695000002
1,83052.0,83703.0,82803.0,83028.0,141.26184697
1,83024.0,83322.0,82466.0,82900.0,99.94146892
1,82900.0,83682.0,82714.0,83522.0,37.738639830000004
1,83528.0,83843.0,83116.0,83451.0,20.07360634
1,83411.0,84329.0,83362.0,84186.0,87.69848211
1,84191.0,84579.0,83986.0,84511.0,73.25426872999999
1,84497.0,84741.0,84348.0,84452.0,53.515484380000004
1,84452.0,84452.0,83843.0,83956.0,33.98242123
1,83958.0,84208.0,83882.0,84081.0,11.38487018
1,84081.0,84246.0,84005.0,84057.0,10.89202139
1,84058.0,84125.0,83763.0,84058.0,61.55025209
1,84058.0,84058.0,83724.0,83794.0,28.90627904
1,83794.0,83908.0,83022.0,83172.0,86.69088719
1,83133.0,83512.0,83133.0,83361.0,30.36199608
1,83361.0,83361.0,82954.0,83136.0,52.13479496
1,83079.0,83192.0,82855.0,82974.0,19.69396758
1,82974.0,83102.0,82909.0,83018.0,16.94343889
1,83018.0,83018.0,82259.0,82453.0,60.93860663
1,82453.0,83265.0,82412.0,83160.0,102.64902625
1,83146.0,83440.0,83039.0,83275.0,17.89806972
1,83280.0,83343.0,82794.0,82816.0,101.40836374999999
1,82811.0,82917.0,82606.0,82825.0,17.5228842
1,82812.0,82841.0,82512.0,82587.0,11.432913730000001
1,82542.0,82803.0,82329.0,82369.0,16.49974876
1,82377.0,82443.0,81138.0,81367.0,96.02756532
1,81314.0,81953.0,81141.0,81855.0,171.59255679
1,81747.0,82188.0,81525.0,81606.0,125.4705905
1,81587.0,82141.0,81540.0,81872.0,81.61944953
1,81855.0,81939.0,81326.0,81455.0,31.45538863
1,81466.0,81929.0,81259.0,81869.0,27.55173377
1,81860.0,82473.0,81745.0,82302.0,133.98081914
1,82306.0,82331.0,81867.0,82040.0,12.35120137
1,82040.0,82197.0,81917.0,82041.0,17.0976411
1,81988.0,82536.0,81979.0,82383.0,17.08825073
1,82384.0,82784.0,82384.0,82715.0,12.89887967
1,82694.0,83222.0,82632.0,83087.0,52.02726702
1,83130.0,83147.0,82614.0,82614.0,34.55811932
1,82665.0,82875.0,82567.0,82866.0,7.16125918
1,82850.0,83072.0,82747.0,83039.0,57.4314171
1,83054.0,83072.0,82789.0,82952.0,3.48445455
1,82951.0,83312.0,82904.0,83249.0,72.60372215000001
1,83249.0,83312.0,83119.0,83190.0,6.77781944
1,83190.0,83352.0,83062.0,83181.0,32.76314025
1,83226.0,83550.0,83207.0,83429.0,20.40002761
1,83423.0,83600.0,83366.0,83530.0,13.47308123
1,83535.0,83803.0,83468.0,83502.0,43.95791106
1,83502.0,84075.0,83415.0,83863.0,62.97186919
1,83916.0,83916.0,83552.0,83780.0,27.29052956
1,83780.0,84317.0,83633.0,84123.0,142.98163758
1,84152.0,84378.0,83878.0,84316.0,72.57580744
1,84310.0,84871.0,84139.0,84753.0,59.43771243
1,84803.0,84827.0,84458.0,84595.0,57.33269121
1,84587.0,84713.0,83790.0,84156.0,115.5857618
1,84135.0,85883.0,83596.0,85644.0,363.63802102
1,85660.0,85950.0,84988.0,85467.0,289.04462203
1,85466.0,85869.0,85231.0,85372.0,142.67549513
1,85373.0,85921.0,85352.0,85647.0,56.72742149
1,85688.0,86500.0,85688.0,86188.0,89.62182982
1,86265.0,87010.0,86212.0,86868.0,102.0879173
1,86870.0,87470.0,85974.0,86062.0,269.80002822
1,86091.0,86376.0,85767.0,85884.0,70.23925541999999
1,85896.0,86131.0,85649.0,86089.0,14.40988599
1,86130.0,86152.0,85851.0,85906.0,8.40373176
1,85895.0,85955.0,85443.0,85683.0,12.42477486
1,85692.0,85828.0,85490.0,85828.0,34.25429042
1,85828.0,86003.0,85664.0,85789.0,30.46105019
1,85769.0,85952.0,85736.0,85811.0,18.89735189
1,85829.0,86293.0,85710.0,86244.0,35.40492642
1,86228.0,86277.0,85819.0,85862.0,33.90419725
1,85830.0,85942.0,84784.0,85168.0,112.01094339
1,85163.0,85479.0,85163.0,85463.0,11.04323901
1,85478.0,85520.0,85193.0,85325.0,31.53950549
1,85323.0,85808.0,85050.0,85483.0,121.49592278
1,85488.0,86479.0,85488.0,86144.0,279.19769702
1,86151.0,86190.0,84561.0,84649.0,244.86927833
1,84649.0,84877.0,83631.0,83758.0,153.28425461
1,83756.0,84325.0,83690.0,84036.0,73.65848198
1,84044.0,84273.0,83901.0,83989.0,70.80461162
1,84001.0,84378.0,83880.0,84149.0,136.51073936
1,84133.0,84569.0,84117.0,84494.0,50.43600885
1,84489.0,84570.0,84220.0,84320.0,11.35068908
1,84288.0,84468.0,83984.0,84093.0,37.191279619999996
1,84106.0,84301.0,83880.0,84158.0,15.54021189
1,84179.0,84469.0,84153.0,84434.0,36.80379918
1,84443.0,84738.0,84338.0,84735.0,22.10679551
1,84730.0,84801.0,84470.0,84640.0,13.44177136
1,84640.0,84672.0,84247.0,84421.0,15.38875167
1,84421.0,84773.0,84421.0,84638.0,15.82247827
1,84631.0,84642.0,84318.0,84437.0,27.04731139
1,84435.0,84441.0,84056.0,84169.0,21.88711015
1,84169.0,84238.0,83713.0,83898.0,26.33658524
1,83901.0,84101.0,83713.0,83971.0,35.99584062
1,83987.0,84277.0,83765.0,84095.0,24.25612031
1,84095.0,84262.0,83884.0,84125.0,34.03157462
1,84134.0,84134.0,83905.0,84012.0,15.835246360000001
1,84010.0,84297.0,83358.0,83435.0,73.66854017
1,83426.0,84045.0,83142.0,83903.0,163.56516333
1,83903.0,84236.0,83479.0,84214.0,171.11328145
1,84206.0,84236.0,83513.0,83513.0,192.18164446
1,83519.0,84100.0,83335.0,84054.0,11.77878203
1,84061.0,84100.0,83671.0,83977.0,33.99021833
1,83977.0,84398.0,83857.0,84090.0,25.10124407
1,84062.0,84150.0,83768.0,83927.0,82.94013497
1,83927.0,84191.0,83787.0,84183.0,37.15977927
1,84186.0,84530.0,84139.0,84386.0,44.111547110000004
1,84369.0,84369.0,84085.0,84148.0,13.60749751
1,84119.0,84200.0,84025.0,84061.0,8.33661255
1,84061.0,84227.0,84025.0,84170.0,3.86516363
1,84167.0,84287.0,83965.0,84045.0,18.51829119
1,84045.0,84226.0,83991.0,84163.0,4.48962507
1,84156.0,84247.0,84101.0,84223.0,15.38739331
1,84217.0,84358.0,84181.0,84330.0,7.31821337
1,84332.0,84378.0,84224.0,84277.0,4.47934474
1,84291.0,84358.0,84143.0,84302.0,4.8539651
1,84306.0,84356.0,84206.0,84250.0,10.826570069999999
1,84250.0,84253.0,84116.0,84200.0,9.01849395
1,84204.0,84490.0,84204.0,84339.0,36.477820030000004
1,84338.0,84412.0,84338.0,84384.0,12.46681126
1,84384.0,84390.0,84197.0,84206.0,18.4057921
1,84207.0,84276.0,84166.0,84220.0,5.62476047
1,84219.0,84220.0,84046.0,84154.0,12.55698656
1,84155.0,84193.0,83994.0,84002.0,9.669476399999999
1,84002.0,84115.0,83964.0,84107.0,18.01406928
1,84107.0,84136.0,84051.0,84128.0,5.84052473
1,84128.0,84237.0,84128.0,84235.0,10.61041668
1,84234.0,84304.0,84196.0,84254.0,9.01259531
1,84253.0,84271.0,84166.0,84169.0,9.343997419999999
1,84167.0,84202.0,83934.0,83936.0,20.69655773
1,83934.0,84075.0,83854.0,84006.0,24.24584257
1,84000.0,84065.0,83964.0,83964.0,16.969986809999998
1,83964.0,83965.0,83682.0,83823.0,28.172152129999997
1,83823.0,84025.0,83806.0,83996.0,11.42775033
1,83996.0,84105.0,83969.0,84047.0,8.28009761
1,84057.0,84247.0,83995.0,84215.0,18.70328155
1,84220.0,84225.0,84146.0,84201.0,27.26107172
1,84136.0,84136.0,84075.0,84092.0,4.4099113700000006
1,84098.0,84216.0,84098.0,84209.0,9.7731382
1,84209.0,84257.0,84181.0,84227.0,2.99346394
1,84227.0,84306.0,84205.0,84272.0,2.43617806
1,84272.0,84328.0,84253.0,84322.0,1.9508221099999998
1,84322.0,84322.0,84322.0,84322.0,0.0
1,84322.0,84470.0,84294.0,84451.0,8.01305786
1,84459.0,84988.0,84459.0,84651.0,82.22692488
1,84652.0,84784.0,84581.0,84705.0,22.48171141
1,84705.0,85059.0,84645.0,85056.0,56.23250868
1,85056.0,85172.0,84864.0,84893.0,69.55904609
1,84888.0,85233.0,84888.0,85170.0,58.66022526
1,85176.0,85356.0,84959.0,85240.0,13.69704162
1,85251.0,85387.0,84916.0,85011.0,51.3554598
1,85011.0,85033.0,84816.0,84965.0,18.52711825
1,84965.0,85084.0,84917.0,84996.0,3.8291042600000003
1,84996.0,85269.0,84996.0,85107.0,3.95001742
1,85075.0,85193.0,84929.0,85175.0,8.46895856
1,85187.0,85676.0,85179.0,85353.0,69.59566941
1,85355.0,86116.0,85355.0,86084.0,96.08142052
1,86084.0,86629.0,85867.0,86013.0,71.54626166
1,86015.0,86033.0,85546.0,85566.0,28.6753517
1,85576.0,85931.0,85541.0,85899.0,21.985542089999996
1,85884.0,86552.0,85881.0,86551.0,59.23761024
1,86550.0,86927.0,86550.0,86852.0,42.96598637
1,86847.0,87020.0,86819.0,86909.0,18.635084680000002
1,86904.0,87280.0,86904.0,87112.0,43.9569621
1,87116.0,87181.0,86772.0,86882.0,21.110109020000003
1,86880.0,87500.0,86861.0,87416.0,47.98456709
1,87410.0,87500.0,87146.0,87186.0,12.641654039999999
1,87178.0,87839.0,87146.0,87815.0,33.12719588
1,87815.0,87839.0,87534.0,87699.0,21.11667539
1,87699.0,87709.0,87276.0,87342.0,86.55595293
1,87344.0,87713.0,87146.0,87710.0,105.63301353
1,87711.0,88772.0,87659.0,87953.0,356.95531405
1,87980.0,88382.0,87715.0,88346.0,210.08483952
1,88350.0,88495.0,87706.0,88061.0,66.93014093
1,88061.0,88477.0,87958.0,88456.0,18.0300291
1,88465.0,88546.0,88151.0,88484.0,106.5440474
1,88484.0,88519.0,88005.0,88274.0,196.88045311
1,88273.0,88506.0,87851.0,87879.0,126.51641318
1,87880.0,88293.0,87851.0,88139.0,66.81278949
1,88139.0,88206.0,87347.0,87468.0,84.80234763
1,87474.0,87538.0,87103.0,87512.0,39.60579028
1,87488.0,87681.0,87283.0,87623.0,35.69652526
1,87620.0,87620.0,86836.0,87093.0,57.33111813
1,87069.0,87105.0,86864.0,86873.0,20.39193386
1,86873.0,86996.0,86366.0,86529.0,44.43929365
1,86529.0,86659.0,86321.0,86563.0,27.58230318
1,86553.0,86781.0,86420.0,86688.0,36.12451153
1,86686.0,86875.0,86547.0,86574.0,19.50163678
1,86541.0,86830.0,86352.0,86441.0,42.42570861
1,86441.0,86750.0,86415.0,86725.0,30.04967983
1,86725.0,87344.0,86660.0,87238.0,50.74974682
1,87233.0,87286.0,86980.0,87143.0,26.76628314
1,87141.0,87496.0,87071.0,87378.0,38.95113411
1,87379.0,87450.0,86959.0,87092.0,55.0218209
1,87091.0,87976.0,87060.0,87618.0,271.09435554
1,87631.0,88230.0,87372.0,88047.0,261.79167597
1,88043.0,88272.0,87753.0,87817.0,231.72171083
1,87803.0,87998.0,87661.0,87822.0,39.99181394
1,87823.0,88336.0,87823.0,87986.0,187.83999753
1,87962.0,88080.0,87618.0,87868.0,81.42156763999999
1,87848.0,88280.0,87848.0,88139.0,123.13832716
1,88139.0,88539.0,87859.0,87888.0,147.33429
1,87888.0,88237.0,87762.0,87763.0,101.24997582
1,87781.0,87852.0,87230.0,87505.0,145.87026877
1,87504.0,87541.0,87189.0,87436.0,58.28647425
1,87448.0,87829.0,87255.0,87666.0,41.58643205
1,87669.0,87896.0,87601.0,87864.0,19.57436285
1,87864.0,87864.0,87336.0,87357.0,39.11831936
1,87338.0,87424.0,87074.0,87169.0,29.13833197
1,87176.0,87478.0,87106.0,87349.0,7.83731808
1,87349.0,87629.0,87242.0,87544.0,43.39851495
1,87544.0,87938.0,87475.0,87932.0,23.396468889999998
1,87934.0,88296.0,87789.0,88157.0,28.117486669999998
1,88157.0,88210.0,87899.0,88003.0,13.68126106
1,88001.0,88071.0,87862.0,87960.0,7.88886002
1,87961.0,88283.0,87961.0,88236.0,4.6083356
1,88237.0,88283.0,87976.0,87992.0,38.60413609
1,87992.0,88040.0,87629.0,87802.0,44.70374245
1,87808.0,87952.0,86771.0,86868.0,286.75750387
1,86868.0,87303.0,86469.0,86789.0,352.15310915
1,86787.0,87021.0,86574.0,86771.0,164.49809233
1,86769.0,87060.0,86435.0,86526.0,68.77985949
1,86525.0,86837.0,86486.0,86568.0,21.68155575
1,86587.0,86760.0,86190.0,86208.0,13.86724589
1,86208.0,86796.0,85869.0,86587.0,68.90508013
1,86587.0,87421.0,86526.0,87288.0,194.97137903
1,87300.0,87310.0,86716.0,87143.0,14.18789574
1,87114.0,87154.0,86759.0,86823.0,9.68012946
1,86847.0,86965.0,86568.0,86913.0,15.82435188
1,86966.0,87303.0,86809.0,87302.0,12.904633539999999
1,87303.0,87525.0,87200.0,87395.0,9.20984045
1,87395.0,87755.0,87366.0,87589.0,30.93070076
1,87589.0,87692.0,87459.0,87687.0,7.23257965
1,87696.0,87714.0,87433.0,87543.0,7.95113753
1,87542.0,87542.0,87283.0,87335.0,26.635499149999998
1,87335.0,87555.0,87304.0,87357.0,15.50239389
1,87380.0,87455.0,87293.0,87425.0,16.15273976
1,87424.0,87597.0,87293.0,87455.0,22.03607625
1,87455.0,87544.0,87419.0,87425.0,12.0371678
1,87425.0,87597.0,87125.0,87205.0,33.17552816
1,87204.0,87331.0,86813.0,86958.0,24.57674985
1,86952.0,87120.0,86738.0,86771.0,32.02453576
1,86769.0,86871.0,85828.0,86362.0,211.01776026
1,86374.0,87293.0,86200.0,87274.0,365.84436963
1,87280.0,87575.0,86771.0,86958.0,248.82560025
1,86958.0,87253.0,86799.0,86816.0,20.58598217
1,86816.0,87141.0,86794.0,86899.0,20.85014746
1,86892.0,87397.0,86864.0,87201.0,41.33943712
1,87190.0,87417.0,87026.0,87027.0,34.09884279
1,87058.0,87331.0,86927.0,87308.0,12.96241203
1,87307.0,87702.0,87234.0,87553.0,39.57867584
1,87568.0,87591.0,87305.0,87345.0,10.49916895
1,87344.0,87344.0,87124.0,87219.0,33.40091805
1,87224.0,87377.0,86926.0,87347.0,39.32105002
1,87348.0,87481.0,87108.0,87223.0,9.48650548
1,87223.0,87314.0,86948.0,86948.0,34.70077815
1,86949.0,86986.0,86746.0,86788.0,32.37762522
1,86782.0,86812.0,85942.0,86303.0,73.74632495
1,86302.0,86302.0,85813.0,86046.0,24.86146478
1,86045.0,86210.0,85634.0,85696.0,97.24146760000001
1,85704.0,85855.0,85140.0,85167.0,56.55013352
1,85167.0,85405.0,85029.0,85176.0,40.43133224
1,85182.0,85366.0,84964.0,85122.0,55.93320635
1,85133.0,85227.0,84877.0,84917.0,37.21597888
1,84924.0,85212.0,84784.0,85212.0,54.19260558
1,85212.0,85479.0,84876.0,85021.0,84.36100843
1,85002.0,85540.0,84916.0,84978.0,143.03204802
1,84977.0,85072.0,84119.0,84150.0,110.44166603000001
1,84134.0,84470.0,83920.0,83993.0,56.22491216
1,83997.0,84142.0,83628.0,83750.0,53.57185383
1,83749.0,83947.0,83544.0,83940.0,44.66976183
1,83940.0,84094.0,83668.0,83800.0,48.65860778
1,83800.0,83818.0,83573.0,83714.0,163.55640075
1,83719.0,84045.0,83670.0,83753.0,64.78227224999999
1,83756.0,84045.0,83648.0,84000.0,13.479031710000001
1,84000.0,84419.0,83999.0,84419.0,43.63005657
1,84419.0,84478.0,84151.0,84379.0,9.87015743
1,84384.0,84561.0,84307.0,84345.0,12.51643045
1,84359.0,84467.0,84186.0,84256.0,23.87970615
1,84265.0,84390.0,83801.0,83831.0,21.15635244
1,83830.0,84206.0,83692.0,84138.0,40.17048459
1,84138.0,84226.0,83954.0,84041.0,10.23160043
1,84041.0,84058.0,83833.0,83993.0,29.69392711
1,83993.0,83993.0,83632.0,83770.0,14.74074592
1,83770.0,83848.0,83633.0,83707.0,4.0279675
1,83707.0,83902.0,83641.0,83892.0,7.27716003
1,83890.0,83904.0,83192.0,83519.0,51.75042781
1,83517.0,83517.0,82794.0,82872.0,84.15062608
1,82890.0,83062.0,81983.0,82256.0,77.29473681
1,82260.0,82447.0,82108.0,82418.0,49.30567983
1,82418.0,82813.0,82417.0,82792.0,29.01788405
1,82792.0,82833.0,82425.0,82471.0,13.28602639
1,82471.0,82599.0,82358.0,82388.0,8.33240273
1,82389.0,82636.0,82155.0,82161.0,71.66328089
1,82162.0,82575.0,81629.0,82304.0,122.57442944
1,82303.0,82648.0,82193.0,82329.0,32.02870144
1,82324.0,82700.0,82196.0,82700.0,18.36481651
1,82722.0,82731.0,82402.0,82465.0,9.71137358
1,82511.0,82650.0,82347.0,82467.0,3.91165822
1,82468.0,82488.0,82242.0,82370.0,4.2180866
1,82369.0,82645.0,82309.0,82608.0,6.0889486
1,82608.0,82835.0,82479.0,82770.0,15.88823846
1,82769.0,83032.0,82735.0,82925.0,26.98321372
1,82923.0,83332.0,82915.0,83312.0,30.69229485
1,83312.0,83462.0,83042.0,83080.0,35.52445645
1,83078.0,83279.0,83058.0,83083.0,16.40137521
1,83083.0,83205.0,82913.0,82932.0,22.27634146
1,82934.0,83252.0,82853.0,83164.0,25.928796140000003
1,83164.0,83282.0,83053.0,83054.0,15.60062979
1,83054.0,83362.0,83054.0,83351.0,17.49751229
1,83359.0,83499.0,83233.0,83473.0,10.20631343
1,83474.0,83500.0,83057.0,83100.0,25.69951673
1,83099.0,83315.0,82978.0,83097.0,39.62390542
1,83102.0,83222.0,82974.0,83039.0,34.93044933
1,83043.0,83130.0,82565.0,82674.0,63.54993012
1,82664.0,83000.0,82606.0,82782.0,7.97605981
1,82782.0,83033.0,82703.0,82706.0,5.89181521
1,82709.0,82778.0,82176.0,82277.0,57.9033234
1,82277.0,82510.0,82051.0,82389.0,66.58358888000001
1,82389.0,82750.0,82389.0,82688.0,55.85540898
1,82688.0,82851.0,82527.0,82538.0,20.54327942
1,82538.0,82622.0,82388.0,82531.0,8.25157693
1,82601.0,82671.0,82062.0,82239.0,47.948127389999996
1,82221.0,82723.0,81551.0,82363.0,137.64623841
1,82404.0,82404.0,81935.0,82359.0,50.980242860000004
1,82367.0,82417.0,81287.0,81591.0,75.66872573
1,81618.0,82239.0,81549.0,81975.0,69.58731163
1,81955.0,82121.0,81639.0,81911.0,49.18797952
1,81913.0,82024.0,81466.0,81502.0,35.55165421
1,81508.0,81852.0,81405.0,81842.0,10.49311216
1,81841.0,82278.0,81838.0,82154.0,50.919565060000004
1,82156.0,82242.0,81912.0,82038.0,20.54882564
1,82037.0,82279.0,81747.0,81925.0,79.9800168
1,81923.0,82229.0,81878.0,81886.0,21.94627753
1,81886.0,81948.0,81326.0,81440.0,42.02064312
1,81430.0,82190.0,81305.0,82185.0,82.05553376
1,82161.0,82246.0,81879.0,82197.0,32.12107829
1,82187.0,83117.0,81905.0,82772.0,89.92255991
1,82762.0,82859.0,81646.0,82480.0,280.61463225
1,82494.0,83737.0,82494.0,83471.0,250.95074137
1,83495.0,83914.0,83387.0,83404.0,43.35887074
1,83404.0,83695.0,83248.0,83289.0,21.14728915
1,83285.0,83535.0,82569.0,82675.0,97.69418706
1,82675.0,83566.0,82675.0,83288.0,15.97300858
1,83288.0,83425.0,82380.0,82422.0,183.5556704
1,82409.0,82829.0,82352.0,82414.0,107.02469196999999
1,82419.0,82721.0,82411.0,82538.0,238.84754368999998
1,82538.0,82550.0,82251.0,82377.0,20.43835747
1,82387.0,82826.0,82279.0,82538.0,17.72900366
1,82537.0,82764.0,82417.0,82639.0,40.03926801
1,82637.0,82727.0,82449.0,82699.0,3.51761563
1,82691.0,83072.0,82637.0,83072.0,39.28138319
1,83072.0,83212.0,82905.0,82932.0,11.517169169999999
1,82933.0,83221.0,82879.0,83042.0,4.9940487
1,83041.0,83302.0,82984.0,82984.0,6.98139019
1,82984.0,83482.0,82893.0,83437.0,62.813338730000005
1,83446.0,83582.0,83381.0,83457.0,12.24909025
1,83454.0,84203.0,83433.0,84111.0,101.70844603
1,84143.0,84377.0,84112.0,84338.0,21.24503876
1,84354.0,84490.0,84150.0,84187.0,47.76836318
1,84180.0,84204.0,83833.0,83929.0,51.168328779999996
1,83928.0,84136.0,83612.0,83612.0,32.24199059
1,83619.0,83872.0,83413.0,83668.0,142.12334817
1,83646.0,84317.0,82536.0,84202.0,294.55654298
1,84213.0,85496.0,84175.0,85271.0,255.36053689
1,85314.0,85493.0,84841.0,85130.0,102.00286704
1,85117.0,85322.0,84915.0,85138.0,21.58199631
1,85114.0,85179.0,84731.0,85091.0,21.11979582
1,85105.0,85175.0,84826.0,84979.0,45.00452809
1,84960.0,85328.0,84769.0,85270.0,49.75351463
1,85251.0,85458.0,85137.0,85278.0,47.27002683
1,85237.0,85469.0,85121.0,85121.0,44.52038003
1,85121.0,85530.0,85002.0,85170.0,45.183393530000004
1,85171.0,85262.0,84950.0,84979.0,56.22261735
1,84978.0,85216.0,84886.0,85174.0,14.57819101
1,85174.0,85174.0,84676.0,84739.0,21.67890081
1,84739.0,84905.0,84540.0,84590.0,29.48345474
1,84584.0,84732.0,81188.0,84615.0,177.04507388
1,84615.0,84615.0,84125.0,84125.0,41.07831748
1,84125.0,84338.0,83944.0,84146.0,83.16708965
1,84146.0,84458.0,84024.0,84441.0,87.4224698
1,84440.0,84733.0,84268.0,84675.0,43.26217751
1,84675.0,85397.0,84639.0,85025.0,50.45738989
1,85038.0,85304.0,84866.0,84891.0,23.12033955
1,84888.0,84988.0,84562.0,84569.0,40.15047739
1,84570.0,85039.0,84495.0,85039.0,44.24976405
1,85039.0,86095.0,84520.0,85277.0,224.73087297
1,85283.0,85963.0,85223.0,85876.0,75.09867204
1,85852.0,87355.0,85852.0,86768.0,478.1817097
1,86786.0,87225.0,86601.0,87042.0,108.27111475
1,87082.0,87258.0,86359.0,86618.0,43.35040952
1,86640.0,86744.0,86210.0,86286.0,21.08327839
1,86311.0,87027.0,86191.0,86943.0,85.9277195
1,86928.0,88563.0,85215.0,85612.0,582.8524256
1,85740.0,85741.0,84192.0,84847.0,177.03608714
1,84839.0,84839.0,82674.0,82789.0,267.09215451
1,82795.0,82812.0,82321.0,82502.0,86.10595624
1,82477.0,83372.0,82157.0,83209.0,91.35307021
1,83218.0,83896.0,83095.0,83768.0,94.65530135
1,83746.0,83876.0,83280.0,83751.0,41.48606063
1,83750.0,83759.0,83346.0,83526.0,10.44198733
1,83464.0,83733.0,83286.0,83556.0,7.91624248
1,83558.0,83701.0,83352.0,83352.0,78.71687542
1,83352.0,83411.0,83001.0,83034.0,40.21039535
1,83049.0,83489.0,83012.0,83473.0,48.09339899
1,83473.0,83753.0,83471.0,83693.0,23.46789955
1,83693.0,83735.0,83438.0,83473.0,8.73428022
1,83479.0,83729.0,83147.0,83227.0,56.4766957
1,83223.0,83343.0,83032.0,83095.0,16.05655061
1,83032.0,83132.0,81827.0,81930.0,174.60082977
1,81929.0,82764.0,81772.0,82334.0,372.31138266
1,82305.0,82363.0,81284.0,81506.0,230.06266435
1,81505.0,82043.0,81200.0,82032.0,96.86721906
1,82028.0,82394.0,81701.0,81785.0,103.48299413
1,81800.0,82134.0,81582.0,81802.0,16.23694322
1,81798.0,82275.0,81501.0,82067.0,74.98811456
1,82066.0,82315.0,81785.0,81934.0,44.46996739
1,81950.0,82382.0,81760.0,82317.0,15.686379579999999
1,82344.0,82813.0,82295.0,82679.0,80.09116708
1,82687.0,82823.0,82563.0,82692.0,6.35482979
1,82713.0,83289.0,82483.0,83132.0,44.69115876
1,83182.0,83382.0,82973.0,83011.0,49.14534651
1,83033.0,83302.0,82584.0,82672.0,64.76911399
1,82692.0,83141.0,82692.0,82880.0,52.5990917
1,82881.0,83039.0,82664.0,82781.0,2.34833049
1,82781.0,82895.0,82595.0,82683.0,14.09518067
1,82683.0,83177.0,82613.0,83176.0,9.53099548
1,83176.0,83212.0,83006.0,83025.0,45.83666775
1,83025.0,83993.0,83020.0,83984.0,59.393490209999996
1,83988.0,84632.0,83988.0,84416.0,64.47684009
1,84421.0,84708.0,84123.0,84628.0,32.21045434
1,84584.0,84696.0,82422.0,82536.0,167.78786949
1,82575.0,82757.0,81659.0,82677.0,174.8108717
1,82654.0,83182.0,82185.0,82834.0,184.23955014999999
1,82862.0,83440.0,82101.0,83326.0,213.22397852999998
1,83304.0,83462.0,81831.0,82564.0,239.51149025
1,82524.0,83662.0,82418.0,82839.0,191.03749156
1,82863.0,83530.0,82705.0,83344.0,100.01112069
1,83354.0,84588.0,82917.0,84401.0,79.046308
1,84468.0,84560.0,83715.0,83946.0,92.04611986
1,83946.0,84428.0,83759.0,83998.0,20.51603439
1,83974.0,84237.0,83448.0,84140.0,57.98566349
1,84122.0,84419.0,83910.0,84151.0,41.45052355
1,84178.0,84249.0,83977.0,84030.0,3.72971122
1,84032.0,84074.0,83632.0,83851.0,46.08058288
1,83852.0,83858.0,83434.0,83758.0,16.833685680000002
1,83758.0,84226.0,83758.0,83952.0,41.79635138
1,83987.0,84066.0,83783.0,83945.0,23.616315479999997
1,83942.0,83942.0,83605.0,83611.0,13.63997801
1,83620.0,83843.0,83595.0,83664.0,3.43134032
1,83661.0,83843.0,83610.0,83673.0,2.49076053
1,83673.0,83701.0,83322.0,83453.0,19.29681859
1,83452.0,83532.0,83355.0,83501.0,12.13368144
1,83504.0,83612.0,83352.0,83484.0,40.15180358
1,83495.0,83815.0,83495.0,83815.0,19.26477905
1,83823.0,83863.0,83563.0,83617.0,3.77034392
1,83620.0,83670.0,83432.0,83433.0,23.06370594
1,83439.0,83532.0,83122.0,83230.0,19.89359925
1,83273.0,83298.0,82516.0,82703.0,46.571526760000005
1,82709.0,82982.0,82666.0,82888.0,53.98126991
1,82886.0,82895.0,82358.0,82596.0,39.342133419999996
1,82595.0,82784.0,82573.0,82717.0,24.41063758
1,82724.0,82913.0,82645.0,82831.0,10.10039248
1,82839.0,83072.0,82839.0,83013.0,12.44960721
1,83023.0,83102.0,82754.0,82793.0,19.84827529
1,82793.0,83072.0,82793.0,83042.0,4.86177167
1,83065.0,83185.0,82897.0,82897.0,23.79562827
1,82898.0,83180.0,82898.0,83166.0,14.28730148
1,83156.0,83612.0,83117.0,83507.0,29.150147060000002
1,83514.0,83563.0,83382.0,83480.0,38.96483287
1,83496.0,83741.0,83402.0,83402.0,27.989955319999996
1,83424.0,83466.0,83263.0,83267.0,11.73781996
1,83291.0,83371.0,83162.0,83314.0,10.44378872
1,83316.0,83471.0,83213.0,83471.0,1.1584444
1,83472.0,83482.0,83296.0,83412.0,11.5316815
1,83413.0,83432.0,83102.0,83102.0,13.43957535
1,83092.0,83160.0,82997.0,82998.0,45.89050092
1,82997.0,82997.0,82714.0,82982.0,27.96887584
1,82981.0,83116.0,82892.0,83031.0,15.058088810000001
1,83030.0,83030.0,82695.0,82815.0,33.73449185
1,82825.0,82875.0,82625.0,82804.0,9.47276834
1,82805.0,82933.0,82616.0,82648.0,33.22697821
1,82690.0,82802.0,82219.0,82276.0,35.23298456
1,82281.0,82744.0,82210.0,82636.0,51.28344365
1,82641.0,82783.0,82388.0,82535.0,24.66357055
1,82532.0,82542.0,81904.0,81952.0,57.87698684
1,81950.0,81961.0,80538.0,80767.0,186.99814922000002
1,80788.0,80788.0,78639.0,79027.0,500.14631206
1,79005.0,79798.0,78805.0,79605.0,260.86556516
1,79596.0,79850.0,78512.0,78804.0,187.94906333
1,78809.0,79617.0,78681.0,78935.0,82.62028235
1,78901.0,79065.0,77757.0,77959.0,267.29356773
1,77994.0,78613.0,77098.0,78342.0,229.93357468
1,78381.0,78450.0,77385.0,78251.0,86.01182722
1,78299.0,79292.0,78246.0,79094.0,79.89799549
1,79086.0,79173.0,78342.0,78376.0,24.9427844
1,78390.0,78455.0,77319.0,77669.0,139.98830813
1,77665.0,77925.0,76611.0,76925.0,119.87691434999999
1,76947.0,77432.0,76611.0,76890.0,93.98683884
1,76879.0,77224.0,74483.0,74724.0,316.78467786
1,74736.0,75366.0,74434.0,75049.0,292.30881869
1,75051.0,76775.0,75032.0,76200.0,175.36307060000001
1,76200.0,76737.0,75741.0,76222.0,178.54637091
1,76242.0,77500.0,76118.0,76930.0,166.10517747
1,76935.0,77352.0,76416.0,76643.0,51.856578750000004
1,76660.0,77599.0,76389.0,77233.0,233.03909289999999
1,77285.0,78437.0,75768.0,78315.0,489.72743518
1,78324.0,81180.0,77862.0,79019.0,612.39741322
1,79000.0,79332.0,77618.0,78461.0,325.49169505
1,78432.0,78540.0,77292.0,77395.0,183.98943532
1,77395.0,79167.0,77395.0,79048.0,63.51595376
1,79060.0,79315.0,78256.0,78478.0,66.27515323
1,78450.0,78915.0,77979.0,78065.0,81.40854018
1,78076.0,79106.0,78072.0,78917.0,158.51390093
1,78924.0,79542.0,78650.0,79182.0,38.93016143
1,79205.0,80154.0,79148.0,79945.0,75.68355371999999
1,79930.0,80056.0,79075.0,79127.0,29.35541193
1,79134.0,79565.0,78974.0,79006.0,115.03781846
1,79001.0,80750.0,78777.0,80570.0,140.55931672
1,80604.0,80836.0,79876.0,79920.0,17.188864419999998
1,79925.0,80175.0,79747.0,79876.0,62.38897524
1,79890.0,80389.0,79850.0,80277.0,27.2873955
1,80272.0,80291.0,79513.0,79857.0,33.95097587
1,79853.0,79853.0,79274.0,79424.0,35.8075955
1,79423.0,79690.0,79230.0,79461.0,109.86658706
1,79459.0,79488.0,78915.0,79126.0,59.685146419999995
1,79126.0,79185.0,78848.0,78889.0,44.06436716
1,78885.0,79113.0,78809.0,78978.0,43.20510175
1,78996.0,80029.0,78974.0,79964.0,88.23301808
1,79975.0,80099.0,79560.0,79815.0,110.23221629000001
1,79815.0,80318.0,79379.0,79892.0,233.87565981
1,79871.0,80212.0,78454.0,78454.0,213.41250066
1,78457.0,78813.0,78159.0,78468.0,81.68939819
1,78465.0,78490.0,77302.0,77383.0,99.45393299999999
1,77391.0,77494.0,76500.0,77295.0,209.75640632
1,77282.0,77932.0,77033.0,77210.0,24.387637950000002
1,77209.0,77289.0,76282.0,76737.0,46.42427512
1,76789.0,77125.0,76530.0,77023.0,101.66917904
1,77096.0,77215.0,76653.0,77012.0,106.96115286
1,77033.0,77033.0,76159.0,76648.0,174.75895319
1,76650.0,76710.0,76225.0,76244.0,65.61253579
1,76252.0,76799.0,75860.0,76451.0,174.98348096
1,76451.0,76521.0,74588.0,76058.0,342.9842355
1,76082.0,76361.0,75509.0,75588.0,53.5768584
1,75587.0,75797.0,74990.0,74990.0,85.69548981
1,75018.0,76817.0,74990.0,76353.0,159.39351998
1,76356.0,76756.0,76160.0,76672.0,22.2046241
1,76679.0,77247.0,76665.0,76768.0,21.53672946
1,76782.0,77910.0,76760.0,77669.0,170.67410468
1,77668.0,77842.0,77061.0,77256.0,18.515965650000002
1,77256.0,77525.0,77135.0,77466.0,104.62831053
1,77449.0,77534.0,76931.0,77054.0,22.88920179
1,77149.0,77149.0,75748.0,76215.0,284.87807387000004
1,76193.0,76999.0,75998.0,76713.0,65.66427436000001
1,76713.0,77776.0,76657.0,77656.0,220.77417424
1,77645.0,78225.0,76721.0,76776.0,176.55210663
1,76797.0,77551.0,76787.0,77193.0,90.17653529
1,77199.0,78272.0,77065.0,78199.0,52.98071804
1,78212.0,82229.0,77624.0,82175.0,821.61363618
1,82229.0,83000.0,81689.0,81767.0,365.79178562
1,81800.0,82562.0,81752.0,82294.0,174.06180411
1,82404.0,83246.0,82000.0,83185.0,283.20412885999997
1,83204.0,83565.0,82853.0,83271.0,175.66487031
1,83266.0,83465.0,82951.0,83047.0,61.07606977
1,83056.0,83135.0,82526.0,82595.0,88.75551237
1,82594.0,82722.0,82036.0,82322.0,96.36492273
1,82321.0,82583.0,82196.0,82220.0,41.7878277
1,82216.0,82532.0,82169.0,82195.0,30.22326964
1,82183.0,82197.0,81449.0,81745.0,54.392486330000004
1,81742.0,82022.0,81622.0,81969.0,66.90392259000001
1,81981.0,82203.0,81899.0,82136.0,32.10644746
1,82136.0,82308.0,81826.0,82144.0,39.58741916
1,82136.0,82224.0,81300.0,81567.0,66.74179041
1,81600.0,81806.0,81425.0,81532.0,12.63651711
1,81531.0,82038.0,81336.0,82023.0,68.21259332
1,82011.0,82081.0,81534.0,81727.0,45.93328812
1,81780.0,81885.0,81463.0,81838.0,33.148854379999996
1,81837.0,82401.0,81434.0,81652.0,205.04485998
1,81667.0,81902.0,80752.0,80833.0,78.44046666
1,80833.0,81770.0,80561.0,81196.0,110.42708841999999
1,81209.0,81282.0,78566.0,78701.0,303.5829646
1,78696.0,79627.0,78424.0,79393.0,96.81244376000001
1,79392.0,79623.0,78592.0,79262.0,74.45946018
1,79257.0,79828.0,79189.0,79446.0,42.48122504
1,79451.0,79966.0,79269.0,79584.0,27.80464065
1,79570.0,79902.0,79515.0,79828.0,15.31097662
1,79908.0,79981.0,79633.0,79672.0,8.56686216
1,79671.0,79872.0,79498.0,79662.0,5.70819924
1,79648.0,79699.0,79345.0,79543.0,7.398851280000001
1,79558.0,79701.0,78942.0,79012.0,88.36540205
1,78997.0,80384.0,78965.0,80377.0,94.02655705
1,80385.0,80762.0,80127.0,80250.0,83.70737981
1,80264.0,80855.0,80264.0,80771.0,38.00066175
1,80790.0,81025.0,80689.0,80856.0,25.49383508
1,80851.0,80859.0,80471.0,80766.0,8.91672665
1,80830.0,81258.0,80809.0,81046.0,28.00515512
1,81048.0,81387.0,80812.0,81226.0,24.65008503
1,81226.0,81826.0,80772.0,81583.0,203.81401026
1,81573.0,82377.0,81414.0,82372.0,72.2548911
1,82377.0,82923.0,82259.0,82674.0,115.51294034
1,82672.0,82853.0,81984.0,82077.0,53.61793659
1,82106.0,82481.0,81796.0,82075.0,96.18131279
1,82100.0,83245.0,81801.0,82901.0,145.72586085
1,82889.0,82889.0,81312.0,81856.0,201.80735414
1,81840.0,82645.0,81680.0,82466.0,42.6754676
1,82466.0,82979.0,81974.0,82749.0,82.62841669
1,82776.0,84027.0,82640.0,83884.0,120.18792085
1,83918.0,84166.0,83492.0,83581.0,55.65843805000001
1,83574.0,83938.0,83532.0,83798.0,14.31581978
1,83876.0,83989.0,83682.0,83845.0,11.47404001
1,83817.0,84257.0,83622.0,83659.0,47.07803605
1,83653.0,83673.0,83284.0,83404.0,28.60938974
1,83392.0,83530.0,83142.0,83384.0,46.13335139
1,83384.0,83532.0,83232.0,83342.0,12.10794977
1,83342.0,83418.0,83133.0,83173.0,27.38418923
1,83226.0,83259.0,82794.0,82794.0,25.04824893
1,82794.0,83102.0,82784.0,82946.0,4.86417604
1,82944.0,83412.0,82839.0,83166.0,80.95834443000001
1,83174.0,83452.0,83173.0,83301.0,10.20859703
1,83374.0,83742.0,83366.0,83551.0,25.38838603
1,83544.0,83782.0,83472.0,83695.0,7.86885162
1,83724.0,83974.0,83463.0,83584.0,74.22834934
1,83621.0,83724.0,83412.0,83518.0,5.93603668
1,83518.0,83535.0,83282.0,83400.0,9.55962717
1,83419.0,83612.0,83395.0,83494.0,12.85537909
1,83496.0,83884.0,83451.0,83806.0,34.38900855
1,83811.0,84622.0,83562.0,84438.0,129.35738397
1,84437.0,85212.0,84288.0,84822.0,101.88856985
1,84851.0,85377.0,84632.0,84969.0,49.32716302
1,85003.0,85180.0,84570.0,84642.0,7.73560677
1,84641.0,84836.0,84401.0,84732.0,16.73024732
1,84739.0,85178.0,84739.0,85156.0,39.71244976
1,85166.0,85241.0,84821.0,84933.0,32.966909369999996
1,84935.0,85892.0,84868.0,85508.0,64.76124862
1,85506.0,85557.0,85272.0,85377.0,38.92443356
1,85390.0,85684.0,85320.0,85335.0,11.60735584
1,85406.0,85423.0,85172.0,85274.0,23.82906375
1,85277.0,85540.0,85007.0,85467.0,39.76042792
1,85492.0,86084.0,85151.0,85259.0,124.43305157
1,85254.0,85396.0,84732.0,85276.0,71.78095416
1,85275.0,85684.0,85224.0,85428.0,24.48278716
1,85412.0,85414.0,84475.0,84587.0,73.64903321
1,84613.0,84789.0,84400.0,84504.0,11.30890419
1,84503.0,84829.0,84442.0,84594.0,14.58636341
1,84594.0,84764.0,84430.0,84430.0,6.74403321
1,84411.0,84669.0,84277.0,84658.0,11.54983223
1,84653.0,84906.0,84497.0,84904.0,36.04979567
1,84904.0,84916.0,84508.0,84676.0,27.46485974
1,84675.0,84753.0,84226.0,84508.0,23.56935967
1,84509.0,84651.0,84237.0,84425.0,51.69472636
1,84451.0,84571.0,83462.0,83573.0,94.83517136
1,83568.0,84105.0,83457.0,84059.0,48.00823915
1,84059.0,84059.0,83648.0,83821.0,17.5146599
1,83830.0,84387.0,83830.0,84193.0,41.81275135
1,84201.0,84937.0,84173.0,84760.0,47.5648756
1,84748.0,84937.0,84514.0,84712.0,12.76395292
1,84711.0,84712.0,83065.0,83918.0,167.49295135
1,83973.0,84387.0,83192.0,83475.0,96.13964428999999
1,83480.0,83782.0,83031.0,83583.0,110.73786434
1,83577.0,83827.0,83162.0,83306.0,50.874574380000006
1,83314.0,83805.0,83149.0,83712.0,6.10341737
1,83774.0,85069.0,83680.0,84301.0,150.99916778
1,84310.0,84623.0,84035.0,84204.0,16.75857748
1,84224.0,85496.0,84021.0,85089.0,23.65256633
1,85111.0,85111.0,84444.0,84547.0,33.96522735
1,84578.0,85074.0,84408.0,84833.0,8.33264968
1,84853.0,84969.0,84334.0,84547.0,43.63565464
1,84555.0,84628.0,84277.0,84602.0,15.88046113
1,84620.0,84759.0,84237.0,84544.0,8.24345207
1,84574.0,84926.0,84439.0,84749.0,92.45225108
1,84773.0,84902.0,84250.0,84450.0,12.48229802
1,84448.0,84803.0,84302.0,84630.0,10.20754251
1,84643.0,84937.0,84502.0,84923.0,8.21439604
1,84937.0,85211.0,84758.0,85106.0,56.12066943
1,85145.0,85253.0,84057.0,84353.0,147.91995396000002
1,84359.0,85787.0,84267.0,85426.0,145.47167931
1,85435.0,85439.0,83727.0,84098.0,234.95748796
1,84098.0,84654.0,83873.0,84330.0,98.96644875
1,84322.0,84881.0,84241.0,84850.0,20.01774901
1,84858.0,85049.0,84691.0,84989.0,37.50480489
1,84988.0,85199.0,84769.0,84917.0,105.91867644
1,84921.0,84967.0,84542.0,84836.0,49.73997998
1,84875.0,84964.0,84460.0,84705.0,30.20719602
1,84713.0,84725.0,84459.0,84504.0,64.54953753
1,84504.0,84754.0,84439.0,84583.0,9.68332977
1,84583.0,84906.0,84353.0,84906.0,38.88577864
1,84906.0,85121.0,84535.0,84947.0,21.38486353
1,84967.0,85273.0,84693.0,85236.0,17.596939329999998
1,85217.0,85387.0,85073.0,85377.0,11.70697455
1,85377.0,85499.0,85146.0,85462.0,14.922822440000001
1,85466.0,85839.0,85466.0,85540.0,46.24879324
1,85530.0,85676.0,85347.0,85391.0,30.91083993
1,85390.0,85766.0,85390.0,85733.0,34.09881377
1,85732.0,85962.0,85706.0,85839.0,49.56733172
1,85838.0,85973.0,85609.0,85973.0,47.07286841
1,85973.0,86000.0,85459.0,85637.0,39.40453651
1,85637.0,85668.0,85356.0,85583.0,11.669724550000002
1,85584.0,85808.0,85450.0,85808.0,61.35698886
1,85808.0,86450.0,85525.0,85588.0,156.21353224
1,85588.0,85962.0,84850.0,85160.0,177.53533661
1,85150.0,85376.0,84642.0,84915.0,50.90632785
1,84915.0,85148.0,84789.0,84862.0,21.86775584
1,84861.0,85008.0,84430.0,84480.0,29.63639761
1,84479.0,84606.0,84166.0,84203.0,25.2576589
1,84202.0,84230.0,83915.0,84013.0,47.10845979
1,84011.0,84207.0,83823.0,84016.0,19.438235680000002
1,84026.0,84226.0,83883.0,84152.0,37.56608857
1,84178.0,84178.0,83701.0,83834.0,95.10110081
1,83834.0,83844.0,83612.0,83686.0,77.45362887
1,83632.0,83684.0,83133.0,83145.0,74.66402482
1,83144.0,83642.0,83102.0,83627.0,40.17192669
1,83642.0,83904.0,83626.0,83887.0,15.89118033
1,83889.0,83934.0,83664.0,83681.0,13.95621057
1,83680.0,83783.0,83412.0,83579.0,53.09728025
1,83578.0,83793.0,83232.0,83356.0,50.38484015
1,83376.0,83713.0,83279.0,83643.0,29.21980564
1,83691.0,83743.0,83313.0,83362.0,27.924257
1,83340.0,84098.0,83145.0,83712.0,90.09649177
1,83757.0,83928.0,83603.0,83604.0,53.75459098
1,83604.0,84012.0,83582.0,83937.0,24.86781743
1,83959.0,84115.0,83783.0,84025.0,34.43662209
1,84048.0,84266.0,83734.0,83764.0,85.25285178
1,83763.0,84175.0,83524.0,83770.0,115.58233939
1,83738.0,84859.0,83738.0,84604.0,142.2925119
1,84665.0,85254.0,84500.0,84841.0,154.57351964
1,84864.0,85232.0,84718.0,85049.0,65.53752918
1,85048.0,85528.0,83312.0,83312.0,227.09519783
1,83351.0,84459.0,83351.0,84010.0,116.51529501
1,84032.0,84476.0,83809.0,84347.0,78.80883296
1,84333.0,84650.0,84257.0,84306.0,38.1319169
1,84333.0,84672.0,84270.0,84526.0,9.07422494
1,84582.0,84595.0,84310.0,84481.0,12.88205321
1,84489.0,84489.0,84045.0,84046.0,39.23707891
1,84045.0,84214.0,83945.0,84214.0,12.020007999999999
1,84210.0,84483.0,84125.0,84339.0,15.378618340000001
1,84342.0,84342.0,84045.0,84276.0,8.76926852
1,84275.0,84301.0,83829.0,84006.0,14.29450245
1,84005.0,84180.0,83902.0,84155.0,5.9833961
1,84157.0,84489.0,84096.0,84385.0,38.19179452
1,84387.0,84849.0,84335.0,84789.0,40.59646018
1,84788.0,85043.0,84610.0,84672.0,12.949062490000001
1,84685.0,84773.0,84410.0,84448.0,34.90799888
1,84450.0,84512.0,84339.0,84463.0,24.62029762
1,84463.0,84495.0,84188.0,84361.0,32.39223894
1,84372.0,84733.0,84279.0,84542.0,31.88435025
1,84557.0,84845.0,84557.0,84762.0,25.3682272
1,84763.0,84763.0,84317.0,84466.0,56.53577475
1,84463.0,84463.0,83751.0,84071.0,217.95504988
1,84084.0,84682.0,84084.0,84535.0,97.65401237
1,84540.0,85065.0,84407.0,84938.0,113.72993089
1,84929.0,85211.0,84805.0,85111.0,56.47792527
1,85116.0,85478.0,84925.0,84925.0,112.33581381
1,84919.0,85129.0,84540.0,84873.0,114.668427
1,84915.0,85141.0,84872.0,85141.0,18.19056369
1,85141.0,85141.0,84903.0,85051.0,6.99039461
1,85068.0,85101.0,84744.0,84744.0,23.46876019
1,84769.0,85025.0,84769.0,84954.0,4.2249481
1,84954.0,85021.0,84745.0,84824.0,4.47009976
1,84824.0,85121.0,84824.0,84932.0,26.82398222
1,84932.0,84982.0,84815.0,84897.0,1.94210768
1,84897.0,84898.0,84757.0,84842.0,20.4186214
1,84842.0,84852.0,84612.0,84679.0,9.46216632
1,84678.0,84748.0,84524.0,84739.0,7.980972509999999
1,84742.0,84776.0,84591.0,84722.0,1.49528382
1,84722.0,84732.0,84434.0,84640.0,29.80061397
1,84662.0,84761.0,84607.0,84629.0,22.75176151
1,84647.0,84647.0,84520.0,84538.0,24.394901909999998
1,84538.0,84654.0,84490.0,84510.0,4.26610971
1,84510.0,84664.0,84470.0,84664.0,6.68809813
1,84682.0,84743.0,84558.0,84640.0,19.74419593
1,84639.0,84639.0,84476.0,84566.0,22.02035196
1,84567.0,84621.0,84388.0,84579.0,8.97142264
1,84576.0,84596.0,84347.0,84361.0,7.99675266
1,84373.0,84530.0,84310.0,84472.0,17.76915826
1,84474.0,84602.0,84379.0,84559.0,41.63879482
1,84560.0,84622.0,84508.0,84607.0,2.69924789
1,84601.0,84622.0,84505.0,84544.0,1.4417499599999999
1,84555.0,84618.0,84469.0,84511.0,6.23027143
1,84511.0,84672.0,84471.0,84597.0,10.04755488
1,84620.0,84629.0,84432.0,84521.0,12.056701279999999
1,84521.0,84521.0,84351.0,84468.0,12.13004177
1,84466.0,84469.0,84367.0,84421.0,3.7385531599999995
1,84421.0,84571.0,84413.0,84539.0,6.25603247
1,84548.0,84786.0,84487.0,84774.0,32.23150291
1,84774.0,84973.0,84774.0,84883.0,54.24635526
1,84902.0,85250.0,84897.0,85018.0,49.57414011
1,85020.0,85182.0,85008.0,85075.0,9.10329842
1,85092.0,85092.0,84906.0,84924.0,13.695811919999999
1,84921.0,85241.0,84917.0,85218.0,47.962571999999994
1,85217.0,85376.0,85114.0,85316.0,11.847902430000001
1,85316.0,85432.0,85238.0,85328.0,6.47775611
1,85334.0,85347.0,85152.0,85254.0,2.9386783100000002
1,85253.0,85288.0,85142.0,85217.0,6.64033768
1,85218.0,85321.0,85203.0,85291.0,11.669889119999999
1,85287.0,85479.0,85212.0,85470.0,18.32932948
1,85470.0,85479.0,85360.0,85403.0,36.40149923
1,85403.0,85611.0,85100.0,85181.0,189.21898417
1,85181.0,85305.0,84723.0,84843.0,65.12051765
1,84843.0,85223.0,84834.0,85223.0,28.289271290000002
1,85221.0,85294.0,85132.0,85142.0,4.59160392
1,85142.0,85196.0,85038.0,85087.0,1.30647359
1,85087.0,85259.0,85010.0,85214.0,2.2610378300000002
1,85184.0,85346.0,85183.0,85335.0,6.45284817
1,85335.0,85346.0,85208.0,85251.0,8.67790857
1,85250.0,85251.0,85069.0,85069.0,14.458534329999999
1,85074.0,85212.0,85050.0,85165.0,14.90084163
1,85165.0,85305.0,85148.0,85305.0,8.92688083
1,85305.0,85305.0,85195.0,85230.0,1.98003306
1,85231.0,85242.0,85121.0,85159.0,11.545914620000001
1,85161.0,85240.0,85110.0,85178.0,11.487695949999999
1,85178.0,85190.0,85100.0,85100.0,1.85281759
1,85090.0,85155.0,84855.0,84959.0,13.43141436
1,84959.0,84959.0,84682.0,84791.0,18.16286409
1,84791.0,84791.0,84628.0,84642.0,13.07083065
1,84642.0,84642.0,84460.0,84557.0,11.20440117
1,84554.0,84554.0,84005.0,84154.0,36.99129283
1,84173.0,84237.0,83974.0,84125.0,39.00554772
1,84124.0,84479.0,84124.0,84370.0,26.3505614
1,84369.0,84439.0,84176.0,84324.0,40.670736330000004
1,84323.0,84661.0,84269.0,84641.0,19.45231231
1,84640.0,84640.0,84327.0,84359.0,2.43677274
1,84360.0,84623.0,84288.0,84610.0,1.8198405500000001
1,84610.0,84625.0,84453.0,84585.0,1.31132165
1,84583.0,84638.0,84473.0,84580.0,11.46953656
1,84587.0,84652.0,84520.0,84647.0,2.42397667
1,84647.0,85229.0,84615.0,85117.0,67.45621942
1,85179.0,85202.0,84927.0,85001.0,45.35826894
1,85006.0,85010.0,84682.0,84830.0,16.1768263
1,84884.0,85274.0,84884.0,85198.0,45.32283881
1,85197.0,86986.0,85134.0,86620.0,184.9000622
1,86633.0,87427.0,86633.0,87286.0,55.84398644
1,87323.0,87641.0,87128.0,87366.0,58.64809914
1,87393.0,87603.0,87180.0,87180.0,5.27979578
1,87191.0,87386.0,87074.0,87381.0,52.28983152
1,87381.0,87705.0,87342.0,87545.0,62.761722139999996
1,87554.0,87689.0,87397.0,87525.0,22.21010236
1,87528.0,87597.0,87358.0,87428.0,28.21890334
1,87428.0,87702.0,87428.0,87587.0,19.79081669
1,87586.0,87765.0,87315.0,87497.0,53.65661469
1,87497.0,87575.0,87250.0,87368.0,21.95611288
1,87325.0,87335.0,86656.0,86989.0,62.749629580000004
1,86988.0,87522.0,86985.0,87049.0,90.23989027
1,87055.0,87578.0,86804.0,87062.0,266.93439232
1,87046.0,88527.0,86979.0,88261.0,547.10027127
1,88253.0,88408.0,87944.0,88103.0,273.45698202
1,88092.0,88300.0,87046.0,87177.0,57.64984224
1,87176.0,87318.0,86404.0,86871.0,102.66213768
1,86869.0,87053.0,86671.0,86826.0,7.55757504
1,86810.0,87475.0,86738.0,87421.0,99.96494645
1,87405.0,87405.0,87141.0,87351.0,20.9739531
1,87371.0,87383.0,86903.0,87278.0,39.98507884
1,87271.0,87271.0,86929.0,87173.0,5.2214136600000005
1,87169.0,87624.0,87038.0,87505.0,39.76370638
1,87505.0,87702.0,87094.0,87701.0,97.68612431999999
1,87675.0,88874.0,87517.0,88436.0,124.63162329
1,88425.0,88666.0,87913.0,88176.0,29.77045982
1,88182.0,88272.0,87850.0,88160.0,14.69222051
1,88173.0,88368.0,88043.0,88063.0,37.158195979999995
1,88060.0,88399.0,87976.0,88390.0,15.283987759999999
1,88389.0,88446.0,88018.0,88251.0,50.635438549999996
1,88280.0,88489.0,88179.0,88488.0,14.39000804
1,88495.0,88676.0,88338.0,88395.0,22.468584500000002
1,88409.0,88588.0,88320.0,88530.0,11.714445809999999
1,88579.0,88597.0,88272.0,88533.0,21.45273347
1,88530.0,88697.0,88485.0,88624.0,29.33168135
1,88623.0,89220.0,88495.0,88987.0,149.93179222
1,89027.0,90521.0,88974.0,90278.0,509.1329057
1,90270.0,90993.0,90089.0,90859.0,333.04737139
1,90855.0,91496.0,90536.0,90977.0,354.51778123
1,91014.0,91116.0,90705.0,90740.0,223.9028931
1,90740.0,91566.0,90740.0,91497.0,179.17110622
1,91477.0,91673.0,91220.0,91575.0,149.76538942
1,91574.0,91761.0,91047.0,91556.0,146.90551514
1,91546.0,91584.0,91132.0,91188.0,34.9361005
1,91179.0,93928.0,91126.0,93042.0,200.23013722000002
1,93052.0,93316.0,92565.0,92799.0,49.16886768
1,92810.0,93899.0,92810.0,93481.0,59.54384278
1,93482.0,93921.0,92863.0,92938.0,74.0670809
1,92947.0,93527.0,92657.0,92687.0,97.91535268
1,92687.0,93263.0,92658.0,92909.0,39.537191820000004
1,92909.0,93216.0,92720.0,93188.0,7.13394725
1,93200.0,93697.0,93061.0,93696.0,33.07787028
1,93696.0,93696.0,93325.0,93508.0,21.58711276
1,93511.0,93885.0,93441.0,93691.0,21.206177
1,93665.0,94257.0,93517.0,94154.0,68.69966765000001
1,94154.0,94510.0,93944.0,94311.0,64.68368698
1,94312.0,94422.0,93931.0,93931.0,35.2592126
1,93922.0,93922.0,93382.0,93762.0,66.4968909
1,93762.0,93787.0,93360.0,93486.0,81.46407235
1,93486.0,93877.0,93444.0,93782.0,39.28483107
1,93794.0,94700.0,92917.0,93063.0,406.49877539
1,93055.0,93674.0,92715.0,92972.0,322.4946518
1,92965.0,93244.0,91970.0,93209.0,219.05831509
1,93207.0,93775.0,92934.0,93669.0,156.256251
1,93668.0,93981.0,93500.0,93914.0,79.71040042
1,93913.0,94227.0,93646.0,93646.0,44.33640609
1,93645.0,93679.0,93029.0,93563.0,443.58454091
1,93563.0,93917.0,93541.0,93687.0,35.97628073
1,93685.0,93936.0,93321.0,93522.0,8.99432722
1,93523.0,93828.0,93293.0,93824.0,48.64084781
1,93828.0,93883.0,93574.0,93730.0,7.463025099999999
1,93730.0,93827.0,93305.0,93410.0,41.36828223
1,93405.0,93654.0,93117.0,93525.0,17.50459063
1,93525.0,93666.0,93103.0,93139.0,6.17797171
1,93138.0,93352.0,92692.0,92694.0,24.78329765
1,92693.0,92861.0,92415.0,92773.0,19.21814994
1,92774.0,92920.0,92545.0,92587.0,10.02054198
1,92586.0,92676.0,92293.0,92453.0,63.05972608
1,92427.0,92635.0,92146.0,92230.0,46.7088199
1,92234.0,92368.0,91700.0,92043.0,124.69786993
1,92043.0,92579.0,91999.0,92502.0,31.87298144
1,92498.0,92668.0,92375.0,92557.0,16.15825459
1,92563.0,92657.0,92295.0,92613.0,9.05972238
1,92614.0,92813.0,92457.0,92793.0,48.74876788
1,92793.0,93000.0,92609.0,92866.0,76.80732375000001
1,92865.0,93416.0,92679.0,93124.0,205.80412101
1,93125.0,93483.0,93062.0,93240.0,70.09342376
1,93241.0,93633.0,93241.0,93406.0,44.17506685
1,93406.0,93484.0,92736.0,93055.0,53.564043659999996
1,93054.0,93483.0,93042.0,93427.0,26.23874814
1,93427.0,93739.0,93249.0,93618.0,179.67214409
1,93603.0,93670.0,93360.0,93440.0,24.8736015
1,93440.0,93617.0,93089.0,93400.0,18.95169919
1,93400.0,93632.0,93341.0,93481.0,8.26700224
1,93480.0,94035.0,93423.0,94010.0,24.88202457
1,94010.0,94035.0,93565.0,93936.0,10.18635294
1,93937.0,94493.0,93664.0,93707.0,78.13062718
1,93706.0,93894.0,92930.0,93022.0,47.77042558
1,93021.0,93413.0,92891.0,93333.0,35.94394153
1,93333.0,93516.0,93091.0,93092.0,29.513255560000005
1,93091.0,93450.0,93048.0,93232.0,28.668188089999997
1,93237.0,93640.0,93229.0,93576.0,21.76418404
1,93576.0,93887.0,93530.0,93810.0,92.26000143
1,93810.0,93911.0,93654.0,93704.0,10.40866889
1,93703.0,93888.0,93600.0,93855.0,35.30317963
1,93854.0,93977.0,93629.0,93673.0,27.89007672
1,93681.0,94680.0,93681.0,94631.0,64.45816645
1,94680.0,95011.0,94362.0,94468.0,151.49530234
1,94469.0,94744.0,94023.0,94484.0,176.61854161
1,94461.0,95857.0,94460.0,95491.0,666.7352729
1,95491.0,95789.0,94920.0,95158.0,278.60311864
1,95158.0,95469.0,94838.0,95295.0,35.0304148
1,95295.0,95626.0,94444.0,94592.0,57.39064858
1,94596.0,95304.0,94596.0,95077.0,99.96508097
1,95078.0,95434.0,94981.0,95407.0,279.01785102
1,95399.0,95437.0,94886.0,94990.0,15.63069586
1,94966.0,95113.0,94586.0,94698.0,17.81076636
1,94689.0,95049.0,94689.0,94945.0,9.59578644
1,94944.0,95026.0,94693.0,94726.0,17.49695347
1,94720.0,94986.0,94632.0,94947.0,31.231549880000003
1,94947.0,95249.0,94822.0,95087.0,17.4600546
1,95086.0,95182.0,94771.0,95046.0,43.16793112
1,95046.0,95115.0,94771.0,94784.0,21.34565249
1,94783.0,94883.0,94578.0,94578.0,15.84520915
1,94578.0,94742.0,94453.0,94664.0,13.21837434
1,94663.0,94771.0,94641.0,94681.0,17.80714926
1,94681.0,94855.0,94615.0,94615.0,58.81660255
1,94615.0,94753.0,94328.0,94354.0,34.64805444
1,94358.0,94458.0,94181.0,94302.0,13.46283091
1,94301.0,94429.0,94188.0,94261.0,4.96805586
1,94260.0,94295.0,94051.0,94175.0,12.11023057
1,94175.0,94351.0,94150.0,94299.0,16.4090041
1,94296.0,94335.0,93934.0,94159.0,37.01282811
1,94169.0,94294.0,93968.0,94278.0,30.62103005
1,94277.0,94419.0,94238.0,94409.0,8.60444596
1,94404.0,94404.0,94091.0,94330.0,29.54681327
1,94330.0,94396.0,94259.0,94339.0,4.27074192
1,94339.0,94408.0,94181.0,94190.0,3.67321996
1,94190.0,94371.0,94147.0,94352.0,13.29156067
1,94344.0,94408.0,94147.0,94147.0,24.647774329999997
1,94137.0,94392.0,94137.0,94388.0,13.30299026
1,94388.0,94828.0,94388.0,94828.0,25.84202758
1,94828.0,94918.0,94613.0,94662.0,27.37659941
1,94662.0,94999.0,94614.0,94913.0,22.57344885
1,94913.0,95353.0,94130.0,94150.0,98.21648726000001
1,94163.0,94498.0,94128.0,94382.0,21.47517916
1,94382.0,94491.0,94193.0,94194.0,14.7986468
1,94193.0,94330.0,94047.0,94048.0,9.786945880000001
1,94047.0,94191.0,93685.0,93936.0,39.7145555
1,93936.0,94114.0,93911.0,94042.0,11.2073011
1,94044.0,94159.0,93954.0,94090.0,5.22415819
1,94090.0,94351.0,94052.0,94263.0,10.36514762
1,94246.0,94262.0,94144.0,94194.0,3.35443696
1,94193.0,94217.0,93990.0,94061.0,17.50122767
1,94066.0,94117.0,93944.0,93965.0,4.91217894
1,93944.0,94011.0,93731.0,93779.0,40.98484216
1,93765.0,94112.0,93685.0,94085.0,29.69568048
1,94098.0,94204.0,93960.0,94013.0,22.580749949999998
1,94012.0,94043.0,93843.0,93938.0,9.61483108
1,93937.0,93966.0,93764.0,93925.0,6.745301
1,93911.0,94181.0,93851.0,94087.0,20.19581667
1,94080.0,94430.0,94039.0,94314.0,18.49182069
1,94318.0,94475.0,94239.0,94475.0,27.58760773
1,94470.0,94480.0,94298.0,94305.0,7.8515153600000005
1,94305.0,94566.0,94216.0,94374.0,41.18900036
1,94374.0,94374.0,93698.0,93973.0,53.75033262
1,93970.0,93970.0,93708.0,93769.0,44.38805595
1,93780.0,93827.0,93328.0,93420.0,128.59024261
1,93433.0,93638.0,92846.0,92964.0,43.64390318
1,92973.0,93652.0,92956.0,93652.0,40.76664353
1,93651.0,94032.0,93507.0,93875.0,48.387716430000005
1,93875.0,94193.0,93875.0,94049.0,16.88680818
1,94050.0,94349.0,93995.0,94258.0,18.28000375
1,94300.0,94680.0,94298.0,94625.0,33.45381633
1,94644.0,94829.0,94527.0,94734.0,31.72933165
1,94741.0,94862.0,94646.0,94752.0,26.2494875
1,94757.0,94915.0,94725.0,94776.0,41.39707118
1,94783.0,95245.0,94408.0,95100.0,95.71148876000001
1,95100.0,95559.0,95051.0,95294.0,63.31068103
1,95369.0,95633.0,95124.0,95383.0,58.189996980000004
1,95403.0,95558.0,93973.0,94012.0,145.9272028
1,94011.0,94928.0,93900.0,94488.0,247.05443965
1,94487.0,94579.0,93631.0,93895.0,61.09637611
1,93874.0,94072.0,93483.0,93776.0,83.91081583
1,93772.0,94131.0,93551.0,94126.0,97.42588041
1,94129.0,94249.0,93826.0,94240.0,14.37873085
1,94239.0,94942.0,94201.0,94819.0,160.04526418
1,94804.0,94839.0,94420.0,94498.0,47.51823009
1,94498.0,94582.0,94341.0,94565.0,10.05971677
1,94575.0,94907.0,94517.0,94848.0,36.26532239
1,94865.0,95192.0,94825.0,95041.0,21.15951492
1,95040.0,95250.0,94873.0,95105.0,16.70792331
1,95099.0,95479.0,94825.0,94903.0,153.83095005
1,94906.0,94986.0,94557.0,94648.0,24.33676625
1,94671.0,94838.0,94488.0,94685.0,10.88398424
1,94685.0,94907.0,94353.0,94393.0,14.42323136
1,94377.0,94446.0,94249.0,94304.0,8.85693053
1,94305.0,94839.0,94305.0,94827.0,49.97560598
1,94827.0,94987.0,94750.0,94955.0,16.373133850000002
1,94955.0,95132.0,94855.0,95063.0,11.42082097
1,95080.0,95122.0,94829.0,95022.0,4.178053
1,95020.0,95069.0,94805.0,94851.0,8.802906349999999
1,94850.0,95318.0,94850.0,95163.0,38.13268023
1,95163.0,95201.0,94831.0,94854.0,46.69283495
1,94854.0,95056.0,94631.0,94866.0,74.2188122
1,94827.0,95307.0,94600.0,95060.0,103.55266040000001
1,95060.0,95158.0,94771.0,94879.0,42.067302409999996
1,94878.0,95479.0,94831.0,95017.0,17.097993
1,94987.0,95399.0,94710.0,95243.0,22.995874519999997
1,95283.0,95477.0,95098.0,95429.0,16.26947271
1,95444.0,95468.0,95260.0,95327.0,24.07075064
1,95327.0,95428.0,94848.0,94881.0,18.09845304
1,94881.0,94996.0,94401.0,94782.0,56.20952644
1,94781.0,94781.0,94084.0,94204.0,40.87661163
1,94192.0,94316.0,93775.0,94285.0,57.60050219
1,94284.0,94646.0,94161.0,94575.0,22.7687481
1,94617.0,94631.0,94328.0,94556.0,23.38648989
1,94552.0,94804.0,94479.0,94670.0,26.11946297
1,94670.0,95135.0,94522.0,95038.0,20.20990587
1,95061.0,95193.0,94899.0,95081.0,7.46973661
1,95091.0,95138.0,94905.0,94917.0,10.10797406
1,94919.0,94994.0,94782.0,94783.0,28.19226753
1,94785.0,94904.0,94544.0,94654.0,16.76461275
1,94653.0,94811.0,94556.0,94740.0,36.990284509999995
1,94726.0,95033.0,94698.0,94997.0,27.32978206
1,95000.0,95033.0,94878.0,94972.0,8.11484935
1,94980.0,95269.0,94958.0,95203.0,25.36659331
1,95203.0,95240.0,94388.0,94592.0,92.57644224
1,94585.0,94653.0,93016.0,93094.0,287.73191056999997
1,93035.0,94351.0,92946.0,93718.0,362.00797398
1,93720.0,94109.0,93658.0,94024.0,89.47893577
1,94022.0,94170.0,93530.0,93935.0,22.55799162
1,93935.0,94282.0,93762.0,94108.0,2.27830946
1,94108.0,94500.0,94011.0,94096.0,8.51808484
1,94091.0,94286.0,93770.0,94148.0,87.69069362
1,94135.0,94756.0,94135.0,94582.0,112.410254
1,94577.0,94781.0,94406.0,94445.0,14.18766529
1,94444.0,94736.0,94093.0,94135.0,43.94615693
1,94137.0,94349.0,94035.0,94181.0,8.03850047
1,94181.0,94400.0,94141.0,94400.0,5.6533022399999995
1,94400.0,94737.0,94400.0,94656.0,46.53890072
1,94662.0,94992.0,94626.0,94866.0,56.980504859999996
1,94878.0,95021.0,94698.0,94799.0,11.52577365
1,94804.0,94944.0,94745.0,94889.0,4.0789325
1,94902.0,95193.0,94849.0,95171.0,14.57548551
1,95175.0,95193.0,94839.0,94930.0,23.64395103
1,94925.0,95124.0,94832.0,95042.0,20.0718163
1,95050.0,95226.0,94934.0,95224.0,16.74825592
1,95223.0,95838.0,95156.0,95548.0,96.9773059
1,95561.0,96399.0,95561.0,96192.0,103.38811935
1,96183.0,96266.0,95880.0,96204.0,69.27678557
1,96236.0,96495.0,96148.0,96406.0,120.50538715
1,96405.0,96748.0,95862.0,95872.0,66.34856902
1,95893.0,96955.0,95878.0,96892.0,268.65139226
1,96949.0,97470.0,96825.0,96918.0,162.60710641
1,96926.0,97450.0,96926.0,97064.0,173.99956469
1,97064.0,97280.0,96585.0,96842.0,151.46452717
1,96848.0,97014.0,96470.0,96931.0,75.80881914
1,96937.0,96942.0,96482.0,96591.0,55.23838969
1,96579.0,96945.0,96376.0,96470.0,136.03853303
1,96463.0,96823.0,96454.0,96524.0,12.78337216
1,96540.0,96691.0,96423.0,96424.0,18.72699502
1,96424.0,96544.0,96232.0,96535.0,30.55484589
1,96557.0,97061.0,96510.0,97061.0,44.81092586
1,97061.0,97201.0,96808.0,96993.0,14.87639265
1,96993.0,97078.0,96764.0,97000.0,7.3375326
1,96987.0,97248.0,96987.0,97136.0,13.5280752
1,97136.0,97306.0,96912.0,96966.0,15.18059626
1,96965.0,97037.0,96666.0,96749.0,33.85891696
1,96731.0,96910.0,96620.0,96744.0,6.5402816900000005
1,96745.0,96761.0,96400.0,96400.0,17.98389181
1,96399.0,96797.0,96399.0,96661.0,23.78322312
1,96656.0,96805.0,96515.0,96632.0,24.29755362
1,96664.0,96956.0,96664.0,96933.0,15.172738540000001
1,96956.0,97119.0,96918.0,96977.0,15.23638631
1,96976.0,97213.0,96702.0,97213.0,76.3305193
1,97213.0,97294.0,96736.0,96806.0,39.04684803
1,96888.0,97927.0,96745.0,97784.0,121.76934859
1,97840.0,97938.0,97112.0,97364.0,64.55418713
1,97440.0,97839.0,97390.0,97413.0,76.74164647
1,97395.0,97483.0,97131.0,97455.0,34.36452189
1,97454.0,97665.0,97215.0,97226.0,22.8041205
1,97225.0,97239.0,96824.0,96988.0,179.23333948
1,96988.0,97176.0,96898.0,97063.0,10.90623913
1,97062.0,97083.0,96603.0,96754.0,16.85809541
1,96765.0,96830.0,96625.0,96677.0,16.59755257
1,96677.0,96933.0,96634.0,96925.0,27.39478804
1,96926.0,96956.0,96668.0,96743.0,22.22416439
1,96743.0,96767.0,96474.0,96522.0,29.84829602
1,96522.0,96724.0,96521.0,96563.0,46.59804338
1,96570.0,96570.0,96351.0,96371.0,40.53281871
1,96365.0,96608.0,96365.0,96555.0,8.38586668
1,96560.0,96620.0,96448.0,96457.0,7.79908348
1,96458.0,96458.0,96191.0,96209.0,43.01138102
1,96208.0,96411.0,96196.0,96352.0,11.90989224
1,96363.0,96446.0,96180.0,96318.0,28.92293123
1,96318.0,96411.0,96227.0,96292.0,12.1257208
1,96279.0,96280.0,95903.0,95935.0,27.699072089999998
1,95910.0,96099.0,95906.0,95987.0,13.93225614
1,95987.0,96177.0,95913.0,96146.0,8.23958011
1,96173.0,96353.0,96151.0,96353.0,12.07764513
1,96353.0,96468.0,96312.0,96415.0,7.39984803
1,96425.0,96527.0,96352.0,96444.0,15.909947820000001
1,96449.0,96453.0,96129.0,96239.0,26.184966030000002
1,96237.0,96237.0,95938.0,96215.0,24.24637148
1,96215.0,96284.0,96122.0,96174.0,9.74427988
1,96184.0,96376.0,96152.0,96376.0,9.32307208
1,96376.0,96411.0,96304.0,96348.0,45.701959280000004
1,96352.0,96446.0,96248.0,96290.0,75.26352266
1,96298.0,96365.0,96183.0,96193.0,78.635279
1,96193.0,96194.0,95800.0,95916.0,90.65819109
1,95850.0,96053.0,95811.0,95906.0,18.24319654
1,95908.0,96180.0,95639.0,96113.0,34.604070480000004
1,96128.0,96295.0,95835.0,95932.0,30.99870799
1,95919.0,95919.0,95696.0,95747.0,13.465367389999999
1,95763.0,95958.0,95751.0,95751.0,10.053902840000001
1,95751.0,96134.0,95726.0,96078.0,19.1920171
1,96070.0,96145.0,95891.0,95917.0,2.96962415
1,95923.0,96095.0,95846.0,95887.0,9.69041943
1,95901.0,95941.0,95497.0,95669.0,24.06631621
1,95669.0,95703.0,95475.0,95501.0,4.68818396
1,95500.0,95532.0,95330.0,95449.0,9.24533793
1,95408.0,95561.0,95370.0,95437.0,7.77730501
1,95431.0,95605.0,95430.0,95484.0,13.13170676
1,95484.0,95601.0,95254.0,95384.0,17.89223782
1,95385.0,95639.0,95335.0,95638.0,19.98444861
1,95639.0,95685.0,95445.0,95476.0,13.323272880000001
1,95475.0,95570.0,95318.0,95357.0,7.60712306
1,95354.0,95493.0,95273.0,95415.0,12.30313768
1,95415.0,95490.0,95371.0,95402.0,1.50223595
1,95401.0,95639.0,95378.0,95589.0,8.22657845
1,95594.0,95731.0,95594.0,95711.0,5.40152088
1,95731.0,95764.0,95639.0,95664.0,3.2611728099999997
1,95698.0,95698.0,94760.0,95029.0,181.64571202000002
1,95027.0,95033.0,94162.0,94316.0,93.49957986
1,94301.0,94804.0,94208.0,94723.0,44.4952206
1,94723.0,94727.0,93750.0,93913.0,91.84156499
1,93928.0,94395.0,93550.0,94242.0,20.282788810000003
1,94245.0,94301.0,94037.0,94057.0,2.72533157
1,94074.0,94430.0,94036.0,94420.0,3.38122636
1,94420.0,94744.0,94269.0,94682.0,47.72934845
1,94736.0,94759.0,94576.0,94759.0,14.31177508
1,94759.0,94794.0,94535.0,94751.0,14.778332520000001
1,94759.0,94793.0,94493.0,94562.0,11.82006082
1,94563.0,94655.0,94496.0,94562.0,10.99499601
1,94562.0,94573.0,94080.0,94130.0,47.695287910000005
1,94129.0,94285.0,93899.0,94045.0,12.68361574
1,94045.0,94340.0,93915.0,94339.0,21.35784756
1,94339.0,94408.0,93652.0,94193.0,145.28108133
1,94272.0,94515.0,93742.0,93891.0,94.49604409
1,93890.0,93959.0,93618.0,93766.0,47.19399293
1,93770.0,94283.0,93744.0,94200.0,9.69512974
1,94199.0,94600.0,94059.0,94485.0,56.18241176
1,94509.0,94885.0,94454.0,94721.0,10.41141919
1,94725.0,94885.0,94289.0,94342.0,97.43230398
1,94344.0,94359.0,93882.0,94234.0,57.81047692
1,94256.0,94805.0,94245.0,94698.0,19.97888483
1,94709.0,95198.0,94709.0,95047.0,47.75371632
1,95047.0,95129.0,94720.0,94725.0,6.60083866
1,94725.0,94760.0,94440.0,94598.0,6.97741842
1,94597.0,94916.0,94315.0,94315.0,7.16239356
1,94315.0,94380.0,94035.0,94302.0,46.83282871
1,94309.0,94494.0,94223.0,94457.0,7.95562142
1,94455.0,94571.0,94346.0,94563.0,3.36011906
1,94563.0,94603.0,94296.0,94325.0,4.64478567
1,94324.0,94462.0,94324.0,94461.0,3.76997194
1,94488.0,94589.0,94338.0,94412.0,49.01205057
1,94389.0,94389.0,94003.0,94349.0,43.85933941
1,94350.0,94351.0,94103.0,94187.0,16.74008226
1,94197.0,94313.0,93855.0,93934.0,41.501962230000004
1,93934.0,94051.0,93719.0,93799.0,10.03471363
1,93798.0,94012.0,93746.0,93928.0,24.493364
1,93927.0,93988.0,93376.0,93593.0,170.35127469
1,93613.0,94657.0,93613.0,94175.0,198.69604433
1,94146.0,94714.0,94080.0,94537.0,40.81574421
1,94537.0,94812.0,94224.0,94224.0,42.42262975
1,94234.0,94849.0,94234.0,94522.0,18.10095662
1,94518.0,95075.0,94498.0,95073.0,55.49329096
1,95073.0,95151.0,94930.0,94961.0,25.92382518
1,94961.0,95031.0,94643.0,94679.0,8.53075102
1,94682.0,94810.0,94476.0,94678.0,43.368452850000004
1,94678.0,96280.0,94678.0,96269.0,157.3458381
1,96267.0,96895.0,96109.0,96814.0,47.24157796
1,96815.0,97469.0,96763.0,97429.0,71.74135013
1,97429.0,97717.0,97202.0,97239.0,48.78330897
1,97242.0,97264.0,96505.0,96629.0,40.32877114
1,96632.0,96661.0,96226.0,96501.0,27.840541130000002
1,96502.0,96689.0,96422.0,96568.0,4.95461198
1,96569.0,96569.0,96318.0,96382.0,6.6087045
1,96381.0,96643.0,96359.0,96550.0,26.156578200000002
1,96549.0,97002.0,96549.0,97001.0,28.58188884
1,96999.0,97061.0,96869.0,97031.0,7.124965459999999
1,97032.0,97061.0,96877.0,96974.0,14.44090867
1,96974.0,97096.0,96837.0,97025.0,20.07723007
1,97028.0,97075.0,96950.0,97022.0,10.335093
1,97055.0,97178.0,96889.0,96964.0,19.08335103
1,96961.0,97294.0,96733.0,97036.0,114.51010735
1,97035.0,97481.0,96829.0,96944.0,194.84928896
1,96945.0,97154.0,96771.0,96938.0,40.8521899
1,96937.0,96956.0,96538.0,96871.0,59.58356212
1,96867.0,96887.0,96208.0,96289.0,131.41172616
1,96327.0,96863.0,95926.0,96596.0,238.79374905
1,96596.0,96639.0,95823.0,96210.0,128.56955982
1,96189.0,96781.0,96090.0,96781.0,15.40317697
1,96782.0,97340.0,96692.0,97159.0,23.18519637
1,97170.0,97323.0,97029.0,97275.0,5.68854982
1,97275.0,97376.0,97007.0,97054.0,54.36796887
1,97059.0,97790.0,96907.0,97777.0,33.17384201
1,97800.0,98350.0,97623.0,97859.0,52.91933348
1,97846.0,98848.0,97846.0,98695.0,77.97486
1,98709.0,99199.0,98558.0,99160.0,53.00589223
1,99169.0,99412.0,98942.0,98962.0,31.28708126
1,98973.0,99138.0,98758.0,98762.0,46.94977237
1,98761.0,99045.0,98736.0,99045.0,18.508049579999998
1,99045.0,99380.0,99042.0,99282.0,78.58683736
1,99283.0,99812.0,99260.0,99681.0,66.96585384
1,99697.0,99828.0,99574.0,99810.0,43.04562878
1,99809.0,99897.0,99698.0,99801.0,31.74882145
1,99788.0,99788.0,99442.0,99442.0,27.78471717
1,99442.0,99567.0,99287.0,99298.0,20.34099213
1,99298.0,99634.0,99126.0,99312.0,112.82886576
1,99319.0,99837.0,99216.0,99419.0,128.04369991
1,99408.0,101527.0,99371.0,100792.0,419.42914186999997
1,100789.0,101394.0,100643.0,101319.0,236.39682577
1,101319.0,101711.0,100821.0,101039.0,179.88047566
1,101060.0,101479.0,100996.0,101382.0,19.94940504
1,101357.0,101375.0,101003.0,101304.0,180.62857332
1,101337.0,102840.0,101312.0,102611.0,111.54130304
1,102614.0,104159.0,102133.0,102824.0,226.5080705
1,102821.0,103214.0,102422.0,102993.0,48.72445607
1,102958.0,103261.0,102797.0,103261.0,57.240645289999996
1,103234.0,103249.0,102550.0,102799.0,30.10120568
1,102783.0,103116.0,102564.0,103082.0,6.84026622
1,103062.0,103065.0,102500.0,102557.0,26.05533948
1,102546.0,102784.0,102360.0,102453.0,20.43586314
1,102433.0,102809.0,102371.0,102809.0,9.24730991
1,102808.0,102935.0,102582.0,102929.0,42.38870806
1,102929.0,103236.0,102904.0,103209.0,47.28128761
1,103209.0,104332.0,103114.0,103670.0,94.17322023999999
1,103670.0,103932.0,102680.0,102973.0,101.77781042
1,102974.0,103248.0,102435.0,102919.0,80.666814
1,102920.0,103434.0,102813.0,103344.0,16.98430699
1,103337.0,103419.0,102659.0,102942.0,20.45055347
1,102918.0,103156.0,102818.0,102894.0,6.5639892600000005
1,102903.0,103794.0,102837.0,103645.0,154.04219177
1,103645.0,103744.0,102433.0,103154.0,215.29665717
1,103154.0,103306.0,102704.0,102907.0,64.71664674
1,102940.0,102944.0,102350.0,102499.0,54.30107625
1,102499.0,103246.0,102380.0,103214.0,21.79481688
1,103213.0,103396.0,102967.0,103198.0,32.2031746
1,103197.0,103319.0,102922.0,103230.0,229.21479007
1,103234.0,103445.0,103165.0,103209.0,7.5853028
1,103209.0,103228.0,102816.0,103000.0,40.98991205
1,103000.0,103088.0,102780.0,102798.0,7.03882911
1,102799.0,102995.0,102758.0,102991.0,5.93583663
1,102992.0,103112.0,102845.0,102874.0,7.30220366
1,102875.0,103112.0,102875.0,103007.0,17.71663909
1,103007.0,103285.0,102964.0,103148.0,12.20931519
1,103153.0,103233.0,103006.0,103233.0,3.3807336599999998
1,103231.0,103236.0,103051.0,103173.0,2.78462123
1,103180.0,103360.0,103103.0,103360.0,15.86370509
1,103372.0,103943.0,103372.0,103943.0,53.08733058
1,103945.0,104093.0,103658.0,103740.0,42.22238292
1,103787.0,104075.0,103496.0,103645.0,52.81571016
1,103681.0,103905.0,103397.0,103800.0,31.70432774
1,103790.0,103882.0,103611.0,103611.0,4.3714400300000005
1,103621.0,103673.0,103409.0,103415.0,3.8186656699999997
1,103463.0,103807.0,103463.0,103710.0,8.2806905
1,103711.0,103803.0,103548.0,103641.0,3.58659963
1,103641.0,103679.0,103460.0,103536.0,9.237823090000001
1,103536.0,103549.0,103149.0,103156.0,36.29845684
1,103160.0,103495.0,103150.0,103443.0,5.81978601
1,103439.0,103598.0,103197.0,103209.0,9.89207185
1,103207.0,103327.0,103063.0,103264.0,25.32956692
1,103243.0,103320.0,103105.0,103209.0,3.15262006
1,103210.0,103330.0,103086.0,103201.0,14.88012842
1,103208.0,103807.0,103170.0,103774.0,37.82174535
1,103783.0,103828.0,103583.0,103622.0,28.79843202
1,103622.0,104985.0,103608.0,104809.0,193.89007053
1,104809.0,104958.0,103957.0,104436.0,82.70200412
1,104435.0,104531.0,103890.0,104090.0,5.47094849
1,104144.0,104300.0,103489.0,103763.0,37.36728782
1,103778.0,104202.0,103666.0,104045.0,17.73827343
1,104010.0,104400.0,104010.0,104163.0,17.54636383
1,104165.0,104214.0,103839.0,103866.0,13.45817324
1,103865.0,103993.0,103641.0,103878.0,6.20803375
1,103878.0,103883.0,103369.0,103403.0,27.83196611
1,103403.0,104019.0,103403.0,103853.0,36.56609958
1,103853.0,104483.0,103836.0,104347.0,36.81774337
1,104348.0,104641.0,104216.0,104641.0,10.09869045
1,104645.0,104752.0,104391.0,104664.0,20.82195807
1,104681.0,104884.0,104545.0,104631.0,18.77320034
1,104612.0,104669.0,103994.0,103995.0,38.97574443
1,104010.0,104307.0,103832.0,104194.0,34.24481148
1,104182.0,104683.0,103959.0,104154.0,52.97251042
1,104163.0,104208.0,103795.0,104012.0,23.01879941
1,104010.0,104157.0,103820.0,104050.0,20.494457399999998
1,104063.0,104834.0,103879.0,104564.0,42.521764749999996
1,104564.0,104681.0,104394.0,104459.0,27.65477045
1,104465.0,104481.0,104207.0,104318.0,12.18541087
1,104319.0,104406.0,104007.0,104383.0,29.19940743
1,104407.0,104582.0,103621.0,103840.0,80.10958964
1,103838.0,104144.0,103807.0,104129.0,25.59031421
1,104138.0,104645.0,104104.0,104624.0,26.90704058
1,104634.0,105079.0,103817.0,104003.0,180.83995222000001
1,104009.0,104207.0,103757.0,103896.0,14.21707312
1,103907.0,104104.0,103745.0,104104.0,25.24944069
1,104104.0,104144.0,103833.0,104085.0,19.49808829
1,104078.0,104078.0,103782.0,103952.0,23.07532158
1,103979.0,104407.0,103830.0,104406.0,28.449292819999997
1,104407.0,105706.0,104162.0,104469.0,294.14665781
1,104477.0,104741.0,104085.0,104621.0,22.55837332
1,104631.0,104678.0,104395.0,104483.0,12.619189519999999
1,104483.0,104544.0,104165.0,104523.0,48.90930765
1,104512.0,104628.0,103645.0,103776.0,34.99868942
1,103753.0,104132.0,103739.0,103887.0,28.91195297
1,103887.0,104618.0,103670.0,104348.0,164.36423501
1,104374.0,104397.0,102563.0,102799.0,252.49052299
1,102799.0,103201.0,102414.0,102537.0,196.61761088
1,102531.0,103078.0,102487.0,102859.0,70.52184635
1,102859.0,103095.0,102530.0,102558.0,26.529397760000002
1,102559.0,102666.0,100764.0,101670.0,191.32487194
1,101613.0,102100.0,101481.0,101838.0,75.00866835
1,101833.0,102899.0,101763.0,102681.0,131.41096087
1,102695.0,102748.0,102362.0,102526.0,25.43513287
1,102537.0,102934.0,102366.0,102862.0,7.79678545
1,102888.0,103133.0,102796.0,102796.0,12.59164185
1,102796.0,102796.0,102188.0,102243.0,49.1280252
1,102277.0,102717.0,102092.0,102393.0,51.81184928
1,102422.0,102668.0,101732.0,102071.0,70.97716373
1,102091.0,102135.0,101471.0,101726.0,30.574485860000003
1,101693.0,102750.0,101678.0,102738.0,89.61224833
1,102727.0,102727.0,102260.0,102462.0,4.98640428
1,102500.0,102670.0,102323.0,102548.0,6.8184260199999995
1,102569.0,102942.0,102569.0,102658.0,21.49748282
1,102685.0,102932.0,102557.0,102726.0,10.64832477
1,102749.0,103500.0,102747.0,103472.0,31.791359240000002
1,103472.0,103608.0,103289.0,103561.0,16.22984111
1,103561.0,103838.0,103464.0,103714.0,24.13011721
1,103753.0,103967.0,103459.0,103695.0,161.49801862
1,103715.0,103932.0,103437.0,103734.0,81.98347446
1,103734.0,103775.0,102870.0,103211.0,118.93166546
1,103210.0,103870.0,103165.0,103719.0,39.49831996
1,103719.0,104394.0,103558.0,103754.0,68.72812282
1,103789.0,104340.0,103731.0,104311.0,83.94637275
1,104327.0,104445.0,104124.0,104399.0,70.27131268
1,104400.0,104997.0,104210.0,104850.0,146.74282433
1,104832.0,104973.0,104446.0,104556.0,64.18862235
1,104582.0,104633.0,104233.0,104361.0,57.55549845
1,104447.0,104450.0,104123.0,104145.0,42.46252815
1,104151.0,104282.0,103944.0,104135.0,88.49156917
1,104126.0,104126.0,103795.0,103943.0,37.70730032
1,103916.0,104072.0,103713.0,103741.0,42.642538280000004
1,103745.0,103795.0,103514.0,103715.0,16.75768977
1,103712.0,103784.0,103476.0,103579.0,5.60930037
1,103578.0,103830.0,103473.0,103734.0,17.099843879999998
1,103734.0,103969.0,103709.0,103890.0,9.69305208
1,103902.0,103964.0,103670.0,103752.0,14.48262893
1,103755.0,103782.0,103432.0,103707.0,54.81841217
1,103711.0,103857.0,103232.0,103232.0,50.19889688
1,103239.0,103483.0,102890.0,103481.0,44.07130687
1,103482.0,103919.0,103446.0,103699.0,110.83216556
1,103707.0,104132.0,103707.0,103943.0,141.29649387999999
1,103944.0,104207.0,103907.0,104011.0,13.13566477
1,103999.0,104357.0,103521.0,103944.0,98.98131353
1,103957.0,103957.0,102933.0,103280.0,237.5739513
1,103279.0,103534.0,102878.0,103534.0,113.08823943
1,103541.0,103621.0,103192.0,103384.0,10.78871215
1,103391.0,103458.0,102622.0,103272.0,7.1974181
1,103277.0,103513.0,103043.0,103513.0,8.04073554
1,103555.0,103739.0,103260.0,103314.0,54.794959999999996
1,103325.0,103694.0,103314.0,103576.0,24.42424822
1,103579.0,103670.0,103459.0,103662.0,16.03772185
1,103662.0,103670.0,103457.0,103535.0,8.555541980000001
1,103507.0,103621.0,103422.0,103531.0,33.66563451
1,103514.0,103895.0,103514.0,103837.0,16.2925337
1,103804.0,103822.0,103002.0,103064.0,44.5081432
1,103013.0,103224.0,102940.0,103068.0,73.63793979
1,103065.0,103153.0,102766.0,102774.0,50.82564169
1,102772.0,102946.0,102742.0,102914.0,10.7535597
1,102930.0,102939.0,102360.0,102401.0,20.40886672
1,102401.0,102709.0,102188.0,102267.0,11.60043614
1,102287.0,102464.0,101767.0,101807.0,38.740751010000004
1,101796.0,102336.0,101796.0,102291.0,25.85773412
1,102280.0,102283.0,101550.0,101833.0,68.62159189
1,101830.0,101954.0,101650.0,101834.0,22.933109560000002
1,101834.0,102446.0,101807.0,102410.0,40.11918029
1,102394.0,102840.0,102303.0,102598.0,52.12588403
1,102590.0,102803.0,101615.0,102119.0,153.30343457
1,102164.0,102409.0,101442.0,101980.0,196.47603485
1,101945.0,103304.0,101945.0,103300.0,107.58242545
1,103300.0,103863.0,103046.0,103859.0,46.20516052
1,103883.0,104184.0,103665.0,103996.0,62.70982683
1,103994.0,104037.0,102643.0,102718.0,28.85229677
1,102666.0,103268.0,102612.0,103169.0,145.77320012
1,103198.0,103501.0,102937.0,103473.0,30.42300744
1,103464.0,103464.0,102734.0,103316.0,13.84745853
1,103277.0,103969.0,103271.0,103513.0,69.53583981999999
1,103532.0,103907.0,103256.0,103793.0,7.95924474
1,103800.0,104032.0,103687.0,103785.0,13.89582556
1,103778.0,104119.0,103487.0,104075.0,15.35385787
1,104098.0,104457.0,103959.0,104218.0,122.82480926
1,104219.0,104341.0,104024.0,104045.0,5.4317872
1,104052.0,104214.0,103845.0,103945.0,28.167749399999998
1,103952.0,104168.0,103878.0,103919.0,9.69798228
1,103919.0,104125.0,103911.0,104006.0,5.42814444
1,103978.0,104194.0,103733.0,103735.0,116.40039025
1,103763.0,103790.0,103137.0,103433.0,40.46581426
1,103458.0,103845.0,103430.0,103840.0,39.31838708
1,103844.0,103895.0,103667.0,103846.0,14.203073790000001
1,103880.0,103932.0,103621.0,103705.0,17.574925750000002
1,103696.0,103807.0,103549.0,103549.0,10.34894818
1,103549.0,104118.0,103497.0,104036.0,65.14545578
1,104042.0,104042.0,103397.0,103610.0,76.12043039
1,103645.0,104294.0,103645.0,104223.0,66.72509117
1,104235.0,104570.0,103907.0,104184.0,73.83665172
1,104194.0,104420.0,103812.0,103902.0,24.90381548
1,103901.0,104121.0,103735.0,103740.0,13.96288167
1,103736.0,104117.0,103622.0,104080.0,155.04377841
1,104068.0,104068.0,103556.0,103714.0,25.60532106
1,103684.0,103821.0,103531.0,103673.0,17.81199958
1,103605.0,103632.0,103451.0,103572.0,15.63686231
1,103569.0,103716.0,103461.0,103506.0,20.85639407
1,103503.0,103575.0,103149.0,103402.0,25.60423023
1,103331.0,103331.0,102668.0,102853.0,64.64183816
1,102853.0,103372.0,102792.0,103295.0,44.71024777
1,103325.0,103572.0,103195.0,103554.0,10.6292965
1,103538.0,103681.0,103498.0,103681.0,12.76725224
1,103681.0,103720.0,103360.0,103369.0,4.53731087
1,103368.0,103532.0,103335.0,103513.0,11.48791612
1,103511.0,103633.0,103460.0,103477.0,6.65433464
1,103477.0,103571.0,103174.0,103452.0,32.18266421
1,103457.0,103566.0,102865.0,102945.0,43.96501835
1,102905.0,103075.0,102865.0,102909.0,3.08232451
1,102927.0,103112.0,102803.0,103021.0,16.91118093
1,103022.0,103086.0,102924.0,102957.0,2.53343946
1,102968.0,103124.0,102681.0,102753.0,21.838054239999998
1,102770.0,103191.0,102763.0,103157.0,21.8794613
1,103157.0,103199.0,102969.0,102989.0,4.20685251
1,102980.0,103120.0,102808.0,102974.0,18.97312641
1,102975.0,103323.0,102975.0,103165.0,21.86729999
1,103145.0,103372.0,103016.0,103018.0,22.814275560000002
1,103013.0,103239.0,102977.0,103192.0,2.91108398
1,103188.0,103447.0,103129.0,103447.0,20.78074057
1,103425.0,103496.0,103166.0,103287.0,21.04481146
1,103283.0,103290.0,102954.0,103072.0,12.488480580000001
1,103079.0,103236.0,102994.0,103153.0,11.29864825
1,103172.0,103434.0,103149.0,103411.0,20.61057322
1,103409.0,103412.0,103175.0,103272.0,5.34408932
1,103332.0,103393.0,103291.0,103374.0,1.68180481
1,103387.0,103432.0,103167.0,103324.0,4.23001125
1,103330.0,103459.0,103326.0,103384.0,2.51995644
1,103386.0,103683.0,103386.0,103667.0,10.03652179
1,103678.0,103683.0,103410.0,103496.0,11.85645495
1,103496.0,103982.0,103486.0,103947.0,27.20961354
1,103982.0,104094.0,103859.0,103934.0,37.63944071
1,103935.0,104032.0,103871.0,103893.0,17.468820660000002
1,103918.0,103957.0,103833.0,103873.0,8.1861103
1,103880.0,104019.0,103830.0,103830.0,3.99563227
1,103826.0,103977.0,103757.0,103977.0,7.21041874
1,103970.0,104814.0,103924.0,104814.0,59.056807
1,104817.0,105541.0,104574.0,105274.0,65.40354986
1,105303.0,105680.0,105023.0,105531.0,55.850485389999996
1,105550.0,105972.0,105212.0,105823.0,168.99987551
1,105840.0,105924.0,104897.0,104897.0,68.63248186
1,104884.0,104964.0,104044.0,104549.0,55.732731120000004
1,104548.0,104783.0,103918.0,103944.0,16.84635169
1,103912.0,104268.0,103347.0,104169.0,65.00420262
1,104117.0,104632.0,104117.0,104261.0,30.55677618
1,104252.0,105994.0,104005.0,105976.0,98.40939049
1,105975.0,106635.0,105528.0,106520.0,62.69729584
1,106520.0,107115.0,105178.0,105306.0,220.75369514
1,105284.0,105410.0,104765.0,105081.0,48.61905369
1,105078.0,105204.0,104606.0,104671.0,50.68105257999999
1,104655.0,104655.0,103592.0,103655.0,54.16816391
1,103639.0,103761.0,102822.0,103030.0,68.65349365
1,103007.0,103124.0,102581.0,103065.0,52.79741716
1,103065.0,103199.0,102126.0,102251.0,95.45968695
1,102215.0,103372.0,102215.0,103248.0,72.52009598
1,103253.0,103372.0,102964.0,103259.0,18.79697569
1,103236.0,103447.0,103041.0,103094.0,17.52812371
1,103094.0,103100.0,102890.0,102947.0,31.152361720000002
1,102964.0,103087.0,102822.0,103005.0,15.5377154
1,102958.0,102960.0,102182.0,102444.0,40.43265227
1,102496.0,103542.0,102339.0,103336.0,116.56587861
1,103337.0,104394.0,103247.0,104348.0,128.19374312
1,104359.0,104997.0,104307.0,104859.0,89.97421119
1,104839.0,105439.0,104557.0,105387.0,105.22215120999999
1,105379.0,105566.0,104990.0,105415.0,110.32667231
1,105409.0,105541.0,104743.0,104803.0,64.73942896
1,104879.0,105632.0,104683.0,105585.0,182.45217453
1,105558.0,105820.0,105377.0,105484.0,13.03135714
1,105490.0,105565.0,105060.0,105494.0,35.88473145
1,105493.0,105672.0,105247.0,105586.0,30.28587276
1,105586.0,105845.0,105490.0,105622.0,14.15541427
1,105630.0,106565.0,105599.0,105767.0,117.00423493
1,105748.0,106776.0,105736.0,106491.0,62.20318762
1,106461.0,106851.0,106036.0,106115.0,44.90291318
1,106131.0,106199.0,105561.0,105779.0,24.56016683
1,105779.0,106252.0,105569.0,106224.0,36.05896775
1,106224.0,106418.0,106096.0,106119.0,37.29979189
1,106121.0,106225.0,105427.0,105484.0,46.287926999999996
1,105485.0,105731.0,104972.0,105056.0,88.20931398
1,105067.0,105257.0,104910.0,105228.0,18.63719993
1,105249.0,105401.0,105227.0,105313.0,26.31084976
1,105313.0,105414.0,105057.0,105057.0,4.53855159
1,105055.0,105377.0,104972.0,105250.0,25.41637038
1,105249.0,105249.0,104696.0,104823.0,21.81225105
1,104826.0,104898.0,104232.0,104489.0,61.2835403
1,104486.0,104997.0,104337.0,104559.0,92.30278745
1,104559.0,105414.0,104545.0,105360.0,78.98748397
1,105360.0,105541.0,105137.0,105247.0,23.01128345
1,105247.0,106379.0,105247.0,106243.0,63.09253242
1,106273.0,106456.0,105288.0,105310.0,66.96100071000001
1,105318.0,107290.0,105262.0,107015.0,283.4186446
1,107064.0,107340.0,106482.0,106950.0,109.47355197
1,106950.0,107270.0,106200.0,106658.0,64.81542984
1,106710.0,106905.0,105992.0,106819.0,42.4946287
1,106835.0,107222.0,106711.0,106855.0,23.34224332
1,106891.0,107238.0,106528.0,106795.0,19.08361842
1,106802.0,107127.0,106478.0,106549.0,12.45289576
1,106549.0,106930.0,106252.0,106900.0,30.660652390000003
1,106912.0,107148.0,106819.0,106891.0,26.30010175
1,106901.0,107734.0,106802.0,107353.0,71.3749329
1,107327.0,107754.0,107327.0,107601.0,17.54488074
1,107601.0,108035.0,107352.0,107805.0,81.79786431
1,107806.0,107926.0,106517.0,106544.0,151.0841285
1,106563.0,106834.0,106405.0,106414.0,32.01679403
1,106415.0,106571.0,106141.0,106248.0,21.06223989
1,106247.0,106479.0,106189.0,106377.0,6.7698205399999996
1,106384.0,106762.0,106332.0,106589.0,16.17874586
1,106580.0,106925.0,106453.0,106609.0,52.25233556
1,106635.0,107716.0,106406.0,107305.0,164.69057993
1,107348.0,109055.0,107078.0,109055.0,241.90479235
1,109052.0,109500.0,108364.0,109024.0,325.34694608
1,109026.0,109874.0,108778.0,109192.0,171.02373691
1,109222.0,109418.0,106214.0,106617.0,282.04329014
1,106671.0,107457.0,106410.0,107029.0,60.08418684
1,107026.0,108908.0,106687.0,108691.0,330.56378011
1,108679.0,108803.0,107806.0,108296.0,69.48556528
1,108303.0,108612.0,107975.0,108474.0,23.98639786
1,108476.0,109065.0,108326.0,108791.0,22.76054208
1,108796.0,110730.0,108737.0,109682.0,200.3253086
1,109696.0,110183.0,109252.0,109936.0,46.78715303
1,110000.0,110562.0,109710.0,109919.0,68.88523952999999
1,109995.0,111000.0,109842.0,110469.0,31.5705039
1,110494.0,111888.0,110363.0,111754.0,90.49169078999999
1,111747.0,111791.0,111245.0,111498.0,38.75754338
1,111495.0,111680.0,110857.0,110857.0,52.66046326
1,110847.0,111171.0,110491.0,110550.0,57.096796930000004
1,110609.0,111151.0,110487.0,111051.0,19.94774459
1,111051.0,111163.0,110398.0,110412.0,47.04840116
1,110406.0,110823.0,110292.0,110821.0,14.83479834
1,110801.0,110943.0,110610.0,110806.0,43.52340886
1,110792.0,111322.0,110498.0,110979.0,23.35922733
1,110994.0,111617.0,110849.0,111610.0,75.76852192999999
1,111624.0,111624.0,110943.0,110957.0,104.09097686
1,110965.0,111383.0,110573.0,110907.0,105.08382829
1,110917.0,111557.0,110856.0,111320.0,59.73175046
1,111328.0,111842.0,111137.0,111302.0,86.48824813
1,111315.0,112000.0,111215.0,111536.0,106.54413824
1,111562.0,111996.0,111401.0,111763.0,25.19903794
1,111763.0,111986.0,110971.0,111189.0,190.46464409
1,111234.0,111470.0,110881.0,111101.0,40.21177309
1,111101.0,111140.0,110800.0,110857.0,13.56987147
1,110861.0,111287.0,110861.0,111050.0,13.7988538
1,111054.0,111755.0,111054.0,111743.0,19.82564129
1,111742.0,111816.0,111422.0,111623.0,32.09545945
1,111637.0,111748.0,111262.0,111350.0,21.82873377
1,111359.0,111625.0,111217.0,111289.0,59.54224709
1,111286.0,111373.0,111041.0,111111.0,17.71870288
1,111117.0,111186.0,110570.0,110848.0,41.35258336
1,110849.0,110943.0,110678.0,110848.0,25.46814853
1,110813.0,110854.0,110408.0,110521.0,22.46838499
1,110509.0,110823.0,110509.0,110710.0,42.6947971
1,110735.0,111007.0,110711.0,110933.0,16.31839592
1,110933.0,111356.0,110910.0,111325.0,18.19106282
1,111326.0,111327.0,110836.0,111065.0,43.256675709999996
1,111065.0,111083.0,108911.0,109089.0,184.26337420000002
1,109099.0,109110.0,107367.0,108425.0,353.25548848
1,108462.0,109727.0,108001.0,109661.0,211.26372973
1,109666.0,110028.0,109564.0,109748.0,81.01177877
1,109749.0,109904.0,108957.0,108957.0,12.34826144
1,108957.0,109263.0,108050.0,109074.0,35.55144119
1,109099.0,109837.0,109099.0,109459.0,15.257048150000001
1,109436.0,109529.0,108684.0,108821.0,14.47743995
1,108811.0,109207.0,108676.0,108764.0,162.41918091
1,108727.0,108748.0,108221.0,108313.0,27.69761945
1,108275.0,108688.0,108105.0,108292.0,22.181051319999998
1,108319.0,108584.0,107670.0,107822.0,29.39215655
1,107785.0,107902.0,106827.0,107329.0,98.17486463
1,107319.0,107709.0,106908.0,107393.0,40.64229226
1,107402.0,107913.0,107391.0,107508.0,21.89091213
1,107448.0,107923.0,107290.0,107817.0,51.512443329999996
1,107815.0,108453.0,107782.0,108391.0,35.7177486
1,108393.0,108586.0,108344.0,108508.0,27.149530170000002
1,108507.0,108545.0,108145.0,108264.0,5.78350064
1,108263.0,108354.0,107725.0,107979.0,34.8722383
1,108080.0,108259.0,107601.0,107653.0,13.32527022
1,107726.0,108312.0,107649.0,108263.0,30.75219814
1,108240.0,108455.0,108199.0,108204.0,12.4703392
1,108213.0,109258.0,108202.0,109109.0,39.403556200000004
1,109114.0,109501.0,109114.0,109228.0,19.847120840000002
1,109225.0,109293.0,108676.0,108825.0,38.40173464
1,108824.0,108946.0,108572.0,108623.0,7.6051318299999995
1,108634.0,109052.0,108624.0,108989.0,7.28925425
1,108991.0,109238.0,108870.0,108964.0,30.44502181
1,108972.0,109144.0,108742.0,109023.0,4.9695405500000005
1,109048.0,109216.0,108932.0,108954.0,5.26237766
1,108948.0,109123.0,108812.0,108855.0,3.29640282
1,108855.0,109049.0,108834.0,108999.0,18.52114439
1,109005.0,109164.0,108891.0,108904.0,3.02446912
1,108893.0,108899.0,108626.0,108852.0,14.91276164
1,108848.0,108848.0,108034.0,108132.0,34.72617828
1,108088.0,108429.0,107540.0,107799.0,75.24563877
1,107798.0,108143.0,107341.0,107459.0,61.44978732
1,107486.0,108039.0,107275.0,107694.0,35.1910904
1,107694.0,108026.0,107535.0,107962.0,43.37658524
1,108026.0,108286.0,108026.0,108134.0,14.002753010000001
1,108129.0,108299.0,107995.0,108286.0,2.51812196
1,108265.0,108312.0,107996.0,108138.0,3.17996616
1,108138.0,108172.0,107741.0,107909.0,26.789612520000002
1,107946.0,107946.0,107483.0,107710.0,18.82562842
1,107708.0,107722.0,107000.0,107137.0,34.66491696
1,107136.0,107291.0,106765.0,107136.0,80.04916175
1,107136.0,107380.0,106892.0,106982.0,36.15593375
1,106981.0,107301.0,106892.0,107298.0,24.27348817
1,107286.0,107617.0,107221.0,107564.0,20.69619002
1,107538.0,107754.0,107346.0,107564.0,18.10709997
1,107564.0,107680.0,107188.0,107393.0,28.37375438
1,107410.0,107463.0,106666.0,107000.0,66.95052914
1,107000.0,107277.0,106689.0,107223.0,52.32288542
1,107227.0,107406.0,107162.0,107399.0,9.97438763
1,107406.0,107625.0,107329.0,107459.0,13.43189502
1,107449.0,107987.0,107449.0,107748.0,21.15006841
1,107759.0,107762.0,107496.0,107701.0,22.14763433
1,107700.0,107923.0,107227.0,107510.0,64.83113061
1,107510.0,109282.0,107416.0,109221.0,154.93424013
1,109219.0,109383.0,108650.0,109068.0,55.57939239
1,109114.0,109651.0,108759.0,109637.0,14.93950422
1,109596.0,109865.0,109278.0,109605.0,88.45921097
1,109586.0,109829.0,109239.0,109437.0,5.2956958
1,109438.0,109800.0,109326.0,109678.0,12.89959427
1,109678.0,109790.0,109557.0,109588.0,5.37662967
1,109589.0,109730.0,109414.0,109713.0,4.8179088
1,109684.0,110001.0,109565.0,110000.0,32.77780355
1,110000.0,110266.0,109806.0,110146.0,59.43822184
1,110147.0,110200.0,109672.0,109721.0,33.05180444
1,109739.0,110041.0,109659.0,109770.0,30.55208365
1,109804.0,109910.0,109632.0,109696.0,5.55282009
1,109707.0,109876.0,109632.0,109805.0,6.77850322
1,109881.0,110107.0,109711.0,109890.0,29.47341916
1,109895.0,110032.0,109514.0,109642.0,68.21571028
1,109640.0,109787.0,109535.0,109691.0,21.85670851
1,109732.0,110425.0,109576.0,110096.0,72.91294593
1,110080.0,110461.0,109160.0,109397.0,92.62155679
1,109416.0,109725.0,108868.0,109196.0,40.54485064
1,109214.0,109499.0,109052.0,109136.0,5.88371186
1,109138.0,109225.0,108902.0,109175.0,9.40273565
1,109160.0,109606.0,108991.0,109606.0,42.91345201
1,109619.0,109664.0,109186.0,109381.0,10.09004368
1,109382.0,109886.0,109208.0,109229.0,12.49643107
1,109202.0,109496.0,109121.0,109468.0,30.38527842
1,109474.0,109693.0,109174.0,109182.0,5.09243182
1,109174.0,109178.0,107562.0,108426.0,142.53091833
1,108399.0,108715.0,107936.0,108307.0,38.46278389
1,108300.0,109300.0,108300.0,108923.0,64.89691194
1,108929.0,109365.0,108886.0,108980.0,10.39690505
1,108979.0,108998.0,108598.0,108944.0,33.44290054
1,108942.0,109298.0,108858.0,108864.0,8.1725038
1,108883.0,109640.0,108883.0,109534.0,42.97717231
1,109640.0,109801.0,109525.0,109733.0,21.28886851
1,109733.0,109915.0,109463.0,109866.0,13.41693642
1,109866.0,109896.0,109674.0,109730.0,9.706394640000001
1,109730.0,109809.0,109473.0,109609.0,6.67943439
1,109609.0,109862.0,109505.0,109645.0,13.78023993
1,109644.0,110789.0,109636.0,109895.0,143.57620215
1,109904.0,110387.0,108766.0,109420.0,156.94504609
1,109406.0,110274.0,109081.0,110188.0,43.88070288
1,110188.0,110545.0,110000.0,110263.0,97.94633151
1,110264.0,110513.0,110033.0,110295.0,28.28393787
1,110295.0,110478.0,109878.0,109946.0,49.46808071
1,109935.0,110119.0,109632.0,109936.0,220.05979867
1,109942.0,109950.0,109593.0,109612.0,18.23853944
1,109599.0,109727.0,108883.0,108974.0,73.41149895
1,108986.0,109218.0,108650.0,109112.0,26.58003909
1,109049.0,109186.0,108969.0,108980.0,27.377926419999998
1,108980.0,109291.0,108755.0,109252.0,43.15469617
1,109255.0,109307.0,108686.0,108724.0,28.52513176
1,108735.0,108923.0,108467.0,108676.0,17.791391309999998
1,108676.0,108990.0,108618.0,108914.0,7.78569803
1,108898.0,109107.0,108689.0,109010.0,29.07159204
1,109023.0,109134.0,108889.0,109059.0,9.05382705
1,109024.0,109024.0,108688.0,108773.0,21.46812755
1,108775.0,109059.0,108768.0,108872.0,9.35309577
1,108887.0,109182.0,108676.0,109094.0,43.74888557
1,109095.0,109096.0,108572.0,108850.0,33.82693489
1,108862.0,108964.0,108338.0,108901.0,45.637479549999995
1,108887.0,108995.0,108766.0,108916.0,11.30991711
1,108929.0,109088.0,108832.0,108946.0,22.58597482
1,108951.0,109023.0,108065.0,108121.0,83.5727933
1,108091.0,108306.0,107507.0,107560.0,76.79715285
1,107550.0,107706.0,107086.0,107169.0,37.84824955
1,107140.0,107490.0,107140.0,107439.0,25.41757605
1,107461.0,107858.0,107419.0,107718.0,57.79342108
1,107709.0,107871.0,107432.0,107506.0,29.16386803
1,107504.0,107829.0,106912.0,106977.0,211.61184742999998
1,106981.0,107419.0,106804.0,107326.0,104.45456701
1,107333.0,107582.0,107202.0,107518.0,47.29984944
1,107487.0,107496.0,107178.0,107428.0,16.60926125
1,107455.0,108088.0,107447.0,107811.0,65.94605214
1,107821.0,108311.0,107496.0,108303.0,69.40653415
1,108298.0,108351.0,107858.0,108181.0,60.38153738
1,108181.0,108507.0,107971.0,108470.0,24.58178255
1,108472.0,108475.0,108013.0,108087.0,35.71120326
1,108117.0,108153.0,107001.0,107607.0,95.73826506
1,107609.0,107793.0,107538.0,107711.0,21.98367294
1,107711.0,107987.0,107687.0,107932.0,13.97576231
1,107928.0,108039.0,107795.0,107915.0,11.57257986
1,107922.0,108576.0,107752.0,108537.0,60.59517973
1,108530.0,108650.0,108367.0,108595.0,14.26766071
1,108582.0,108897.0,108455.0,108808.0,32.80699311
1,108788.0,108924.0,108719.0,108820.0,16.89365797
1,108799.0,108844.0,108429.0,108480.0,16.1729518
1,108474.0,108634.0,107495.0,107651.0,98.11872091
1,107626.0,107832.0,106500.0,107630.0,166.3400824
1,107630.0,107753.0,106982.0,107031.0,88.61329173
1,107035.0,107149.0,106610.0,106770.0,87.29668391
1,106762.0,106871.0,106125.0,106301.0,84.77016538
1,106307.0,106600.0,105825.0,105843.0,100.97448565
1,105861.0,106095.0,105663.0,105739.0,186.49813547
1,105769.0,106214.0,105769.0,106183.0,39.67111201
1,106193.0,106456.0,106102.0,106453.0,37.83880395
1,106423.0,106456.0,105924.0,105962.0,17.50345478
1,105956.0,106074.0,105374.0,105578.0,50.06618455
1,105577.0,106207.0,104688.0,104933.0,115.71910365
1,104945.0,105921.0,104945.0,105687.0,83.70087393
1,105668.0,106163.0,105654.0,106021.0,32.08339343
1,106019.0,106208.0,105930.0,106036.0,17.86007185
1,106036.0,106156.0,105919.0,106139.0,14.94858051
1,106140.0,106329.0,106047.0,106113.0,11.92562502
1,106117.0,106166.0,105580.0,105750.0,34.50548939
1,105776.0,105870.0,104783.0,105049.0,102.45462837
1,105065.0,105389.0,104898.0,105197.0,90.77025564
1,105201.0,105693.0,104683.0,105677.0,96.95415252
1,105569.0,105956.0,105329.0,105956.0,42.94690285
1,105939.0,105997.0,105722.0,105908.0,11.843935290000001
1,105904.0,106015.0,105164.0,105714.0,30.96393019
1,105709.0,106000.0,105393.0,105506.0,33.20813858
1,105513.0,105862.0,105060.0,105378.0,49.75885403
1,105340.0,105829.0,105324.0,105553.0,28.11472421
1,105555.0,105565.0,103703.0,103904.0,154.32665566
1,103905.0,104289.0,103847.0,104190.0,43.04188977
1,104190.0,104922.0,104080.0,104922.0,61.69741852
1,104915.0,104995.0,104486.0,104632.0,18.22813048
1,104619.0,104839.0,104387.0,104601.0,48.57302841
1,104604.0,104909.0,104589.0,104644.0,15.17319701
1,104644.0,104790.0,104032.0,104032.0,52.97443163
1,104032.0,104284.0,103675.0,104034.0,32.33681184
1,103988.0,104304.0,103621.0,103995.0,17.86476269
1,103996.0,104241.0,103351.0,103548.0,26.14576015
1,103464.0,103897.0,103177.0,103225.0,26.03760153
1,103225.0,103708.0,103127.0,103707.0,34.045146249999995
1,103696.0,103845.0,103529.0,103845.0,21.31265516
1,103845.0,103938.0,103570.0,103577.0,8.80221325
1,103576.0,103944.0,103564.0,103899.0,9.87645897
1,103897.0,103900.0,103671.0,103793.0,5.95768308
1,103795.0,103854.0,103583.0,103693.0,19.391567209999998
1,103689.0,103774.0,103536.0,103596.0,24.20806965
1,103580.0,103641.0,103347.0,103434.0,13.70853996
1,103434.0,103561.0,103351.0,103534.0,8.49859318
1,103534.0,104057.0,103530.0,104057.0,35.3777914
1,104049.0,104244.0,104035.0,104178.0,21.34140694
1,104178.0,104620.0,104167.0,104620.0,30.70445653
1,104607.0,104897.0,104520.0,104610.0,42.64336721
1,104609.0,104834.0,104474.0,104549.0,37.37303245
1,104544.0,104687.0,104333.0,104404.0,9.06427569
1,104410.0,104658.0,104406.0,104553.0,3.73895864
1,104548.0,104796.0,104548.0,104761.0,23.1091264
1,104772.0,104846.0,104587.0,104836.0,6.33627377
1,104838.0,104934.0,104699.0,104886.0,12.85984665
1,104934.0,104947.0,104670.0,104689.0,9.28353498
1,104681.0,104884.0,104550.0,104646.0,35.63026453
1,104646.0,104710.0,104402.0,104508.0,24.63594144
1,104510.0,104568.0,104070.0,104192.0,23.6998392
1,104173.0,104366.0,103995.0,104249.0,23.018841039999998
1,104256.0,104507.0,104057.0,104429.0,31.819459769999998
1,104438.0,104771.0,104412.0,104695.0,13.33028884
1,104646.0,104764.0,104520.0,104587.0,17.69322438
1,104584.0,104584.0,104269.0,104314.0,13.52424667
1,104301.0,104432.0,104269.0,104336.0,13.76297752
1,104336.0,104446.0,104274.0,104446.0,4.17654135
1,104489.0,104507.0,103832.0,104001.0,25.10515458
1,104045.0,104069.0,103845.0,103984.0,9.87393907
1,103980.0,104211.0,103909.0,104126.0,15.47331029
1,104126.0,104232.0,103846.0,104018.0,19.57776484
1,104015.0,104470.0,104009.0,104304.0,26.554204270000003
1,104305.0,104809.0,104305.0,104665.0,28.02764316
1,104678.0,104844.0,104575.0,104758.0,10.98915294
1,104758.0,105338.0,104709.0,105098.0,55.35521916
1,105099.0,105244.0,105053.0,105124.0,17.3343697
1,105123.0,105129.0,104419.0,104929.0,68.05436858
1,104940.0,105199.0,104884.0,105174.0,21.35998183
1,105175.0,105386.0,104968.0,105009.0,42.14749841
1,105009.0,105541.0,105000.0,105541.0,45.76711536
1,105550.0,105824.0,105493.0,105568.0,62.54242196
1,105567.0,105908.0,105532.0,105705.0,34.24397395
1,105677.0,105788.0,105477.0,105478.0,14.81771927
1,105483.0,105680.0,105428.0,105450.0,35.07196459
1,105451.0,105481.0,105074.0,105075.0,27.218593600000002
1,105088.0,105090.0,104645.0,104900.0,38.25622192
1,104900.0,105010.0,104771.0,104773.0,22.97552606
1,104815.0,104960.0,104684.0,104884.0,30.03824686
1,104884.0,105275.0,104804.0,105221.0,33.79365655
1,105222.0,105465.0,105216.0,105414.0,15.79803523
1,105440.0,105972.0,105325.0,105380.0,60.26749726
1,105379.0,105380.0,104533.0,104629.0,56.75268291
1,104629.0,104692.0,104321.0,104426.0,44.29850139
1,104422.0,104518.0,104000.0,104076.0,26.46984895
1,104068.0,104319.0,103924.0,104245.0,49.9861174
1,104250.0,104582.0,103757.0,103814.0,116.97730987
1,103841.0,104708.0,103708.0,104217.0,114.74139133
1,104213.0,104595.0,103957.0,104481.0,34.41322157
1,104500.0,104500.0,104088.0,104337.0,6.7176041
1,104339.0,104552.0,104137.0,104448.0,8.37184076
1,104447.0,104777.0,104258.0,104378.0,11.732183560000001
1,104413.0,104556.0,104111.0,104466.0,3.59859516
1,104493.0,105025.0,104493.0,104943.0,32.8678335
1,104957.0,105159.0,104646.0,105003.0,64.94308095
1,105011.0,105855.0,105011.0,105718.0,69.1384639
1,105797.0,106001.0,105636.0,105905.0,22.48523911
1,105890.0,106444.0,105808.0,106365.0,34.02508246
1,106362.0,106546.0,106206.0,106546.0,14.64981565
1,106546.0,106564.0,105656.0,105685.0,57.58417436
1,105683.0,105775.0,105437.0,105540.0,17.89212731
1,105540.0,105585.0,105199.0,105211.0,14.4084475
1,105219.0,105527.0,105219.0,105506.0,5.90816628
1,105508.0,105524.0,105270.0,105485.0,15.448179969999998
1,105463.0,105496.0,105237.0,105247.0,19.51783864
1,105240.0,105304.0,104947.0,105149.0,70.92022282
1,105149.0,105338.0,105115.0,105248.0,21.728530799999998
1,105245.0,105400.0,105200.0,105340.0,19.14348971
1,105340.0,105412.0,105238.0,105369.0,4.13821456
1,105369.0,105490.0,105298.0,105387.0,39.5703146
1,105382.0,105715.0,105120.0,105502.0,93.95359034
1,105491.0,106765.0,105216.0,106641.0,107.9482863
1,106678.0,106854.0,106431.0,106696.0,60.91283708
1,106698.0,106755.0,105896.0,105900.0,91.52695219
1,105899.0,106214.0,105859.0,106020.0,25.20822765
1,106020.0,106119.0,105653.0,106084.0,15.19889061
1,106082.0,106505.0,106082.0,106305.0,96.10013083
1,106297.0,106325.0,105431.0,105811.0,29.2247462
1,105811.0,105917.0,105377.0,105476.0,10.33942719
1,105476.0,105959.0,105413.0,105817.0,25.56812931
1,105816.0,105816.0,105336.0,105454.0,33.50807007
1,105426.0,105630.0,105213.0,105538.0,11.63415091
1,105530.0,105793.0,105506.0,105650.0,27.70727303
1,105669.0,105896.0,105515.0,105547.0,18.63029139
1,105547.0,105807.0,105516.0,105583.0,13.14630677
1,105582.0,105683.0,105479.0,105490.0,3.3609527900000002
1,105483.0,105604.0,105439.0,105439.0,8.35346414
1,105441.0,105520.0,105333.0,105365.0,16.5446797
1,105370.0,105532.0,105327.0,105389.0,8.09562706
1,105396.0,105650.0,105389.0,105504.0,5.27326666
1,105512.0,105959.0,105390.0,105883.0,35.36557647
1,105884.0,106036.0,105707.0,105755.0,57.92453849
1,105736.0,105854.0,105136.0,105149.0,96.0612845
1,105148.0,105220.0,104871.0,105106.0,67.80966932
1,105105.0,105313.0,104758.0,104797.0,75.64070975
1,104779.0,105073.0,104219.0,105065.0,87.06719962
1,105065.0,105581.0,104980.0,105353.0,33.67870866
1,105383.0,105520.0,105150.0,105507.0,3.53888313
1,105525.0,105537.0,105034.0,105102.0,26.17571731
1,105136.0,105350.0,104985.0,105005.0,7.14505795
1,105003.0,105163.0,104931.0,104989.0,120.7987334
1,104978.0,105022.0,104482.0,104681.0,26.42249159
1,104651.0,105086.0,104600.0,104979.0,32.05353285
1,104996.0,105086.0,104797.0,104837.0,4.00241571
1,104828.0,104938.0,104675.0,104745.0,5.51794235
1,104734.0,105044.0,104718.0,105044.0,5.45291271
1,105019.0,105199.0,104771.0,104835.0,24.24669881
1,104853.0,105286.0,104853.0,105067.0,32.60778521
1,105068.0,105116.0,104947.0,105095.0,3.52671182
1,105091.0,105275.0,105087.0,105225.0,2.70419862
1,105238.0,105238.0,104634.0,104701.0,30.10922831
1,104707.0,104749.0,104426.0,104500.0,22.39786678
1,104517.0,104660.0,104457.0,104554.0,5.1802601600000004
1,104568.0,104734.0,104492.0,104727.0,12.14349442
1,104728.0,104960.0,104719.0,104944.0,24.995142830000002
1,104927.0,104936.0,104582.0,104713.0,19.226674329999998
1,104713.0,104909.0,104611.0,104884.0,6.78617884
1,104877.0,105820.0,104854.0,105698.0,75.46830333
1,105698.0,105959.0,104369.0,104559.0,108.65207444
1,104555.0,104949.0,103934.0,104685.0,130.30359569
1,104683.0,104897.0,104378.0,104567.0,35.77521542
1,104567.0,104629.0,103310.0,103310.0,155.79531704000001
1,103300.0,103600.0,103172.0,103250.0,25.93016055
1,103230.0,103383.0,102606.0,103023.0,89.49375332
1,102986.0,103059.0,101650.0,101923.0,168.81122917
1,101924.0,102181.0,100426.0,100509.0,223.43714695
1,100496.0,101667.0,100468.0,101623.0,112.38749795
1,101573.0,101746.0,101064.0,101542.0,38.25145469
1,101542.0,101872.0,101532.0,101559.0,20.64660751
1,101558.0,101953.0,101159.0,101939.0,22.43581584
1,101938.0,101986.0,101725.0,101883.0,8.59393722
1,101883.0,102237.0,101575.0,102237.0,24.314413039999998
1,102237.0,102575.0,102093.0,102548.0,26.99529228
1,102551.0,102865.0,102446.0,102855.0,71.84903234
1,102856.0,103025.0,102755.0,103024.0,41.33797093
1,103017.0,103270.0,102962.0,103247.0,103.81963446
1,103248.0,103534.0,103112.0,103197.0,71.16648218
1,103199.0,103633.0,103199.0,103587.0,49.06240904
1,103588.0,103807.0,103586.0,103713.0,35.35330135
1,103713.0,103870.0,103623.0,103739.0,37.819368850000004
1,103742.0,104057.0,103714.0,104000.0,24.85774722
1,104001.0,104359.0,103633.0,103874.0,194.25538975
1,103857.0,104619.0,103857.0,104182.0,148.70721918
1,104182.0,104988.0,104095.0,104882.0,152.49714366
1,104882.0,105416.0,104712.0,105179.0,148.88051837
1,105180.0,105386.0,104797.0,104850.0,46.9353817
1,104850.0,105060.0,104564.0,105013.0,69.687152
1,105013.0,105071.0,104534.0,104581.0,38.26279373
1,104581.0,104691.0,104144.0,104288.0,63.57424364
1,104321.0,104703.0,104256.0,104565.0,26.75782078
1,104567.0,104581.0,104384.0,104480.0,19.56566221
1,104482.0,104570.0,104343.0,104570.0,38.3646507
1,104570.0,104570.0,104304.0,104393.0,9.84810255
1,104416.0,104595.0,103992.0,104595.0,57.04019881
1,104595.0,104658.0,104447.0,104552.0,16.28287825
1,104551.0,104695.0,104433.0,104634.0,10.43288172
1,104634.0,105000.0,104580.0,104952.0,29.45122715
1,104956.0,104956.0,104738.0,104911.0,7.32275844
1,104911.0,105073.0,104832.0,104976.0,9.134669970000001
1,104958.0,105408.0,104884.0,105408.0,73.89495164
1,105414.0,105414.0,104934.0,104956.0,52.47695526
1,104966.0,105043.0,104783.0,104836.0,16.41929493
1,104836.0,105020.0,104836.0,104915.0,18.893669799999998
1,104947.0,105250.0,104909.0,105227.0,34.00415056
1,105226.0,105325.0,105128.0,105223.0,16.51969679
1,105260.0,105718.0,105255.0,105520.0,40.76648804
1,105519.0,105845.0,105389.0,105679.0,45.26709547
1,105715.0,105762.0,105477.0,105492.0,33.17698593
1,105500.0,105652.0,105402.0,105625.0,19.83416719
1,105629.0,105725.0,105348.0,105405.0,38.08514985
1,105400.0,105619.0,105391.0,105460.0,2.93560279
1,105480.0,105935.0,105480.0,105661.0,41.62992562
1,105652.0,105908.0,105652.0,105784.0,6.03542569
1,105784.0,105947.0,105781.0,105923.0,17.79807467
1,105923.0,105942.0,105815.0,105824.0,4.57814823
1,105824.0,105959.0,105732.0,105885.0,3.0248690799999998
1,105885.0,105885.0,105606.0,105619.0,18.8661899
1,105619.0,105705.0,105515.0,105537.0,9.23815567
1,105536.0,105827.0,105477.0,105750.0,18.492505819999998
1,105730.0,105730.0,105512.0,105512.0,14.11366221
1,105514.0,105556.0,105477.0,105535.0,5.24436194
1,105537.0,105701.0,105477.0,105672.0,8.551836139999999
1,105672.0,105696.0,105478.0,105478.0,1.5098179299999999
1,105479.0,105666.0,105478.0,105497.0,1.77138075
1,105497.0,105612.0,105477.0,105490.0,3.11719288
1,105490.0,105555.0,105427.0,105428.0,3.87901617
1,105428.0,105449.0,105188.0,105200.0,31.75042488
1,105199.0,105515.0,105060.0,105399.0,26.457037500000002
1,105400.0,105756.0,105400.0,105726.0,29.187445659999998
1,105728.0,105807.0,105571.0,105746.0,12.64816464
1,105746.0,106150.0,105642.0,105657.0,40.63817615
1,105643.0,105934.0,105630.0,105884.0,16.27785316
1,105888.0,106125.0,105874.0,106045.0,13.75035894
1,106046.0,106341.0,106003.0,106254.0,13.47771928
1,106228.0,106409.0,106143.0,106154.0,8.46998964
1,106154.0,106367.0,106099.0,106367.0,29.27945123
1,106363.0,106384.0,106236.0,106357.0,4.02397091
1,106357.0,106372.0,106177.0,106209.0,4.50495496
1,106207.0,106507.0,106207.0,106382.0,10.89662622
1,106396.0,106414.0,105762.0,105831.0,37.0579604
1,105795.0,105829.0,105631.0,105792.0,8.7926628
1,105791.0,106016.0,105655.0,105765.0,32.32601713
1,105745.0,105804.0,105507.0,105580.0,12.499990610000001
1,105578.0,105756.0,105531.0,105613.0,4.31184192
1,105613.0,105743.0,105389.0,105720.0,26.88423218
1,105697.0,105769.0,105503.0,105505.0,11.64574018
1,105505.0,105582.0,105402.0,105434.0,13.34531822
1,105434.0,105743.0,105390.0,105743.0,14.2585508
1,105741.0,105741.0,105550.0,105633.0,3.33938134
1,105617.0,105997.0,105531.0,105984.0,16.7312278
1,105986.0,106930.0,105882.0,106676.0,71.39278517
1,106714.0,107499.0,106635.0,107230.0,76.10493239
1,107269.0,107847.0,107194.0,107760.0,39.7603882
1,107820.0,107974.0,107604.0,107820.0,34.89187214
1,107794.0,107910.0,106944.0,107083.0,90.47972276
1,107102.0,108065.0,107102.0,107669.0,76.70439401
1,107646.0,108065.0,107587.0,107696.0,38.96920638
1,107709.0,108206.0,107708.0,107777.0,17.24723203
1,107758.0,108479.0,107739.0,108405.0,59.756116490000004
1,108430.0,108600.0,108356.0,108515.0,30.45889105
1,108511.0,108846.0,108442.0,108643.0,223.97793741
1,108652.0,108815.0,108525.0,108762.0,15.28350888
1,108789.0,110587.0,108783.0,110025.0,191.50641081
1,110051.0,110451.0,109799.0,110227.0,42.2057322
1,110221.0,110351.0,109905.0,110307.0,19.19734616
1,110311.0,110352.0,109946.0,109968.0,8.48194922
1,109948.0,110004.0,109685.0,109819.0,6.18664275
1,109808.0,109808.0,109435.0,109697.0,44.14553271
1,109687.0,109719.0,109435.0,109605.0,16.60148793
1,109608.0,109689.0,109409.0,109582.0,4.7741884
1,109582.0,109774.0,109252.0,109353.0,20.32472257
1,109344.0,109678.0,109180.0,109543.0,16.65587001
1,109546.0,109564.0,109162.0,109266.0,14.496281009999999
1,109284.0,109448.0,109109.0,109129.0,26.72650703
1,109132.0,109540.0,109128.0,109539.0,45.11286964
1,109540.0,109632.0,109330.0,109343.0,34.47909117
1,109350.0,109869.0,109265.0,109571.0,41.43919402
1,109568.0,109720.0,109472.0,109715.0,30.67924429
1,109706.0,109915.0,108898.0,109317.0,100.00469444000001
1,109317.0,109353.0,108507.0,108654.0,69.62543449
1,108644.0,109212.0,108403.0,109035.0,74.64643155
1,109082.0,109265.0,108701.0,108752.0,40.62892413
1,108761.0,109092.0,108650.0,108743.0,7.47415147
1,108743.0,109481.0,108544.0,109303.0,12.278969400000001
1,109325.0,110400.0,109293.0,109564.0,198.25891569
1,109538.0,110027.0,109281.0,109974.0,11.75920035
1,109981.0,110003.0,109484.0,109887.0,40.30766311
1,109866.0,110191.0,109629.0,109740.0,18.473047479999998
1,109769.0,110292.0,109605.0,110292.0,37.0917493
1,110292.0,110292.0,109826.0,109826.0,16.24332666
1,109813.0,109849.0,109584.0,109648.0,3.3594254599999998
1,109621.0,109876.0,109560.0,109703.0,4.22043705
1,109689.0,109897.0,109628.0,109741.0,6.44725477
1,109730.0,109765.0,109571.0,109593.0,3.06719727
1,109607.0,109678.0,109488.0,109499.0,32.14120344
1,109501.0,109662.0,109397.0,109611.0,6.43600348
1,109611.0,109725.0,109457.0,109458.0,5.68673609
1,109458.0,109664.0,109458.0,109578.0,5.0567513
1,109578.0,109624.0,109239.0,109277.0,10.15356532
1,109281.0,109474.0,109225.0,109368.0,8.63069916
1,109362.0,109403.0,109225.0,109261.0,6.37143493
1,109258.0,109895.0,109043.0,109718.0,91.89879385
1,109720.0,109896.0,109340.0,109695.0,69.22777352
1,109695.0,110398.0,109661.0,109892.0,67.63337054
1,109899.0,110061.0,109698.0,109758.0,17.69898126
1,109760.0,109817.0,109400.0,109469.0,25.97298659
1,109462.0,109782.0,109009.0,109011.0,26.962163540000002
1,109011.0,109099.0,108456.0,108832.0,53.22614769
1,108831.0,108994.0,108621.0,108775.0,147.20863925
1,108776.0,109029.0,108546.0,108943.0,9.80817184
1,108937.0,109250.0,108417.0,108537.0,46.12164611000001
1,108536.0,108652.0,108113.0,108447.0,22.46710646
1,108438.0,108715.0,108370.0,108678.0,31.44849672
1,108670.0,108833.0,108377.0,108723.0,8.55911947
1,108722.0,108723.0,108300.0,108546.0,24.30503169
1,108516.0,108755.0,108411.0,108411.0,23.95548079
1,108413.0,108474.0,107751.0,107895.0,43.189318300000004
1,107894.0,107946.0,107385.0,107790.0,35.74308774
1,107763.0,107936.0,107615.0,107767.0,24.67956601
1,107767.0,108000.0,107667.0,107938.0,7.44629211
1,107939.0,107981.0,107507.0,107638.0,27.95268669
1,107622.0,107852.0,107470.0,107746.0,13.5288772
1,107737.0,107791.0,107507.0,107528.0,7.22928919
1,107525.0,107552.0,107229.0,107358.0,14.83918643
1,107346.0,107386.0,106926.0,106927.0,29.5550767
1,106928.0,107432.0,106905.0,106999.0,32.313878890000005
1,107038.0,107200.0,106623.0,107027.0,79.07905009
1,107112.0,107741.0,107111.0,107622.0,31.62340525
1,107655.0,107845.0,106920.0,107030.0,50.042295159999995
1,107031.0,107871.0,106998.0,107756.0,47.85274381
1,107759.0,108455.0,107732.0,108328.0,29.44930735
1,108324.0,108454.0,107277.0,107594.0,54.44713386
1,107623.0,107910.0,106726.0,106852.0,108.97810799
1,106859.0,106982.0,105834.0,106036.0,70.27904917000001
1,106016.0,106469.0,105947.0,105971.0,48.13083942
1,105947.0,106275.0,105794.0,105945.0,28.12302012
1,105936.0,106192.0,105731.0,105731.0,14.46321906
1,105725.0,105757.0,103323.0,103963.0,278.3656255
1,103826.0,103944.0,102816.0,103842.0,160.00752513
1,103836.0,104073.0,103170.0,103708.0,57.888767300000005
1,103701.0,104670.0,103692.0,104383.0,45.93303918
1,104350.0,104589.0,103863.0,104482.0,16.109459740000002
1,104432.0,104526.0,104083.0,104083.0,24.87744254
1,104082.0,104772.0,103904.0,104764.0,20.70646143
1,104735.0,105000.0,104444.0,104950.0,33.35018261
1,104938.0,105515.0,104771.0,104789.0,93.66538996
1,104789.0,104957.0,104560.0,104884.0,27.33821566
1,104908.0,104985.0,104483.0,104925.0,14.07613364
1,104927.0,105097.0,104708.0,105091.0,47.95333375
1,105104.0,105313.0,104876.0,104905.0,48.71961822
1,104904.0,105337.0,104733.0,104767.0,27.04718793
1,104804.0,105051.0,104182.0,105013.0,90.28306079000001
1,105036.0,105797.0,104908.0,105504.0,68.30846702
1,105505.0,106030.0,105368.0,105847.0,26.440016449999998
1,105840.0,105840.0,104934.0,105462.0,49.55903286
1,105446.0,105528.0,104739.0,105244.0,20.29185107
1,105224.0,105477.0,104958.0,105158.0,37.34285383
1,105164.0,105549.0,105073.0,105483.0,20.91925928
1,105501.0,105832.0,105368.0,105674.0,23.47370906
1,105683.0,105883.0,105596.0,105806.0,12.81806344
1,105834.0,106209.0,105821.0,106118.0,22.6901869
1,106117.0,106250.0,105788.0,105863.0,73.08544466
1,105851.0,105851.0,105503.0,105546.0,18.89277204
1,105545.0,105679.0,105390.0,105420.0,9.07943432
1,105447.0,105478.0,105275.0,105297.0,7.6784738699999995
1,105297.0,105459.0,105284.0,105430.0,5.77634645
1,105431.0,105440.0,105307.0,105348.0,2.51138578
1,105348.0,105370.0,105174.0,105174.0,7.34763874
1,105175.0,105194.0,104834.0,105130.0,30.811199119999998
1,105114.0,105162.0,104926.0,105148.0,22.07965036
1,105157.0,105160.0,104909.0,104915.0,10.45966676
1,104969.0,105149.0,104891.0,105051.0,12.90959633
1,105055.0,105149.0,104998.0,105147.0,1.30770715
1,105116.0,105149.0,104800.0,105086.0,29.609869420000003
1,105083.0,105161.0,104948.0,105072.0,12.31246585
1,105072.0,105123.0,104909.0,104988.0,7.002659809999999
1,104988.0,105044.0,104707.0,104885.0,21.587023520000002
1,104856.0,104947.0,104434.0,104511.0,22.12245508
1,104506.0,104758.0,104459.0,104655.0,14.52479207
1,104652.0,105010.0,104444.0,104935.0,71.79796317
1,104932.0,105083.0,104695.0,104695.0,26.94537868
1,104702.0,105035.0,104376.0,104934.0,46.31611583
1,104934.0,105503.0,104907.0,105394.0,56.09309423
1,105421.0,105515.0,105331.0,105479.0,4.51254889
1,105473.0,105528.0,105398.0,105464.0,2.13636673
1,105475.0,105705.0,105323.0,105698.0,11.61309823
1,105704.0,105718.0,105466.0,105472.0,3.20798771
1,105471.0,105689.0,105471.0,105542.0,9.47926073
1,105542.0,105619.0,105528.0,105529.0,3.57954971
1,105545.0,105623.0,105532.0,105615.0,2.98518348
1,105613.0,106130.0,105548.0,106116.0,27.48425309
1,106137.0,106163.0,105490.0,105506.0,33.89348097
1,105502.0,105508.0,105275.0,105469.0,35.83978897
1,105490.0,105515.0,105199.0,105245.0,19.04144284
1,105213.0,105227.0,104923.0,104960.0,19.18795961
1,104967.0,105212.0,104961.0,105158.0,4.63949453
1,105135.0,105196.0,104938.0,105006.0,13.569523810000002
1,105009.0,105313.0,104989.0,105313.0,17.35516062
1,105310.0,105672.0,105256.0,105556.0,42.24079854
1,105564.0,105845.0,105352.0,105693.0,44.25105552
1,105734.0,105843.0,105579.0,105602.0,16.153532289999998
1,105605.0,105709.0,105377.0,105593.0,11.76575223
1,105593.0,105794.0,105523.0,105719.0,17.4296084
1,105721.0,105725.0,105503.0,105516.0,13.84901041
1,105504.0,105605.0,105123.0,105316.0,19.232596209999997
1,105324.0,105338.0,104643.0,104747.0,33.30002973
1,104739.0,104846.0,104532.0,104821.0,41.35076765
1,104799.0,105363.0,104767.0,105276.0,32.82875006
1,105295.0,105617.0,105235.0,105617.0,13.31161598
1,105612.0,105769.0,105377.0,105455.0,21.8571372
1,105457.0,105883.0,105023.0,105825.0,52.27145737
1,105825.0,105972.0,105718.0,105801.0,17.0456425
1,105806.0,105972.0,105731.0,105935.0,3.32360193
1,105943.0,106404.0,105893.0,106404.0,33.08342143
1,106405.0,106790.0,106335.0,106589.0,28.71579111
1,106613.0,106788.0,106546.0,106606.0,10.02477953
1,106641.0,107251.0,106617.0,107077.0,31.14399245
1,107084.0,107226.0,106970.0,107192.0,29.27633227
1,107172.0,107238.0,106906.0,106961.0,33.16736849
1,106965.0,107200.0,106763.0,106837.0,32.41209074
1,106824.0,106969.0,106585.0,106891.0,59.87827773
1,106891.0,106907.0,106615.0,106711.0,7.14506321
1,106713.0,107187.0,106523.0,107187.0,36.29833491
1,107181.0,107806.0,106829.0,107572.0,51.30998786
1,107572.0,107750.0,107343.0,107463.0,48.50010416
1,107484.0,107923.0,107356.0,107809.0,35.44680491
1,107765.0,108052.0,107673.0,107792.0,40.75821469
1,107791.0,108299.0,107724.0,108299.0,34.719253269999996
1,108300.0,108937.0,108300.0,108689.0,104.00929497
1,108703.0,108872.0,108481.0,108837.0,26.40393824
1,108837.0,108868.0,108377.0,108550.0,27.6188159
1,108550.0,108990.0,107489.0,107757.0,96.66718015
1,107755.0,108023.0,106763.0,106829.0,70.97910537
1,106853.0,107307.0,106200.0,107286.0,89.93793109
1,107290.0,107430.0,106991.0,107203.0,3.65888214
1,107203.0,107598.0,106602.0,107526.0,13.884409699999999
1,107524.0,107773.0,107399.0,107608.0,12.47142613
1,107608.0,107719.0,107333.0,107365.0,5.63065855
1,107365.0,107424.0,107083.0,107148.0,5.22188956
1,107147.0,107278.0,106789.0,106866.0,33.53588855
1,106872.0,106911.0,106521.0,106807.0,23.33517854
1,106806.0,106864.0,106533.0,106595.0,5.23978024
1,106595.0,106687.0,106125.0,106202.0,26.611010959999998
1,106196.0,106257.0,105782.0,105972.0,27.45255155
1,105971.0,105971.0,105541.0,105680.0,13.893492460000001
1,105679.0,105884.0,105490.0,105549.0,61.44533393
1,105547.0,105769.0,105240.0,105367.0,75.26566767
1,105402.0,105705.0,104835.0,104882.0,107.44908488
1,104898.0,104977.0,104175.0,104265.0,112.26017869
1,104256.0,104500.0,103521.0,103640.0,78.05347719
1,103639.0,104259.0,103388.0,103833.0,119.48339363
1,103813.0,104442.0,103638.0,104439.0,34.1332295
1,104442.0,105362.0,104442.0,104710.0,242.43250879
1,104709.0,104909.0,104298.0,104358.0,17.04670824
1,104386.0,104831.0,104295.0,104579.0,17.58203524
1,104597.0,104759.0,104249.0,104258.0,25.415910919999998
1,104269.0,104748.0,104260.0,104584.0,6.2119613199999995
1,104617.0,104871.0,104407.0,104856.0,39.72026463
1,104863.0,105187.0,104721.0,104801.0,37.36644104
1,104812.0,105090.0,104733.0,104886.0,8.71942154
1,104880.0,105250.0,104879.0,105199.0,6.99501449
1,105201.0,105510.0,105094.0,105469.0,15.19151134
1,105469.0,105566.0,105402.0,105438.0,7.06563694
1,105437.0,105549.0,104936.0,105019.0,37.29243885
1,105002.0,105023.0,104765.0,104990.0,10.4841661
1,105000.0,105313.0,104796.0,104972.0,44.0708445
1,104999.0,105151.0,104596.0,104697.0,19.02614538
1,104709.0,104807.0,104229.0,104317.0,25.81497701
1,104280.0,104859.0,104223.0,104851.0,30.91657944
1,104853.0,104912.0,104506.0,104541.0,9.56769345
1,104542.0,104543.0,103857.0,104452.0,81.80010143999999
1,104478.0,105325.0,104247.0,104646.0,79.02148946
1,104627.0,104985.0,104200.0,104842.0,80.76007128
1,104831.0,104871.0,104382.0,104465.0,30.13888606
1,104429.0,104507.0,103645.0,104338.0,73.67355536
1,104371.0,104721.0,103586.0,103691.0,132.04169723
1,103593.0,104432.0,103521.0,103815.0,82.21299735
1,103857.0,105000.0,103657.0,104838.0,53.506030339999995
1,104838.0,105187.0,104404.0,105127.0,49.688644409999995
1,105126.0,105178.0,104823.0,104837.0,8.42105102
1,104863.0,104992.0,104668.0,104922.0,7.5546605499999995
1,104922.0,105254.0,104754.0,104979.0,15.48892732
1,104991.0,105005.0,104521.0,104628.0,11.82349777
1,104642.0,105023.0,104506.0,104742.0,27.130703569999998
1,104773.0,105123.0,104773.0,105116.0,7.6204065
1,105123.0,105123.0,104820.0,105097.0,11.95008157
1,105098.0,105237.0,104867.0,104923.0,13.82547033
1,104919.0,105004.0,104670.0,104733.0,27.057554959999997
1,104732.0,104883.0,104646.0,104666.0,2.95316749
1,104666.0,105006.0,104666.0,104766.0,5.19741473
1,104758.0,105058.0,104754.0,105028.0,3.61102154
1,105024.0,105086.0,104870.0,104938.0,5.31894496
1,104937.0,104942.0,104749.0,104812.0,6.37866828
1,104811.0,104922.0,104708.0,104781.0,22.51966306
1,104781.0,104812.0,104282.0,104305.0,21.818940050000002
1,104306.0,104708.0,104135.0,104177.0,45.59009728
1,104187.0,104457.0,104110.0,104129.0,23.86443926
1,104129.0,104457.0,103970.0,104023.0,38.10279646
1,104023.0,104834.0,103957.0,104543.0,56.63901965
1,104554.0,104730.0,104328.0,104420.0,41.86915286
1,104437.0,104492.0,104158.0,104278.0,10.81642106
1,104285.0,104530.0,104168.0,104288.0,4.90015007
1,104296.0,104439.0,104252.0,104351.0,7.33080691
1,104351.0,104783.0,104351.0,104620.0,35.38797646
1,104620.0,104898.0,104485.0,104688.0,17.6505039
1,104682.0,104846.0,104586.0,104719.0,2.60660628
1,104726.0,104820.0,104433.0,104804.0,21.34051843
1,104818.0,104821.0,104535.0,104646.0,7.28329324
1,104647.0,104717.0,104519.0,104615.0,3.90233732
1,104611.0,104619.0,104251.0,104275.0,11.22364989
1,104275.0,104595.0,104275.0,104595.0,4.24934031
1,104595.0,104771.0,104595.0,104740.0,27.0817028
1,104739.0,105820.0,104663.0,105820.0,55.78192544
1,105820.0,106521.0,105805.0,105988.0,68.07436467
1,106000.0,106071.0,105805.0,105969.0,11.899417099999999
1,105966.0,106187.0,105861.0,105987.0,20.518974290000003
1,105981.0,106098.0,105845.0,105996.0,5.89459107
1,106003.0,106127.0,105883.0,105988.0,12.083185239999999
1,105998.0,106160.0,105401.0,105678.0,73.91373324999999
1,105677.0,105807.0,103907.0,103922.0,122.78446351
1,103940.0,104608.0,103928.0,104246.0,47.88167448
1,104230.0,104297.0,103658.0,103687.0,69.36265098
1,103672.0,103775.0,102309.0,103278.0,168.17439502
1,103257.0,103447.0,103068.0,103170.0,38.70096884
1,103172.0,103508.0,103044.0,103377.0,96.92376404
1,103331.0,103894.0,103331.0,103711.0,41.50719382
1,103733.0,103738.0,103397.0,103560.0,26.52196514
1,103559.0,103559.0,103013.0,103129.0,26.9793774
1,103128.0,103376.0,103002.0,103316.0,6.82610201
1,103329.0,103365.0,103152.0,103293.0,13.2583129
1,103286.0,103534.0,103185.0,103534.0,26.23497594
1,103534.0,103558.0,103412.0,103523.0,3.43618646
1,103542.0,103708.0,103542.0,103555.0,7.9624830399999995
1,103522.0,103555.0,103385.0,103415.0,14.091514010000001
1,103417.0,103533.0,103380.0,103457.0,3.98845847
1,103460.0,103639.0,103375.0,103630.0,2.20006367
1,103630.0,103630.0,103400.0,103496.0,5.31602535
1,103499.0,103844.0,103494.0,103843.0,24.95904464
1,103842.0,103944.0,103714.0,103873.0,11.83786552
1,103874.0,104013.0,103798.0,103857.0,8.63304992
1,103857.0,103952.0,103758.0,103896.0,3.7097864
1,103895.0,103973.0,103811.0,103834.0,2.55494515
1,103834.0,103902.0,103583.0,103598.0,19.75642342
1,103598.0,103782.0,103422.0,103574.0,37.95936866
1,103611.0,103708.0,103352.0,103607.0,37.22342968
1,103597.0,103670.0,103500.0,103532.0,5.0859037
1,103525.0,103631.0,103213.0,103218.0,3.49581319
1,103230.0,103452.0,102700.0,102700.0,44.00880775
1,102684.0,102791.0,102262.0,102276.0,75.78658917
1,102315.0,102911.0,102220.0,102805.0,85.51308333
1,102804.0,102844.0,101163.0,101477.0,198.77667490000002
1,101477.0,102018.0,101471.0,101817.0,56.322455070000004
1,101818.0,102311.0,100945.0,102139.0,125.41008493
1,102198.0,103387.0,101894.0,102882.0,162.01043382
1,102884.0,103044.0,102298.0,102437.0,55.76445451
1,102430.0,102913.0,101927.0,102391.0,27.8641632
1,102413.0,102627.0,102162.0,102418.0,6.14335096
1,102417.0,102821.0,102290.0,102604.0,6.26561438
1,102603.0,102961.0,102603.0,102922.0,10.57334991
1,102901.0,102983.0,102749.0,102786.0,4.18303675
1,102787.0,102808.0,102314.0,102479.0,20.23948553
1,102474.0,102727.0,102358.0,102727.0,14.84305937
1,102729.0,102820.0,102139.0,102239.0,43.56096847
1,102239.0,102557.0,102185.0,102515.0,20.02831783
1,102520.0,102791.0,102479.0,102771.0,21.05202545
1,102763.0,102840.0,102616.0,102788.0,8.79595407
1,102790.0,102839.0,100353.0,100908.0,213.86120654
1,100898.0,101261.0,99110.0,99667.0,307.44377269
1,99661.0,99837.0,98954.0,98980.0,80.89095273
1,98954.0,99718.0,98723.0,99694.0,64.31638048
1,99688.0,100401.0,99449.0,99519.0,105.59537169999999
1,99519.0,99822.0,99384.0,99463.0,16.65586718
1,99467.0,99485.0,98789.0,98932.0,17.37617989
1,98923.0,99777.0,98240.0,99564.0,54.87782881
1,99584.0,99687.0,99059.0,99179.0,9.79822537
1,99209.0,101012.0,99203.0,101010.0,75.38866092
1,101028.0,101062.0,100693.0,101015.0,18.52415218
1,100990.0,101644.0,100539.0,100910.0,77.50779057
1,100966.0,101139.0,100619.0,101138.0,42.93054081
1,101139.0,101419.0,100960.0,101359.0,21.1964181
1,101301.0,101407.0,101123.0,101209.0,27.71301243
1,101226.0,101398.0,101042.0,101210.0,20.954395719999997
1,101227.0,101874.0,101227.0,101825.0,31.5177083
1,101825.0,102090.0,101699.0,101981.0,32.93583102
1,101989.0,102201.0,101809.0,101983.0,51.000036800000004
1,101982.0,102100.0,101800.0,101924.0,22.27150044
1,101918.0,101919.0,101446.0,101612.0,22.97214134
1,101611.0,101622.0,101249.0,101501.0,14.09621035
1,101517.0,101609.0,101164.0,101325.0,42.71857678
1,101333.0,101709.0,101163.0,101709.0,42.55819728
1,101710.0,102484.0,100860.0,102385.0,171.62312286
1,102456.0,102647.0,101566.0,101673.0,71.17328071
1,101705.0,102115.0,101370.0,101484.0,24.28339538
1,101494.0,101499.0,99705.0,100740.0,257.53899764
1,100728.0,102739.0,100549.0,102570.0,219.26894732
1,102582.0,103371.0,102500.0,103017.0,118.14079964999999
1,103010.0,103306.0,102746.0,103237.0,23.9142238
1,103246.0,103979.0,102950.0,103813.0,75.24127902
1,103813.0,104279.0,103705.0,103779.0,46.392788
1,103779.0,106125.0,103769.0,105618.0,268.55974733
1,105655.0,105731.0,105216.0,105464.0,44.969152460000004
1,105418.0,105588.0,105010.0,105209.0,15.63653562
1,105211.0,105566.0,105046.0,105541.0,76.29642673000001
1,105528.0,105528.0,104817.0,104835.0,18.08930731
1,104840.0,105205.0,104803.0,105020.0,6.91691001
1,104997.0,105041.0,104796.0,104912.0,38.96619814
1,104911.0,105503.0,104911.0,105486.0,133.18393994
1,105486.0,105883.0,105338.0,105761.0,52.02062066
1,105736.0,105850.0,104950.0,105005.0,174.17082821
1,105000.0,105224.0,104695.0,105069.0,91.12636155
1,105068.0,105629.0,105045.0,105268.0,21.56216452
1,105263.0,105436.0,105150.0,105337.0,38.43577959
1,105337.0,105482.0,105086.0,105238.0,15.20364914
1,105237.0,105382.0,105048.0,105260.0,21.44368513
1,105260.0,105476.0,104872.0,105122.0,47.09361131
1,105123.0,105728.0,105010.0,105547.0,67.63152528
1,105583.0,105794.0,105224.0,105306.0,71.95336572000001
1,105305.0,106330.0,105255.0,106274.0,89.96635284
1,106281.0,106344.0,105682.0,106117.0,62.61074465
1,106113.0,106165.0,105604.0,105604.0,35.62621963
1,105605.0,105748.0,105362.0,105743.0,15.12178167
1,105698.0,106150.0,105499.0,106142.0,42.29526566
1,106141.0,106163.0,105788.0,106049.0,13.49380677
1,106049.0,106084.0,105789.0,106083.0,4.66600194
1,106058.0,106131.0,105817.0,106131.0,4.6643443
1,106132.0,106503.0,105872.0,106456.0,20.94426502
1,106453.0,106661.0,106076.0,106435.0,36.39055922
1,106441.0,106843.0,106376.0,106542.0,36.72166025
1,106542.0,106654.0,106290.0,106298.0,27.38308114
1,106298.0,106385.0,106075.0,106245.0,16.80799446
1,106246.0,106449.0,106095.0,106267.0,4.5962062
1,106273.0,106495.0,106004.0,106443.0,66.86099368999999
1,106455.0,106763.0,106372.0,106673.0,12.71721606
1,106671.0,106715.0,106392.0,106670.0,4.38148154
1,106701.0,107020.0,106534.0,106694.0,34.78188527
1,106696.0,107225.0,106620.0,107180.0,37.93975161
1,107177.0,107277.0,106913.0,107242.0,21.42877363
1,107246.0,107320.0,106976.0,107301.0,26.24347831
1,107278.0,108182.0,107213.0,107981.0,78.39369761
1,107978.0,108182.0,107303.0,107713.0,114.69265028
1,107706.0,107712.0,106853.0,107108.0,172.02493883
1,107108.0,107572.0,107055.0,107214.0,109.65949607
1,107214.0,107614.0,106994.0,107485.0,104.43558919
1,107482.0,107621.0,107256.0,107479.0,74.00354234
1,107497.0,107995.0,107478.0,107824.0,113.61668883
1,107823.0,107919.0,107562.0,107853.0,23.10354116
1,107853.0,108052.0,107524.0,107655.0,37.71803288
1,107655.0,107655.0,107291.0,107348.0,17.47809598
1,107348.0,107447.0,107164.0,107418.0,9.80711145
1,107417.0,107676.0,107320.0,107390.0,24.88441255
1,107389.0,107923.0,107187.0,107697.0,66.70802466
1,107698.0,108091.0,107646.0,107982.0,31.2514681
1,107981.0,108358.0,107850.0,107926.0,34.41086663
1,107927.0,108023.0,107756.0,107879.0,17.6281762
1,107879.0,107880.0,107599.0,107680.0,28.01042089
1,107664.0,107861.0,107623.0,107819.0,3.97846328
1,107819.0,108144.0,107815.0,107863.0,9.0517612
1,107864.0,108223.0,107787.0,107812.0,25.84192027
1,107802.0,107845.0,107349.0,107391.0,27.70442596
1,107391.0,107528.0,107320.0,107462.0,7.19164579
1,107444.0,107459.0,107187.0,107386.0,24.25387473
1,107386.0,107457.0,107116.0,107173.0,32.6063856
1,107174.0,107380.0,106871.0,107012.0,81.35908395
1,107011.0,107793.0,106943.0,107494.0,78.67283152
1,107494.0,107559.0,106640.0,107346.0,74.11066493
1,107344.0,107444.0,107059.0,107238.0,15.318990450000001
1,107238.0,107470.0,107182.0,107250.0,14.28377839
1,107249.0,107625.0,107181.0,107429.0,17.68526963
1,107429.0,107702.0,107382.0,107554.0,21.382748929999998
1,107567.0,108027.0,107498.0,107808.0,59.80358507
1,107808.0,107846.0,106917.0,107077.0,64.64281552
1,107065.0,107272.0,107002.0,107044.0,20.1405581
1,107046.0,107127.0,106940.0,107004.0,10.45757703
1,107005.0,107242.0,106729.0,106748.0,15.00120056
1,106748.0,107251.0,106394.0,107185.0,57.22726079
1,107184.0,107329.0,107106.0,107302.0,10.58012326
1,107303.0,107561.0,107227.0,107520.0,15.59313941
1,107520.0,107621.0,107417.0,107553.0,14.27473075
1,107553.0,107602.0,107329.0,107330.0,16.02296874
1,107329.0,107433.0,107277.0,107360.0,10.2654162
1,107332.0,107794.0,106919.0,106951.0,193.29176062
1,106950.0,107123.0,106763.0,107076.0,30.77259095
1,107077.0,107174.0,106857.0,107142.0,53.44355029
1,107143.0,107218.0,107012.0,107040.0,20.563279520000002
1,107046.0,107191.0,106949.0,107021.0,13.82590737
1,107024.0,107226.0,106661.0,106715.0,38.05886838
1,106715.0,107020.0,106444.0,106853.0,95.2445305
1,106853.0,107123.0,106351.0,106623.0,166.65481522000002
1,106622.0,107457.0,106530.0,107367.0,98.53303885
1,107367.0,107734.0,107179.0,107546.0,69.3650151
1,107546.0,107546.0,106530.0,106931.0,86.96403538
1,106923.0,107051.0,106508.0,106773.0,44.38371635
1,106768.0,107074.0,106649.0,106880.0,153.29873706
1,106881.0,107210.0,106863.0,107168.0,19.85721237
1,107168.0,107329.0,107104.0,107120.0,45.80419894
1,107120.0,107261.0,107107.0,107165.0,7.47100368
1,107165.0,107212.0,107032.0,107100.0,10.11001472
1,107100.0,107242.0,106915.0,107133.0,9.25888521
1,107132.0,107183.0,106880.0,107131.0,7.63790124
1,107131.0,107255.0,107075.0,107167.0,4.47561251
1,107169.0,107373.0,107149.0,107353.0,5.27153254
1,107365.0,107365.0,107235.0,107248.0,4.02492928
1,107245.0,107360.0,107242.0,107352.0,2.19706753
1,107352.0,107485.0,107352.0,107473.0,7.20862138
1,107473.0,107535.0,107457.0,107535.0,5.03759388
1,107535.0,107535.0,107406.0,107429.0,10.31736792
1,107430.0,107431.0,107341.0,107354.0,4.22819764
1,107354.0,107417.0,107317.0,107322.0,6.08757511
1,107321.0,107432.0,107317.0,107423.0,6.63141631
1,107422.0,107426.0,107340.0,107390.0,1.9780607
1,107389.0,107407.0,107161.0,107162.0,14.32347759
1,107162.0,107303.0,107158.0,107251.0,10.84848909
1,107252.0,107584.0,107250.0,107498.0,15.585661799999999
1,107524.0,107561.0,107303.0,107351.0,37.02785626
1,107351.0,107573.0,107348.0,107526.0,13.72242686
1,107525.0,107525.0,107316.0,107378.0,11.14851212
1,107378.0,107398.0,107290.0,107291.0,4.46463787
1,107290.0,107291.0,107213.0,107254.0,6.16260384
1,107231.0,107393.0,107230.0,107393.0,10.31966661
1,107392.0,107419.0,107321.0,107410.0,4.8239262
1,107410.0,107412.0,107324.0,107348.0,2.2177474
1,107353.0,107534.0,107316.0,107512.0,6.3299186899999995
1,107512.0,107512.0,107367.0,107368.0,6.80917273
1,107368.0,107380.0,107239.0,107347.0,10.8549682
1,107333.0,107335.0,107239.0,107258.0,6.84532318
1,107259.0,107323.0,107254.0,107303.0,4.16219951
1,107303.0,107341.0,107252.0,107341.0,1.85179586
1,107341.0,107419.0,107341.0,107415.0,7.71125229
1,107414.0,107432.0,107365.0,107432.0,3.4673963400000005
1,107432.0,107751.0,107432.0,107712.0,19.32368243
1,107712.0,108042.0,107665.0,107937.0,49.862452780000005
1,107933.0,108320.0,107910.0,108171.0,88.95717246
1,108171.0,108494.0,108127.0,108479.0,37.89086535
1,108499.0,108546.0,108091.0,108228.0,23.10410677
1,108228.0,108262.0,108065.0,108089.0,4.30694076
1,108090.0,108251.0,107825.0,107971.0,14.394921270000001
1,107970.0,108064.0,107704.0,107790.0,11.39257489
1,107790.0,107816.0,107375.0,107613.0,25.870137420000002
1,107589.0,107741.0,107375.0,107559.0,49.98750351
1,107579.0,107741.0,107495.0,107677.0,21.809575159999998
1,107677.0,107677.0,107396.0,107431.0,19.43259957
1,107412.0,107525.0,107401.0,107401.0,8.76397576
1,107394.0,107753.0,107317.0,107560.0,38.86833111
1,107560.0,108302.0,107560.0,108105.0,28.99622436
1,108105.0,108468.0,108048.0,108384.0,35.43598609
1,108389.0,108800.0,108280.0,108766.0,36.87713875
1,108741.0,108781.0,108483.0,108547.0,22.90471921
1,108554.0,108699.0,108507.0,108516.0,6.95616028
1,108517.0,108636.0,108482.0,108553.0,10.81735118
1,108559.0,108575.0,108364.0,108364.0,7.36312895
1,108365.0,108425.0,108195.0,108320.0,12.155879820000001
1,108286.0,108335.0,107573.0,107609.0,37.17072182
1,107607.0,107754.0,107535.0,107647.0,9.77261092
1,107658.0,107754.0,107500.0,107540.0,15.216278840000001
1,107539.0,107716.0,107500.0,107522.0,20.95387744
1,107522.0,107679.0,107444.0,107678.0,19.71828961
1,107668.0,107981.0,107639.0,107686.0,32.3770292
1,107688.0,107851.0,107599.0,107604.0,36.4988828
1,107604.0,107879.0,107509.0,107550.0,57.86055858
1,107549.0,107643.0,106815.0,106816.0,121.76021371
1,106816.0,107806.0,106751.0,107629.0,80.19555661
1,107627.0,107832.0,107320.0,107633.0,57.69552138
1,107633.0,107819.0,107467.0,107491.0,22.4308454
1,107491.0,107641.0,107174.0,107288.0,39.11325968
1,107288.0,107802.0,107230.0,107779.0,46.535860299999996
1,107779.0,107780.0,107500.0,107609.0,24.37567213
1,107606.0,107628.0,106972.0,107171.0,49.51100545
1,107152.0,107340.0,107057.0,107135.0,21.59969937
1,107135.0,107256.0,107092.0,107179.0,19.81090657
1,107164.0,107484.0,107084.0,107400.0,14.49874261
1,107405.0,107560.0,107216.0,107265.0,12.87797942
1,107265.0,107447.0,107122.0,107130.0,10.36104384
1,107130.0,107250.0,107102.0,107237.0,11.10971809
1,107237.0,107242.0,106918.0,106918.0,15.28576342
1,106926.0,106981.0,106794.0,106968.0,22.87620831
1,106967.0,106967.0,106778.0,106922.0,25.21292738
1,106924.0,107200.0,106674.0,107197.0,50.81503008
1,107199.0,107199.0,106726.0,106744.0,23.22910241
1,106740.0,106828.0,106538.0,106579.0,24.41888978
1,106579.0,106659.0,106354.0,106513.0,16.10676083
1,106514.0,106648.0,106358.0,106623.0,17.39906149
1,106623.0,106725.0,106418.0,106475.0,34.963571290000004
1,106475.0,106916.0,106330.0,106847.0,119.52766479
1,106846.0,107218.0,105703.0,105977.0,143.23052681
1,105977.0,106227.0,105660.0,105984.0,96.74397445
1,105960.0,106303.0,105883.0,106119.0,12.52205496
1,106132.0,106321.0,105947.0,106305.0,7.72780565
1,106292.0,106292.0,105713.0,105761.0,55.037866189999995
1,105761.0,105811.0,105414.0,105415.0,72.23548548000001
1,105435.0,106006.0,105280.0,105953.0,64.32165089
1,105953.0,106112.0,105754.0,105810.0,18.59568613
1,105806.0,105936.0,105637.0,105646.0,15.74349979
1,105645.0,105729.0,105394.0,105709.0,33.75078627
1,105698.0,105806.0,105391.0,105404.0,29.08632011
1,105408.0,105798.0,105130.0,105740.0,22.403298930000002
1,105740.0,105921.0,105555.0,105921.0,30.397832859999998
1,105921.0,106227.0,105906.0,106200.0,15.453730310000001
1,106201.0,106380.0,106151.0,106380.0,11.08011878
1,106391.0,106690.0,106319.0,106660.0,28.61347945
1,106671.0,107033.0,106664.0,107033.0,11.537938669999999
1,107033.0,107213.0,106888.0,107125.0,19.61078461
1,107125.0,107769.0,107125.0,107768.0,47.90520657
1,107773.0,107819.0,107576.0,107673.0,16.5244398
1,107678.0,107880.0,107668.0,107880.0,19.64319615
1,107857.0,107871.0,107393.0,107513.0,26.85801528
1,107520.0,107521.0,107238.0,107416.0,19.31066625
1,107416.0,108012.0,107314.0,107822.0,82.261805
1,107820.0,108208.0,107728.0,108173.0,68.83878161
1,108174.0,108800.0,108174.0,108784.0,62.69670956
1,108784.0,109710.0,108729.0,109470.0,179.05441555
1,109481.0,109802.0,108905.0,109204.0,68.02683998
1,109218.0,109615.0,109078.0,109607.0,22.3621238
1,109613.0,109765.0,109367.0,109746.0,22.26141316
1,109752.0,109752.0,109212.0,109212.0,46.223575180000005
1,109215.0,109578.0,109200.0,109478.0,14.3354035
1,109478.0,109550.0,109160.0,109197.0,23.12455865
1,109197.0,109211.0,108794.0,108885.0,23.3410223
1,108885.0,109145.0,108781.0,108973.0,15.57496696
1,108980.0,109160.0,108871.0,109029.0,23.57986781
1,109028.0,109029.0,108586.0,108777.0,32.66706613
1,108777.0,108855.0,108677.0,108682.0,5.42531747
1,108678.0,109016.0,108626.0,108838.0,24.59539187
1,108838.0,109409.0,108838.0,109386.0,34.28413876
1,109374.0,109580.0,109291.0,109522.0,46.421495130000004
1,109515.0,109515.0,109212.0,109330.0,22.12686079
1,109330.0,109600.0,109330.0,109425.0,18.78147504
1,109425.0,110292.0,109425.0,110000.0,87.71429847
1,110020.0,110045.0,109685.0,109879.0,19.18212613
1,109877.0,109880.0,109632.0,109637.0,8.75124799
1,109634.0,109957.0,108800.0,109209.0,111.16605779
1,109211.0,110557.0,109172.0,110316.0,116.38434135
1,110315.0,110544.0,109642.0,109792.0,87.6882445
1,109791.0,109892.0,109147.0,109174.0,37.08485973
1,109174.0,109751.0,109076.0,109333.0,61.27854002
1,109333.0,109697.0,109309.0,109585.0,17.08535496
1,109590.0,109765.0,109398.0,109709.0,13.424478240000001
1,109717.0,109968.0,109689.0,109866.0,66.55691983
1,109866.0,109996.0,109812.0,109996.0,7.05021845
1,109996.0,110041.0,109732.0,109810.0,32.51776421
1,109810.0,109909.0,109696.0,109751.0,7.93196142
1,109751.0,109869.0,109586.0,109648.0,5.12181623
1,109647.0,109738.0,109430.0,109524.0,28.99300764
1,109523.0,109799.0,109501.0,109559.0,7.5957957799999996
1,109558.0,109559.0,109160.0,109243.0,30.21674309
1,109243.0,109427.0,109184.0,109283.0,3.90375035
1,109285.0,109380.0,109017.0,109030.0,14.81392612
1,109029.0,109259.0,108991.0,109071.0,18.51099019
1,109071.0,109080.0,108859.0,109055.0,36.0101043
1,109054.0,109173.0,108768.0,108768.0,33.92331198
1,108762.0,108911.0,108585.0,108813.0,36.39428096
1,108813.0,109106.0,108813.0,109048.0,23.330765
1,109048.0,109107.0,108924.0,108941.0,13.15982724
1,108941.0,109147.0,108911.0,108920.0,19.6683972
1,108929.0,109023.0,108676.0,108785.0,17.50127578
1,108785.0,108872.0,108022.0,108022.0,54.468644499999996
1,108026.0,108152.0,107564.0,107873.0,73.66680761
1,107870.0,108045.0,107619.0,107619.0,25.28900595
1,107673.0,107787.0,107393.0,107673.0,22.143073310000002
1,107673.0,107962.0,107672.0,107925.0,27.56251035
1,107916.0,107924.0,107535.0,107536.0,11.93002888
1,107535.0,107675.0,107303.0,107500.0,31.0211499
1,107499.0,107822.0,107460.0,107729.0,25.97752243
1,107733.0,107961.0,107726.0,107928.0,14.52613933
1,107943.0,108287.0,107926.0,108287.0,22.328162719999998
1,108287.0,108287.0,108013.0,108033.0,14.94706679
1,108033.0,108234.0,108001.0,108233.0,4.27179728
1,108233.0,108233.0,107949.0,108024.0,6.6019668000000005
1,108024.0,108117.0,107811.0,108116.0,19.85430453
1,108117.0,108286.0,108116.0,108193.0,8.69832619
1,108195.0,108416.0,108085.0,108196.0,9.53518607
1,108196.0,108204.0,108065.0,108174.0,14.54261018
1,108183.0,108299.0,108091.0,108299.0,20.70100065
1,108299.0,108299.0,108055.0,108079.0,22.64988338
1,108088.0,108159.0,107967.0,108063.0,8.09343705
1,108063.0,108156.0,107928.0,108118.0,6.30597235
1,108119.0,108234.0,108100.0,108147.0,12.60427481
1,108147.0,108257.0,108146.0,108166.0,4.14035403
1,108165.0,108191.0,108026.0,108184.0,5.27089617
1,108186.0,108247.0,108140.0,108161.0,4.25378313
1,108168.0,108260.0,108147.0,108234.0,3.73869128
1,108234.0,108234.0,108088.0,108095.0,2.72345254
1,108096.0,108147.0,107924.0,108147.0,16.71561348
1,108146.0,108195.0,107971.0,108130.0,20.318746060000002
1,108128.0,108138.0,108015.0,108031.0,5.41683828
1,108031.0,108195.0,107985.0,108178.0,2.75582965
1,108178.0,108195.0,108020.0,108136.0,4.34134898
1,108136.0,108179.0,108102.0,108122.0,3.36564863
1,108122.0,108226.0,108105.0,108224.0,4.34001109
1,108224.0,108260.0,108221.0,108240.0,7.97693911
1,108240.0,108260.0,108157.0,108245.0,9.44547887
1,108244.0,108245.0,108105.0,108221.0,13.51547849
1,108234.0,108273.0,108104.0,108104.0,7.9867269400000005
1,108104.0,108140.0,108065.0,108084.0,2.69606426
1,108084.0,108138.0,108001.0,108029.0,3.89418335
1,108028.0,108050.0,108012.0,108043.0,2.52741722
1,108044.0,108247.0,108012.0,108183.0,11.958620550000001
1,108183.0,108229.0,108091.0,108091.0,6.043036239999999
1,108092.0,108113.0,108014.0,108050.0,4.11053577
1,108049.0,108106.0,107872.0,107889.0,8.40235453
1,107880.0,108142.0,107858.0,108021.0,20.08011688
1,108022.0,108127.0,108000.0,108109.0,4.01279535
1,108110.0,108273.0,108085.0,108271.0,8.26326342
1,108272.0,109140.0,108237.0,108797.0,84.16954743
1,108861.0,109068.0,108663.0,108964.0,43.17892099
1,108963.0,109003.0,108703.0,108918.0,6.99995299
1,108926.0,108984.0,108737.0,108881.0,4.9888489400000005
1,108878.0,108990.0,108756.0,108933.0,7.30191086
1,108933.0,108935.0,108326.0,108479.0,31.0052834
1,108482.0,108653.0,108327.0,108572.0,4.27193005
1,108573.0,108859.0,108572.0,108713.0,21.95836763
1,108712.0,109717.0,108696.0,109240.0,93.67772373
1,109240.0,109549.0,109230.0,109254.0,9.74400623
1,109265.0,109291.0,109030.0,109233.0,9.84987907
1,109231.0,109318.0,108819.0,108846.0,22.51983755
1,108846.0,109126.0,108696.0,109053.0,11.42839112
1,109051.0,109536.0,109051.0,109386.0,38.41846901
1,109391.0,109711.0,109387.0,109408.0,16.010963529999998
1,109409.0,109462.0,109160.0,109161.0,21.97329794
1,109160.0,109222.0,109055.0,109095.0,7.18858422
1,109094.0,109191.0,108795.0,108795.0,18.63337935
1,108795.0,109068.0,108690.0,109067.0,8.85695976
1,109067.0,109094.0,108888.0,109022.0,26.28911704
1,109012.0,109021.0,108779.0,108881.0,7.8495494500000005
1,108879.0,108914.0,108715.0,108715.0,17.86496877
1,108703.0,108816.0,108611.0,108658.0,6.88162446
1,108653.0,108654.0,108338.0,108339.0,18.75266879
1,108367.0,108559.0,108016.0,108539.0,103.0682069
1,108540.0,108674.0,107987.0,108247.0,78.97591869
1,108247.0,108637.0,108239.0,108309.0,30.4077677
1,108309.0,108515.0,107926.0,107981.0,62.99028411
1,107969.0,108361.0,107825.0,107941.0,37.506676840000004
1,107941.0,108094.0,107520.0,108017.0,61.47920651
1,108016.0,108312.0,108016.0,108053.0,63.485061439999996
1,108053.0,108161.0,107875.0,107893.0,21.98186637
1,107893.0,108229.0,107812.0,108185.0,14.01329632
1,108186.0,108201.0,107996.0,108031.0,7.64101246
1,108032.0,108319.0,108031.0,108287.0,4.5654094899999995
1,108286.0,108533.0,108198.0,108295.0,38.00813318
1,108294.0,108294.0,107703.0,107717.0,32.94308577
1,107717.0,107936.0,107471.0,107787.0,80.19751268
1,107786.0,107999.0,107702.0,107919.0,20.0193522
1,107919.0,108024.0,107765.0,108024.0,9.375723709999999
1,108025.0,108221.0,107990.0,108205.0,22.4313944
1,108205.0,108377.0,108139.0,108301.0,10.8455252
1,108299.0,108507.0,108231.0,108491.0,8.45866283
1,108493.0,108519.0,108287.0,108287.0,12.18968443
1,108286.0,108505.0,108247.0,108474.0,14.58751175
1,108474.0,108911.0,108436.0,108843.0,36.98796445
1,108841.0,109000.0,108768.0,108769.0,17.0000064
1,108775.0,108950.0,108715.0,108950.0,18.72026968
1,108950.0,109225.0,108664.0,109055.0,69.37307615
1,109064.0,109087.0,108287.0,108393.0,73.24549196
1,108393.0,108546.0,108251.0,108283.0,16.10524607
1,108280.0,108575.0,108118.0,108471.0,29.55472516
1,108453.0,109150.0,108448.0,109003.0,72.46654347
1,109004.0,109173.0,108919.0,109173.0,33.32137117
1,109173.0,109173.0,108750.0,108788.0,19.28820868
1,108787.0,108972.0,108659.0,108659.0,7.32177243
1,108663.0,109000.0,108638.0,108923.0,9.36527706
1,108923.0,109004.0,108847.0,108957.0,9.88831806
1,108957.0,109012.0,108860.0,108947.0,15.201791199999999
1,108947.0,108990.0,108820.0,108957.0,7.22703615
1,108957.0,109147.0,108768.0,108808.0,37.859388859999996
1,108808.0,108869.0,108637.0,108644.0,8.48892906
1,108640.0,108685.0,108377.0,108389.0,12.89305103
1,108387.0,108572.0,108352.0,108571.0,11.34840398
1,108571.0,108924.0,108521.0,108797.0,32.92246308
1,108797.0,108872.0,108702.0,108865.0,5.60481139
1,108866.0,108872.0,108692.0,108711.0,15.761027330000001
1,108710.0,108859.0,108689.0,108690.0,5.49948603
1,108690.0,108794.0,108585.0,108770.0,16.86007172
1,108770.0,108906.0,108711.0,108906.0,9.05440398
1,108906.0,109125.0,108906.0,109070.0,15.939133179999999
1,109071.0,109550.0,109019.0,109345.0,63.22772218
1,109346.0,109777.0,109186.0,109187.0,68.0620362
1,109202.0,109474.0,108524.0,108913.0,94.09754249
1,108913.0,109212.0,108839.0,109086.0,42.55290917
1,109086.0,109488.0,109059.0,109437.0,36.55978668
1,109436.0,109468.0,109054.0,109178.0,16.23333268
1,109176.0,109605.0,109150.0,109554.0,16.10624206
1,109554.0,112040.0,109530.0,111758.0,358.78634028
1,111789.0,111967.0,110612.0,110761.0,170.18448477
1,110763.0,111332.0,110727.0,110879.0,72.89367344
1,110919.0,111463.0,110919.0,111438.0,53.82744443
1,111434.0,111584.0,111281.0,111287.0,34.50500659
1,111318.0,111380.0,110959.0,110961.0,18.57085388
1,110970.0,111408.0,110935.0,111227.0,13.25233858
1,111254.0,111606.0,111208.0,111266.0,8.25774799
1,111266.0,111270.0,111035.0,111114.0,8.28911945
1,111115.0,111232.0,111009.0,111176.0,7.46628622
1,111194.0,111207.0,110996.0,111136.0,27.52983751
1,111136.0,111343.0,111136.0,111300.0,20.58258437
1,111274.0,111480.0,111196.0,111277.0,52.1406314
1,111265.0,111449.0,111182.0,111284.0,24.752094760000002
1,111283.0,111303.0,111076.0,111089.0,21.49208142
1,111089.0,111156.0,110929.0,111155.0,15.53084906
1,111155.0,111222.0,111018.0,111068.0,14.80302314
1,111060.0,111060.0,110810.0,110899.0,32.08806816
1,110896.0,111076.0,110610.0,110815.0,89.25656724
1,110856.0,111356.0,110694.0,111303.0,135.26249294
1,111302.0,111476.0,111042.0,111472.0,46.91699851
1,111476.0,112781.0,111413.0,112711.0,123.12562301
1,112748.0,113879.0,112644.0,113824.0,164.34410255999998
1,113814.0,113831.0,113046.0,113499.0,98.15301425
1,113498.0,113800.0,113197.0,113417.0,231.39447215
1,113417.0,113671.0,113376.0,113590.0,88.24165747
1,113589.0,117000.0,113483.0,116468.0,565.33015575
1,116468.0,116487.0,115788.0,115994.0,117.53261563
1,116027.0,116093.0,115673.0,116031.0,59.20823081
1,116038.0,116099.0,115226.0,115619.0,73.69563662
1,115594.0,116093.0,115427.0,115984.0,48.52016384
1,115980.0,116803.0,115725.0,116696.0,37.86353557
1,116692.0,116964.0,116418.0,116911.0,80.95504082
1,116912.0,116951.0,116474.0,116939.0,18.52379694
1,116941.0,118426.0,116939.0,117893.0,117.8791908
1,117906.0,118423.0,117675.0,117676.0,95.17946108
1,117675.0,118147.0,117500.0,117607.0,112.87297981
1,117608.0,118192.0,117608.0,118014.0,40.31624378
1,118010.0,118839.0,117940.0,118506.0,89.89106358
1,118506.0,118508.0,118006.0,118017.0,63.17986843
1,118017.0,118154.0,117635.0,117837.0,57.06968485
1,117838.0,118259.0,117755.0,117903.0,24.63871942
1,117901.0,118185.0,117275.0,117994.0,106.74627015
1,118016.0,118196.0,117450.0,117896.0,92.39602161
1,117894.0,117980.0,116738.0,116897.0,138.83187507
1,116913.0,117477.0,116650.0,117441.0,98.04247943
1,117442.0,117785.0,117224.0,117673.0,46.95704663
1,117673.0,117779.0,117338.0,117747.0,67.3567295
1,117753.0,118266.0,117497.0,118184.0,347.5592156
1,118179.0,118179.0,117731.0,117732.0,21.85567304
1,117732.0,117960.0,117520.0,117680.0,45.61876902
1,117678.0,117725.0,117238.0,117663.0,37.57285772
1,117673.0,117704.0,117486.0,117579.0,8.747735930000001
1,117579.0,117680.0,117210.0,117453.0,14.92116557
1,117453.0,117732.0,117453.0,117691.0,24.02967283
1,117691.0,117831.0,117637.0,117657.0,9.80671794
1,117656.0,117887.0,117654.0,117798.0,7.10834503
1,117811.0,117916.0,117643.0,117697.0,12.11482425
1,117709.0,117775.0,117570.0,117760.0,11.6769161
1,117760.0,118053.0,117712.0,117904.0,15.67601267
1,117901.0,118100.0,117704.0,117790.0,22.608210019999998
1,117793.0,118015.0,117793.0,117993.0,23.24322394
1,117993.0,118227.0,117927.0,118202.0,15.82930332
1,118194.0,118194.0,117920.0,118133.0,28.24431946
1,118117.0,118155.0,117704.0,117859.0,51.35094487
1,117859.0,117916.0,117369.0,117575.0,41.8029726
1,117575.0,117615.0,117266.0,117523.0,113.3458954
1,117534.0,117766.0,117379.0,117431.0,35.33056343
1,117430.0,117509.0,116971.0,117149.0,42.29289299
1,117149.0,117407.0,117095.0,117234.0,13.3686938
1,117234.0,117562.0,117212.0,117514.0,28.22314073
1,117513.0,117557.0,117411.0,117556.0,6.80518291
1,117557.0,117675.0,117478.0,117595.0,10.22116601
1,117596.0,117600.0,117084.0,117084.0,28.86907135
1,117084.0,117591.0,117056.0,117530.0,28.64819129
1,117531.0,117601.0,117357.0,117426.0,6.41252007
1,117425.0,117498.0,117266.0,117464.0,65.68124193999999
1,117464.0,117492.0,117292.0,117352.0,6.14116873
1,117353.0,117675.0,117256.0,117607.0,11.26949509
1,117554.0,117831.0,117438.0,117646.0,9.75844375
1,117647.0,117859.0,117627.0,117795.0,4.79849028
1,117807.0,117930.0,117744.0,117924.0,5.99115751
1,117923.0,117944.0,117746.0,117810.0,4.76682969
1,117804.0,118015.0,117777.0,117934.0,6.36303708
1,117933.0,118092.0,117892.0,118031.0,10.74251207
1,118043.0,118043.0,117817.0,117937.0,12.37185956
1,117936.0,117944.0,117738.0,117775.0,11.802004590000001
1,117776.0,117887.0,117776.0,117800.0,9.10703144
1,117800.0,118127.0,117799.0,118120.0,17.97430409
1,118099.0,118668.0,118044.0,118427.0,64.30656263
1,118454.0,118782.0,118213.0,118672.0,58.38496678
1,118672.0,119444.0,118426.0,118782.0,150.03342869
1,118796.0,119167.0,118597.0,118735.0,43.40997436
1,118723.0,119035.0,118566.0,118597.0,9.4974229
1,118567.0,118894.0,118444.0,118733.0,13.668416689999999
1,118747.0,119096.0,118646.0,119028.0,12.80208153
1,119027.0,119482.0,118971.0,119004.0,99.83853071
1,119004.0,119421.0,118868.0,119117.0,16.3499642
1,119103.0,119103.0,118554.0,118703.0,41.614810999999996
1,118692.0,118848.0,118320.0,118604.0,39.81772184
1,118578.0,119224.0,118454.0,119135.0,38.791782760000004
1,119140.0,119490.0,118973.0,119120.0,23.95908834
1,119126.0,119275.0,118972.0,119143.0,22.5522914
1,119140.0,120000.0,119014.0,119687.0,58.161308809999994
1,119687.0,121448.0,119647.0,120772.0,134.79279109
1,120772.0,121451.0,120593.0,121445.0,72.3563927
1,121445.0,122604.0,121174.0,122474.0,148.99525128000002
1,122496.0,122496.0,122065.0,122154.0,70.27984062
1,122143.0,123236.0,122110.0,122732.0,77.47947376
1,122731.0,122790.0,122326.0,122576.0,64.25479704
1,122576.0,122587.0,121911.0,121975.0,43.24716609
1,121987.0,122138.0,121679.0,121908.0,38.87665572
1,121908.0,121909.0,121357.0,121487.0,47.01767871
1,121486.0,121945.0,121401.0,121929.0,39.75280653
1,121928.0,122106.0,121215.0,121740.0,109.06193475
1,121770.0,121974.0,120664.0,121185.0,186.36292536
1,121185.0,121185.0,119626.0,119876.0,193.04936891
1,119877.0,120306.0,119203.0,120282.0,228.71951088
1,120282.0,120505.0,119744.0,119866.0,141.58227841000001
1,119894.0,120204.0,119632.0,119649.0,49.99896194
1,119649.0,120117.0,119611.0,119953.0,182.96997571
1,119952.0,120468.0,119569.0,120185.0,32.88038859
1,120185.0,120277.0,119853.0,120070.0,14.19376518
1,120055.0,120326.0,119954.0,120073.0,20.16364016
1,120073.0,120087.0,119790.0,119879.0,7.97160917
1,119862.0,119945.0,119196.0,119498.0,101.97778493
1,119498.0,119556.0,118361.0,118423.0,743.23563678
1,118423.0,118761.0,117407.0,118114.0,1215.17605374
1,118115.0,118120.0,116849.0,117160.0,165.4078108
1,117141.0,117509.0,116290.0,117492.0,40.16142335
1,117491.0,117775.0,116981.0,117321.0,67.92358758
1,117303.0,117304.0,116771.0,117066.0,55.06709794
1,117071.0,117250.0,116383.0,116779.0,189.60667367
1,116769.0,116856.0,116327.0,116757.0,65.95159723
1,116747.0,117182.0,116733.0,116757.0,67.77809577
1,116756.0,117154.0,116700.0,117000.0,114.69112745
1,117000.0,117126.0,116341.0,117096.0,115.73691442
1,117096.0,117421.0,116425.0,117174.0,123.10915133
1,117174.0,118382.0,117123.0,118018.0,669.65550384
1,118071.0,118437.0,115729.0,115972.0,555.93014332
1,115981.0,116702.0,115778.0,116364.0,460.91634579
1,116364.0,117674.0,116320.0,117168.0,94.01288118000001
1,117218.0,117498.0,117121.0,117361.0,270.74681506999997
1,117360.0,117361.0,116016.0,116696.0,263.74941484
1,116683.0,117199.0,116302.0,116416.0,257.9686238
1,116413.0,116688.0,116237.0,116437.0,42.82456465
1,116404.0,117568.0,116357.0,117551.0,112.48973755
1,117569.0,117872.0,117277.0,117847.0,15.42946806
1,117847.0,117986.0,117506.0,117769.0,35.01027801
1,117770.0,118181.0,117434.0,118121.0,21.41012153
1,118131.0,118210.0,117609.0,117743.0,10.94456408
1,117743.0,117770.0,117047.0,117342.0,52.62193812
1,117340.0,117539.0,117234.0,117503.0,14.028863639999999
1,117504.0,117732.0,117280.0,117626.0,9.60343304
1,117638.0,118000.0,117638.0,117859.0,44.47952749
1,117859.0,118322.0,117774.0,118295.0,23.65964624
1,118294.0,118314.0,118066.0,118199.0,24.00880608
1,118199.0,118790.0,118143.0,118705.0,41.73857233
1,118705.0,119239.0,118705.0,119188.0,49.56497728
1,119188.0,119310.0,118768.0,118768.0,41.21047461
1,118767.0,118952.0,118711.0,118795.0,20.73738046
1,118798.0,119090.0,118654.0,118655.0,65.27861764000001
1,118655.0,118939.0,118213.0,118711.0,151.47412635
1,118710.0,119327.0,118262.0,119070.0,124.27808602
1,119125.0,119850.0,118459.0,119135.0,226.60135825
1,119135.0,119381.0,118532.0,119362.0,57.62389827
1,119362.0,119749.0,119042.0,119134.0,37.181943679999996
1,119134.0,119988.0,118957.0,119548.0,55.23928983
1,119549.0,119695.0,118915.0,119298.0,138.21363018
1,119295.0,119984.0,119011.0,119963.0,63.63055076
1,119971.0,120086.0,119285.0,119372.0,54.79984406
1,119373.0,119570.0,118681.0,118697.0,68.08212435
1,118697.0,118884.0,118483.0,118718.0,50.2461567
1,118692.0,119210.0,118690.0,118947.0,49.41396085
1,118944.0,119139.0,117746.0,118205.0,86.17774198000001
1,118204.0,118570.0,118052.0,118352.0,16.01116927
1,118371.0,118403.0,117817.0,118177.0,19.35068305
1,118177.0,118528.0,118007.0,118528.0,39.25847966
1,118528.0,118697.0,118276.0,118655.0,15.3666913
1,118655.0,118822.0,118392.0,118495.0,13.40838329
1,118495.0,118603.0,117912.0,118380.0,56.85718103
1,118380.0,118483.0,118156.0,118375.0,41.784358080000004
1,118374.0,119244.0,118283.0,118828.0,70.51153373
1,118828.0,118910.0,118291.0,118410.0,62.75410401
1,118409.0,118416.0,118029.0,118044.0,27.13758718
1,118044.0,118199.0,117506.0,117960.0,96.14544081
1,117898.0,118485.0,117562.0,118327.0,61.10496688
1,118326.0,118880.0,118222.0,118825.0,80.08403244
1,118830.0,119124.0,118402.0,118928.0,104.23291096
1,118927.0,119018.0,118440.0,118612.0,69.40819847
1,118613.0,119368.0,118577.0,119335.0,67.78343616
1,119332.0,119833.0,119286.0,119640.0,76.41767168
1,119641.0,119938.0,118915.0,119007.0,245.40445717
1,119040.0,119490.0,118497.0,119488.0,101.8222926
1,119494.0,121000.0,119494.0,120345.0,153.4944942
1,120345.0,120774.0,119584.0,119842.0,45.8228832
1,119840.0,119957.0,119255.0,119275.0,31.07124173
1,119275.0,119856.0,119140.0,119832.0,66.71576178
1,119832.0,120850.0,119747.0,120432.0,86.83281486999999
1,120432.0,120493.0,120001.0,120181.0,49.413870349999996
1,120181.0,120559.0,120058.0,120314.0,18.66756289
1,120314.0,120562.0,119857.0,120512.0,22.05249619
1,120513.0,120740.0,120296.0,120686.0,56.40931257
1,120678.0,120900.0,120201.0,120345.0,31.64913682
1,120359.0,120478.0,119401.0,119448.0,68.8781673
1,119447.0,119560.0,118475.0,118695.0,79.33284703
1,118695.0,119040.0,118505.0,118956.0,31.818167120000002
1,118957.0,119313.0,118579.0,119311.0,58.90916981
1,119312.0,119325.0,118854.0,119256.0,65.28295994
1,119255.0,119567.0,119209.0,119511.0,51.60627822
1,119511.0,119511.0,118583.0,118850.0,131.67336981
1,118843.0,119325.0,117393.0,118199.0,290.87305505
1,118198.0,118340.0,117535.0,117941.0,62.65693964
1,117917.0,118121.0,117534.0,117615.0,153.15626699999999
1,117618.0,118052.0,117436.0,117641.0,34.01181148
1,117641.0,117787.0,117309.0,117380.0,36.45787125
1,117396.0,117916.0,117226.0,117445.0,226.12661094
1,117447.0,117605.0,116915.0,117484.0,80.75057257
1,117483.0,117963.0,117439.0,117748.0,24.4774348
1,117758.0,118029.0,117476.0,117765.0,75.60118127999999
1,117765.0,118086.0,117555.0,118022.0,21.71035198
1,118023.0,118114.0,117805.0,117843.0,12.462955039999999
1,117843.0,118185.0,117710.0,118109.0,23.27825618
1,118109.0,118372.0,118043.0,118286.0,27.70584116
1,118286.0,118454.0,118241.0,118412.0,16.90472398
1,118412.0,118440.0,118211.0,118231.0,14.953620990000001
1,118232.0,118377.0,118157.0,118315.0,14.05834831
1,118315.0,118353.0,118185.0,118259.0,10.90703548
1,118260.0,118398.0,118259.0,118260.0,9.86997146
1,118259.0,118358.0,118043.0,118180.0,24.125390579999998
1,118180.0,118383.0,118154.0,118324.0,8.86393156
1,118324.0,118526.0,118261.0,118514.0,10.63748603
1,118514.0,118553.0,118256.0,118393.0,22.94488809
1,118393.0,118396.0,118186.0,118292.0,21.02763315
1,118292.0,118377.0,118171.0,118261.0,7.22974633
1,118261.0,118293.0,117719.0,117741.0,32.66310701
1,117740.0,118284.0,117740.0,118117.0,32.68980296
1,118117.0,118213.0,117917.0,118024.0,35.884785
1,118024.0,118028.0,117803.0,117869.0,22.68446423
1,117868.0,118071.0,117814.0,117923.0,22.34991568
1,117923.0,118185.0,117647.0,118074.0,40.35087989
1,118073.0,118185.0,117774.0,117790.0,22.306543769999998
1,117789.0,117908.0,117352.0,117774.0,45.11183151
1,117774.0,117901.0,117603.0,117867.0,10.52570287
1,117866.0,117986.0,117817.0,117916.0,9.71485036
1,117917.0,118043.0,117734.0,118006.0,9.35146113
1,118009.0,118171.0,117967.0,118016.0,19.20996657
1,118016.0,118057.0,117846.0,118031.0,23.15325938
1,118031.0,118211.0,117817.0,118044.0,40.93773109
1,118044.0,118171.0,117972.0,118029.0,13.13091761
1,118029.0,118029.0,117873.0,117912.0,8.57650829
1,117910.0,117954.0,117845.0,117892.0,5.43803503
1,117892.0,118256.0,117892.0,118089.0,19.97699462
1,118089.0,118327.0,118089.0,118225.0,18.5693882
1,118226.0,118327.0,117972.0,117982.0,24.75121562
1,117984.0,118051.0,117944.0,117954.0,7.58670805
1,117954.0,118122.0,117887.0,117938.0,25.98393025
1,117935.0,118212.0,117788.0,118130.0,48.85788919
1,118131.0,118426.0,118124.0,118425.0,13.580073669999999
1,118426.0,118825.0,118341.0,118506.0,34.16772913
1,118524.0,118813.0,118398.0,118727.0,9.42762631
1,118746.0,118896.0,118516.0,118588.0,15.8547964
1,118589.0,118589.0,118029.0,118048.0,39.71791906
1,118155.0,118491.0,118127.0,118403.0,10.536474049999999
1,118406.0,118597.0,118248.0,118248.0,24.07153865
1,118218.0,118316.0,117930.0,118134.0,29.13142544
1,118137.0,118208.0,117893.0,118054.0,9.58422348
1,118062.0,118095.0,116551.0,117540.0,130.6197977
1,117561.0,117600.0,117042.0,117339.0,32.98285842
1,117220.0,117406.0,116594.0,117399.0,56.52807283
1,117407.0,117491.0,116860.0,117362.0,35.82032446
1,117378.0,118234.0,117378.0,118234.0,53.706756569999996
1,118241.0,118667.0,118196.0,118453.0,23.18648413
1,118450.0,118674.0,118346.0,118394.0,15.97934863
1,118391.0,118479.0,118225.0,118479.0,8.56850195
1,118479.0,119267.0,118323.0,119217.0,61.38917852
1,119210.0,119682.0,119208.0,119388.0,59.16092446
1,119388.0,119533.0,118910.0,119038.0,40.94220032
1,119054.0,119128.0,118597.0,118728.0,18.480361339999998
1,118720.0,118850.0,118384.0,118615.0,22.06970765
1,118616.0,118810.0,118114.0,118114.0,70.46599797
1,118115.0,118611.0,117831.0,118223.0,82.50107058
1,118223.0,119149.0,117933.0,118885.0,137.86989853
1,118886.0,119282.0,118497.0,118909.0,91.95077818
1,118940.0,119189.0,118347.0,118385.0,60.4181014
1,118385.0,118442.0,117562.0,117831.0,140.45353011
1,117782.0,118162.0,117419.0,117911.0,48.675855819999995
1,117911.0,118241.0,117140.0,117228.0,106.83311735
1,117227.0,117570.0,116719.0,116802.0,77.47951554
1,116803.0,117308.0,116710.0,116996.0,37.43151188
1,116995.0,117421.0,116937.0,117279.0,43.928715679999996
1,117280.0,117689.0,117181.0,117418.0,23.50221357
1,117418.0,117565.0,117183.0,117437.0,17.15941053
1,117437.0,117568.0,117057.0,117170.0,17.983399
1,117167.0,117973.0,116186.0,117815.0,140.77835509
1,117815.0,117871.0,117043.0,117094.0,61.98216466
1,117093.0,117316.0,116770.0,117250.0,33.69109074
1,117250.0,117396.0,116636.0,116636.0,30.54808552
1,116635.0,117379.0,116618.0,117367.0,71.65691784
1,117379.0,117859.0,117317.0,117859.0,26.44309882
1,117873.0,118625.0,117820.0,118035.0,87.36956623
1,118014.0,118377.0,117548.0,118328.0,57.72719478
1,118328.0,118680.0,117927.0,118473.0,17.42670463
1,118453.0,119000.0,118345.0,118977.0,58.45974804
1,118989.0,119253.0,118833.0,119226.0,43.7369108
1,119225.0,119454.0,119122.0,119354.0,27.41324997
1,119400.0,119626.0,118101.0,118202.0,91.97964105
1,118201.0,119157.0,117626.0,119150.0,95.12066151
1,119111.0,119236.0,118751.0,118963.0,35.77871067
1,118966.0,119405.0,118682.0,118740.0,44.56729009
1,118737.0,119275.0,118483.0,119272.0,45.55987594
1,119275.0,120247.0,119128.0,119797.0,110.62045925
1,119879.0,119985.0,119167.0,119344.0,49.11744075
1,119353.0,119942.0,119252.0,119765.0,40.529873519999995
1,119768.0,119830.0,119446.0,119446.0,22.06455518
1,119447.0,120057.0,119447.0,119901.0,16.6639127
1,119908.0,120297.0,119895.0,120011.0,70.87092783
1,120011.0,120165.0,119583.0,119621.0,34.153691540000004
1,119621.0,119744.0,119469.0,119555.0,11.37860891
1,119555.0,119598.0,119054.0,119146.0,25.42266965
1,119146.0,119170.0,118610.0,118675.0,29.59994516
1,118676.0,119010.0,118642.0,119010.0,20.909622119999998
1,119024.0,119039.0,118682.0,118691.0,23.50517379
1,118707.0,118771.0,118450.0,118483.0,17.21145473
1,118484.0,118648.0,118360.0,118414.0,16.37971766
1,118398.0,118597.0,118301.0,118462.0,8.92460971
1,118463.0,118513.0,117987.0,118094.0,22.46684408
1,118093.0,118440.0,117900.0,118426.0,39.82730118
1,118424.0,118682.0,118222.0,118592.0,18.89825346
1,118592.0,118711.0,117889.0,118048.0,53.16125277
1,118047.0,118255.0,117393.0,117431.0,85.93424922
1,117419.0,118256.0,117376.0,118256.0,60.86897777
1,118256.0,118753.0,117884.0,118648.0,57.05240114
1,118647.0,118647.0,117626.0,117811.0,74.16391633
1,117784.0,118168.0,117401.0,118168.0,38.40892574
1,118206.0,118440.0,118073.0,118431.0,58.87518279
1,118440.0,118559.0,118301.0,118415.0,130.8629832
1,118458.0,118558.0,117622.0,117952.0,27.045217909999998
1,117963.0,118231.0,117450.0,118161.0,65.79928384
1,118223.0,118674.0,117989.0,118630.0,51.22845
1,118632.0,118815.0,118479.0,118813.0,8.15296278
1,118795.0,119187.0,118635.0,119101.0,51.980879009999995
1,119101.0,119159.0,118897.0,119157.0,29.668099910000002
1,119158.0,119158.0,118877.0,119025.0,12.16488406
1,119025.0,119310.0,118555.0,118566.0,35.01455266
1,118590.0,118648.0,117904.0,118048.0,36.24818497
1,118030.0,118030.0,117591.0,117686.0,32.72350673
1,117682.0,117929.0,117465.0,117543.0,16.851017419999998
1,117541.0,118526.0,117201.0,118480.0,85.02715641
1,118470.0,118839.0,118290.0,118838.0,16.88407625
1,118838.0,118867.0,118398.0,118560.0,27.949557289999998
1,118595.0,118707.0,118043.0,118449.0,20.92031147
1,118448.0,118786.0,118394.0,118663.0,43.26611068
1,118634.0,118775.0,118367.0,118579.0,15.40025985
1,118574.0,118800.0,118298.0,118309.0,66.52838721
1,118314.0,119179.0,117916.0,119170.0,95.18470377
1,119134.0,119525.0,118682.0,119153.0,74.57707188
1,119153.0,119239.0,118440.0,118601.0,51.75961951
1,118601.0,119381.0,118548.0,119188.0,44.72452785
1,119189.0,119454.0,119037.0,119122.0,23.27916089
1,119121.0,119445.0,118969.0,119028.0,102.93751158
1,119025.0,119076.0,118761.0,118761.0,82.61376364
1,118759.0,118841.0,118554.0,118583.0,60.206161939999994
1,118583.0,118688.0,118257.0,118329.0,32.99382323
1,118343.0,118512.0,118241.0,118347.0,20.51796935
1,118400.0,118509.0,117699.0,117734.0,130.6954717
1,117734.0,117818.0,117238.0,117402.0,459.46162032
1,117403.0,117403.0,116420.0,116420.0,185.60052317
1,116413.0,116439.0,115369.0,115400.0,582.22901043
1,115400.0,116146.0,115100.0,116134.0,948.5640245
1,116135.0,116135.0,115341.0,115515.0,253.11505433
1,115515.0,115529.0,115258.0,115340.0,154.33641287
1,115335.0,115980.0,114518.0,115329.0,219.38589485999998
1,115327.0,115951.0,115012.0,115153.0,726.71095618
1,115153.0,116049.0,114965.0,116049.0,267.79920185
1,116030.0,116509.0,115990.0,116326.0,54.72124395
1,116331.0,116800.0,116331.0,116514.0,313.82493207
1,116516.0,116638.0,115969.0,116105.0,201.08067898
1,116113.0,116644.0,115576.0,116248.0,195.57541956
1,116269.0,116301.0,114934.0,114966.0,130.47882723
1,114973.0,115872.0,114922.0,115745.0,129.50790626
1,115744.0,116231.0,115479.0,116231.0,95.65648846
1,116213.0,116369.0,115880.0,116084.0,107.23907821
1,116084.0,116632.0,116083.0,116529.0,33.57644396
1,116528.0,117070.0,116442.0,116785.0,232.06338834
1,116785.0,117334.0,116618.0,117118.0,141.69152751
1,117118.0,117406.0,117044.0,117244.0,40.09524156
1,117256.0,117378.0,117147.0,117300.0,23.62059065
1,117300.0,117655.0,117224.0,117653.0,34.90881492
1,117652.0,117652.0,117379.0,117529.0,59.63249313
1,117541.0,117586.0,117196.0,117197.0,40.237198140000004
1,117226.0,117774.0,117226.0,117510.0,41.56291624
1,117509.0,117641.0,117509.0,117535.0,21.00633825
1,117534.0,117596.0,117463.0,117552.0,13.07139753
1,117551.0,117601.0,117484.0,117507.0,15.83324622
1,117507.0,117507.0,117378.0,117415.0,15.14368067
1,117415.0,117423.0,117367.0,117368.0,8.20604146
1,117375.0,117657.0,117375.0,117605.0,26.12033623
1,117606.0,117668.0,117507.0,117622.0,15.23844444
1,117628.0,118236.0,117586.0,118023.0,59.96299408
1,118064.0,118114.0,117845.0,117846.0,34.20348463
1,117846.0,118018.0,117831.0,117978.0,18.00394318
1,117977.0,118270.0,117907.0,118188.0,30.31592294
1,118202.0,118269.0,118030.0,118138.0,32.02484075
1,118138.0,118190.0,117901.0,118167.0,38.94412696
1,118167.0,118240.0,118059.0,118114.0,18.46462893
1,118113.0,118139.0,118043.0,118088.0,14.83724884
1,118088.0,118154.0,118001.0,118138.0,11.81789728
1,118143.0,118340.0,118086.0,118276.0,11.85807645
1,118276.0,118282.0,117944.0,118024.0,22.43190843
1,118008.0,118115.0,117950.0,118096.0,18.85264112
1,118102.0,118312.0,118038.0,118065.0,27.67321328
1,118066.0,118110.0,117950.0,117962.0,22.99020831
1,117983.0,118024.0,117888.0,118003.0,15.30545248
1,118023.0,118240.0,117962.0,118164.0,21.44173285
1,118163.0,118397.0,118084.0,118364.0,20.119673849999998
1,118364.0,118365.0,118138.0,118243.0,25.69097124
1,118249.0,118321.0,118209.0,118248.0,5.67950257
1,118275.0,118349.0,118222.0,118338.0,7.76539392
1,118338.0,118479.0,118264.0,118332.0,15.79014559
1,118331.0,118331.0,118142.0,118164.0,14.30334236
1,118164.0,118201.0,118009.0,118009.0,24.28643027
1,118011.0,118032.0,117916.0,117994.0,18.81607079
1,117995.0,118327.0,117995.0,118250.0,19.49123954
1,118254.0,118316.0,118109.0,118136.0,8.7751138
1,118135.0,118172.0,117958.0,118169.0,27.188203899999998
1,118167.0,118256.0,118148.0,118256.0,17.64026721
1,118256.0,118540.0,118225.0,118472.0,35.74756061
1,118484.0,118636.0,118312.0,118626.0,18.23442609
1,118626.0,119579.0,118626.0,119065.0,130.87871356
1,119118.0,119372.0,118898.0,119247.0,22.89019808
1,119246.0,119428.0,118992.0,119089.0,18.46201753
1,119073.0,119119.0,118933.0,119008.0,5.08925657
1,119008.0,119215.0,118785.0,118785.0,10.25769961
1,118802.0,119296.0,118783.0,119272.0,22.1984689
1,119296.0,119798.0,119264.0,119544.0,47.76252566
1,119544.0,119589.0,119224.0,119469.0,25.760368260000003
1,119514.0,119712.0,119182.0,119288.0,44.284270240000005
1,119269.0,119497.0,119010.0,119059.0,38.47944375
1,119077.0,119826.0,119053.0,119464.0,38.14895901
1,119464.0,119546.0,119219.0,119300.0,29.64983047
1,119305.0,119434.0,119181.0,119234.0,23.92858722
1,119234.0,119698.0,119174.0,119545.0,35.52087884
1,119545.0,119625.0,119452.0,119480.0,12.352381399999999
1,119441.0,119450.0,118783.0,118902.0,51.40173711
1,118901.0,119121.0,118785.0,119096.0,16.49391543
1,119070.0,119070.0,118739.0,118960.0,11.90910598
1,118960.0,118984.0,118668.0,118785.0,13.64162376
1,118784.0,118870.0,118498.0,118836.0,24.71125539
1,118836.0,119096.0,118793.0,118859.0,50.25189735
1,118863.0,119067.0,118256.0,118447.0,93.25279213
1,118423.0,118668.0,117900.0,117974.0,151.97092396
1,117965.0,118496.0,117923.0,118167.0,41.53609021
1,118163.0,118378.0,118010.0,118015.0,25.2573423
1,118015.0,118103.0,117651.0,117664.0,61.78056849
1,117662.0,117849.0,117400.0,117767.0,109.82445158
1,117768.0,118239.0,117551.0,118065.0,37.37346895
1,118065.0,118148.0,117503.0,118058.0,57.11578729
1,118027.0,118327.0,117949.0,118118.0,46.91673105
1,118124.0,118270.0,117769.0,117847.0,24.391464850000002
1,117869.0,118178.0,117802.0,118051.0,22.16072819
1,118068.0,118426.0,117576.0,117973.0,47.51581724
1,117973.0,118251.0,117770.0,117770.0,9.91223767
1,117770.0,118091.0,117464.0,118090.0,20.66240492
1,118091.0,118782.0,118091.0,118735.0,53.21395614
1,118744.0,118782.0,118426.0,118527.0,6.99129866
1,118528.0,118853.0,118528.0,118792.0,17.90904131
1,118793.0,119073.0,118739.0,118765.0,14.79018662
1,118765.0,119267.0,118763.0,118898.0,35.77947419
1,118892.0,119056.0,118762.0,118923.0,7.8794264599999995
1,118922.0,118996.0,118756.0,118781.0,8.01826497
1,118782.0,118815.0,118312.0,118326.0,47.07043773
1,118321.0,118582.0,118186.0,118581.0,27.19334312
1,118582.0,119053.0,118477.0,118898.0,33.76701914
1,118882.0,119020.0,118554.0,118605.0,43.97735673
1,118608.0,118623.0,117729.0,117818.0,86.16284757
1,117818.0,117958.0,117238.0,117397.0,110.77638115
1,117396.0,117718.0,116928.0,117713.0,141.8436863
1,117713.0,118026.0,117606.0,117759.0,78.40844965
1,117758.0,117813.0,117467.0,117583.0,25.14848586
1,117582.0,117972.0,117392.0,117481.0,87.23330437
1,117486.0,117817.0,117051.0,117464.0,186.00210167
1,117464.0,117647.0,117170.0,117604.0,38.62545963
1,117582.0,117830.0,117442.0,117830.0,23.79889699
1,117830.0,117958.0,117721.0,117926.0,8.64345246
1,117926.0,117971.0,117534.0,117734.0,46.87313494
1,117734.0,117986.0,117421.0,117854.0,34.74698789
1,117847.0,118096.0,117787.0,118008.0,13.18611239
1,118008.0,118241.0,117901.0,118144.0,13.39545655
1,118162.0,118243.0,117952.0,118000.0,18.88532174
1,118000.0,118063.0,117689.0,117967.0,23.912906420000002
1,117967.0,118298.0,117967.0,118296.0,27.03191297
1,118284.0,118383.0,118105.0,118113.0,10.58821258
1,118113.0,118454.0,117987.0,118380.0,42.83464729
1,118366.0,118412.0,118004.0,118188.0,24.83865217
1,118171.0,118411.0,117944.0,118006.0,24.15150874
1,118028.0,118177.0,117379.0,117557.0,32.28462204
1,117560.0,117887.0,117365.0,117750.0,38.49472142
1,117734.0,117852.0,117450.0,117679.0,46.86722571
1,117693.0,118711.0,117612.0,118711.0,66.89804704
1,118711.0,118775.0,117859.0,117984.0,104.48365314
1,117984.0,118023.0,117635.0,117729.0,21.04426453
1,117729.0,117950.0,117662.0,117804.0,15.78821484
1,117794.0,118034.0,116500.0,116502.0,100.7311823
1,116501.0,117084.0,115784.0,116932.0,254.54186617
1,116887.0,117295.0,116876.0,117145.0,28.56075847
1,117145.0,117323.0,116928.0,117314.0,14.46613438
1,117313.0,117509.0,117241.0,117502.0,16.97254733
1,117497.0,117900.0,117456.0,117834.0,22.05753783
1,117833.0,118521.0,117777.0,118393.0,46.829948
1,118393.0,118453.0,117986.0,118045.0,27.354602550000003
1,118045.0,118483.0,117972.0,118434.0,48.89475936
1,118426.0,118582.0,118364.0,118439.0,12.47133994
1,118455.0,118549.0,118356.0,118506.0,7.00908405
1,118506.0,118530.0,118341.0,118354.0,14.556437729999999
1,118349.0,118705.0,118284.0,118689.0,23.828457569999998
1,118688.0,118904.0,118601.0,118674.0,34.74801556
1,118675.0,118750.0,118568.0,118568.0,13.06222722
1,118582.0,118610.0,118469.0,118600.0,13.81504697
1,118593.0,118696.0,118426.0,118502.0,20.27111016
1,118501.0,118530.0,118286.0,118347.0,25.21854021
1,118346.0,118611.0,118271.0,118602.0,29.05319496
1,118602.0,118654.0,117811.0,118578.0,104.51112055
1,118562.0,118626.0,117873.0,117897.0,93.96772539
1,117897.0,118341.0,117883.0,118290.0,79.93238957
1,118290.0,118867.0,118228.0,118510.0,56.085527590000005
1,118511.0,118533.0,117720.0,117724.0,64.38763527
1,117733.0,117988.0,117400.0,117641.0,35.81928101
1,117638.0,117745.0,116739.0,116767.0,85.45603965000001
1,116760.0,116967.0,116426.0,116489.0,49.61565447
1,116472.0,116891.0,116231.0,116546.0,48.7789882
1,116511.0,116511.0,116008.0,116008.0,26.86118397
1,116007.0,116374.0,115512.0,115750.0,60.18389267
1,115749.0,115908.0,114322.0,115425.0,193.18616552
1,115425.0,115576.0,114602.0,115318.0,87.82533659
1,115300.0,116010.0,115224.0,115949.0,62.95252127
1,115953.0,116054.0,115609.0,115643.0,7.47884494
1,115638.0,115700.0,115272.0,115698.0,45.19291459
1,115696.0,115882.0,115379.0,115569.0,46.728957890000004
1,115568.0,115639.0,115078.0,115160.0,28.65253059
1,115162.0,115301.0,114621.0,115063.0,30.57115169
1,115055.0,115055.0,114116.0,114580.0,94.14650961000001
1,114563.0,115320.0,114543.0,114913.0,60.64547875
1,114906.0,115183.0,114678.0,114710.0,51.059641850000006
1,114720.0,115293.0,114568.0,115255.0,81.57343515
1,115260.0,115871.0,115104.0,115712.0,91.38030502
1,115712.0,115983.0,114138.0,114324.0,205.31273572
1,114299.0,115802.0,113900.0,115578.0,260.46816554
1,115578.0,115606.0,114644.0,115320.0,116.55172043
1,115320.0,115667.0,114802.0,114964.0,79.09970535
1,114964.0,115041.0,114307.0,114375.0,91.1080615
1,114375.0,114447.0,113547.0,113780.0,191.52000917
1,113780.0,113870.0,113175.0,113261.0,181.55642434
1,113260.0,113910.0,113121.0,113896.0,63.731304709999996
1,113889.0,114020.0,113669.0,113825.0,65.17629206
1,113825.0,113955.0,112680.0,113081.0,99.79776632
1,113081.0,113495.0,112890.0,113243.0,94.07146031
1,113243.0,113790.0,113150.0,113762.0,58.26164235
1,113763.0,113856.0,113387.0,113610.0,37.35303854
1,113610.0,113724.0,113504.0,113669.0,19.948819020000002
1,113670.0,113856.0,113670.0,113856.0,16.37318182
1,113856.0,114003.0,113791.0,113994.0,23.1143884
1,114004.0,114008.0,113829.0,113945.0,22.056046350000003
1,113945.0,113950.0,113447.0,113677.0,46.12404642
1,113676.0,113979.0,113543.0,113949.0,44.95837793
1,113950.0,114005.0,113664.0,113664.0,27.66421601
1,113665.0,113801.0,113557.0,113651.0,27.36221089
1,113651.0,113667.0,113419.0,113537.0,23.43527809
1,113537.0,113866.0,113431.0,113764.0,31.06600896
1,113763.0,113763.0,113529.0,113599.0,29.46480429
1,113592.0,113610.0,113215.0,113422.0,45.46734006
1,113421.0,113487.0,112930.0,113090.0,53.95055516
1,113090.0,113378.0,112781.0,112800.0,94.91650831000001
1,112800.0,113215.0,112702.0,113159.0,63.48553645
1,113175.0,113456.0,112575.0,112699.0,84.35553438
1,112699.0,112889.0,112080.0,112269.0,57.32435927
1,112299.0,112903.0,111987.0,112228.0,111.3680318
1,112214.0,112752.0,112066.0,112752.0,50.26915555
1,112754.0,113038.0,112524.0,112848.0,45.836978169999995
1,112839.0,112986.0,112552.0,112851.0,29.07330525
1,112851.0,112851.0,112272.0,112522.0,50.4415309
1,112522.0,112944.0,111919.0,112919.0,104.66311767
1,112904.0,113229.0,112808.0,113066.0,43.06275901
1,113097.0,113479.0,113096.0,113479.0,38.8308813
1,113479.0,113705.0,113426.0,113574.0,33.76704583
1,113568.0,113568.0,113326.0,113455.0,8.63887194
1,113457.0,113652.0,113393.0,113605.0,11.4109386
1,113613.0,113630.0,113487.0,113539.0,5.99394034
1,113546.0,113692.0,113546.0,113692.0,6.49155002
1,113692.0,113794.0,113543.0,113684.0,21.926729339999998
1,113685.0,113712.0,113617.0,113644.0,10.37530157
1,113644.0,113893.0,113644.0,113893.0,21.22901448
1,113893.0,114227.0,113883.0,113883.0,67.88656354
1,113883.0,114089.0,113678.0,114019.0,37.52873646
1,114017.0,114094.0,113828.0,113945.0,17.99306263
1,113953.0,114047.0,113597.0,113797.0,21.7812399
1,113780.0,113951.0,113669.0,113951.0,24.69110693
1,113950.0,114020.0,113775.0,114001.0,10.93441466
1,114001.0,114161.0,113956.0,114126.0,21.0433222
1,114128.0,114445.0,114072.0,114388.0,57.11979527
1,114398.0,114774.0,114280.0,114315.0,53.69900844
1,114315.0,114465.0,114185.0,114428.0,29.06152346
1,114412.0,114541.0,114372.0,114461.0,23.24577861
1,114462.0,114609.0,114079.0,114318.0,44.33079144
1,114319.0,114509.0,114198.0,114226.0,42.00268173
1,114245.0,114926.0,114143.0,114902.0,58.16853495
1,114907.0,114995.0,114637.0,114679.0,55.81992406
1,114679.0,114885.0,114459.0,114816.0,31.102899439999998
1,114820.0,114820.0,114533.0,114594.0,6.79721784
1,114596.0,114663.0,114376.0,114377.0,22.04380091
1,114377.0,114430.0,114211.0,114404.0,10.53138192
1,114405.0,114488.0,114184.0,114442.0,8.145795080000001
1,114406.0,114782.0,114405.0,114687.0,33.1622651
1,114686.0,114767.0,114372.0,114563.0,12.94013688
1,114564.0,114753.0,114321.0,114322.0,24.05812221
1,114322.0,114512.0,114243.0,114259.0,49.04095435
1,114253.0,114531.0,114225.0,114506.0,33.29303264
1,114506.0,114553.0,114325.0,114454.0,33.24151227
1,114455.0,114926.0,114129.0,114924.0,89.48347045
1,114924.0,115479.0,114672.0,114748.0,206.64030499
1,114753.0,115032.0,114568.0,114839.0,23.05195571
1,114839.0,115410.0,114839.0,115306.0,46.79003352
1,115302.0,115732.0,115147.0,115204.0,53.58981158
1,115207.0,115332.0,114915.0,114967.0,21.403131979999998
1,114942.0,115139.0,114720.0,114754.0,15.35786173
1,114753.0,115037.0,114625.0,114807.0,36.44736695
1,114798.0,115258.0,114798.0,115126.0,30.94952087
1,115125.0,115382.0,115099.0,115343.0,23.66959748
1,115365.0,115365.0,115050.0,115051.0,7.54787632
1,115051.0,115106.0,114843.0,114874.0,25.870061070000002
1,114873.0,115039.0,114692.0,114693.0,14.581784619999999
1,114698.0,114823.0,114623.0,114716.0,7.41468698
1,114716.0,114747.0,114252.0,114253.0,24.62383898
1,114252.0,114417.0,114171.0,114325.0,10.47011026
1,114301.0,114458.0,114252.0,114395.0,21.81463589
1,114398.0,114486.0,114110.0,114161.0,28.22648193
1,114153.0,114376.0,113705.0,113965.0,65.41305638
1,113965.0,114499.0,113924.0,114263.0,39.24704484
1,114299.0,114785.0,114299.0,114679.0,22.31180594
1,114734.0,115078.0,114574.0,114822.0,29.31337701
1,114848.0,114950.0,114722.0,114822.0,12.488895340000001
1,114822.0,114899.0,113555.0,113923.0,158.47356235
1,113875.0,114574.0,113875.0,114373.0,68.20147536
1,114372.0,114393.0,112660.0,113049.0,139.29768205
1,112927.0,113202.0,112687.0,112916.0,32.86315798
1,112917.0,113324.0,112808.0,113149.0,46.77616904
1,113150.0,113624.0,113070.0,113611.0,35.1530091
1,113588.0,113624.0,113247.0,113624.0,8.17629929
1,113624.0,113746.0,113381.0,113603.0,19.93952737
1,113631.0,113975.0,113476.0,113686.0,17.77398814
1,113687.0,113859.0,113557.0,113578.0,43.668690559999995
1,113568.0,113965.0,113298.0,113952.0,51.196858129999995
1,113952.0,114210.0,113911.0,114133.0,18.51017611
1,114129.0,114129.0,113760.0,113880.0,9.11537114
1,113875.0,113934.0,113596.0,113820.0,32.45676582
1,113807.0,113822.0,113501.0,113622.0,11.88842691
1,113622.0,113659.0,113407.0,113514.0,7.60780353
1,113487.0,113571.0,113365.0,113432.0,5.99029669
1,113431.0,114390.0,113390.0,114133.0,49.44883891
1,114143.0,114188.0,113938.0,114077.0,21.575725679999998
1,114083.0,114291.0,114011.0,114231.0,5.83988542
1,114192.0,114251.0,113733.0,113935.0,16.09656647
1,113924.0,114361.0,113906.0,114081.0,31.537306779999998
1,114093.0,114218.0,113895.0,114067.0,30.14949284
1,114094.0,114402.0,113990.0,114232.0,37.83189496
1,114239.0,114335.0,113816.0,113902.0,80.62498971
1,113959.0,114386.0,113570.0,114288.0,122.14716938
1,114280.0,115258.0,113869.0,115213.0,150.69491633
1,115214.0,115507.0,114829.0,115472.0,115.98905083000001
1,115423.0,115499.0,114933.0,115107.0,73.89586943
1,115131.0,115541.0,115014.0,115538.0,58.77684656
1,115545.0,115729.0,115332.0,115444.0,97.20440597
1,115445.0,115557.0,115149.0,115295.0,91.65095708
1,115294.0,115307.0,115012.0,115130.0,49.32296196
1,115072.0,115256.0,114831.0,115093.0,29.94958676
1,115120.0,115251.0,115074.0,115145.0,60.94810344
1,115143.0,115155.0,115001.0,115030.0,11.89388523
1,115030.0,115054.0,114888.0,114927.0,10.890626580000001
1,114929.0,115216.0,114623.0,114794.0,49.5172239
1,114787.0,114889.0,114446.0,114599.0,20.98599704
1,114589.0,114637.0,114431.0,114571.0,15.4769895
1,114555.0,114667.0,114280.0,114384.0,48.71140752
1,114383.0,114582.0,114297.0,114582.0,12.30726975
1,114589.0,114788.0,114526.0,114690.0,23.8078275
1,114690.0,114898.0,114656.0,114815.0,12.81233578
1,114814.0,115193.0,114814.0,114979.0,27.57860686
1,114979.0,115096.0,114887.0,115091.0,24.34113133
1,115082.0,116452.0,115061.0,116369.0,143.39245986
1,116381.0,116848.0,116381.0,116541.0,102.30385573
1,116553.0,116615.0,116053.0,116387.0,42.86470066
1,116394.0,116774.0,116221.0,116677.0,59.66759555
1,116714.0,116715.0,116231.0,116388.0,82.47127372
1,116433.0,116838.0,116272.0,116730.0,84.26881673
1,116747.0,116802.0,115684.0,116293.0,128.77637836
1,116302.0,116591.0,116160.0,116520.0,69.10176207
1,116551.0,116607.0,116188.0,116587.0,88.57199223
1,116595.0,117577.0,116535.0,117542.0,222.9889688
1,117536.0,117559.0,117191.0,117219.0,56.57158351
1,117250.0,117414.0,117070.0,117142.0,35.534818369999996
1,117148.0,117675.0,117139.0,117611.0,52.17719262
1,117611.0,117632.0,117332.0,117515.0,32.46220407
1,117515.0,117661.0,116902.0,117312.0,105.77578136999999
1,117311.0,117311.0,116821.0,116920.0,80.0193097
1,116920.0,116956.0,116722.0,116734.0,36.2781573
1,116734.0,117008.0,116719.0,116774.0,39.22134311
1,116774.0,116902.0,116695.0,116795.0,16.450343619999998
1,116795.0,116795.0,116552.0,116568.0,22.91497156
1,116561.0,116786.0,116397.0,116786.0,101.22922034999999
1,116769.0,116999.0,116593.0,116861.0,60.13310799
1,116854.0,116962.0,116485.0,116666.0,35.700021490000005
1,116665.0,116795.0,116525.0,116722.0,31.250599049999998
1,116723.0,116765.0,116351.0,116567.0,21.62467738
1,116571.0,116929.0,116571.0,116923.0,30.806970500000002
1,116923.0,116923.0,116536.0,116540.0,15.59077644
1,116540.0,116985.0,116536.0,116948.0,51.825628619999996
1,116955.0,117309.0,116398.0,116513.0,131.82715722
1,116516.0,116554.0,115896.0,116209.0,127.45079544
1,116208.0,116377.0,115997.0,116187.0,46.54479534
1,116204.0,116716.0,116164.0,116716.0,43.25192409
1,116720.0,116911.0,116355.0,116517.0,60.54919221
1,116522.0,116756.0,116363.0,116491.0,384.63747596
1,116475.0,116915.0,116345.0,116915.0,59.65770529
1,116915.0,116997.0,116765.0,116944.0,32.26080633
1,116944.0,116999.0,116764.0,116898.0,18.61875063
1,116905.0,116935.0,116649.0,116675.0,45.51587698
1,116675.0,116765.0,116571.0,116589.0,66.80133498000001
1,116589.0,116663.0,116524.0,116560.0,81.04451661
1,116556.0,116556.0,116381.0,116391.0,104.93017721
1,116388.0,116490.0,116350.0,116393.0,31.26312389
1,116393.0,116691.0,116369.0,116463.0,31.07455289
1,116463.0,116985.0,116440.0,116742.0,41.43126511
1,116743.0,116760.0,116565.0,116680.0,24.14775726
1,116681.0,116915.0,116648.0,116776.0,23.549914
1,116780.0,117181.0,116767.0,117112.0,45.04608573
1,117112.0,117513.0,117069.0,117513.0,29.419323340000002
1,117513.0,117929.0,117395.0,117451.0,60.0243577
1,117452.0,117482.0,117093.0,117115.0,35.50687546
1,117116.0,117251.0,117029.0,117126.0,33.24546299
1,117120.0,117171.0,116893.0,116979.0,27.66680739
1,116975.0,117017.0,116789.0,116984.0,21.87263927
1,116981.0,117152.0,116734.0,116912.0,52.9953957
1,116912.0,116957.0,116656.0,116668.0,27.97912645
1,116667.0,116814.0,116646.0,116704.0,14.61996193
1,116703.0,116750.0,116576.0,116650.0,34.65946213
1,116654.0,116747.0,116549.0,116567.0,32.88120139
1,116567.0,117035.0,116525.0,116801.0,63.07460273
1,116791.0,116821.0,116412.0,116583.0,50.91734906
1,116547.0,116777.0,116528.0,116571.0,35.399550409999996
1,116571.0,116622.0,116467.0,116495.0,16.43994926
1,116490.0,116770.0,116490.0,116768.0,19.23839043
1,116772.0,116800.0,116566.0,116603.0,25.34321025
1,116603.0,117330.0,116603.0,117330.0,53.53402843
1,117330.0,118500.0,117259.0,118500.0,175.30281265
1,118499.0,118760.0,118408.0,118505.0,29.33599079
1,118505.0,118525.0,117930.0,118062.0,47.89351834
1,118062.0,118184.0,117760.0,118089.0,15.57396461
1,118081.0,118236.0,117495.0,117803.0,20.6134858
1,117818.0,118399.0,117620.0,118316.0,14.57236964
1,118317.0,118440.0,118111.0,118302.0,6.38431924
1,118290.0,118294.0,118005.0,118016.0,6.92837938
1,118017.0,118500.0,117941.0,118324.0,43.40432729
1,118325.0,118739.0,118239.0,118511.0,32.84040251
1,118511.0,118688.0,118370.0,118462.0,25.300901370000002
1,118452.0,118845.0,118328.0,118781.0,29.87855002
1,118783.0,119154.0,118568.0,118818.0,54.41320643
1,118817.0,118924.0,118619.0,118682.0,63.77966333
1,118663.0,118702.0,118455.0,118526.0,39.7406755
1,118509.0,118624.0,118440.0,118556.0,20.46472895
1,118555.0,118735.0,118461.0,118675.0,24.46231479
1,118675.0,118767.0,118108.0,118355.0,99.3564288
1,118341.0,118711.0,118109.0,118711.0,52.389457300000004
1,118725.0,119053.0,118630.0,119053.0,41.59660342
1,119067.0,119310.0,118869.0,119310.0,75.87827944
1,119312.0,119497.0,119140.0,119149.0,91.41595812999999
1,119148.0,120000.0,119000.0,119999.0,130.3303378
1,119999.0,121901.0,119967.0,121876.0,227.31675645
1,121876.0,122155.0,121550.0,121705.0,102.34819887
1,121705.0,122175.0,121603.0,122079.0,119.97184326
1,122069.0,122300.0,121800.0,122032.0,61.032255129999996
1,122032.0,122312.0,121928.0,122292.0,43.45999386
1,122294.0,122303.0,121461.0,121525.0,54.651640289999996
1,121523.0,121800.0,121215.0,121662.0,78.50670655
1,121664.0,121677.0,121113.0,121395.0,64.61167668
1,121403.0,121430.0,120939.0,121161.0,46.96593388
1,121149.0,121230.0,120273.0,120533.0,102.75050278
1,120532.0,120632.0,119497.0,119612.0,170.32415186
1,119628.0,120300.0,119350.0,119976.0,102.60612277
1,119986.0,120574.0,119796.0,120222.0,50.42208617
1,120220.0,120399.0,119808.0,120306.0,105.07372164
1,120295.0,120791.0,119908.0,119950.0,35.43988388
1,119940.0,120154.0,119466.0,119505.0,74.57826505999999
1,119505.0,119887.0,119271.0,119755.0,28.56266265
1,119777.0,119777.0,118654.0,119077.0,165.0872785
1,119078.0,119082.0,118582.0,118836.0,41.23114885
1,118791.0,119185.0,118043.0,118725.0,83.43783915
1,118725.0,118931.0,118289.0,118904.0,64.32915837
1,118905.0,118905.0,118603.0,118712.0,16.65196946
1,118711.0,119039.0,118619.0,118982.0,39.09192232
1,118972.0,119147.0,118791.0,119003.0,64.89356117
1,119001.0,119305.0,118856.0,119078.0,64.37396837
1,119078.0,119134.0,118768.0,118862.0,32.97786107
1,118852.0,119153.0,118810.0,119066.0,29.8468356
1,119065.0,119065.0,118440.0,118825.0,85.30942279
1,118824.0,119038.0,118625.0,118841.0,81.36308535
1,118841.0,119153.0,118841.0,118992.0,34.27401583
1,118992.0,119047.0,118753.0,118809.0,45.254496079999996
1,118805.0,118886.0,118426.0,118426.0,61.7343464
1,118427.0,118653.0,118224.0,118441.0,66.42977882
1,118443.0,118652.0,118214.0,118548.0,46.40536472
1,118488.0,119272.0,118270.0,119272.0,164.64619951
1,119275.0,119711.0,118625.0,118840.0,194.3974152
1,118845.0,119438.0,118745.0,119438.0,122.77316564
1,119447.0,119973.0,119307.0,119943.0,133.61712495
1,119947.0,120207.0,119522.0,119658.0,103.2757383
1,119668.0,119876.0,119185.0,119284.0,52.8416229
1,119284.0,120097.0,119267.0,119345.0,47.3415303
1,119345.0,119982.0,119299.0,119657.0,74.16995845
1,119657.0,120304.0,119495.0,120187.0,129.43910043
1,120185.0,120185.0,119785.0,119888.0,58.81207101
1,119889.0,120082.0,119627.0,120077.0,67.59897061
1,120077.0,120273.0,119880.0,120107.0,33.46509321
1,120113.0,120169.0,119634.0,119694.0,76.13205547
1,119692.0,119702.0,119343.0,119451.0,75.85359599
1,119451.0,119720.0,119075.0,119533.0,79.80432468
1,119535.0,119622.0,119296.0,119468.0,45.01372131
1,119468.0,119827.0,119326.0,119332.0,61.123668959999996
1,119332.0,119674.0,118940.0,119065.0,43.3940554
1,119066.0,119432.0,118953.0,119422.0,34.37745029
1,119422.0,119626.0,119294.0,119619.0,28.087787810000002
1,119583.0,120050.0,119450.0,120050.0,72.55805591000001
1,120050.0,120160.0,119784.0,120117.0,66.61558894
1,120115.0,120488.0,120034.0,120487.0,112.26549753
1,120488.0,120714.0,120417.0,120564.0,50.25181205
1,120561.0,120681.0,120204.0,120274.0,86.01149996
1,120281.0,122047.0,120129.0,121769.0,231.78990487000002
1,121775.0,122208.0,120781.0,120892.0,297.81603856
1,120918.0,121361.0,120346.0,120940.0,284.90906056
1,120955.0,121755.0,120954.0,121455.0,117.48419297
1,121454.0,121903.0,121435.0,121826.0,100.37199654999999
1,121825.0,121982.0,121461.0,121660.0,66.39154536
1,121654.0,122884.0,121537.0,122774.0,231.88205915
1,122811.0,123054.0,122504.0,122972.0,74.41485693
1,122972.0,123062.0,122376.0,122602.0,97.85816052999999
1,122640.0,123682.0,122639.0,123011.0,195.22039991
1,123019.0,123715.0,122974.0,123360.0,94.88360494999999
1,123360.0,124517.0,123307.0,123898.0,136.7535597
1,123905.0,124001.0,123395.0,123395.0,41.093095760000004
1,123394.0,123746.0,123328.0,123719.0,19.98637443
1,123718.0,123905.0,123357.0,123415.0,54.63599338
1,123400.0,123472.0,123076.0,123076.0,42.30565007
1,123063.0,123183.0,122141.0,122195.0,61.27073656
1,122195.0,122195.0,121365.0,121828.0,102.84815817
1,121825.0,122076.0,121572.0,121773.0,45.55425475
1,121784.0,122076.0,121616.0,121678.0,22.43549978
1,121673.0,121973.0,121579.0,121727.0,18.87760634
1,121719.0,121841.0,120824.0,121000.0,151.31140854999998
1,120998.0,121078.0,120760.0,121019.0,95.79555495
1,121019.0,121186.0,117719.0,118939.0,440.87095571
1,118927.0,119307.0,117774.0,118498.0,257.07108158
1,118497.0,119421.0,118058.0,118838.0,140.52334994
1,118875.0,118965.0,117926.0,118318.0,85.06864105
1,118297.0,118297.0,117439.0,117934.0,195.87504044
1,117927.0,118194.0,117569.0,117963.0,106.8228285
1,117963.0,118307.0,117201.0,118144.0,115.39463834
1,118150.0,118621.0,118000.0,118019.0,146.54280639
1,118018.0,118225.0,117807.0,117958.0,70.04871452
1,117947.0,118281.0,117396.0,117987.0,78.02413699
1,117987.0,118440.0,117729.0,118366.0,93.81827967999999
1,118367.0,118611.0,118323.0,118394.0,45.21487407
1,118393.0,118580.0,118137.0,118278.0,38.21654211
1,118278.0,118857.0,118139.0,118793.0,44.88508754
1,118794.0,119004.0,118695.0,118822.0,49.86128967
1,118822.0,119196.0,118734.0,119091.0,32.037120019999996
1,119091.0,119336.0,118899.0,118964.0,42.97045017
1,118960.0,119081.0,118754.0,119080.0,50.53408444
1,119077.0,119325.0,118973.0,119189.0,43.67189171
1,119189.0,119211.0,118832.0,119041.0,33.61661999
1,119041.0,119248.0,118975.0,118975.0,47.519748469999996
1,118967.0,119134.0,118669.0,118788.0,33.30308959
1,118789.0,119114.0,118789.0,118971.0,46.89374657
1,118971.0,119185.0,118971.0,119097.0,29.62965197
1,119090.0,119196.0,118611.0,118728.0,97.26663026
1,118751.0,118827.0,117802.0,117843.0,169.69566145
1,117842.0,118320.0,117309.0,117462.0,171.9258571
1,117453.0,117637.0,116900.0,117332.0,191.43675318
1,117332.0,117484.0,116856.0,117435.0,59.62921497
1,117423.0,117933.0,117052.0,117679.0,33.03450575
1,117674.0,117727.0,117093.0,117224.0,17.59659495
1,117237.0,117483.0,116914.0,116993.0,80.1749561
1,117011.0,117404.0,116909.0,117364.0,39.63631789
1,117365.0,117441.0,117084.0,117403.0,15.25454536
1,117404.0,117828.0,117387.0,117795.0,49.35998904
1,117795.0,117859.0,117140.0,117446.0,62.79465645
1,117445.0,117880.0,117337.0,117835.0,78.62942083
1,117836.0,118057.0,117726.0,117928.0,51.29892778
1,117927.0,117927.0,117549.0,117612.0,53.14824716
1,117614.0,117787.0,117494.0,117533.0,29.172606899999998
1,117533.0,117980.0,117517.0,117916.0,43.09063122
1,117916.0,117955.0,117633.0,117693.0,25.50702231
1,117705.0,117741.0,117394.0,117501.0,38.55434803
1,117500.0,117772.0,117454.0,117706.0,35.00767245
1,117693.0,117764.0,117585.0,117717.0,30.54991348
1,117717.0,117799.0,117407.0,117407.0,37.299122929999996
1,117402.0,117536.0,117252.0,117471.0,46.15730322
1,117473.0,117627.0,117433.0,117443.0,26.29410897
1,117460.0,117828.0,117412.0,117828.0,32.213438
1,117827.0,117873.0,117671.0,117711.0,45.05525213
1,117712.0,117870.0,117624.0,117866.0,42.40980342
1,117866.0,117909.0,117703.0,117764.0,31.34099091
1,117765.0,117905.0,117765.0,117834.0,26.02004225
1,117833.0,117850.0,117747.0,117782.0,16.13871425
1,117782.0,117838.0,117705.0,117767.0,11.68044952
1,117768.0,117845.0,117736.0,117756.0,12.30255426
1,117748.0,117788.0,117610.0,117736.0,25.8323844
1,117736.0,117736.0,117526.0,117548.0,14.481540599999999
1,117531.0,117623.0,117309.0,117558.0,35.4607583
1,117557.0,117565.0,117374.0,117460.0,30.91253891
1,117451.0,117506.0,117342.0,117342.0,14.99956598
1,117342.0,117562.0,117266.0,117520.0,58.37077447
1,117520.0,117689.0,117467.0,117686.0,14.30735449
1,117688.0,117825.0,117585.0,117759.0,16.31278546
1,117759.0,118270.0,117758.0,118164.0,44.20379697
1,118164.0,118321.0,118085.0,118088.0,57.11499119
1,118088.0,118194.0,117977.0,118004.0,31.70991109
1,118004.0,118125.0,117931.0,118095.0,27.5283116
1,118095.0,118454.0,118010.0,118454.0,23.98430491
1,118441.0,118554.0,118291.0,118395.0,47.01904898
1,118393.0,118450.0,118247.0,118450.0,21.01108959
1,118446.0,118454.0,118334.0,118365.0,17.50867212
1,118365.0,118420.0,118200.0,118221.0,19.72087579
1,118221.0,118626.0,118132.0,118491.0,40.99682773
1,118494.0,118541.0,118217.0,118218.0,32.53605144
1,118218.0,118323.0,118200.0,118305.0,19.57624205
1,118318.0,118375.0,117781.0,117891.0,45.17478025
1,117877.0,118008.0,117719.0,117973.0,33.32462571
1,117975.0,118015.0,117399.0,117609.0,43.65098931
1,117612.0,117817.0,117526.0,117648.0,41.71090916
1,117633.0,117820.0,117575.0,117699.0,21.92428792
1,117699.0,117845.0,117682.0,117778.0,39.55723708
1,117777.0,118071.0,117759.0,118033.0,55.03718418
1,118033.0,118055.0,117447.0,117490.0,55.22178445
1,117465.0,117622.0,117098.0,117374.0,103.68317008
1,117373.0,117487.0,116257.0,116349.0,167.95613485
1,116307.0,116395.0,115389.0,115535.0,102.89439906
1,115532.0,115707.0,115059.0,115387.0,128.49002509000002
1,115388.0,115606.0,115155.0,115542.0,79.09175054
1,115545.0,115771.0,115079.0,115760.0,29.50337339
1,115769.0,115792.0,114955.0,115329.0,38.55182817
1,115330.0,115556.0,115260.0,115268.0,48.06641321
1,115275.0,115451.0,115140.0,115193.0,49.4363564
1,115193.0,115193.0,114706.0,115098.0,162.53809976
1,115099.0,115327.0,115048.0,115130.0,30.74262204
1,115130.0,115214.0,114926.0,115005.0,87.82615745
1,115005.0,115562.0,114972.0,115562.0,33.835351360000004
1,115562.0,115784.0,114899.0,114899.0,135.44924781
1,114910.0,115673.0,114909.0,115673.0,173.46789903
1,115672.0,116220.0,115445.0,116212.0,78.83277878999999
1,116185.0,116411.0,115923.0,116027.0,72.98500591
1,116027.0,116864.0,116023.0,116481.0,61.18866213
1,116460.0,116644.0,116290.0,116548.0,95.60267626
1,116548.0,116713.0,116258.0,116345.0,59.873141589999996
1,116364.0,116604.0,116057.0,116478.0,36.89980301
1,116487.0,116752.0,116469.0,116713.0,73.93011931
1,116713.0,117033.0,116479.0,116479.0,61.51993056
1,116468.0,116599.0,116162.0,116265.0,26.07156317
1,116295.0,116593.0,115618.0,116593.0,82.85061966
1,116593.0,116765.0,115778.0,115849.0,49.984409400000004
1,115849.0,116100.0,115693.0,115796.0,26.72920549
1,115798.0,115802.0,114871.0,114872.0,71.60622465
1,114885.0,115396.0,114442.0,115338.0,93.68135585
1,115342.0,115507.0,115011.0,115027.0,44.93081342
1,115027.0,115267.0,114968.0,115060.0,19.15432913
1,115065.0,115104.0,114667.0,115026.0,30.67043245
1,115016.0,115355.0,114838.0,115260.0,55.78585146
1,115238.0,115544.0,115238.0,115369.0,75.9685382
1,115368.0,115618.0,115350.0,115440.0,36.22831353
1,115446.0,115701.0,115446.0,115539.0,39.83492894
1,115539.0,115660.0,115316.0,115599.0,49.21624717
1,115642.0,115882.0,114912.0,115211.0,146.07649704
1,115212.0,115381.0,113776.0,113891.0,241.84179826
1,113909.0,114157.0,113588.0,113770.0,109.24659145
1,113785.0,113902.0,113331.0,113392.0,67.38742016
1,113336.0,113592.0,113109.0,113513.0,76.76592348
1,113509.0,113509.0,112808.0,113047.0,99.22557145
1,113047.0,113543.0,112730.0,113098.0,71.84375527
1,113095.0,113560.0,112903.0,113555.0,74.82176004
1,113556.0,113567.0,113392.0,113393.0,34.73252958
1,113393.0,113399.0,113049.0,113159.0,27.39497027
1,113160.0,113169.0,112702.0,112870.0,50.77012662
1,112870.0,113310.0,112829.0,113198.0,55.98350765
1,113198.0,113392.0,112580.0,112984.0,82.52471792
1,112984.0,113474.0,112937.0,113418.0,38.26942315
1,113418.0,113624.0,113314.0,113523.0,26.3754033
1,113524.0,113678.0,113456.0,113629.0,13.20325808
1,113630.0,113759.0,113467.0,113690.0,20.01724834
1,113691.0,113726.0,113497.0,113660.0,23.07208139
1,113670.0,113828.0,113447.0,113477.0,36.84388141
1,113477.0,114198.0,113420.0,114010.0,105.88233933000001
1,114004.0,114004.0,113637.0,113679.0,74.91227983
1,113679.0,113865.0,113583.0,113765.0,106.55792327
1,113774.0,113826.0,113067.0,113656.0,67.07911672
1,113656.0,113938.0,113529.0,113674.0,84.32777431
1,113674.0,113674.0,112606.0,112691.0,169.9392643
1,112692.0,113852.0,112353.0,113447.0,263.96831236
1,113397.0,114323.0,113242.0,113318.0,190.76825476
1,113342.0,114331.0,113263.0,113851.0,144.95606745
1,113851.0,114455.0,113780.0,114209.0,82.7814598
1,114210.0,114288.0,113270.0,113499.0,164.33959579
1,113499.0,114334.0,113467.0,114269.0,184.3919842
1,114269.0,114384.0,113995.0,114380.0,74.37889304
1,114380.0,114472.0,113998.0,114350.0,63.82828343
1,114349.0,114618.0,114204.0,114594.0,110.05577338
1,114576.0,114608.0,114210.0,114263.0,76.6990612
1,114263.0,114487.0,114013.0,114288.0,81.98225296
1,114288.0,114719.0,113944.0,114719.0,116.38472881
1,114710.0,114801.0,113899.0,114023.0,57.21644712
1,114022.0,114519.0,113952.0,113952.0,85.61121374
1,113952.0,114014.0,113792.0,113793.0,57.88143907
1,113793.0,113998.0,113624.0,113980.0,33.45314386
1,113980.0,113980.0,113601.0,113792.0,23.69154452
1,113785.0,113921.0,113569.0,113883.0,25.49218854
1,113882.0,113980.0,113570.0,113570.0,38.93658477
1,113570.0,113583.0,113283.0,113369.0,42.754459
1,113365.0,113460.0,113216.0,113326.0,57.15708331
1,113326.0,113536.0,112998.0,113146.0,60.14130084
1,113132.0,113378.0,112918.0,113070.0,146.50654229
1,113065.0,113691.0,113018.0,113465.0,193.52291152
1,113456.0,113951.0,112900.0,113243.0,100.6885776
1,113263.0,113359.0,112600.0,112765.0,102.54543982
1,112758.0,112935.0,112300.0,112346.0,88.43956719
1,112351.0,112558.0,112147.0,112375.0,137.12444976
1,112375.0,112650.0,112193.0,112572.0,42.75170128
1,112561.0,112704.0,111972.0,112152.0,75.35160169
1,112146.0,112819.0,112021.0,112425.0,131.96581674
1,112402.0,112698.0,112069.0,112580.0,97.12946952
1,112580.0,112659.0,112378.0,112466.0,38.91984576
1,112465.0,112472.0,112246.0,112472.0,30.192686600000002
1,112471.0,112793.0,112427.0,112586.0,139.58055524
1,112591.0,112874.0,112297.0,112794.0,117.7387414
1,112794.0,113472.0,112737.0,113102.0,89.85249012
1,113101.0,113405.0,112842.0,112874.0,72.29040013
1,112874.0,113205.0,112674.0,112797.0,108.64944802
1,112797.0,113227.0,112797.0,113191.0,32.90594737
1,113190.0,113336.0,112789.0,112951.0,128.6478437
1,112951.0,113202.0,112915.0,113050.0,49.95447613
1,113045.0,113262.0,112899.0,112949.0,114.18959755
1,112948.0,113085.0,112772.0,113003.0,102.37289688
1,113005.0,113017.0,112484.0,112491.0,83.72651327
1,112493.0,112584.0,112148.0,112279.0,54.19460445
1,112279.0,112660.0,111658.0,112293.0,135.74757832
1,112302.0,112633.0,111919.0,112434.0,120.0085018
1,112457.0,116104.0,112449.0,115809.0,440.90911749
1,115810.0,117317.0,115810.0,116378.0,177.59245394
1,116391.0,116776.0,116113.0,116132.0,226.8837849
1,116148.0,117022.0,116148.0,117020.0,132.31268264
1,117023.0,117421.0,116740.0,116807.0,147.27338344
1,116799.0,116917.0,116506.0,116658.0,96.53571815000001
1,116642.0,117110.0,116564.0,116989.0,60.18121066
1,117042.0,117170.0,116831.0,117002.0,33.466172379999996
1,117009.0,117035.0,116530.0,116712.0,56.29977158
1,116711.0,116897.0,116644.0,116891.0,25.70986136
1,116908.0,116985.0,116700.0,116820.0,39.11029053
1,116820.0,116826.0,116259.0,116387.0,45.96975383
1,116391.0,116486.0,115456.0,115879.0,118.54562852
1,115886.0,115983.0,115411.0,115518.0,88.17023440999999
1,115515.0,115909.0,115496.0,115873.0,48.95657413
1,115873.0,115978.0,115741.0,115903.0,22.73318924
1,115908.0,115967.0,115630.0,115728.0,13.2694712
1,115726.0,115872.0,115609.0,115743.0,49.73583745
1,115743.0,115829.0,115572.0,115700.0,41.65612816
1,115697.0,115743.0,115557.0,115705.0,23.17263095
1,115705.0,115733.0,115535.0,115535.0,23.73064205
1,115524.0,115586.0,115189.0,115240.0,38.21631707
1,115271.0,115444.0,115137.0,115163.0,46.73629497
1,115162.0,115162.0,114715.0,114829.0,110.27053459
1,114829.0,115028.0,114596.0,114597.0,50.072306239999996
1,114597.0,114899.0,114536.0,114793.0,22.428850609999998
1,114778.0,115062.0,114654.0,114970.0,45.424036889999996
1,114970.0,115121.0,114908.0,115053.0,65.83059368
1,115057.0,115147.0,115011.0,115112.0,15.47731793
1,115113.0,115141.0,115017.0,115104.0,7.50127652
1,115109.0,115298.0,115074.0,115294.0,20.829394309999998
1,115294.0,115294.0,114981.0,114985.0,34.21181214
1,114985.0,115290.0,114985.0,115288.0,26.0946135
1,115289.0,115396.0,115202.0,115392.0,13.62034978
1,115391.0,115507.0,115260.0,115334.0,58.95676939
1,115334.0,115535.0,115161.0,115427.0,50.52274499
1,115427.0,115626.0,114955.0,114967.0,63.61663732
1,114955.0,115124.0,114899.0,114988.0,58.44102926
1,114988.0,115248.0,114988.0,115133.0,32.50788188
1,115132.0,115176.0,114887.0,114957.0,15.3735107
1,114958.0,115025.0,114809.0,114838.0,21.85780446
1,114819.0,115064.0,114814.0,114843.0,29.96342068
1,114843.0,114940.0,114712.0,114790.0,40.52433991
1,114791.0,115010.0,114637.0,114805.0,40.82502264
1,114792.0,114912.0,114566.0,114762.0,55.53351337
1,114748.0,114868.0,114610.0,114711.0,38.752962950000004
1,114711.0,114805.0,114569.0,114652.0,18.43648972
1,114627.0,114843.0,114529.0,114529.0,44.75259636
1,114542.0,114609.0,114323.0,114483.0,70.08457823
1,114460.0,114816.0,114373.0,114373.0,53.08337801
1,114368.0,114513.0,114225.0,114239.0,43.17696718
1,114233.0,114527.0,114211.0,114386.0,57.64321777
1,114384.0,114857.0,114261.0,114591.0,55.569958729999996
1,114590.0,114754.0,110671.0,112563.0,473.638609
1,112559.0,112981.0,111677.0,112751.0,183.88351294
1,112769.0,113386.0,112364.0,112972.0,120.87397762
1,112984.0,113493.0,112621.0,113453.0,46.8112613
1,113451.0,113664.0,113358.0,113478.0,32.02903216
1,113491.0,113500.0,112138.0,112632.0,51.0281983
1,112632.0,113129.0,112612.0,113053.0,24.11636091
1,113076.0,113614.0,113060.0,113395.0,31.96580096
1,113381.0,113645.0,112897.0,112897.0,60.72023326
1,112897.0,113038.0,112593.0,112736.0,64.70647251
1,112742.0,112843.0,112286.0,112286.0,41.22562909
1,112300.0,112433.0,111734.0,111897.0,117.38061662
1,111901.0,112127.0,111289.0,111481.0,76.84665899
1,111466.0,111797.0,110982.0,111381.0,87.01025720999999
1,111378.0,111811.0,111248.0,111768.0,75.67758023
1,111752.0,111777.0,110929.0,110953.0,91.10093898
1,110954.0,111248.0,110900.0,111165.0,123.4054167
1,111167.0,111661.0,111024.0,111572.0,116.10089643
1,111556.0,111717.0,110584.0,111477.0,223.58842128
1,111498.0,112321.0,111315.0,112257.0,202.59440191
1,112259.0,112573.0,111851.0,112196.0,119.44110554
1,112225.0,112943.0,112036.0,112526.0,109.88045566
1,112512.0,112781.0,112151.0,112431.0,124.13181835
1,112437.0,112624.0,112245.0,112394.0,35.74495558
1,112395.0,112433.0,110658.0,110666.0,138.52987954
1,110692.0,111076.0,109437.0,109571.0,317.29530351
1,109561.0,110296.0,109283.0,109906.0,107.87572296
1,109908.0,110620.0,109908.0,110172.0,88.25709318
1,110171.0,110297.0,109807.0,110136.0,29.43458102
1,110128.0,110128.0,108964.0,109096.0,65.37303839
1,109113.0,109926.0,108717.0,109916.0,51.07845277
1,109914.0,110037.0,109517.0,109722.0,46.59780847
1,109739.0,109952.0,109449.0,109889.0,55.36990922
1,109909.0,110259.0,109909.0,110125.0,24.62217626
1,110132.0,110381.0,110108.0,110253.0,9.92060032
1,110220.0,110350.0,109934.0,110012.0,31.11821584
1,110012.0,110544.0,109790.0,110314.0,53.19720667
1,110315.0,110455.0,110024.0,110118.0,62.37726626
1,110118.0,110430.0,110054.0,110168.0,25.48257455
1,110201.0,110434.0,110091.0,110233.0,57.22129337
1,110242.0,110243.0,109582.0,109878.0,113.51943437
1,109901.0,110770.0,109611.0,110229.0,141.78986234
1,110159.0,110256.0,109369.0,110031.0,149.09391924
1,110077.0,110517.0,109777.0,110350.0,76.99525611
1,110327.0,110544.0,109557.0,109673.0,111.12875565
1,109664.0,110154.0,109449.0,110154.0,51.82793121
1,110161.0,110208.0,109594.0,109995.0,76.35677031
1,109999.0,110986.0,109976.0,110714.0,185.76553459
1,110707.0,111177.0,110509.0,111147.0,153.97962407
1,111121.0,111425.0,110934.0,111355.0,146.10816409
1,111356.0,111614.0,111139.0,111612.0,17.30938549
1,111612.0,111963.0,111584.0,111932.0,136.68941749
1,111906.0,112400.0,111771.0,111788.0,78.14580297
1,111789.0,111836.0,111369.0,111383.0,36.42800511
1,111376.0,111494.0,111134.0,111317.0,53.27985159
1,111367.0,111494.0,111132.0,111187.0,9.51388747
1,111174.0,111717.0,110929.0,111427.0,49.3744951
1,111424.0,111730.0,111424.0,111592.0,29.54554028
1,111592.0,111675.0,111343.0,111368.0,31.41779231
1,111357.0,111370.0,111036.0,111039.0,23.08501711
1,111037.0,111120.0,110653.0,110738.0,42.78367689
1,110752.0,110841.0,110381.0,110771.0,70.36491464
1,110745.0,111128.0,110729.0,110837.0,29.16204952
1,110829.0,111262.0,110829.0,110985.0,16.70131039
1,110985.0,111409.0,110985.0,111334.0,18.55185658
1,111333.0,111416.0,111052.0,111370.0,19.69242099
1,111370.0,111905.0,111049.0,111513.0,128.2812341
1,111517.0,112646.0,111330.0,111832.0,220.02094388
1,111832.0,112121.0,111557.0,112038.0,45.61303298
1,112039.0,112285.0,111572.0,112161.0,18.40096214
1,112155.0,112465.0,111932.0,112386.0,13.95029583
1,112375.0,112632.0,111946.0,111948.0,21.24801902
1,111974.0,112237.0,111625.0,112093.0,30.39920974
1,112088.0,112429.0,110918.0,112423.0,102.68735348
1,112422.0,112465.0,111379.0,111530.0,64.1670325
1,111532.0,111624.0,111097.0,111420.0,29.062373870000002
1,111419.0,111556.0,111124.0,111273.0,11.961002630000001
1,111272.0,111546.0,110876.0,111349.0,35.436281300000005
1,111347.0,111726.0,111347.0,111652.0,56.386075
1,111652.0,111769.0,111459.0,111511.0,14.62602029
1,111509.0,112060.0,111418.0,112015.0,34.99984056
1,112014.0,113089.0,111958.0,112976.0,67.69210037
1,112977.0,113171.0,112714.0,112887.0,53.55193109
1,112868.0,113270.0,112723.0,113231.0,40.98625533
1,113224.0,113365.0,113026.0,113147.0,75.0958732
1,113148.0,113361.0,113026.0,113135.0,23.80036556
1,113134.0,113149.0,112861.0,112866.0,30.43282668
1,112866.0,113142.0,112836.0,113142.0,16.38621562
1,113141.0,113174.0,112868.0,112929.0,13.24718168
1,112930.0,113354.0,112809.0,113255.0,70.02469407
1,113257.0,113473.0,112601.0,112808.0,95.50046174
1,112841.0,113320.0,112554.0,113177.0,144.59513564
1,113177.0,113269.0,112403.0,112692.0,135.68174721
1,112711.0,113196.0,112354.0,112360.0,87.49272835
1,112355.0,112632.0,112230.0,112397.0,40.2510389
1,112397.0,112727.0,112239.0,112391.0,71.20008267
1,112391.0,112574.0,111906.0,111906.0,103.62942285999999
1,111917.0,112125.0,111869.0,111916.0,44.10644949
1,111916.0,112155.0,111910.0,112039.0,19.52255233
1,112039.0,112512.0,112039.0,112368.0,15.58162189
1,112367.0,112591.0,112319.0,112581.0,23.1362234
1,112581.0,112654.0,112138.0,112216.0,32.11507272
1,112222.0,112286.0,111436.0,111510.0,42.00793993
1,111503.0,111784.0,111397.0,111455.0,45.39296728
1,111455.0,111838.0,111343.0,111730.0,43.16905116
1,111729.0,111878.0,111439.0,111519.0,63.424056879999995
1,111519.0,111595.0,111154.0,111330.0,41.677202980000004
1,111330.0,111422.0,110989.0,111294.0,46.15505695
1,111295.0,111301.0,109927.0,110041.0,165.02823929
1,110040.0,110291.0,109620.0,109635.0,75.83560663
1,109635.0,109922.0,109436.0,109792.0,67.5980097
1,109791.0,110040.0,109767.0,110021.0,59.73223419
1,110020.0,110160.0,109869.0,110112.0,38.90492919
1,110113.0,111480.0,110101.0,110739.0,168.97946136
1,110739.0,110796.0,108928.0,109103.0,213.02485117
1,109118.0,109527.0,108104.0,108182.0,159.7960345
1,108191.0,108733.0,108042.0,108402.0,146.66466325
1,108402.0,108854.0,108143.0,108736.0,72.92951047
1,108727.0,108736.0,108167.0,108491.0,39.33530596
1,108480.0,108511.0,108093.0,108152.0,43.30348526
1,108152.0,108761.0,107904.0,108236.0,135.46766288
1,108234.0,108274.0,107580.0,107790.0,77.65729491
1,107802.0,108477.0,107488.0,108471.0,81.70641447999999
1,108472.0,108483.0,108206.0,108378.0,68.92794206
1,108385.0,108558.0,108338.0,108362.0,48.49113154
1,108376.0,108425.0,108156.0,108306.0,59.8986303
1,108306.0,108368.0,107389.0,107471.0,58.5817158
1,107472.0,107965.0,107399.0,107792.0,64.39351886
1,107792.0,108438.0,107780.0,108437.0,65.48059094
1,108441.0,108663.0,108374.0,108433.0,57.310996530000004
1,108433.0,108486.0,108131.0,108355.0,57.01970188
1,108359.0,108558.0,108221.0,108318.0,59.995875240000004
1,108344.0,108520.0,108130.0,108520.0,26.970400599999998
1,108520.0,108766.0,108495.0,108569.0,33.91696037
1,108572.0,108617.0,108478.0,108525.0,10.99296895
1,108525.0,108706.0,108416.0,108447.0,32.67855172
1,108437.0,108730.0,108437.0,108706.0,9.41363674
1,108695.0,108695.0,108368.0,108623.0,16.34388484
1,108623.0,108623.0,108234.0,108542.0,23.17285863
1,108540.0,108728.0,108414.0,108674.0,43.12214867
1,108673.0,108924.0,108553.0,108886.0,38.53570579
1,108852.0,108892.0,108667.0,108830.0,19.7651085
1,108829.0,108907.0,108638.0,108785.0,12.83409935
1,108795.0,108860.0,108638.0,108757.0,5.3716484200000005
1,108755.0,108911.0,108677.0,108853.0,30.02894389
1,108858.0,108859.0,108624.0,108666.0,27.77405195
1,108658.0,108705.0,108533.0,108629.0,10.64179653
1,108611.0,108612.0,108486.0,108541.0,10.38329211
1,108541.0,108827.0,108541.0,108827.0,16.20304405
1,108827.0,109420.0,108824.0,109399.0,64.12245479
1,109416.0,109503.0,109159.0,109457.0,41.33196384
1,109443.0,109462.0,109199.0,109241.0,33.72105241
1,109242.0,109383.0,109183.0,109208.0,24.62682766
1,109208.0,109208.0,108699.0,108821.0,30.59862964
1,108831.0,108831.0,108585.0,108771.0,14.49840315
1,108772.0,108791.0,108541.0,108729.0,12.64790726
1,108701.0,108840.0,108683.0,108727.0,16.27633303
1,108725.0,109029.0,108725.0,109028.0,23.07690696
1,109027.0,109107.0,108470.0,108502.0,42.70632327
1,108523.0,108637.0,108339.0,108576.0,27.64133866
1,108588.0,108608.0,108343.0,108399.0,18.6216284
1,108394.0,108490.0,108313.0,108342.0,8.18814236
1,108329.0,108462.0,108208.0,108432.0,9.99462359
1,108433.0,108507.0,108265.0,108465.0,19.63357782
1,108467.0,108851.0,108457.0,108818.0,37.05385146
1,108810.0,108977.0,108573.0,108934.0,49.529705050000004
1,108935.0,109010.0,108858.0,109009.0,16.42110825
1,109010.0,109237.0,108936.0,109161.0,31.16594744
1,109160.0,109176.0,108924.0,108941.0,22.70904901
1,108946.0,109138.0,108898.0,109129.0,21.40470668
1,109129.0,109129.0,108952.0,109041.0,14.16804502
1,109054.0,109238.0,108768.0,108904.0,57.9032817
1,108909.0,108917.0,108092.0,108269.0,109.32598966
1,108268.0,108416.0,107651.0,108241.0,130.3630003
1,108245.0,108468.0,107987.0,108173.0,49.28210217
1,108164.0,108201.0,107445.0,107636.0,68.38708785
1,107637.0,107775.0,107419.0,107670.0,23.66591764
1,107654.0,107767.0,107290.0,107411.0,39.91910525
1,107396.0,107983.0,107270.0,107876.0,26.01097321
1,107874.0,108137.0,107600.0,108077.0,60.35347626
1,108077.0,109422.0,108006.0,109422.0,127.51445805
1,109422.0,109820.0,109422.0,109592.0,50.775494710000004
1,109636.0,109907.0,109484.0,109522.0,63.66396294
1,109522.0,109544.0,108188.0,108570.0,98.85091672
1,108577.0,108862.0,108474.0,108775.0,48.15226604
1,108775.0,109159.0,108640.0,109124.0,24.01017776
1,109128.0,109533.0,108952.0,109044.0,48.152630880000004
1,109044.0,109334.0,108840.0,109168.0,50.36427684
1,109171.0,109383.0,108586.0,108779.0,76.15837627
1,108812.0,109106.0,108672.0,108794.0,30.90248404
1,108795.0,108974.0,108455.0,108943.0,65.19325136
1,108932.0,109265.0,108932.0,109231.0,61.88801676
1,109231.0,109317.0,109164.0,109218.0,25.36785552
1,109211.0,109236.0,108300.0,108872.0,103.81253715999999
1,108872.0,108931.0,107483.0,107799.0,132.37486426
1,107796.0,108523.0,107605.0,108456.0,108.55790888
1,108448.0,109444.0,108442.0,109244.0,70.34066521
1,109255.0,109340.0,108888.0,109038.0,29.00652905
1,109037.0,109606.0,108985.0,109321.0,41.6065396
1,109317.0,110250.0,109171.0,110244.0,47.62861166
1,110241.0,110602.0,110056.0,110326.0,92.32769527
1,110328.0,110416.0,110160.0,110312.0,58.18461667
1,110331.0,110338.0,110055.0,110211.0,44.65945982
1,110221.0,110604.0,110174.0,110385.0,98.24826594
1,110384.0,110411.0,110016.0,110254.0,98.83813342
1,110253.0,110710.0,110067.0,110373.0,92.06421281
1,110372.0,110692.0,110279.0,110452.0,69.61504307
1,110467.0,110500.0,110143.0,110269.0,35.97969071
1,110271.0,110273.0,109598.0,109755.0,71.88369368
1,109751.0,109858.0,108426.0,108825.0,110.33514485
1,108824.0,111283.0,108771.0,111175.0,260.31256684
1,111186.0,111775.0,110810.0,111371.0,163.4537027
1,111361.0,111542.0,110650.0,110844.0,169.09943154
1,110848.0,111148.0,110511.0,110791.0,158.13494212
1,110800.0,111062.0,110635.0,110923.0,74.43080651
1,110921.0,110954.0,110200.0,110652.0,98.28678823999999
1,110650.0,110857.0,110446.0,110809.0,82.44223393
1,110808.0,111434.0,110718.0,111431.0,92.09255148
1,111431.0,111556.0,111147.0,111147.0,49.67704605
1,111147.0,111284.0,110879.0,111284.0,55.36107384
1,111284.0,111293.0,111021.0,111238.0,24.92951076
1,111238.0,111787.0,111236.0,111350.0,95.45328723
1,111351.0,111419.0,110905.0,111185.0,89.0723826
1,111184.0,111493.0,111050.0,111386.0,95.44724731
1,111383.0,111413.0,110907.0,111069.0,81.59530532
1,111065.0,111164.0,110863.0,111039.0,40.66565739
1,111040.0,111078.0,110682.0,110715.0,52.639542150000004
1,110716.0,110902.0,110597.0,110743.0,58.26550737
1,110743.0,111116.0,110550.0,111116.0,75.74530659
1,111115.0,111289.0,110996.0,111019.0,69.42195769
1,111019.0,111331.0,110917.0,111326.0,79.95058262
1,111324.0,111494.0,111171.0,111463.0,52.97552554
1,111463.0,111726.0,111423.0,111470.0,56.972856549999996
1,111473.0,111887.0,111070.0,111149.0,80.41384022
1,111149.0,111926.0,111108.0,111490.0,180.32981015
1,111493.0,112525.0,111157.0,112304.0,316.63979678
1,112303.0,112405.0,111932.0,112246.0,109.68558236
1,112245.0,112376.0,111704.0,111891.0,66.21511177
1,111891.0,112615.0,111880.0,112339.0,119.75445689
1,112340.0,112557.0,111817.0,112027.0,83.44749229
1,112027.0,112301.0,111819.0,112256.0,148.36635249
1,112240.0,112296.0,112085.0,112264.0,37.63142666
1,112273.0,112301.0,111819.0,112049.0,40.3534925
1,112049.0,112197.0,111895.0,111996.0,27.86406766
1,111997.0,112035.0,111678.0,111759.0,30.27262455
1,111758.0,112223.0,111665.0,112126.0,86.79056085
1,112123.0,112126.0,111704.0,112000.0,59.73722327
1,112003.0,112037.0,111461.0,111497.0,46.38037541
1,111500.0,111770.0,111184.0,111188.0,100.83780156
1,111191.0,111369.0,110964.0,110974.0,53.98937163
1,110974.0,110974.0,110634.0,110692.0,92.05341584
1,110692.0,110755.0,110326.0,110424.0,77.30549917
1,110424.0,110663.0,110386.0,110506.0,84.75782014
1,110505.0,110874.0,110444.0,110671.0,40.89690726
1,110680.0,110882.0,110680.0,110855.0,27.32698313
1,110854.0,111169.0,110677.0,110677.0,54.35716686
1,110669.0,111082.0,110585.0,110859.0,54.07211633
1,110859.0,111156.0,110571.0,110975.0,71.31154391
1,110976.0,111009.0,110250.0,110475.0,156.06100682
1,110475.0,110546.0,109738.0,109853.0,129.01158335
1,109857.0,109883.0,109343.0,109522.0,102.27639369
1,109522.0,109703.0,109361.0,109442.0,93.26979855
1,109442.0,109909.0,109424.0,109789.0,98.42088648000001
1,109789.0,110213.0,109738.0,110004.0,76.48231054
1,109993.0,110131.0,109752.0,109817.0,142.08444225
1,109820.0,110436.0,109772.0,110419.0,43.71700862
1,110429.0,110557.0,110357.0,110508.0,21.69345528
1,110507.0,111585.0,110494.0,111479.0,78.95149769
1,111480.0,111750.0,110624.0,110747.0,139.77348632
1,110738.0,110929.0,110464.0,110491.0,78.99366246
1,110475.0,111142.0,110468.0,111122.0,57.25153578
1,111126.0,111490.0,111057.0,111345.0,73.25448970000001
1,111344.0,111344.0,111107.0,111321.0,29.20594557
1,111321.0,111486.0,111165.0,111461.0,26.12899448
1,111461.0,111717.0,111434.0,111597.0,17.81897491
1,111599.0,111905.0,111529.0,111905.0,45.21773469
1,111918.0,113002.0,111891.0,112978.0,248.96231497
1,112973.0,112990.0,112633.0,112633.0,57.30431869
1,112633.0,112633.0,112144.0,112310.0,104.10684589
1,112305.0,112565.0,112214.0,112267.0,60.54105871
1,112267.0,112448.0,112161.0,112374.0,21.92346428
1,112375.0,113402.0,112174.0,113235.0,278.60262255
1,113237.0,113310.0,112741.0,113103.0,106.32351029
1,113100.0,113100.0,110492.0,110573.0,241.9971183
1,110571.0,111029.0,110288.0,110722.0,109.05564065
1,110723.0,110934.0,110530.0,110820.0,100.47100699
1,110821.0,110821.0,110226.0,110608.0,62.17883385
1,110611.0,111312.0,110579.0,111216.0,46.6177999
1,111216.0,111637.0,111149.0,111630.0,156.60687879
1,111626.0,111650.0,111300.0,111643.0,84.11699821
1,111650.0,111703.0,110393.0,110623.0,141.9706302
1,110626.0,110943.0,110531.0,110817.0,37.62869466
1,110821.0,110892.0,110609.0,110669.0,27.96294265
1,110668.0,110847.0,110570.0,110795.0,28.86519138
1,110796.0,110930.0,110759.0,110886.0,29.57816518
1,110886.0,111222.0,110748.0,111222.0,58.083912250000004
1,111220.0,111314.0,111008.0,111089.0,31.39807616
1,111090.0,111090.0,110799.0,110888.0,34.43545031
1,110873.0,110886.0,110710.0,110715.0,14.7690971
1,110715.0,110825.0,110715.0,110762.0,11.37947243
1,110761.0,110847.0,110757.0,110834.0,4.40578921
1,110848.0,110982.0,110792.0,110968.0,14.220589819999999
1,110962.0,110962.0,110716.0,110722.0,25.84951237
1,110716.0,110817.0,110688.0,110795.0,11.99823293
1,110796.0,110892.0,110687.0,110799.0,13.18495398
1,110800.0,110916.0,110770.0,110848.0,23.1914133
1,110848.0,110956.0,110836.0,110952.0,26.06751396
1,110952.0,111014.0,110797.0,110830.0,33.09633765
1,110830.0,110865.0,110385.0,110411.0,65.61009357
1,110408.0,110411.0,110028.0,110289.0,105.33447233
1,110286.0,110298.0,110021.0,110181.0,54.87055773
1,110180.0,110313.0,110079.0,110251.0,25.34691277
1,110251.0,110293.0,110024.0,110059.0,45.21090166
1,110068.0,110180.0,110057.0,110162.0,39.114197749999995
1,110201.0,110240.0,110118.0,110235.0,15.06259697
1,110236.0,110257.0,110121.0,110213.0,25.035823660000002
1,110208.0,110319.0,110152.0,110223.0,17.25156239
1,110223.0,110397.0,110212.0,110387.0,12.44425852
1,110372.0,110616.0,110359.0,110580.0,41.70167185
1,110579.0,110719.0,110478.0,110689.0,16.88793056
1,110695.0,110755.0,110622.0,110660.0,17.1531064
1,110660.0,110671.0,110519.0,110581.0,24.529219010000002
1,110581.0,110718.0,110581.0,110674.0,23.194809409999998
1,110674.0,110684.0,110492.0,110526.0,23.45713452
1,110525.0,110916.0,110491.0,110770.0,67.28327954
1,110767.0,111369.0,110734.0,111080.0,110.86993638999999
1,111074.0,111251.0,110916.0,111125.0,64.0191871
1,111133.0,111245.0,111052.0,111245.0,37.87688001
1,111248.0,111306.0,111194.0,111300.0,34.32908227
1,111313.0,111314.0,111085.0,111136.0,25.35921799
1,111136.0,111248.0,111051.0,111225.0,32.62784853
1,111224.0,111412.0,111071.0,111142.0,46.91849306
1,111142.0,111369.0,111109.0,111332.0,28.66330279
1,111332.0,111369.0,111162.0,111211.0,68.14210119
1,111207.0,111244.0,110903.0,110978.0,88.84359345
1,110979.0,111062.0,110876.0,111059.0,54.9672686
1,111060.0,111289.0,111051.0,111268.0,38.90274419
1,111266.0,111368.0,111141.0,111334.0,54.15387969
1,111333.0,111333.0,111062.0,111062.0,27.65874523
1,111062.0,111365.0,111009.0,111255.0,98.61993115
1,111258.0,111597.0,111089.0,111144.0,109.15450883
1,111144.0,111290.0,110756.0,110844.0,99.91252308
1,110835.0,110989.0,110730.0,110887.0,68.63986129
1,110888.0,111354.0,110624.0,111246.0,96.51974378999999
1,111250.0,111350.0,111010.0,111039.0,36.40522679
1,111024.0,111207.0,110929.0,110979.0,35.12757552
1,110979.0,111056.0,110903.0,111037.0,31.17834047
1,111042.0,111200.0,110911.0,111119.0,14.95634403
1,111119.0,111597.0,111119.0,111263.0,52.84838105
1,111278.0,111878.0,111237.0,111668.0,40.66721576
1,111674.0,112090.0,111574.0,112082.0,44.95243711
1,112083.0,112169.0,111905.0,112045.0,50.40835296
1,112038.0,112107.0,111744.0,112042.0,72.32729725
1,112047.0,112147.0,111917.0,112026.0,29.78384386
1,112031.0,112349.0,111879.0,111903.0,122.70213109
1,111893.0,112775.0,111879.0,112640.0,129.52827302
1,112658.0,112935.0,112532.0,112644.0,72.82299826
1,112643.0,112687.0,112322.0,112407.0,90.88953676
1,112390.0,112563.0,112107.0,112227.0,53.32819579
1,112227.0,112541.0,112200.0,112496.0,26.65532619
1,112488.0,112488.0,112013.0,112089.0,32.1989343
1,112115.0,112167.0,111905.0,111963.0,35.774627
1,111965.0,112365.0,111939.0,112351.0,67.27258821
1,112376.0,112511.0,112241.0,112262.0,51.02638719
1,112264.0,112323.0,112013.0,112098.0,26.39893164
1,112097.0,112112.0,111480.0,111659.0,65.59040845999999
1,111659.0,111754.0,111295.0,111383.0,45.70172591
1,111378.0,111450.0,111130.0,111339.0,44.18779706
1,111337.0,111744.0,111247.0,111714.0,30.68496759
1,111703.0,112101.0,111636.0,112028.0,55.02533057
1,112028.0,112241.0,111868.0,112203.0,27.42897415
1,112203.0,113161.0,112164.0,113030.0,100.62988928
1,113031.0,113279.0,112762.0,112996.0,69.12539698
1,113049.0,113161.0,112912.0,113000.0,23.13857653
1,113000.0,113065.0,112917.0,112980.0,13.50859796
1,112980.0,113052.0,112664.0,112758.0,47.15876042
1,112753.0,112828.0,112430.0,112443.0,24.54609841
1,112450.0,112836.0,112418.0,112685.0,45.31777091
1,112683.0,112957.0,112512.0,112771.0,72.36789514
1,112785.0,112954.0,111518.0,111773.0,200.18133219
1,111767.0,111852.0,110768.0,110886.0,151.54929361
1,110885.0,111153.0,110796.0,111000.0,62.46457855
1,110983.0,111204.0,110890.0,111035.0,38.98254514
1,111036.0,111317.0,110931.0,111147.0,41.94698846
1,111146.0,111417.0,111132.0,111308.0,122.50906032
1,111306.0,111530.0,111095.0,111523.0,46.75955856
1,111522.0,111731.0,111276.0,111303.0,65.56392535
1,111303.0,111624.0,111276.0,111551.0,28.95738308
1,111554.0,111582.0,111364.0,111531.0,20.75358576
1,111551.0,111568.0,110944.0,111015.0,58.00624172
1,111027.0,111226.0,110932.0,111027.0,21.86539653
1,111018.0,111543.0,111018.0,111410.0,46.9054166
1,111393.0,111569.0,111364.0,111554.0,23.7562736
1,111555.0,111647.0,111401.0,111529.0,33.81660362
1,111521.0,111695.0,111373.0,111573.0,17.14854228
1,111572.0,111959.0,111409.0,111778.0,30.49342437
1,111792.0,112579.0,111764.0,112543.0,33.57123112
1,112542.0,112835.0,112342.0,112384.0,48.33669946
1,112380.0,112417.0,112120.0,112263.0,38.30554171
1,112263.0,112417.0,112219.0,112280.0,11.8011197
1,112280.0,112402.0,112148.0,112289.0,24.38858251
1,112289.0,113528.0,112289.0,113422.0,220.39286822
1,113415.0,114348.0,113400.0,113993.0,278.29065417
1,113997.0,114338.0,113837.0,113950.0,122.96134982
1,113950.0,114147.0,113763.0,113875.0,86.39286139000001
1,113882.0,113969.0,113594.0,113793.0,70.21338892
1,113794.0,114115.0,113450.0,113766.0,59.11024463
1,113764.0,113920.0,113374.0,113627.0,53.51550902
1,113612.0,113655.0,113207.0,113621.0,172.64080902999999
1,113621.0,113901.0,113595.0,113600.0,75.60429617000001
1,113609.0,113885.0,113566.0,113878.0,20.64416736
1,113879.0,114031.0,113753.0,113919.0,31.947113769999998
1,113928.0,114047.0,113813.0,113988.0,43.77818955
1,113987.0,114031.0,113708.0,113911.0,25.155210020000002
1,113911.0,114195.0,113869.0,113934.0,24.00717057
1,113935.0,113983.0,113753.0,113846.0,34.903457689999996
1,113846.0,114462.0,113846.0,114430.0,48.20144946
1,114429.0,114429.0,114115.0,114190.0,40.29858189
1,114203.0,114370.0,114007.0,114298.0,83.82696304
1,114295.0,114485.0,114115.0,114353.0,48.34048788
1,114339.0,114355.0,114007.0,114115.0,59.8600072
1,114100.0,114250.0,114020.0,114085.0,36.165504139999996
1,114089.0,114117.0,113815.0,113923.0,39.85268947
1,113928.0,114148.0,113912.0,114104.0,42.03602027
1,114103.0,114154.0,113934.0,114045.0,14.353283209999999
1,114055.0,114527.0,113561.0,113998.0,191.11239731
1,114015.0,114731.0,113460.0,114650.0,183.78674314
1,114665.0,114700.0,113959.0,114496.0,158.48588934
1,114496.0,114735.0,114025.0,114228.0,39.14940863
1,114210.0,114617.0,114210.0,114515.0,15.25407409
1,114515.0,114649.0,114364.0,114622.0,42.20775555
1,114620.0,114654.0,114137.0,114341.0,26.73174926
1,114338.0,114575.0,114232.0,114461.0,53.66419638
1,114463.0,114546.0,114287.0,114447.0,48.0705987
1,114434.0,114554.0,114434.0,114525.0,17.92233269
1,114525.0,115306.0,114476.0,115117.0,158.26500545000002
1,115117.0,115533.0,115117.0,115533.0,57.09300672
1,115533.0,116358.0,115466.0,115896.0,166.67824882
1,115896.0,116073.0,115415.0,115425.0,95.76955595
1,115429.0,115700.0,115306.0,115447.0,70.90020801
1,115448.0,115481.0,115106.0,115242.0,46.797307860000004
1,115228.0,115535.0,115121.0,115388.0,99.05130682
1,115388.0,115701.0,115343.0,115661.0,36.82510086
1,115660.0,115660.0,115300.0,115358.0,36.8892946
1,115357.0,115440.0,115138.0,115152.0,177.48579073
1,115155.0,115313.0,114995.0,115086.0,78.50116019000001
1,115085.0,115164.0,114912.0,115084.0,42.2872197
1,115082.0,115114.0,114958.0,115014.0,17.68887528
1,115013.0,115161.0,114937.0,114945.0,31.95767603
1,114949.0,115216.0,114770.0,115110.0,57.905149109999996
1,115110.0,115241.0,114858.0,115201.0,86.06694457
1,115200.0,115507.0,114865.0,115308.0,376.2726778
1,115311.0,115327.0,114974.0,115153.0,101.28194673
1,115164.0,115565.0,115059.0,115540.0,59.79085998
1,115540.0,115995.0,115449.0,115888.0,89.20408807
1,115887.0,116578.0,115838.0,116557.0,100.71003061
1,116557.0,116805.0,116309.0,116783.0,229.62719852
1,116784.0,116784.0,116095.0,116267.0,71.62867738
1,116261.0,116261.0,115867.0,115969.0,27.39256282
1,115969.0,116465.0,115969.0,116131.0,36.49411646
1,116118.0,116242.0,116021.0,116108.0,21.21431578
1,116108.0,116364.0,116040.0,116299.0,71.75530506
1,116300.0,116348.0,115687.0,115845.0,42.89959658
1,115845.0,116053.0,115772.0,115948.0,27.19935391
1,115948.0,116077.0,115909.0,116029.0,14.2135766
1,116024.0,116024.0,115742.0,115769.0,14.266442960000001
1,115769.0,115955.0,115735.0,115776.0,23.61503677
1,115776.0,115883.0,115729.0,115809.0,13.01522078
1,115809.0,115924.0,115773.0,115855.0,9.15758681
1,115851.0,116104.0,115848.0,116056.0,14.72310254
1,116058.0,116100.0,115930.0,116100.0,13.26740766
1,116086.0,116244.0,115986.0,116015.0,24.77322613
1,116015.0,116074.0,115948.0,116040.0,20.343867369999998
1,116039.0,116130.0,115931.0,116073.0,23.624529029999998
1,116072.0,116073.0,115702.0,115822.0,26.80714754
1,115822.0,116026.0,115679.0,115861.0,49.76501924
1,115843.0,115993.0,115693.0,115836.0,33.63888652
1,115836.0,115885.0,115177.0,115393.0,65.6094526
1,115400.0,115632.0,115244.0,115627.0,52.44688071
1,115627.0,115715.0,115478.0,115702.0,18.88351246
1,115702.0,115854.0,115640.0,115848.0,23.3510372
1,115849.0,116038.0,115848.0,115963.0,21.7790051
1,115962.0,116038.0,115905.0,115950.0,3.56640493
1,115976.0,115988.0,115869.0,115935.0,16.18534295
1,115935.0,116035.0,115924.0,115981.0,13.033067430000001
1,115980.0,116061.0,115883.0,115993.0,28.86283057
1,115992.0,116049.0,115803.0,116015.0,29.86615094
1,116014.0,116160.0,115805.0,115914.0,27.79041561
1,115914.0,115922.0,115715.0,115722.0,25.37090202
1,115716.0,115834.0,115521.0,115811.0,23.43285716
1,115811.0,115979.0,115792.0,115927.0,10.24995546
1,115928.0,116007.0,115758.0,115795.0,14.87906538
1,115797.0,115896.0,115794.0,115873.0,13.79552166
1,115870.0,116035.0,115825.0,115987.0,10.04232146
1,115987.0,116216.0,115952.0,116104.0,20.51100333
1,116104.0,116198.0,116007.0,116087.0,19.980912
1,116087.0,116164.0,115816.0,115860.0,38.74084755
1,115860.0,115940.0,115730.0,115839.0,33.78201908
1,115840.0,115846.0,115292.0,115407.0,78.1396647
1,115388.0,115756.0,115231.0,115470.0,87.49631453
1,115467.0,115479.0,115260.0,115289.0,13.02308703
1,115289.0,115600.0,115250.0,115539.0,20.99032229
1,115538.0,115701.0,115467.0,115609.0,18.95675032
1,115609.0,115609.0,115432.0,115448.0,7.04151558
1,115448.0,115687.0,115371.0,115684.0,16.80892651
1,115685.0,115896.0,115685.0,115857.0,25.3293656
1,115852.0,116132.0,115667.0,116111.0,52.55779232
1,116118.0,116118.0,115869.0,116065.0,39.15623112
1,116065.0,116065.0,115190.0,115342.0,52.24772525
1,115316.0,115316.0,115010.0,115122.0,23.105191910000002
1,115118.0,115313.0,114885.0,115281.0,41.61843427
1,115280.0,115479.0,115269.0,115413.0,23.56002545
1,115416.0,115618.0,115399.0,115491.0,10.15203826
1,115478.0,116187.0,115433.0,116096.0,49.05571951
1,116096.0,116592.0,116048.0,116565.0,32.42069778
1,116558.0,116786.0,116092.0,116167.0,48.31663307
1,116163.0,116424.0,115687.0,115846.0,62.17219861
1,115847.0,115848.0,114747.0,114764.0,84.2290078
1,114761.0,115202.0,114685.0,114908.0,40.89078659
1,114907.0,114989.0,114762.0,114810.0,14.615850250000001
1,114810.0,115231.0,114774.0,115111.0,26.76415855
1,115111.0,115117.0,114706.0,114754.0,37.90605237
1,114756.0,115123.0,114421.0,114721.0,199.26913095
1,114701.0,115063.0,114477.0,114710.0,142.62860174
1,114711.0,114958.0,114431.0,114896.0,186.27214292
1,114876.0,114959.0,114633.0,114705.0,32.98088932
1,114705.0,115147.0,114639.0,115146.0,27.42450466
1,115146.0,115354.0,114912.0,115317.0,31.85153168
1,115317.0,115582.0,115016.0,115341.0,192.99911362
1,115329.0,115537.0,115231.0,115408.0,51.48981032
1,115411.0,115563.0,115323.0,115561.0,54.01628773
1,115555.0,115643.0,115260.0,115331.0,57.78536671
1,115333.0,115519.0,115275.0,115387.0,25.09391008
1,115389.0,115389.0,114990.0,115109.0,68.34424166
1,115115.0,115535.0,115050.0,115061.0,55.19479607
1,115061.0,115259.0,115061.0,115061.0,8.15388081
1,115061.0,115451.0,115060.0,115338.0,20.70782835
1,115338.0,115569.0,114981.0,115531.0,48.62181228
1,115531.0,115977.0,115476.0,115959.0,56.02845219
1,115960.0,116035.0,115632.0,115802.0,34.93062991
1,115802.0,115919.0,115744.0,115865.0,28.92894396
1,115864.0,116001.0,115563.0,115681.0,50.64090194
1,115681.0,115753.0,115480.0,115497.0,16.29109538
1,115497.0,115615.0,115397.0,115397.0,18.47497467
1,115396.0,115454.0,115233.0,115316.0,51.66102689
1,115316.0,115480.0,115316.0,115454.0,35.02283109
1,115454.0,115562.0,114776.0,115206.0,149.80386441
1,115214.0,115332.0,114818.0,115314.0,117.94001881
1,115314.0,115935.0,115041.0,115935.0,80.97921937
1,115935.0,116090.0,115646.0,116090.0,52.68470077
1,116084.0,116902.0,116084.0,116511.0,104.40545383999999
1,116511.0,116821.0,116274.0,116463.0,24.1371905
1,116463.0,116878.0,116449.0,116853.0,93.57505658
1,116854.0,116966.0,116778.0,116903.0,47.68797689
1,116886.0,116983.0,116644.0,116871.0,41.94135807
1,116859.0,117006.0,116736.0,116887.0,24.96958365
1,116887.0,116960.0,116677.0,116837.0,24.30848035
1,116836.0,116859.0,116608.0,116612.0,35.16065599
1,116612.0,116803.0,116565.0,116717.0,43.30744783
1,116709.0,117109.0,116611.0,116746.0,68.92543011
1,116734.0,116801.0,116429.0,116430.0,27.555004150000002
1,116430.0,116522.0,116216.0,116363.0,21.89119096
1,116364.0,117238.0,116364.0,117151.0,105.77112586
1,117151.0,117323.0,117042.0,117288.0,71.5575927
1,117275.0,117321.0,117163.0,117200.0,35.39968164
1,117205.0,117228.0,116733.0,116892.0,55.901207570000004
1,116891.0,116891.0,116607.0,116607.0,19.208785
1,116608.0,116637.0,116301.0,116384.0,21.16880024
1,116384.0,116400.0,116287.0,116288.0,12.85163888
1,116287.0,116540.0,116132.0,116233.0,50.53550789
1,116232.0,116341.0,115943.0,116138.0,90.51468025
1,116152.0,116272.0,115504.0,115641.0,105.94142666
1,115641.0,115918.0,115560.0,115909.0,49.50408082
1,115909.0,115909.0,115410.0,115675.0,77.77228296
1,115674.0,116314.0,115596.0,115701.0,101.46091805
1,115701.0,116341.0,114747.0,115227.0,401.89707113000003
1,115257.0,116032.0,115105.0,115701.0,286.00273019
1,115697.0,116199.0,115539.0,115670.0,138.05090367
1,115666.0,116171.0,115364.0,116089.0,62.98680136
1,116088.0,116870.0,116073.0,116598.0,105.22993122
1,116598.0,117030.0,116377.0,116477.0,165.25315532
1,116482.0,116502.0,116144.0,116385.0,54.776042069999995
1,116385.0,116914.0,116375.0,116703.0,46.05516533
1,116702.0,116999.0,116495.0,116991.0,63.67367684
1,116991.0,117934.0,116952.0,117620.0,164.76289931
1,117626.0,117793.0,117286.0,117633.0,65.65191058
1,117633.0,117633.0,117225.0,117309.0,79.85783884
1,117309.0,117359.0,116922.0,117128.0,71.61882242
1,117127.0,117253.0,117078.0,117111.0,46.6527256
1,117109.0,117435.0,117044.0,117269.0,52.74844597
1,117257.0,117395.0,117154.0,117344.0,58.08748497
1,117343.0,117351.0,117115.0,117227.0,26.43087068
1,117227.0,117350.0,117055.0,117101.0,86.36486123
1,117101.0,117333.0,117028.0,117176.0,92.84214814
1,117173.0,117711.0,117056.0,117472.0,286.32587848000003
1,117458.0,117887.0,117425.0,117699.0,140.18052015
1,117694.0,117752.0,117379.0,117632.0,165.70359633
1,117631.0,117844.0,117546.0,117619.0,63.503351020000004
1,117619.0,117827.0,117478.0,117642.0,53.76867795
1,117641.0,117968.0,117565.0,117886.0,81.78866272
1,117885.0,117885.0,117242.0,117508.0,90.98987507
1,117509.0,117715.0,117383.0,117580.0,69.95913442
1,117580.0,117580.0,117352.0,117352.0,40.34732497
1,117352.0,117386.0,117107.0,117121.0,79.41989229
1,117119.0,117208.0,116692.0,117125.0,111.68840216
1,117124.0,117478.0,117073.0,117468.0,47.56974723
1,117469.0,117506.0,117173.0,117310.0,33.88913725
1,117310.0,117344.0,117112.0,117165.0,42.72814379
1,117166.0,117349.0,116935.0,117029.0,39.74936289
1,117029.0,117126.0,116761.0,117039.0,59.27467773
1,117039.0,117075.0,116856.0,116955.0,41.38953154
1,116955.0,116955.0,116705.0,116733.0,37.8083281
1,116733.0,117054.0,116733.0,116973.0,71.63060574
1,116973.0,117154.0,116945.0,116986.0,72.05555593
1,116986.0,117063.0,116544.0,116545.0,112.63264398
1,116546.0,116612.0,116500.0,116598.0,62.31273649
1,116597.0,116614.0,116369.0,116456.0,188.25825115
1,116455.0,116578.0,116182.0,116206.0,104.38023573
1,116205.0,116509.0,116112.0,116325.0,79.77622812
1,116324.0,116535.0,115840.0,115941.0,186.40226779
1,115940.0,115993.0,115507.0,115948.0,132.04497553
1,115947.0,116202.0,115858.0,116144.0,80.13992961
1,116144.0,116153.0,115583.0,115588.0,100.59015604
1,115587.0,115678.0,115428.0,115463.0,72.09384131
1,115463.0,115525.0,115157.0,115160.0,90.36774355
1,115160.0,115479.0,115144.0,115384.0,54.11477502
1,115395.0,115600.0,115356.0,115522.0,32.33511136
1,115522.0,115715.0,115522.0,115671.0,30.50967587
1,115671.0,115713.0,115516.0,115702.0,30.65624063
1,115703.0,115794.0,115620.0,115784.0,21.59665853
1,115785.0,115785.0,115672.0,115685.0,31.67739448
1,115685.0,115685.0,115514.0,115670.0,31.79423426
1,115670.0,115671.0,115479.0,115512.0,29.69872624
1,115512.0,115653.0,115484.0,115641.0,25.47802656
1,115640.0,115778.0,115580.0,115775.0,22.26866186
1,115775.0,115794.0,115697.0,115768.0,16.65817093
1,115768.0,116040.0,115748.0,116027.0,35.05495468
1,116026.0,116026.0,115771.0,115771.0,30.0338932
1,115771.0,115858.0,115731.0,115732.0,30.76694221
1,115732.0,115863.0,115732.0,115810.0,28.99439513
1,115810.0,115985.0,115810.0,115958.0,45.96025221
1,115959.0,116016.0,115882.0,115945.0,46.48281799
1,115949.0,116035.0,115933.0,115995.0,53.38277251
1,115995.0,116115.0,115964.0,116046.0,63.19713157
1,116046.0,116197.0,116026.0,116066.0,92.03272288
1,116067.0,116141.0,115963.0,116116.0,73.89841565
1,116116.0,116161.0,115896.0,115901.0,80.90665062000001
1,115901.0,115907.0,115785.0,115794.0,59.46512881
1,115794.0,115885.0,115780.0,115782.0,54.64672249
1,115782.0,115880.0,115770.0,115802.0,75.46683549
1,115802.0,116019.0,115802.0,115866.0,68.25406936
1,115867.0,115877.0,115826.0,115858.0,34.82140498
1,115858.0,115859.0,115693.0,115759.0,59.4519198
1,115758.0,115813.0,115632.0,115724.0,107.03598084
1,115725.0,115726.0,115576.0,115576.0,9.62009757
1,115576.0,115769.0,115521.0,115766.0,14.56951264
1,115767.0,115783.0,115689.0,115722.0,4.81726232
1,115722.0,115731.0,115569.0,115570.0,10.63709506
1,115569.0,115743.0,115569.0,115743.0,57.9114863
1,115743.0,115882.0,115743.0,115782.0,62.37719999
1,115782.0,115901.0,115710.0,115891.0,79.93776124
1,115896.0,115901.0,115649.0,115699.0,17.3719175
1,115699.0,115770.0,115411.0,115767.0,37.85939276
1,115767.0,115784.0,115576.0,115587.0,15.582702939999999
1,115586.0,115757.0,115586.0,115675.0,15.522849579999999
1,115675.0,115822.0,115675.0,115749.0,11.86117155
1,115742.0,115812.0,115715.0,115728.0,13.773460739999999
1,115728.0,115760.0,115559.0,115565.0,46.46209779
1,115562.0,115673.0,115535.0,115594.0,33.78716967
1,115594.0,115620.0,115287.0,115382.0,46.02862815
1,115390.0,115698.0,115313.0,115694.0,40.399549549999996
1,115697.0,115724.0,115590.0,115599.0,14.80763666
1,115600.0,115601.0,115396.0,115554.0,19.66437953
1,115554.0,115573.0,115382.0,115382.0,26.708393440000002
1,115382.0,115493.0,115313.0,115468.0,19.45340462
1,115469.0,115604.0,115258.0,115603.0,42.00836282
1,115597.0,115597.0,115258.0,115292.0,41.0002147
1,115275.0,115435.0,114376.0,114483.0,127.79832971
1,114457.0,114816.0,114322.0,114348.0,117.49464733
1,114341.0,114680.0,114225.0,114271.0,88.16191592999999
1,114268.0,114722.0,114267.0,114721.0,28.3870968
1,114707.0,114723.0,114453.0,114481.0,42.83384916
1,114480.0,114601.0,113746.0,113746.0,48.860045299999996
1,113778.0,113787.0,111986.0,112898.0,251.5836194
1,112897.0,113078.0,112564.0,112594.0,60.43867613
1,112594.0,112872.0,112531.0,112719.0,55.22674504
1,112714.0,112756.0,112268.0,112409.0,88.55298089
1,112428.0,112914.0,112336.0,112859.0,42.33018985
1,112859.0,113044.0,112755.0,112956.0,42.348981540000004
1,112956.0,112956.0,112596.0,112827.0,55.945146279999996
1,112823.0,113244.0,112473.0,113244.0,171.0380407
1,113223.0,113515.0,112843.0,113014.0,128.96461739
1,113013.0,113120.0,112650.0,112905.0,103.63160088
1,112904.0,112975.0,112671.0,112678.0,60.68381136
1,112678.0,112704.0,112316.0,112465.0,123.16324463000001
1,112461.0,112900.0,112410.0,112513.0,31.68226566
1,112512.0,112677.0,112015.0,112177.0,81.85664133
1,112193.0,113038.0,112049.0,112843.0,111.62677916
1,112846.0,113052.0,112669.0,113052.0,34.74678647
1,113051.0,113051.0,112678.0,112726.0,24.78220458
1,112744.0,112824.0,112675.0,112741.0,29.62396095
1,112741.0,112920.0,112472.0,112485.0,52.30802353
1,112486.0,112594.0,112228.0,112247.0,37.12764217
1,112246.0,112571.0,111771.0,111923.0,72.17298673
1,111903.0,112525.0,111571.0,112415.0,95.49594814
1,112428.0,112550.0,111966.0,112517.0,72.48860547
1,112520.0,112957.0,112501.0,112735.0,48.98549709
1,112734.0,113175.0,112683.0,113030.0,38.876668
1,113042.0,113168.0,112958.0,113147.0,52.6046373
1,113153.0,113229.0,113001.0,113195.0,29.382052990000002
1,113193.0,113337.0,112957.0,112999.0,75.63716844
1,112999.0,113066.0,112890.0,113025.0,44.97931957
1,113025.0,113147.0,112754.0,113052.0,38.14595556
1,113049.0,113107.0,112890.0,113008.0,43.45390257
1,113005.0,113092.0,112800.0,113012.0,47.68403483
1,113009.0,113344.0,112624.0,112705.0,108.27666342
1,112704.0,113127.0,112549.0,112938.0,56.6532812
1,112938.0,113016.0,112527.0,112870.0,71.06205957
1,112856.0,112888.0,111919.0,111980.0,139.14095482
1,111999.0,112228.0,111710.0,111806.0,49.30713735
1,111807.0,111997.0,111570.0,111676.0,87.37758073
1,111676.0,112016.0,111463.0,112016.0,129.18316187
1,112025.0,112214.0,111900.0,112182.0,33.63256693
1,112181.0,112248.0,112029.0,112188.0,16.56974426
1,112190.0,112262.0,111906.0,112025.0,27.49319473
1,112025.0,112401.0,111851.0,112256.0,42.93075389
1,112256.0,112530.0,112177.0,112475.0,22.23187716
1,112475.0,112526.0,111917.0,112148.0,181.77524228
1,112146.0,112245.0,111717.0,111720.0,37.05780558
1,111722.0,112389.0,111115.0,112195.0,123.62108431
1,112178.0,112694.0,112161.0,112659.0,34.64243047
1,112670.0,112807.0,112557.0,112618.0,21.217618990000002
1,112618.0,112771.0,112487.0,112608.0,13.39029949
1,112617.0,112656.0,112435.0,112645.0,17.56004964
1,112644.0,112835.0,112521.0,112759.0,16.27917756
1,112761.0,112976.0,112697.0,112960.0,33.53367228
1,112974.0,113188.0,112906.0,113062.0,67.09054037
1,113054.0,113128.0,112970.0,113097.0,36.67189116
1,113096.0,113258.0,112849.0,112861.0,86.97512359
1,112876.0,113930.0,112876.0,113764.0,131.74173146
1,113765.0,113938.0,113315.0,113392.0,101.21908279
1,113398.0,113794.0,113182.0,113775.0,133.66601361
1,113773.0,114005.0,113658.0,113803.0,44.36120994
1,113813.0,113874.0,113558.0,113694.0,36.68413495
1,113693.0,113731.0,113341.0,113467.0,24.58271769
1,113471.0,113663.0,113447.0,113558.0,7.39085799
1,113546.0,113640.0,113349.0,113393.0,37.556559140000005
1,113402.0,113692.0,113301.0,113378.0,44.98303499
1,113376.0,113475.0,113247.0,113339.0,23.74376859
1,113351.0,113542.0,113013.0,113105.0,47.661925079999996
1,113102.0,113391.0,112485.0,112678.0,99.42507293999999
1,112689.0,113202.0,112552.0,112924.0,94.36294991
1,112921.0,112921.0,112241.0,112596.0,56.81736625
1,112559.0,112618.0,111611.0,111755.0,60.83603406
1,111742.0,112047.0,111606.0,111766.0,30.65570226
1,111756.0,111867.0,111538.0,111558.0,31.54031381
1,111553.0,111902.0,111483.0,111781.0,47.14397674
1,111781.0,112053.0,111721.0,111770.0,66.3284283
1,111775.0,112265.0,111614.0,111614.0,52.00479957
1,111601.0,111883.0,111555.0,111674.0,28.59427213
1,111683.0,111753.0,111317.0,111372.0,61.69828573
1,111367.0,111692.0,111036.0,111140.0,161.85489834
1,111134.0,111742.0,110658.0,111021.0,388.10073647
1,111021.0,111769.0,111008.0,111590.0,149.75567742
1,111581.0,111657.0,110912.0,111657.0,190.53942596
1,111657.0,111742.0,110951.0,110993.0,129.29972752999998
1,110992.0,111004.0,108679.0,108878.0,333.16987343
1,108860.0,109830.0,108652.0,109783.0,151.72536750999998
1,109779.0,109995.0,109337.0,109389.0,111.41536649
1,109393.0,109511.0,109092.0,109206.0,116.51040262000001
1,109206.0,109706.0,109118.0,109448.0,40.34362678
1,109412.0,109667.0,109312.0,109463.0,44.73121551
1,109471.0,109724.0,108816.0,109021.0,121.05658324
1,109021.0,109646.0,108855.0,109525.0,100.15155952
1,109516.0,109817.0,109355.0,109737.0,62.47425481
1,109735.0,109848.0,109533.0,109665.0,24.02955011
1,109668.0,109680.0,109338.0,109630.0,21.77511113
1,109644.0,109676.0,109292.0,109375.0,21.52642123
1,109380.0,109632.0,109132.0,109304.0,52.81450652
1,109302.0,109672.0,109072.0,109419.0,85.61558595
1,109419.0,109655.0,109003.0,109393.0,59.98922827
1,109406.0,109685.0,109389.0,109648.0,58.27481082
1,109649.0,109768.0,109473.0,109644.0,24.24175486
1,109644.0,109645.0,108777.0,108957.0,73.43737161
1,108956.0,109260.0,108676.0,109186.0,55.14732879
1,109185.0,109606.0,108871.0,109428.0,75.61335217
1,109428.0,109829.0,109044.0,109701.0,302.98511739
1,109704.0,109823.0,108809.0,108896.0,176.93272065
1,108894.0,109409.0,108863.0,109084.0,84.98531848
1,109085.0,109672.0,109085.0,109517.0,72.77403909
1,109511.0,110054.0,109442.0,109969.0,132.58273227
1,109969.0,110372.0,109764.0,109794.0,117.1378014
1,109792.0,109792.0,109094.0,109241.0,88.12764977
1,109235.0,109414.0,109151.0,109375.0,58.21935065
1,109352.0,109580.0,109255.0,109520.0,47.18857947
1,109520.0,109665.0,109405.0,109617.0,38.10553963
1,109614.0,109738.0,109484.0,109696.0,14.98014381
1,109694.0,109714.0,109530.0,109710.0,12.38771741
1,109710.0,109722.0,109393.0,109493.0,37.27057251
1,109494.0,109546.0,109396.0,109473.0,18.3571257
1,109469.0,109789.0,109457.0,109632.0,21.19548077
1,109618.0,109785.0,109577.0,109712.0,16.36007331
1,109712.0,109749.0,109651.0,109687.0,33.94070377
1,109687.0,109688.0,109540.0,109589.0,37.2653764
1,109592.0,109622.0,109396.0,109459.0,25.850803680000002
1,109458.0,109458.0,109317.0,109317.0,14.73466307
1,109318.0,109396.0,109130.0,109352.0,30.21447997
1,109356.0,109532.0,109321.0,109486.0,42.54513333
1,109487.0,109489.0,109343.0,109364.0,7.38455525
1,109364.0,109527.0,109304.0,109451.0,25.009979050000002
1,109451.0,109459.0,109363.0,109368.0,4.95382468
1,109368.0,109448.0,109317.0,109352.0,11.39840665
1,109348.0,109474.0,109252.0,109459.0,22.65157523
1,109458.0,109471.0,109364.0,109433.0,13.971383639999999
1,109430.0,109450.0,109304.0,109427.0,16.25218136
1,109425.0,109475.0,109390.0,109475.0,11.58968705
1,109475.0,109486.0,109432.0,109473.0,4.70789156
1,109474.0,109487.0,109409.0,109441.0,10.870308119999999
1,109441.0,109520.0,109440.0,109520.0,7.88332213
1,109520.0,109751.0,109520.0,109655.0,28.10036676
1,109655.0,109711.0,109514.0,109679.0,20.50158654
1,109679.0,109830.0,109606.0,109659.0,41.42374477
1,109668.0,109703.0,109396.0,109404.0,26.53681562
1,109404.0,109591.0,109403.0,109492.0,14.13133286
1,109508.0,109571.0,109458.0,109490.0,6.30632572
1,109491.0,109535.0,109413.0,109424.0,2.1585744
1,109424.0,109453.0,109398.0,109399.0,5.65088779
1,109398.0,109488.0,109317.0,109454.0,21.81951273
1,109454.0,109567.0,109399.0,109557.0,17.76305658
1,109557.0,109639.0,109476.0,109557.0,24.30109138
1,109557.0,109593.0,109383.0,109561.0,25.49620937
1,109561.0,109561.0,109411.0,109413.0,20.23806213
1,109416.0,109493.0,109304.0,109416.0,34.16597902
1,109416.0,109489.0,109239.0,109356.0,21.36982111
1,109356.0,109698.0,109356.0,109671.0,44.94256803
1,109670.0,109909.0,109539.0,109875.0,33.35309003
1,109887.0,110056.0,109741.0,110056.0,30.113107069999998
1,110067.0,110411.0,110031.0,110250.0,56.35924186
1,110243.0,110398.0,110150.0,110242.0,28.40781537
1,110235.0,110310.0,110095.0,110305.0,24.69753159
1,110305.0,110398.0,110142.0,110357.0,31.88833031
1,110357.0,110980.0,110334.0,110852.0,60.26842371
1,110841.0,110917.0,110677.0,110872.0,28.75443321
1,110873.0,112040.0,110873.0,111954.0,110.74684862
1,111963.0,112375.0,111963.0,112203.0,78.25197607
1,112203.0,112329.0,112017.0,112295.0,42.37250275
1,112296.0,112334.0,111750.0,111886.0,64.21556856
1,111886.0,112057.0,111677.0,111794.0,35.70346819
1,111794.0,111886.0,111620.0,111879.0,22.21552489
1,111904.0,111933.0,111784.0,111857.0,12.84287546
1,111844.0,111849.0,111610.0,111791.0,17.36798048
1,111802.0,111878.0,111669.0,111693.0,21.144454239999998
1,111670.0,111892.0,111597.0,111892.0,45.08182298
1,111892.0,112438.0,111892.0,112131.0,60.13478777
1,112131.0,112228.0,112027.0,112134.0,26.86850946
1,112134.0,112272.0,112067.0,112136.0,55.24924645
1,112135.0,112159.0,111965.0,112150.0,67.64386829
1,112149.0,112546.0,111986.0,112071.0,110.67777735
1,112065.0,113528.0,111953.0,113281.0,238.90906222
1,113283.0,114314.0,113283.0,114100.0,273.59676096
1,114100.0,114200.0,113753.0,113881.0,139.16304703
1,113884.0,114134.0,113669.0,113688.0,57.52309731
1,113688.0,114235.0,113522.0,114123.0,121.33522564
1,114126.0,114216.0,113943.0,114092.0,46.273159910000004
1,114092.0,114462.0,113926.0,114345.0,103.19980656999999
1,114335.0,114486.0,114200.0,114319.0,116.9983356
1,114309.0,114401.0,114163.0,114250.0,74.11108004
1,114250.0,114292.0,114078.0,114254.0,61.48471471
1,114254.0,114445.0,114254.0,114379.0,52.02718386
1,114359.0,114814.0,114108.0,114589.0,118.30207967
1,114580.0,114842.0,114350.0,114584.0,110.30272974
1,114581.0,114663.0,114441.0,114530.0,85.24901613
1,114530.0,114596.0,114369.0,114440.0,35.00330262
1,114423.0,114423.0,114146.0,114168.0,28.95434048
1,114146.0,114260.0,113900.0,113962.0,62.6656019
1,113961.0,114148.0,113900.0,113953.0,34.50151334
1,113952.0,114055.0,113642.0,113753.0,51.61725473
1,113750.0,113797.0,113409.0,113505.0,65.91714479
1,113504.0,113504.0,112795.0,112834.0,70.05381915
1,112814.0,113110.0,112714.0,112957.0,97.20783807
1,112958.0,113184.0,112850.0,113107.0,61.44652773
1,113098.0,113297.0,113036.0,113045.0,27.14030202
1,113045.0,113723.0,112917.0,113444.0,100.50253698
1,113441.0,113651.0,112957.0,113632.0,74.02473219
1,113630.0,113630.0,112966.0,113133.0,104.29971348
1,113134.0,113291.0,112808.0,112858.0,115.82501133
1,112856.0,113529.0,112830.0,113259.0,119.68992902000001
1,113262.0,113722.0,113197.0,113719.0,71.83865371
1,113719.0,114583.0,113711.0,114369.0,181.40108651
1,114369.0,114721.0,114135.0,114642.0,103.09336595
1,114649.0,114775.0,114149.0,114192.0,64.98234226
1,114179.0,114373.0,113924.0,113962.0,45.19553646
1,113960.0,114065.0,113787.0,114065.0,44.589110510000005
1,114079.0,114319.0,113982.0,114259.0,36.96473616
1,114263.0,114572.0,114158.0,114570.0,107.95821336
1,114570.0,114572.0,114088.0,114297.0,76.60611251
1,114297.0,114541.0,114116.0,114196.0,77.35797272
1,114229.0,114714.0,114170.0,114303.0,63.95594765
1,114306.0,114747.0,114282.0,114587.0,42.29653009
1,114596.0,114654.0,114252.0,114294.0,33.45000168
1,114294.0,114620.0,114273.0,114581.0,29.30410864
1,114581.0,116593.0,114520.0,116137.0,297.43271703
1,116147.0,116565.0,115996.0,116450.0,103.93614067
1,116465.0,116593.0,116233.0,116308.0,51.13405705
1,116324.0,116839.0,116316.0,116839.0,72.660151
1,116843.0,116940.0,116412.0,116443.0,130.302553
1,116454.0,116900.0,116454.0,116867.0,95.31494567
1,116862.0,117492.0,116762.0,117392.0,186.9600913
1,117392.0,117713.0,117178.0,117500.0,141.18840567
1,117501.0,118267.0,117401.0,117643.0,273.07042037
1,117631.0,117770.0,116786.0,116837.0,140.581462
1,116837.0,117393.0,116836.0,117297.0,64.21030238
1,117297.0,117689.0,117279.0,117500.0,62.732845579999996
1,117434.0,117617.0,117227.0,117607.0,34.25451037
1,117607.0,117651.0,117404.0,117632.0,18.79188386
1,117632.0,118142.0,117632.0,117820.0,50.053282259999996
1,117819.0,118708.0,117763.0,118668.0,106.51537037
1,118674.0,119509.0,118493.0,118503.0,221.18398674
1,118504.0,118952.0,118454.0,118688.0,57.96758806
1,118689.0,118848.0,118555.0,118812.0,45.93486689
1,118815.0,119124.0,118768.0,118813.0,66.46247968
1,118813.0,118991.0,118512.0,118730.0,30.02949931
1,118731.0,118746.0,118355.0,118444.0,31.19584453
1,118443.0,118738.0,118370.0,118731.0,41.93319787
1,118726.0,118739.0,118510.0,118577.0,37.50286097
1,118579.0,118752.0,118430.0,118746.0,17.87119225
1,118745.0,118924.0,118642.0,118924.0,41.42285635
1,118924.0,118982.0,118644.0,118684.0,23.64879195
1,118684.0,118965.0,118614.0,118838.0,16.59092407
1,118835.0,119480.0,118824.0,119480.0,88.24871727
1,119480.0,119882.0,119011.0,119718.0,194.31804565
1,119718.0,119888.0,118782.0,118911.0,129.85223039
1,118911.0,119996.0,118611.0,119996.0,162.13804677
1,119995.0,120374.0,119718.0,119824.0,155.37060129
1,119824.0,120046.0,119454.0,120006.0,88.99559059
1,120006.0,120739.0,120003.0,120613.0,209.91868026
1,120612.0,121106.0,120561.0,120941.0,169.64382827
1,120932.0,121012.0,120404.0,120741.0,74.69718393
1,120739.0,120855.0,120221.0,120239.0,41.43287902
1,120238.0,120504.0,120159.0,120331.0,35.74460627
1,120346.0,120760.0,120346.0,120612.0,97.57240255
1,120645.0,120655.0,120197.0,120241.0,193.89492832
1,120241.0,120391.0,119942.0,119999.0,148.39599906
1,119987.0,120371.0,119969.0,120261.0,22.38677811
1,120260.0,120577.0,120260.0,120324.0,41.40886456
1,120324.0,120421.0,120127.0,120154.0,37.77312139
1,120153.0,120182.0,119870.0,120017.0,52.2547573
1,120018.0,120175.0,119871.0,120008.0,26.41412777
1,120016.0,120107.0,119722.0,119740.0,223.53786446
1,119741.0,120163.0,119353.0,120140.0,238.73328507
1,120139.0,120460.0,120104.0,120392.0,129.05959329
1,120392.0,120635.0,120365.0,120528.0,123.22258112
1,120526.0,120568.0,120231.0,120420.0,32.04980337
1,120430.0,120500.0,120213.0,120475.0,75.9715135
1,120474.0,120808.0,120246.0,120485.0,96.87307762
1,120469.0,121099.0,120009.0,121011.0,113.6921133
1,121039.0,122443.0,120753.0,122355.0,160.99094368
1,122367.0,123966.0,122366.0,122625.0,375.76747131
1,122621.0,123179.0,121696.0,122159.0,261.80178001
1,122161.0,122808.0,121565.0,122635.0,142.13750907
1,122636.0,123070.0,122463.0,122782.0,430.86224965
1,122782.0,122825.0,122150.0,122536.0,97.3349986
1,122544.0,122544.0,122116.0,122412.0,48.96850003
1,122413.0,122752.0,122413.0,122566.0,15.1174843
1,122565.0,122566.0,122275.0,122308.0,8.42297777
1,122329.0,122391.0,122092.0,122205.0,25.67966899
1,122204.0,122208.0,121798.0,121954.0,21.26183034
1,121959.0,122130.0,121786.0,121925.0,25.20960782
1,121951.0,122398.0,121927.0,122324.0,32.34990167
1,122324.0,122617.0,122310.0,122591.0,35.4864988
1,122572.0,122885.0,122510.0,122619.0,37.02235749
1,122603.0,122684.0,122474.0,122531.0,17.99280879
1,122527.0,122539.0,122355.0,122420.0,25.02065562
1,122409.0,122612.0,122282.0,122345.0,17.54671731
1,122345.0,122532.0,122266.0,122288.0,11.47073584
1,122272.0,122402.0,122194.0,122200.0,10.98355516
1,122194.0,122295.0,122047.0,122061.0,13.15240962
1,122048.0,122181.0,122033.0,122086.0,9.66007251
1,122082.0,122560.0,122082.0,122462.0,60.02126936
1,122463.0,122536.0,122092.0,122092.0,28.3855154
1,122091.0,122194.0,121790.0,121871.0,80.07768612
1,121871.0,122032.0,121684.0,121806.0,64.87520907
1,121804.0,121988.0,121739.0,121824.0,12.17243148
1,121837.0,121905.0,121575.0,121648.0,17.31019704
1,121662.0,122041.0,121662.0,122036.0,10.61767857
1,122052.0,122152.0,121955.0,121955.0,14.698369679999999
1,121955.0,122399.0,121944.0,122256.0,33.560966480000005
1,122255.0,122414.0,122204.0,122353.0,7.71484992
1,122353.0,122472.0,122282.0,122441.0,16.20119096
1,122458.0,122472.0,122238.0,122239.0,24.27912433
1,122239.0,122463.0,122209.0,122447.0,25.77700145
1,122447.0,124383.0,122414.0,124107.0,283.74489657
1,124078.0,124203.0,123417.0,123853.0,110.98279697
1,123831.0,125725.0,123793.0,125209.0,282.33958659
1,125211.0,125459.0,124922.0,125135.0,124.6072825
1,125136.0,125232.0,124821.0,125035.0,62.8484077
1,125005.0,125172.0,124642.0,124752.0,83.86987923
1,124745.0,124865.0,124592.0,124615.0,23.87864779
1,124614.0,124683.0,122816.0,123035.0,122.77748343
1,123035.0,123161.0,122538.0,123057.0,38.97604666
1,123056.0,123550.0,122877.0,123491.0,54.911313740000004
1,123477.0,123477.0,122975.0,123113.0,42.43612968
1,123113.0,123373.0,123113.0,123190.0,17.33490741
1,123190.0,123364.0,122826.0,123079.0,30.18249749
1,123065.0,123066.0,122723.0,122843.0,22.14301203
1,122841.0,123364.0,122355.0,123298.0,95.16751375999999
1,123298.0,123491.0,122959.0,123103.0,35.44179742
1,123102.0,123256.0,122929.0,123043.0,19.75815965
1,123045.0,123061.0,122561.0,122629.0,32.4977333
1,122629.0,123076.0,122518.0,122778.0,36.22979104
1,122730.0,122813.0,122546.0,122766.0,34.48124349
1,122767.0,123313.0,122767.0,123274.0,50.00202769
1,123272.0,123579.0,123253.0,123519.0,20.65036011
1,123519.0,124387.0,123148.0,123421.0,137.10380058
1,123404.0,124263.0,123238.0,124093.0,95.74785711999999
1,124089.0,124278.0,123550.0,124195.0,78.55502306
1,124175.0,124180.0,123817.0,123914.0,34.09136261
1,123903.0,124040.0,123640.0,123641.0,30.84113045
1,123639.0,123758.0,123358.0,123621.0,51.77693349
1,123621.0,124189.0,123621.0,123985.0,45.17043561
1,123985.0,124057.0,123344.0,123437.0,49.40661504
1,123436.0,123905.0,123436.0,123884.0,87.06531491
1,123884.0,124099.0,123832.0,124015.0,77.54582847
1,124015.0,124189.0,123961.0,124030.0,21.11739307
1,124022.0,124517.0,123787.0,124269.0,105.68845331
1,124268.0,124697.0,124233.0,124611.0,260.85828619
1,124612.0,125115.0,124465.0,125102.0,213.12249816
1,125102.0,125389.0,124444.0,124590.0,213.05428435000002
1,124585.0,125469.0,124578.0,125067.0,76.6851514
1,125067.0,125598.0,124886.0,125535.0,45.37333409
1,125528.0,125899.0,125203.0,125370.0,116.28635792
1,125367.0,126272.0,125124.0,126111.0,112.42179406
1,126094.0,126239.0,125333.0,125481.0,255.3418714
1,125468.0,125608.0,125096.0,125278.0,102.16472153
1,125279.0,125333.0,124593.0,125149.0,82.60600233
1,125148.0,125339.0,124829.0,125094.0,62.57828767
1,125094.0,125158.0,124727.0,124728.0,62.29924468
1,124728.0,124991.0,124668.0,124967.0,75.72491443
1,124949.0,125154.0,124532.0,124771.0,27.14638748
1,124771.0,124778.0,124258.0,124341.0,31.138066430000002
1,124341.0,124636.0,124189.0,124391.0,21.64676565
1,124398.0,124712.0,124190.0,124579.0,45.11372981
1,124579.0,124694.0,124324.0,124464.0,34.64048436
1,124465.0,124519.0,123879.0,123968.0,57.6624744
1,123968.0,124119.0,123654.0,123764.0,33.66274522
1,123759.0,124082.0,123417.0,123952.0,70.95316303
1,123952.0,124322.0,123952.0,124219.0,56.76376525
1,124205.0,124499.0,124112.0,124379.0,27.86687661
1,124378.0,124607.0,124282.0,124545.0,71.07776326
1,124544.0,125235.0,124446.0,125008.0,85.37968228
1,125019.0,125142.0,123431.0,123993.0,254.60172901
1,123988.0,124084.0,122693.0,122834.0,212.82919857
1,122876.0,122965.0,121288.0,121944.0,359.81528707
1,121933.0,122150.0,120881.0,121753.0,257.11944178
1,121764.0,121906.0,121161.0,121200.0,130.1281759
1,121211.0,121373.0,120648.0,120943.0,161.81784645
1,120942.0,122071.0,120917.0,121682.0,222.10351861
1,121701.0,122268.0,121701.0,122011.0,83.49506941
1,122015.0,122362.0,121853.0,122078.0,49.24804631
1,122078.0,122238.0,121873.0,122078.0,44.67092227
1,122078.0,122085.0,121311.0,121395.0,55.49884328
1,121407.0,122156.0,121350.0,121986.0,142.05294879
1,121980.0,122105.0,121659.0,122027.0,100.49859597
1,122026.0,122282.0,121883.0,122108.0,64.29607656
1,122099.0,122099.0,121277.0,121438.0,74.16336917
1,121441.0,121966.0,121157.0,121948.0,105.00278952000001
1,121948.0,121948.0,121216.0,121394.0,143.10254682
1,121394.0,121871.0,121113.0,121823.0,49.92503605
1,121833.0,121901.0,121349.0,121638.0,95.57420405
1,121650.0,122899.0,121568.0,122437.0,98.3530856
1,122433.0,122696.0,122421.0,122550.0,45.3791034
1,122565.0,123124.0,122536.0,122986.0,41.36864947
1,122992.0,123239.0,122789.0,122920.0,49.02502996
1,122920.0,123099.0,122590.0,122672.0,44.69329015
1,122672.0,122810.0,121722.0,122642.0,137.32966337
1,122645.0,123372.0,122164.0,122350.0,198.83003206
1,122350.0,122641.0,122001.0,122228.0,234.86760359
1,122227.0,123157.0,122143.0,123100.0,151.19626877
1,123099.0,124204.0,123003.0,124069.0,197.5726186
1,124069.0,124220.0,123470.0,123481.0,123.48867257
1,123480.0,123784.0,123180.0,123478.0,146.28628125
1,123474.0,123762.0,122857.0,122889.0,139.42696085
1,122889.0,123357.0,122855.0,123313.0,54.18860662
1,123313.0,123446.0,123241.0,123242.0,36.38003116
1,123236.0,123550.0,123085.0,123345.0,38.13024179
1,123349.0,123375.0,122899.0,122899.0,34.37101679
1,122899.0,122899.0,122370.0,122588.0,43.74666965
1,122587.0,122587.0,121522.0,121651.0,109.74909758
1,121650.0,122135.0,121641.0,122067.0,45.10759781
1,122067.0,122282.0,121925.0,122170.0,40.00632784
1,122170.0,122227.0,121854.0,122138.0,20.70428193
1,122137.0,122210.0,121903.0,121980.0,11.25735379
1,121978.0,122096.0,121770.0,121952.0,38.46323411
1,121951.0,122005.0,121194.0,121290.0,127.94137633
1,121289.0,121871.0,121289.0,121841.0,41.95897988
1,121851.0,122369.0,121694.0,122206.0,48.45032592
1,122220.0,122870.0,122220.0,122787.0,54.77599332
1,122786.0,123819.0,122768.0,123624.0,182.19321688
1,123621.0,123713.0,122355.0,122456.0,219.45430789
1,122455.0,122634.0,120838.0,121384.0,374.91513339
1,121376.0,121779.0,120741.0,121202.0,134.7562185
1,121202.0,121536.0,119800.0,119930.0,251.29371079999999
1,119883.0,121112.0,119736.0,121058.0,106.34868355
1,121041.0,121171.0,120464.0,120728.0,79.08094361
1,120715.0,121207.0,120715.0,121031.0,167.96782144
1,121071.0,121262.0,120922.0,121178.0,72.20731512
1,121178.0,121571.0,121125.0,121528.0,31.05309653
1,121559.0,121833.0,121476.0,121752.0,24.06582544
1,121752.0,121752.0,121418.0,121695.0,79.64039265
1,121695.0,121915.0,121654.0,121811.0,23.37550363
1,121811.0,121925.0,121559.0,121703.0,17.71017039
1,121705.0,121718.0,120992.0,121126.0,62.75978782
1,121126.0,121623.0,120984.0,121099.0,49.89489821
1,121099.0,121448.0,121086.0,121289.0,24.987624789999998
1,121284.0,121638.0,121055.0,121637.0,37.93076987
1,121637.0,121784.0,121317.0,121420.0,34.14632397
1,121421.0,121430.0,120926.0,120987.0,132.62930104
1,120990.0,121697.0,120981.0,121665.0,94.91026027
1,121667.0,121813.0,121317.0,121353.0,66.85473704
1,121349.0,121590.0,121274.0,121533.0,41.9059786
1,121533.0,121700.0,121467.0,121612.0,53.41211477
1,121613.0,121725.0,121476.0,121642.0,38.54581744
1,121646.0,122582.0,121437.0,121732.0,344.728115
1,121730.0,122106.0,120534.0,120556.0,160.83454068999998
1,120535.0,120650.0,118497.0,119047.0,519.90362683
1,119061.0,119491.0,118254.0,118254.0,170.00779465
1,118251.0,118453.0,117608.0,117649.0,146.6858244
1,117663.0,117869.0,117254.0,117261.0,94.20224827
1,117251.0,117353.0,115968.0,116684.0,377.05814966
1,116680.0,117246.0,113054.0,114296.0,391.83884787
1,114290.0,115388.0,109683.0,113974.0,1136.08255928
1,113986.0,115210.0,112754.0,114106.0,402.28377467
1,114006.0,115165.0,112952.0,112996.0,291.1301759
1,112989.0,113336.0,111779.0,112703.0,251.23463561
1,112694.0,112699.0,111183.0,111238.0,238.29768382
1,111227.0,113398.0,111214.0,113332.0,129.36811556
1,113331.0,113444.0,111932.0,112441.0,80.3055134
1,112424.0,113125.0,111834.0,113107.0,82.28649455
1,113114.0,113114.0,112165.0,112522.0,75.71320595
1,112522.0,112897.0,112165.0,112218.0,142.68929079
1,112219.0,112239.0,110225.0,110517.0,312.71100511000003
1,110518.0,111624.0,110235.0,111445.0,106.74224649
1,111452.0,111986.0,111388.0,111767.0,146.24213828
1,111751.0,112374.0,111745.0,112220.0,85.69584117
1,112220.0,112454.0,111796.0,112395.0,40.8761545
1,112392.0,112608.0,112143.0,112494.0,51.82529174
1,112500.0,112623.0,112003.0,112392.0,32.01638596
1,112411.0,112484.0,112013.0,112116.0,88.06930482
1,112104.0,112471.0,111919.0,111920.0,99.39591566
1,111920.0,112216.0,111506.0,111962.0,128.02767547
1,111961.0,112282.0,111819.0,112134.0,40.3133471
1,112133.0,112156.0,111963.0,112087.0,20.744999579999998
1,112087.0,112134.0,110996.0,111291.0,187.09706053
1,111300.0,111463.0,109818.0,110375.0,403.73490447
1,110379.0,111115.0,109711.0,111022.0,145.76215313
1,111022.0,111420.0,110779.0,111179.0,33.74283717
1,111179.0,111246.0,110760.0,110764.0,32.02170631
1,110769.0,110809.0,109711.0,109772.0,115.96011203
1,109790.0,110420.0,109762.0,110081.0,43.87071029
1,110046.0,110805.0,109711.0,110222.0,83.30841417
1,110174.0,111343.0,110102.0,110790.0,172.16830399999998
1,110809.0,112050.0,110731.0,111611.0,54.17652145
1,111622.0,111908.0,111293.0,111800.0,35.65718273
1,111800.0,112213.0,111720.0,111793.0,80.23937585
1,111797.0,112039.0,111599.0,111634.0,39.77937031
1,111634.0,111906.0,111373.0,111373.0,68.7300257
1,111373.0,111960.0,111221.0,111883.0,38.42893717
1,111888.0,112065.0,111514.0,111725.0,104.98390592
1,111726.0,112147.0,111535.0,111897.0,39.31961822
1,111896.0,112267.0,111592.0,111841.0,48.52792047
1,111841.0,111982.0,111314.0,111337.0,80.48131569
1,111362.0,113022.0,111240.0,112368.0,304.34391952
1,112391.0,113797.0,112160.0,113268.0,317.68390321
1,113261.0,114777.0,113261.0,114170.0,320.29121383
1,114170.0,114570.0,113656.0,113897.0,109.93569534
1,113897.0,114338.0,113641.0,113971.0,152.84491438999999
1,113970.0,114472.0,113919.0,114428.0,64.62388558
1,114435.0,115548.0,114432.0,115014.0,279.50805443
1,115013.0,115687.0,114362.0,114990.0,183.45111655
1,115005.0,115854.0,114998.0,115336.0,142.34041073
1,115336.0,115471.0,114846.0,115090.0,88.68903433
1,115089.0,115993.0,114912.0,115407.0,171.03704633
1,115407.0,115881.0,115198.0,115798.0,45.26404236
1,115824.0,116035.0,115134.0,115437.0,34.52859348
1,115438.0,115729.0,114743.0,114942.0,55.85327163
1,114941.0,115120.0,114521.0,114816.0,53.91585394
1,114816.0,114918.0,114619.0,114705.0,23.788877590000002
1,114705.0,115410.0,114513.0,115295.0,81.42490244
1,115295.0,115633.0,115109.0,115481.0,59.48030144
1,115480.0,115527.0,115237.0,115359.0,19.27614913
1,115349.0,115349.0,114899.0,115193.0,37.76195659
1,115244.0,115244.0,114850.0,114941.0,74.68455643
1,114917.0,114917.0,113751.0,114289.0,113.99055061
1,114279.0,114815.0,114048.0,114499.0,117.87942769
1,114498.0,115624.0,114318.0,115457.0,187.32042006
1,115475.0,115586.0,113951.0,114145.0,230.56763718000002
1,114134.0,114826.0,114085.0,114434.0,35.82877357
1,114433.0,115287.0,114392.0,114759.0,42.56413708
1,114759.0,115145.0,114319.0,115145.0,40.1865931
1,115117.0,115479.0,114815.0,115263.0,88.89987166
1,115250.0,115976.0,115167.0,115886.0,227.28863676
1,115887.0,115972.0,115492.0,115805.0,95.34483732
1,115810.0,115883.0,115656.0,115804.0,46.11760181
1,115806.0,115928.0,115542.0,115600.0,15.20853716
1,115600.0,115600.0,115107.0,115265.0,49.36810542
1,115275.0,115508.0,114995.0,115052.0,27.88414996
1,115059.0,115093.0,114231.0,114351.0,102.59799717
1,114360.0,114377.0,113708.0,113708.0,97.03051028
1,113718.0,113780.0,113351.0,113557.0,83.66631761
1,113582.0,113673.0,112876.0,113154.0,88.1379064
1,113130.0,113746.0,112484.0,112567.0,130.2425182
1,112567.0,112769.0,111476.0,112050.0,85.67528994999999
1,112050.0,112255.0,111570.0,111799.0,118.59527601
1,111816.0,112201.0,111599.0,111917.0,40.50235948
1,111916.0,112102.0,111161.0,111376.0,57.71412711
1,111374.0,111412.0,110146.0,110722.0,131.90848033
1,110719.0,111704.0,110718.0,111412.0,114.99070434
1,111408.0,111445.0,110828.0,110879.0,45.4097982
1,110878.0,111391.0,109971.0,111097.0,256.13072965
1,111097.0,112279.0,110998.0,111461.0,112.58241312
1,111461.0,112961.0,111129.0,112942.0,174.44513189
1,112961.0,113230.0,112295.0,112394.0,81.48100509
1,112378.0,112989.0,111798.0,112860.0,157.79776348000001
1,112860.0,113542.0,112707.0,112917.0,67.54985207
1,112913.0,113592.0,112093.0,112650.0,111.16025591
1,112664.0,113039.0,112281.0,113039.0,58.82946193
1,113039.0,113229.0,112746.0,113176.0,57.112512790000004
1,113187.0,113600.0,112890.0,113246.0,28.86956129
1,113266.0,113555.0,113055.0,113078.0,23.35320676
1,113077.0,113176.0,112656.0,113059.0,26.89422974
1,113022.0,113063.0,112391.0,112787.0,57.058240420000004
1,112791.0,113655.0,112720.0,112876.0,116.61042333
1,112876.0,112913.0,111880.0,112077.0,64.32354818
1,112067.0,112498.0,111825.0,112400.0,36.1289632
1,112398.0,112700.0,112249.0,112491.0,32.27995788
1,112492.0,112630.0,111972.0,112502.0,68.59669908
1,112533.0,112739.0,112294.0,112643.0,64.4119785
1,112628.0,113584.0,112607.0,113019.0,57.38095791
1,113019.0,113195.0,112471.0,112637.0,97.50109613
1,112637.0,112727.0,112176.0,112356.0,43.07496797
1,112355.0,112693.0,111838.0,112003.0,36.57081054
1,112003.0,112177.0,111484.0,111788.0,50.14381991
1,111787.0,112095.0,110828.0,111463.0,239.00044226
1,111463.0,112308.0,110904.0,111145.0,205.03250205
1,111147.0,111636.0,110464.0,110860.0,263.00847234
1,110869.0,111187.0,110671.0,110821.0,61.80308978
1,110830.0,111243.0,110217.0,111243.0,137.27614903
1,111243.0,111543.0,110878.0,111492.0,81.60534247
1,111492.0,111597.0,111132.0,111347.0,63.92482722
1,111334.0,111597.0,110574.0,111149.0,70.4035963
1,111157.0,111475.0,110547.0,110860.0,73.22472397
1,110906.0,111438.0,110711.0,110711.0,32.22343843
1,110711.0,111049.0,110639.0,110804.0,44.535396649999996
1,110804.0,110913.0,110412.0,110490.0,67.99978321
1,110489.0,111358.0,110482.0,111347.0,54.4639429
1,111348.0,111600.0,111071.0,111564.0,27.71027054
1,111564.0,111902.0,111323.0,111371.0,34.14016207
1,111405.0,111727.0,110879.0,111028.0,59.44131087
1,111029.0,111503.0,110783.0,110991.0,107.05558123
1,110991.0,111756.0,110974.0,111698.0,55.925920309999995
1,111721.0,111798.0,110557.0,110622.0,109.92420549
1,110612.0,110923.0,110432.0,110854.0,37.74542762
1,110850.0,111666.0,109672.0,111182.0,246.04548749
1,111193.0,111744.0,111070.0,111514.0,40.55378532
1,111491.0,111607.0,111076.0,111444.0,62.34006153
1,111445.0,112012.0,111382.0,111571.0,86.66211959
1,111570.0,111607.0,110683.0,110888.0,178.23975135999999
1,110898.0,111469.0,109778.0,110545.0,310.24674429
1,110581.0,110797.0,108416.0,108599.0,341.04657984
1,108583.0,109303.0,107625.0,109256.0,341.42933056
1,109285.0,109295.0,108261.0,108303.0,192.79144722
1,108312.0,108710.0,107725.0,108710.0,155.33315439
1,108710.0,108793.0,107718.0,108230.0,193.76914187
1,108245.0,108476.0,107450.0,107851.0,129.47635795
1,107876.0,108492.0,107621.0,108460.0,58.30966659
1,108486.0,108531.0,107798.0,107820.0,39.541854
1,107819.0,108430.0,107776.0,108206.0,74.17624433
1,108206.0,108820.0,107935.0,108808.0,75.19621285
1,108820.0,109121.0,108546.0,108839.0,71.94249607
1,108859.0,109089.0,108429.0,108998.0,67.27853254
1,109000.0,109252.0,108938.0,109186.0,29.326820480000002
1,109199.0,109261.0,108806.0,108819.0,29.9609041
1,108819.0,108943.0,108332.0,108386.0,66.24364365
1,108413.0,108523.0,106687.0,106780.0,187.52963774
1,106765.0,106911.0,105541.0,105615.0,270.92574992
1,105615.0,105711.0,104490.0,104889.0,406.56752818
1,104888.0,105617.0,104484.0,104484.0,257.56218803
1,104522.0,104896.0,103530.0,104736.0,434.89586219
1,104736.0,106585.0,104666.0,105706.0,388.78765824
1,105699.0,106073.0,105573.0,105837.0,38.09845966
1,105837.0,106179.0,104898.0,105854.0,419.88266065
1,105855.0,106016.0,104529.0,105171.0,438.96298049
1,105171.0,106861.0,105114.0,106821.0,306.86475921
1,106820.0,107535.0,106253.0,106390.0,225.69603063
1,106407.0,106769.0,106094.0,106474.0,133.75666936
1,106474.0,107117.0,106474.0,106667.0,179.46076209
1,106684.0,106915.0,106278.0,106472.0,208.14205562
1,106472.0,107215.0,106369.0,107038.0,84.08939063
1,107038.0,107480.0,107038.0,107355.0,132.18872279
1,107354.0,107469.0,106864.0,107041.0,77.41759939
1,107041.0,107041.0,106444.0,106476.0,85.76195969999999
1,106470.0,106888.0,106368.0,106879.0,48.88622992
1,106891.0,107341.0,106858.0,107199.0,24.53580688
1,107211.0,107340.0,106542.0,106630.0,60.06746761
1,106631.0,107167.0,106628.0,107121.0,26.206676299999998
1,107116.0,107122.0,106488.0,106507.0,42.273914
1,106522.0,106888.0,106522.0,106863.0,19.8055078
1,106855.0,107000.0,106758.0,106894.0,9.72717258
1,106890.0,107534.0,106688.0,106737.0,125.47881342
1,106730.0,107007.0,106675.0,106777.0,18.85637166
1,106761.0,106991.0,106683.0,106939.0,12.39967379
1,106940.0,107189.0,106837.0,106963.0,31.46824468
1,106966.0,107262.0,106817.0,107260.0,32.69770418
1,107254.0,107341.0,107012.0,107118.0,51.56650814
1,107117.0,107143.0,106851.0,106923.0,16.31695746
1,106923.0,107158.0,106802.0,107075.0,23.86966115
1,107079.0,107194.0,106860.0,106988.0,29.17959229
1,106990.0,107097.0,106520.0,106695.0,55.30728881
1,106695.0,106981.0,106606.0,106914.0,12.94141587
1,106909.0,106955.0,106761.0,106883.0,11.47542307
1,106884.0,107123.0,106800.0,107123.0,41.4586044
1,107119.0,107354.0,107033.0,107065.0,49.6282779
1,107046.0,107269.0,106892.0,107212.0,42.42517513
1,107172.0,107351.0,107108.0,107161.0,54.59058431
1,107161.0,107238.0,107050.0,107220.0,11.37907184
1,107214.0,107299.0,106802.0,106940.0,50.33335298
1,106928.0,107033.0,106766.0,107000.0,28.3990049
1,107001.0,107037.0,106846.0,106879.0,9.6969177
1,106880.0,107379.0,106833.0,107297.0,59.73767994
1,107318.0,107318.0,107026.0,107052.0,25.705583139999998
1,107052.0,107207.0,106840.0,106910.0,58.96408047
1,106911.0,106942.0,106582.0,106814.0,59.44309135
1,106813.0,106942.0,106722.0,106790.0,17.52718313
1,106808.0,107219.0,106303.0,106463.0,123.85848
1,106440.0,108234.0,106137.0,107426.0,250.56360171
1,107428.0,107908.0,107047.0,107906.0,131.05518394999999
1,107907.0,108260.0,107667.0,107807.0,67.29810229
1,107820.0,107886.0,107483.0,107632.0,63.59165091
1,107623.0,108234.0,107407.0,108096.0,81.76067668
1,108108.0,108532.0,107909.0,108446.0,99.77033318
1,108448.0,108649.0,108369.0,108529.0,75.55608763000001
1,108529.0,108990.0,108294.0,108656.0,97.96590236
1,108656.0,109462.0,108652.0,109170.0,239.47034309
1,109175.0,109488.0,109098.0,109441.0,101.44554045
1,109440.0,109440.0,108851.0,108967.0,73.47103855
1,108956.0,109046.0,108869.0,108893.0,41.46193143
1,108907.0,108921.0,108664.0,108798.0,60.3171757
1,108798.0,109406.0,108798.0,109196.0,105.91939392
1,109189.0,109189.0,108521.0,108684.0,99.77981917
1,108683.0,108683.0,107452.0,108090.0,187.75128635
1,108090.0,108312.0,107936.0,108101.0,92.32173105
1,108107.0,108990.0,107898.0,108811.0,92.2624818
1,108813.0,110436.0,108611.0,110166.0,192.30103782
1,110166.0,110557.0,110001.0,110461.0,113.90150459
1,110461.0,111139.0,110323.0,111059.0,80.0688051
1,111068.0,111383.0,111029.0,111325.0,76.5455138
1,111325.0,111436.0,111095.0,111214.0,48.39163419
1,111218.0,111673.0,110992.0,111123.0,76.84846389
1,111125.0,111229.0,110729.0,110992.0,91.81132887
1,111048.0,111142.0,110705.0,110775.0,88.12915381
1,110786.0,111060.0,110677.0,111051.0,52.77876028
1,111058.0,111221.0,110799.0,110875.0,82.09435931
1,110904.0,111209.0,110621.0,111177.0,152.84202095999999
1,111187.0,111385.0,110752.0,111227.0,84.48767262
1,111227.0,111717.0,111062.0,111182.0,181.76072195
1,111183.0,111322.0,110160.0,110733.0,268.91078772
1,110722.0,111100.0,109877.0,110324.0,164.31171614
1,110304.0,110993.0,110247.0,110958.0,52.694352
1,110959.0,111096.0,110555.0,110840.0,58.65511984
1,110832.0,111304.0,110680.0,111133.0,70.86872515
1,111132.0,111284.0,110499.0,110595.0,55.75727979
1,110592.0,110905.0,110447.0,110860.0,22.77755199
1,110820.0,110864.0,110562.0,110580.0,28.387664309999998
1,110580.0,110580.0,110200.0,110496.0,123.86614011
1,110472.0,110518.0,109574.0,109898.0,121.53942013
1,109898.0,109947.0,109357.0,109534.0,88.67288581
1,109560.0,109650.0,109107.0,109119.0,88.33583496
1,109108.0,109108.0,107692.0,107842.0,272.93319347
1,107823.0,108009.0,107460.0,107561.0,228.69106678
1,107562.0,108221.0,107518.0,107970.0,93.6963721
1,107942.0,108221.0,107691.0,108105.0,126.76187248
1,108103.0,108124.0,107522.0,107738.0,110.50438902
1,107731.0,107884.0,107585.0,107786.0,40.85193457
1,107790.0,108832.0,107602.0,108532.0,110.29044791
1,108529.0,108650.0,108195.0,108610.0,77.30946384
1,108615.0,109488.0,108504.0,108814.0,161.9181833
1,108824.0,108933.0,107946.0,108460.0,231.3282647
1,108456.0,112326.0,108436.0,112220.0,470.23050677
1,112217.0,113596.0,111776.0,113420.0,486.85546289
1,113478.0,114088.0,112513.0,112590.0,374.65468497
1,112596.0,113052.0,111911.0,112071.0,213.52838046
1,112059.0,112337.0,111463.0,112064.0,111.68197221999999
1,112063.0,112255.0,111623.0,111834.0,86.75746206
1,111834.0,111862.0,110642.0,110868.0,152.19685638
1,110850.0,111169.0,110159.0,110875.0,161.08996373
1,110872.0,110872.0,108343.0,109125.0,264.80460859
1,109119.0,109483.0,108125.0,108372.0,130.84524011
1,108324.0,108675.0,107898.0,108048.0,142.76363497
1,108037.0,108507.0,108037.0,108404.0,112.4608616
1,108426.0,108734.0,108260.0,108260.0,39.07353654
1,108238.0,108307.0,107923.0,108261.0,83.82252828
1,108266.0,108676.0,108215.0,108676.0,51.738055779999996
1,108676.0,108698.0,107961.0,108245.0,97.69048107
1,108241.0,108393.0,108005.0,108054.0,48.3449934
1,108040.0,108361.0,107653.0,108360.0,86.93174639
1,108363.0,108402.0,108136.0,108281.0,19.03046346
1,108281.0,108324.0,107832.0,108012.0,76.54804106
1,108013.0,108157.0,107690.0,107703.0,34.57769132
1,107705.0,108260.0,106101.0,107604.0,250.82402573
1,107592.0,108450.0,107488.0,108087.0,140.4520755
1,108087.0,109068.0,107693.0,108858.0,285.63543175
1,108844.0,109022.0,107548.0,108940.0,378.26281089
1,108965.0,109160.0,107762.0,108426.0,194.91812444
1,108425.0,108799.0,107842.0,108223.0,173.09422817
1,108222.0,108351.0,107579.0,107792.0,171.29509278
1,107791.0,108214.0,107469.0,108008.0,69.34513413
1,108037.0,108415.0,107728.0,107880.0,164.77937362
1,107877.0,108074.0,107525.0,107674.0,70.91868735
1,107714.0,107760.0,106692.0,107215.0,142.20905184
1,107205.0,107670.0,106940.0,107202.0,89.01727399
1,107201.0,107956.0,107171.0,107595.0,51.38774038
1,107572.0,107974.0,107510.0,107859.0,43.29388403
1,107859.0,108501.0,107837.0,108185.0,86.07348338999999
1,108185.0,108427.0,108088.0,108427.0,16.27739841
1,108439.0,108742.0,108347.0,108396.0,56.39176405
1,108424.0,108960.0,108378.0,108676.0,27.02648872
1,108676.0,109003.0,108650.0,108977.0,21.04357826
1,108985.0,110319.0,108888.0,110292.0,155.54270947
1,110287.0,110304.0,109246.0,109278.0,97.66267132
1,109277.0,109921.0,109271.0,109541.0,47.30041956
1,109542.0,109572.0,109160.0,109434.0,52.42091895
1,109448.0,109724.0,109407.0,109468.0,17.74343813
1,109467.0,109685.0,109143.0,109302.0,27.18790889
1,109290.0,109290.0,108741.0,109190.0,94.17396473000001
1,109189.0,109632.0,108824.0,109510.0,98.21082379
1,109534.0,109849.0,108769.0,109629.0,140.03108276
1,109649.0,110146.0,109526.0,109936.0,64.37331554
1,109939.0,110594.0,109682.0,110291.0,64.57576313
1,110299.0,111336.0,109686.0,111277.0,291.6441965
1,111292.0,111329.0,110315.0,110617.0,73.8461278
1,110614.0,110668.0,110160.0,110254.0,73.64551952000001
1,110234.0,110234.0,109387.0,109587.0,66.30307317
1,109561.0,109761.0,109415.0,109573.0,72.66862928
1,109558.0,110196.0,109558.0,109996.0,28.38396561
1,109996.0,110142.0,109879.0,110111.0,19.42917434
1,110110.0,110730.0,110033.0,110543.0,85.45128989
1,110547.0,110708.0,110187.0,110614.0,57.6850549
1,110614.0,110863.0,110382.0,110634.0,29.844891009999998
1,110608.0,110678.0,110319.0,110483.0,56.03462834
1,110478.0,111505.0,110382.0,111221.0,105.65261536
1,111218.0,111356.0,110969.0,111292.0,77.12296304
1,111283.0,111529.0,111162.0,111521.0,53.36717549
1,111504.0,111557.0,110824.0,111103.0,53.369446769999996
1,111102.0,111249.0,110731.0,111122.0,51.510219740000004
1,111122.0,111516.0,111036.0,111377.0,32.25006458
1,111377.0,111377.0,111102.0,111150.0,36.15748793
1,111150.0,111303.0,110650.0,111100.0,69.31125624
1,111096.0,112066.0,110916.0,111326.0,176.71795968
1,111339.0,111471.0,110408.0,110941.0,132.34863984
1,110948.0,110948.0,109731.0,110196.0,114.52301625999999
1,110244.0,110642.0,109915.0,110064.0,53.02450557
1,110063.0,110403.0,109814.0,110268.0,31.0529652
1,110275.0,110596.0,110207.0,110250.0,17.75977073
1,110250.0,110637.0,110175.0,110632.0,53.46436623
1,110632.0,110956.0,110514.0,110628.0,39.50683363
1,110623.0,111020.0,110484.0,110905.0,23.67329104
1,110944.0,111128.0,110657.0,111123.0,40.65633874
1,111120.0,111158.0,110950.0,111053.0,16.49687257
1,111052.0,111152.0,110911.0,111039.0,5.68333685
1,111038.0,111079.0,110704.0,110797.0,45.66454865
1,110806.0,111236.0,110790.0,111100.0,36.39556007
1,111100.0,111152.0,110985.0,111056.0,7.41438401
1,111061.0,111161.0,111031.0,111059.0,14.63383526
1,111059.0,111450.0,111059.0,111240.0,43.45757526
1,111240.0,111441.0,111112.0,111404.0,7.77570627
1,111417.0,111496.0,111281.0,111390.0,15.98321271
1,111390.0,111808.0,111389.0,111504.0,24.665841829999998
1,111508.0,111811.0,111508.0,111810.0,9.60398377
1,111807.0,111838.0,111523.0,111538.0,32.05481049
1,111545.0,111736.0,111423.0,111588.0,21.83196342
1,111589.0,111698.0,111516.0,111591.0,12.71161886
1,111591.0,111945.0,111560.0,111927.0,24.457237579999997
1,111931.0,111941.0,111558.0,111697.0,22.08545845
1,111697.0,111771.0,111557.0,111607.0,11.43826133
1,111606.0,111606.0,111356.0,111418.0,13.938848609999999
1,111418.0,111478.0,111222.0,111403.0,28.0606269
1,111404.0,111473.0,111322.0,111396.0,6.3160015099999995
1,111396.0,111731.0,111337.0,111730.0,16.74130669
1,111709.0,111731.0,111595.0,111646.0,8.63738199
1,111646.0,111671.0,111409.0,111450.0,24.4318588
1,111450.0,111502.0,111372.0,111501.0,10.04320139
1,111502.0,111691.0,111434.0,111646.0,20.10253871
1,111646.0,111691.0,111548.0,111668.0,3.3770460499999997
1,111658.0,111905.0,111560.0,111738.0,19.01492845
1,111738.0,111860.0,111557.0,111664.0,21.35913372
1,111637.0,111709.0,111437.0,111476.0,19.63430887
1,111476.0,111524.0,111288.0,111289.0,22.76585687
1,111289.0,111490.0,111281.0,111444.0,14.498297729999999
1,111445.0,111650.0,111385.0,111625.0,17.10230575
1,111625.0,111677.0,111559.0,111642.0,2.43648752
1,111644.0,111731.0,111629.0,111731.0,4.3341560800000005
1,111731.0,111865.0,111731.0,111800.0,15.99501329
1,111800.0,112781.0,111743.0,112552.0,158.02186981
1,112552.0,112579.0,112215.0,112490.0,32.30862868
1,112510.0,113406.0,112449.0,113279.0,58.30375395
1,113281.0,113815.0,113281.0,113565.0,49.05060528
1,113653.0,113992.0,113310.0,113713.0,62.05021921
1,113725.0,113891.0,113551.0,113570.0,16.63528784
1,113569.0,113736.0,113446.0,113701.0,30.08445398
1,113723.0,113768.0,113297.0,113531.0,28.32655649
1,113509.0,113758.0,113450.0,113461.0,11.16517577
1,113461.0,113779.0,113461.0,113591.0,8.46281871
1,113591.0,113705.0,113502.0,113597.0,22.3246736
1,113596.0,113596.0,113325.0,113330.0,8.795835069999999
1,113332.0,113582.0,112933.0,113490.0,49.37135081
1,113490.0,115447.0,113490.0,114696.0,230.67259538
1,114685.0,114953.0,114403.0,114551.0,50.60195763
1,114551.0,115146.0,114385.0,114763.0,57.267065
1,114763.0,115387.0,114715.0,115292.0,33.46002102
1,115304.0,115461.0,114834.0,114892.0,29.4564649
1,114885.0,115259.0,114845.0,114982.0,14.67080968
1,115006.0,115309.0,114956.0,115271.0,17.12759879
1,115270.0,115618.0,115270.0,115561.0,22.90517003
1,115560.0,116090.0,115347.0,116050.0,68.96070356
1,116051.0,116381.0,115508.0,115548.0,85.64317898
1,115548.0,115605.0,114912.0,115015.0,46.47308227
1,115019.0,115341.0,114830.0,115259.0,36.75981766
1,115256.0,115535.0,115127.0,115451.0,25.66650817
1,115452.0,115521.0,115147.0,115359.0,45.77320706
1,115358.0,115440.0,115009.0,115060.0,51.16234221
1,115061.0,115396.0,114596.0,115247.0,83.99521376
1,115249.0,115347.0,114492.0,114822.0,139.09119105
1,114822.0,115202.0,114784.0,114946.0,72.62886149
1,114966.0,115618.0,114874.0,115495.0,53.98669023
1,115495.0,115701.0,115317.0,115701.0,46.11004087
1,115700.0,115798.0,115342.0,115364.0,50.84020517
1,115363.0,115363.0,114801.0,114933.0,120.99258157
1,114936.0,114936.0,114414.0,114496.0,106.37089809
1,114452.0,114608.0,114143.0,114312.0,108.85759052
1,114312.0,114568.0,114052.0,114088.0,99.1857008
1,114095.0,114189.0,113856.0,114101.0,93.39757561
1,114101.0,114347.0,113801.0,113951.0,92.06852005
1,113951.0,114513.0,113951.0,114410.0,59.684244889999995
1,114417.0,114466.0,113573.0,113944.0,59.050872670000004
1,113944.0,114102.0,113733.0,113905.0,27.73092997
1,113888.0,114074.0,113763.0,113972.0,19.820859979999998
1,113956.0,113988.0,113487.0,113596.0,38.24049848
1,113615.0,114170.0,113611.0,114106.0,33.29513673
1,114114.0,114335.0,114093.0,114189.0,18.81775055
1,114185.0,114457.0,114109.0,114420.0,13.22221236
1,114426.0,114596.0,114189.0,114534.0,26.96847477
1,114534.0,114606.0,114427.0,114603.0,8.53488014
1,114603.0,114651.0,114300.0,114351.0,9.978386800000001
1,114341.0,114486.0,114157.0,114455.0,38.361383000000004
1,114454.0,115521.0,114454.0,115521.0,95.5738023
1,115521.0,116077.0,114280.0,115063.0,185.94525823
1,115063.0,115382.0,114523.0,114641.0,74.24139314
1,114639.0,115493.0,114534.0,115351.0,68.97647518
1,115351.0,115576.0,115227.0,115286.0,31.58746184
1,115286.0,115377.0,114664.0,115026.0,58.99585617
1,115038.0,115050.0,113571.0,113678.0,162.3528217
1,113671.0,113692.0,112349.0,112808.0,153.74701808
1,112807.0,113229.0,112218.0,113011.0,89.63152879
1,113001.0,113297.0,112848.0,113251.0,16.97845407
1,113247.0,113247.0,112793.0,112925.0,14.80645391
1,112920.0,112920.0,112457.0,112457.0,50.116952579999996
1,112457.0,112930.0,112106.0,112504.0,81.21263049
1,112515.0,112792.0,112430.0,112681.0,15.36183114
1,112680.0,112680.0,112350.0,112534.0,7.45444128
1,112524.0,112896.0,112516.0,112839.0,10.88801578
1,112831.0,113371.0,112831.0,113069.0,54.5475747
1,113052.0,113361.0,113000.0,113290.0,14.62772189
1,113294.0,113569.0,113253.0,113564.0,20.53898631
1,113565.0,113641.0,112966.0,113081.0,12.50800496
1,113078.0,113110.0,112822.0,112999.0,67.77765039
1,112999.0,113196.0,112754.0,112896.0,15.09424385
1,112892.0,113249.0,112760.0,113142.0,14.168776059999999
1,113142.0,113338.0,113083.0,113165.0,20.15248075
1,113165.0,113654.0,112716.0,112888.0,88.97620992
1,112886.0,112914.0,112228.0,112487.0,50.80007174
1,112489.0,112551.0,111411.0,111506.0,146.10431332
1,111508.0,111508.0,110962.0,111105.0,85.54564948
1,111105.0,111917.0,111008.0,111852.0,76.2628365
1,111875.0,112006.0,109265.0,110826.0,432.64316862
1,110818.0,111442.0,110186.0,110644.0,152.91071186
1,110671.0,111530.0,110426.0,111439.0,84.38966986999999
1,111438.0,111808.0,111396.0,111615.0,34.83371594
1,111602.0,111631.0,110969.0,111033.0,45.23185341
1,111016.0,111081.0,109758.0,110038.0,84.40889619
1,110037.0,110585.0,109751.0,110555.0,85.24282541
1,110555.0,110716.0,110272.0,110446.0,46.49370651
1,110447.0,111006.0,110347.0,110982.0,52.62744583
1,110983.0,110983.0,110543.0,110763.0,40.86442895
1,110763.0,110763.0,107948.0,108581.0,387.83848542
1,108578.0,110435.0,108427.0,110273.0,149.72629354
1,110271.0,110958.0,110000.0,110799.0,50.119010180000004
1,110773.0,111603.0,110671.0,111363.0,58.4375785
1,111363.0,111434.0,110680.0,110713.0,32.04574266
1,110712.0,110811.0,110133.0,110163.0,62.43559836
1,110141.0,110244.0,109856.0,110116.0,83.02863313
1,110116.0,110145.0,109685.0,109721.0,56.4065635
1,109711.0,109778.0,108286.0,108395.0,139.83891888
1,108381.0,108731.0,107387.0,107621.0,178.06670674
1,107628.0,108347.0,107612.0,108267.0,72.71600772000001
1,108263.0,108329.0,107341.0,107707.0,106.51519031
1,107707.0,108207.0,107555.0,108124.0,67.31726920999999
1,108124.0,108133.0,106516.0,107468.0,233.56108261
1,107468.0,107540.0,106815.0,106824.0,88.06244476
1,106823.0,107135.0,106313.0,106514.0,151.79418771
1,106495.0,107612.0,106303.0,107496.0,140.9501914
1,107495.0,107938.0,107373.0,107907.0,44.64920006
1,107915.0,107920.0,107450.0,107902.0,33.67957514
1,107905.0,108324.0,107584.0,108306.0,126.61868065
1,108307.0,109553.0,108272.0,109277.0,109.51093995
1,109314.0,109991.0,109157.0,109587.0,72.13765905
1,109588.0,109667.0,108546.0,108837.0,90.48842607
1,108853.0,109277.0,108611.0,109213.0,65.43601215
1,109213.0,110173.0,109090.0,110067.0,91.72581643
1,110052.0,110052.0,109669.0,109860.0,18.3982702
1,109885.0,109948.0,109490.0,109616.0,14.1561286
1,109610.0,109785.0,109191.0,109383.0,115.93005353
1,109385.0,110054.0,109186.0,110043.0,91.36120791
1,110029.0,110397.0,109778.0,109816.0,42.77016449
1,109826.0,110073.0,109673.0,109793.0,18.03139895
1,109793.0,110463.0,109448.0,110381.0,98.93448533
1,110381.0,110610.0,109570.0,109603.0,68.66473318
1,109604.0,110191.0,109330.0,110108.0,62.98715654
1,110109.0,110935.0,109540.0,110687.0,225.82136237999998
1,110689.0,111049.0,110070.0,110147.0,143.54501126
1,110098.0,110240.0,108637.0,108759.0,141.81866113
1,108773.0,109346.0,108572.0,109234.0,89.27416538
1,109232.0,109740.0,108884.0,109376.0,87.89495903
1,109375.0,110169.0,109044.0,109739.0,46.17823707
1,109729.0,109755.0,109373.0,109419.0,44.90629034
1,109421.0,109700.0,109261.0,109496.0,29.52689569
1,109507.0,109742.0,109411.0,109522.0,8.9556543
1,109512.0,109634.0,109458.0,109554.0,10.59328625
1,109554.0,109698.0,109370.0,109670.0,27.69709833
1,109670.0,109975.0,109647.0,109673.0,17.14136774
1,109650.0,109790.0,109422.0,109715.0,49.882697570000005
1,109720.0,110226.0,109720.0,110171.0,30.55758852
1,110171.0,110478.0,110068.0,110233.0,36.90462605
1,110233.0,110317.0,109990.0,110072.0,12.98930097
1,110070.0,110116.0,109896.0,109939.0,17.40392023
1,109939.0,110198.0,109929.0,110006.0,14.31627631
1,110017.0,110209.0,110012.0,110183.0,5.64513773
1,110161.0,110187.0,109903.0,109923.0,11.25413391
1,109937.0,110094.0,109804.0,110086.0,18.75503067
1,110093.0,110151.0,109950.0,110068.0,15.36747189
1,110068.0,110127.0,109949.0,109954.0,18.985023849999997
1,109954.0,109995.0,109662.0,109894.0,32.16419971
1,109886.0,109939.0,109687.0,109879.0,30.55288925
1,109879.0,110279.0,109863.0,110239.0,62.31193652
1,110239.0,110478.0,110160.0,110416.0,43.22472871
1,110414.0,110438.0,110152.0,110175.0,30.79058742
1,110167.0,110320.0,110152.0,110299.0,5.46015993
1,110284.0,110285.0,110177.0,110262.0,10.3795501
1,110260.0,110468.0,110258.0,110362.0,8.73546404
1,110362.0,110383.0,109818.0,109819.0,28.033827539999997
1,109820.0,110041.0,109820.0,110041.0,19.56223713
1,110041.0,110079.0,109915.0,110047.0,18.02279473
1,110039.0,110075.0,109862.0,109925.0,35.778849980000004
1,109925.0,110058.0,109884.0,109937.0,11.53289338
1,109915.0,110212.0,109851.0,109993.0,34.29810938
1,109974.0,110042.0,109926.0,110010.0,4.520340350000001
1,110002.0,110707.0,109992.0,110632.0,78.66799231
1,110641.0,110662.0,110252.0,110462.0,53.89114223
1,110447.0,110663.0,110252.0,110614.0,55.22591045
1,110614.0,110969.0,110411.0,110888.0,65.74491167000001
1,110863.0,110968.0,110679.0,110800.0,27.27769676
1,110800.0,110995.0,110505.0,110671.0,49.42798319
1,110671.0,110809.0,110332.0,110456.0,46.24611849
1,110461.0,111102.0,110461.0,111102.0,39.82108935
1,111102.0,111129.0,110664.0,110700.0,33.93069276
1,110700.0,110726.0,110165.0,110545.0,111.09731015
1,110523.0,110623.0,110200.0,110403.0,32.99480685
1,110399.0,110544.0,110094.0,110103.0,21.63620496
1,110100.0,110121.0,109747.0,110098.0,59.1840991
1,110098.0,110239.0,110017.0,110179.0,13.64054854
1,110179.0,110315.0,110163.0,110315.0,10.71354368
1,110314.0,110314.0,109975.0,110146.0,17.02900926
1,110146.0,110186.0,109883.0,110076.0,8.770458529999999
1,110081.0,110121.0,109957.0,109987.0,12.24965581
1,109997.0,110002.0,109475.0,109883.0,52.3918584
1,109883.0,110716.0,109883.0,110530.0,95.47428783000001
1,110524.0,110730.0,109753.0,109753.0,55.80130878
1,109751.0,109883.0,109388.0,109664.0,66.95380292
1,109674.0,109751.0,108676.0,109026.0,112.52457646
1,109025.0,109142.0,107890.0,107936.0,106.82141179
1,107936.0,107994.0,107483.0,107882.0,89.83049642
1,107887.0,108019.0,107402.0,107588.0,30.800954729999997
1,107575.0,107689.0,107008.0,107478.0,69.16592413
1,107485.0,107795.0,107259.0,107442.0,73.45569737
1,107412.0,107683.0,106986.0,107561.0,95.50860519999999
1,107544.0,107893.0,107071.0,107168.0,77.64090375
1,107168.0,107586.0,106746.0,106934.0,87.90142667
1,106938.0,107884.0,106938.0,107770.0,69.66868052
1,107790.0,108230.0,107704.0,107748.0,85.25051898
1,107734.0,108037.0,107574.0,107894.0,78.15582813
1,107894.0,108306.0,107355.0,108036.0,184.28647385
1,108037.0,108104.0,105440.0,105721.0,436.10271806000003
1,105732.0,106770.0,105300.0,106639.0,338.66037915
1,106651.0,107707.0,106513.0,107459.0,262.0826141
1,107458.0,107566.0,106781.0,106936.0,85.66444969
1,106936.0,107360.0,106421.0,107050.0,104.25427114
1,107053.0,107136.0,106242.0,106623.0,87.38454509
1,106623.0,107066.0,106048.0,106868.0,178.13866468999998
1,106867.0,106867.0,105805.0,106461.0,96.79956831999999
1,106461.0,106726.0,106021.0,106548.0,47.30430889
1,106550.0,106765.0,105837.0,106440.0,83.33113932
1,106440.0,107226.0,106251.0,107015.0,99.97367697
1,106997.0,107197.0,106445.0,106454.0,40.82353237
1,106455.0,107187.0,106214.0,107139.0,112.99476636
1,107128.0,107260.0,106685.0,106728.0,39.00897371
1,106727.0,106727.0,104158.0,104178.0,294.87862806
1,104177.0,105166.0,104138.0,104747.0,184.85405683
1,104750.0,104915.0,104319.0,104450.0,131.70085643
1,104449.0,104556.0,103732.0,103994.0,236.5920991
1,103993.0,104061.0,103576.0,103791.0,195.40163351
1,103796.0,104014.0,103553.0,103763.0,97.27757058
1,103764.0,104648.0,103721.0,104560.0,151.71391537
1,104552.0,104658.0,103797.0,103928.0,137.00988212000001
1,103927.0,104199.0,103534.0,103874.0,66.17662086
1,103879.0,104642.0,102876.0,104463.0,313.07808801
1,104477.0,104782.0,103138.0,103140.0,188.68449289
1,103144.0,103452.0,102081.0,102195.0,347.48334433
1,102193.0,102193.0,100740.0,101055.0,387.67133191
1,101055.0,101419.0,99939.0,101308.0,530.30210226
1,101306.0,101647.0,100329.0,100465.0,294.84556093
1,100463.0,101042.0,99533.0,100701.0,517.08080894
1,100701.0,100768.0,98898.0,100261.0,440.28139122
1,100199.0,101833.0,100035.0,101244.0,345.29877137
1,101266.0,101687.0,100886.0,101466.0,97.16447117
1,101473.0,101711.0,100342.0,100533.0,164.06294010000002
1,100543.0,100978.0,98943.0,100713.0,314.01974531999997
1,100736.0,101882.0,100736.0,101651.0,187.90959955
1,101697.0,102250.0,101455.0,102128.0,112.01063711
1,102128.0,102235.0,101516.0,101960.0,82.28035678
1,101985.0,102329.0,101601.0,101804.0,50.27328127
1,101804.0,102115.0,101500.0,102108.0,94.44687049000001
1,102107.0,102127.0,101591.0,101990.0,24.78056373
1,101959.0,101959.0,101183.0,101695.0,88.64090819
1,101683.0,102176.0,101602.0,101985.0,82.51144391
1,101985.0,101985.0,101334.0,101391.0,73.2978494
1,101396.0,102078.0,101377.0,102077.0,61.1813546
1,102069.0,102741.0,101908.0,102675.0,109.43262774
1,102659.0,103236.0,102295.0,102980.0,105.94581846
1,102980.0,103433.0,102201.0,103189.0,243.41747239999998
1,103189.0,103782.0,102828.0,103707.0,190.87462306
1,103713.0,104025.0,103075.0,103902.0,170.90973512
1,103902.0,103991.0,103369.0,103904.0,132.34889849
1,103902.0,104412.0,103757.0,104359.0,116.96273607
1,104358.0,104507.0,103986.0,104033.0,77.90301892
1,104009.0,104532.0,103670.0,103850.0,162.62961601
1,103824.0,103824.0,103509.0,103662.0,92.56681985
1,103643.0,103778.0,103296.0,103721.0,44.77770946
1,103744.0,104069.0,103654.0,103865.0,69.01311854000001
1,103865.0,103883.0,103323.0,103662.0,54.68167246
1,103651.0,103651.0,102717.0,103356.0,95.15143203
1,103350.0,103546.0,102864.0,103317.0,81.50010546
1,103310.0,103914.0,103310.0,103625.0,74.93514914
1,103629.0,104187.0,103567.0,104031.0,38.390073629999996
1,104031.0,104031.0,103078.0,103121.0,72.53040669
1,103134.0,103591.0,103013.0,103314.0,44.69957112
1,103269.0,103546.0,102914.0,103181.0,39.41790959
1,103162.0,103429.0,102972.0,103185.0,73.19836112
1,103185.0,103248.0,102816.0,102816.0,37.173571869999996
1,102804.0,103261.0,102638.0,103102.0,79.24485807
1,103102.0,103273.0,102730.0,103205.0,96.73586049000001
1,103206.0,103298.0,102359.0,102523.0,102.42634627
1,102523.0,103558.0,102523.0,103267.0,100.74087254999999
1,103268.0,103530.0,102005.0,102064.0,245.44879418
1,102064.0,102880.0,101578.0,101965.0,261.81472992
1,101981.0,102286.0,100246.0,100794.0,284.97794644
1,100806.0,101870.0,100707.0,101747.0,162.62450617
1,101747.0,102267.0,100856.0,101673.0,132.51800939
1,101660.0,101950.0,101151.0,101335.0,77.87760389
1,101335.0,101576.0,100614.0,100837.0,345.25733603
1,100852.0,101164.0,100491.0,101080.0,114.84889281
1,101063.0,101437.0,100958.0,101370.0,40.7875334
1,101369.0,101489.0,101086.0,101284.0,51.226062049999996
1,101288.0,101586.0,100695.0,101426.0,68.40016196
1,101431.0,101818.0,100858.0,101492.0,100.09537924
1,101513.0,101858.0,101201.0,101857.0,35.70591726
1,101835.0,102278.0,101830.0,101864.0,64.98824263
1,101874.0,102011.0,101519.0,101960.0,35.02483193
1,101965.0,102463.0,101965.0,102392.0,32.47444196
1,102392.0,102445.0,101797.0,101797.0,42.31534884
1,101784.0,101962.0,101601.0,101962.0,21.95824496
1,101961.0,101989.0,101399.0,101437.0,28.596541209999998
1,101440.0,101440.0,100764.0,100956.0,61.521694690000004
1,100949.0,101195.0,100534.0,100714.0,49.4916628
1,100713.0,100731.0,99765.0,100361.0,230.15538147
1,100357.0,100558.0,99192.0,99572.0,227.82665563
1,99571.0,100486.0,99387.0,100262.0,247.99957704
1,100253.0,100812.0,99467.0,100721.0,384.92769833
1,100722.0,101180.0,100284.0,100727.0,197.41210106
1,100733.0,101544.0,100448.0,101106.0,195.97134679
1,101107.0,102647.0,100891.0,102334.0,200.75257506
1,102331.0,102779.0,102229.0,102544.0,95.75682701
1,102543.0,103335.0,102418.0,103335.0,217.26795114
1,103340.0,103861.0,102903.0,103758.0,114.8190926
1,103758.0,103845.0,103301.0,103845.0,37.71100273
1,103846.0,104044.0,103562.0,103598.0,45.62509671
1,103594.0,103724.0,103265.0,103275.0,54.01304444
1,103275.0,103345.0,102501.0,102644.0,161.53531881
1,102619.0,103137.0,102595.0,102927.0,96.94729555
1,102927.0,103261.0,102717.0,102797.0,60.40520075
1,102796.0,103224.0,102535.0,102553.0,68.66514269
1,102538.0,102783.0,102360.0,102509.0,66.37650389
1,102492.0,102679.0,102237.0,102244.0,24.99248626
1,102254.0,102463.0,102043.0,102167.0,41.17066935
1,102168.0,102352.0,101868.0,102316.0,30.761027560000002
1,102299.0,102623.0,102115.0,102394.0,51.07898804
1,102386.0,102546.0,102179.0,102349.0,13.79703441
1,102349.0,102523.0,102244.0,102443.0,13.979504200000001
1,102401.0,102588.0,101700.0,101829.0,87.48149586
1,101818.0,102064.0,101700.0,101997.0,50.20742599
1,102009.0,102147.0,101700.0,101776.0,43.423558990000004
1,101764.0,102032.0,101435.0,101809.0,78.50143658
1,101798.0,101920.0,101474.0,101675.0,42.03249718
1,101690.0,101926.0,101515.0,101832.0,32.13289971
1,101833.0,101968.0,101564.0,101967.0,58.111903
1,101967.0,102188.0,101809.0,102122.0,54.10906655
1,102123.0,102161.0,101516.0,101961.0,58.7865831
1,101963.0,102127.0,101933.0,102038.0,46.1063484
1,102038.0,102340.0,102009.0,102251.0,18.2491794
1,102251.0,102385.0,102151.0,102348.0,13.06272207
1,102339.0,102446.0,102254.0,102286.0,12.92084898
1,102295.0,102313.0,101638.0,101758.0,54.55823741
1,101761.0,102074.0,101668.0,101998.0,93.68234561
1,101993.0,101993.0,101566.0,101612.0,37.89159173
1,101611.0,101790.0,101394.0,101637.0,35.559210130000004
1,101637.0,102090.0,101624.0,101709.0,97.64169328
1,101709.0,101991.0,101665.0,101892.0,54.96580775
1,101907.0,101940.0,101684.0,101710.0,7.59648872
1,101709.0,101968.0,101663.0,101944.0,86.2617401
1,101945.0,102044.0,101813.0,101955.0,7.33973395
1,101988.0,102103.0,101633.0,101663.0,42.57704494
1,101662.0,101894.0,101516.0,101861.0,37.30238278
1,101867.0,102274.0,101867.0,102215.0,47.52767021
1,102218.0,102397.0,102042.0,102069.0,31.961806040000003
1,102069.0,102963.0,102053.0,102906.0,60.09729424
1,102895.0,104007.0,102766.0,102978.0,183.74025036
1,103022.0,104115.0,102962.0,103747.0,106.66222344
1,103743.0,103884.0,103323.0,103839.0,91.63204621
1,103839.0,103946.0,103317.0,103615.0,73.7024067
1,103623.0,104541.0,103505.0,104498.0,113.5619975
1,104501.0,104794.0,104141.0,104785.0,103.88155451
1,104796.0,105022.0,104403.0,104624.0,86.12749615999999
1,104624.0,104831.0,104302.0,104517.0,69.28073615
1,104518.0,104796.0,104076.0,104708.0,65.82903335
1,104735.0,105425.0,104521.0,104705.0,128.68097114
1,104677.0,106482.0,104256.0,106278.0,208.39939801
1,106286.0,106623.0,105705.0,105716.0,136.97915853
1,105705.0,106042.0,105580.0,106000.0,43.51553863
1,106000.0,106252.0,105828.0,106031.0,64.51496881
1,106023.0,106278.0,105828.0,106136.0,36.72740708
1,106136.0,106444.0,105986.0,106082.0,33.14119671
1,106083.0,106289.0,105948.0,106210.0,19.76600067
1,106216.0,106519.0,106144.0,106446.0,21.9823858
1,106446.0,106532.0,105896.0,105939.0,72.6203888
1,105946.0,106570.0,105845.0,106431.0,105.58021441
1,106436.0,106437.0,105952.0,105991.0,61.32552824
1,105983.0,106290.0,105937.0,106171.0,33.33364253
1,106175.0,106202.0,105883.0,105938.0,92.11822025000001
1,105935.0,106559.0,105908.0,106541.0,97.74414001
1,106535.0,106535.0,104649.0,104858.0,218.15913568
1,104858.0,105608.0,104651.0,105051.0,132.88913938
1,105052.0,105322.0,104757.0,105225.0,77.52246689
1,105196.0,105921.0,105158.0,105921.0,96.01335789000001
1,105921.0,106023.0,105451.0,105451.0,45.62074331
1,105450.0,106020.0,105376.0,105785.0,54.35098553
1,105795.0,106262.0,105782.0,105982.0,44.74194078
1,105990.0,105990.0,105262.0,105596.0,65.56577019
1,105598.0,106074.0,105343.0,106026.0,43.43086208
1,106032.0,106227.0,105857.0,105972.0,52.32025421
1,105972.0,106119.0,105496.0,106113.0,20.404431459999998
1,106112.0,107465.0,106002.0,106054.0,164.83801491
1,106058.0,107083.0,105576.0,106623.0,114.53149584
1,106624.0,107061.0,106337.0,106431.0,27.98930076
1,106429.0,106517.0,105693.0,105724.0,79.83688212
1,105719.0,105721.0,105142.0,105229.0,95.33551073
1,105240.0,105318.0,104866.0,105249.0,92.26676683
1,105236.0,105302.0,104734.0,104746.0,44.98359267
1,104766.0,105241.0,104758.0,105127.0,26.19980841
1,105134.0,105451.0,104909.0,104961.0,61.31344402
1,104955.0,105224.0,104913.0,105162.0,24.78510191
1,105173.0,105499.0,105128.0,105301.0,40.47091822
1,105301.0,105495.0,104382.0,104523.0,85.9333241
1,104528.0,104693.0,104232.0,104382.0,72.89895612
1,104383.0,104645.0,103845.0,104547.0,196.06757319
1,104546.0,104546.0,103174.0,103448.0,124.31826721
1,103448.0,103707.0,103200.0,103382.0,70.96311463
1,103383.0,103615.0,102829.0,103307.0,173.74695592999998
1,103308.0,103521.0,103075.0,103371.0,68.15159055000001
1,103353.0,103422.0,102914.0,103107.0,59.105675469999994
1,103107.0,103197.0,102655.0,102768.0,81.41201901
1,102783.0,103055.0,102442.0,102601.0,52.95544806
1,102600.0,103075.0,102462.0,102953.0,44.42007469
1,102953.0,103161.0,102765.0,103015.0,13.91018086
1,103027.0,103261.0,102790.0,102849.0,35.12349967
1,102849.0,103323.0,102655.0,103224.0,55.79152869
1,103226.0,103360.0,102905.0,103113.0,26.74451129
1,103108.0,103385.0,103063.0,103279.0,12.83974458
1,103287.0,103409.0,102998.0,103210.0,10.4147536
1,103211.0,103422.0,103199.0,103371.0,10.70137347
1,103370.0,103621.0,103342.0,103360.0,23.239455
1,103351.0,103521.0,103063.0,103104.0,43.96735793
1,103132.0,104194.0,103115.0,104143.0,69.18443946
1,104150.0,105048.0,104141.0,104508.0,111.24167856
1,104504.0,105010.0,104494.0,104887.0,41.37999476
1,104878.0,105174.0,104737.0,104999.0,51.69531973
1,105002.0,105301.0,104821.0,104986.0,68.66114109
1,104986.0,105160.0,104633.0,105038.0,58.60737435
1,105037.0,105037.0,103645.0,103985.0,167.1473521
1,103984.0,104282.0,101970.0,102151.0,317.36847537
1,102151.0,102256.0,101331.0,101416.0,190.54483611
1,101420.0,102151.0,101395.0,101734.0,93.01727191
1,101735.0,101929.0,101398.0,101527.0,37.17243921
1,101528.0,101542.0,100812.0,101276.0,128.45277347
1,101276.0,101823.0,101125.0,101506.0,109.95499344
1,101507.0,101898.0,101507.0,101898.0,63.23939577
1,101898.0,101968.0,101423.0,101967.0,28.70336846
1,101961.0,101968.0,101457.0,101635.0,25.30625052
1,101634.0,102011.0,101457.0,101843.0,89.99387383999999
1,101842.0,102569.0,101833.0,101988.0,176.55613046
1,101985.0,102321.0,101961.0,102046.0,20.52108656
1,102054.0,102519.0,100895.0,102185.0,185.2391944
1,102129.0,102384.0,101650.0,102116.0,127.7756153
1,102030.0,103359.0,101765.0,103096.0,84.13601202
1,103098.0,103652.0,102895.0,103559.0,57.31531213
1,103559.0,104019.0,103300.0,103446.0,74.8617086
1,103450.0,103774.0,103274.0,103675.0,55.31573126
1,103653.0,103707.0,102536.0,102782.0,59.69621452
1,102801.0,103256.0,102751.0,102971.0,23.60348497
1,102959.0,103103.0,102680.0,102910.0,40.654054349999996
1,102909.0,103236.0,102716.0,103119.0,53.92764349
1,103115.0,103137.0,102130.0,102300.0,93.41515676
1,102282.0,103444.0,101721.0,102843.0,330.4114451
1,102844.0,102960.0,101163.0,101356.0,319.60080809
1,101325.0,101503.0,100523.0,100586.0,113.21136871
1,100586.0,100769.0,99571.0,99606.0,235.26239136
1,99597.0,99860.0,98081.0,98527.0,435.69549667
1,98531.0,99218.0,98290.0,98644.0,224.42088365
1,98573.0,98930.0,97950.0,98071.0,171.81437069999998
1,98090.0,98833.0,97955.0,98741.0,147.27111882
1,98729.0,99879.0,98659.0,99796.0,140.08871963
1,99796.0,100426.0,99504.0,99618.0,142.8144545
1,99618.0,99716.0,98689.0,98915.0,281.46752068
1,98935.0,99502.0,98671.0,99210.0,180.59155597
1,99216.0,99815.0,99195.0,99576.0,40.50578307
1,99577.0,99603.0,98758.0,99080.0,75.42937659
1,99080.0,99130.0,96712.0,97766.0,371.83167126
1,97766.0,97974.0,96993.0,97480.0,231.37409985
1,97480.0,97534.0,95919.0,97503.0,330.64180833
1,97490.0,97677.0,96718.0,97080.0,184.99884705
1,97080.0,97369.0,96727.0,97307.0,111.70306417
1,97307.0,97471.0,96615.0,96824.0,116.03123895
1,96802.0,97240.0,96635.0,96711.0,109.92339063
1,96689.0,96900.0,95624.0,96121.0,255.0951761
1,96122.0,96122.0,94512.0,95281.0,349.4959356
1,95281.0,95604.0,94500.0,95137.0,532.6865168
1,95132.0,96712.0,94870.0,96455.0,535.48292543
1,96461.0,97218.0,95784.0,96719.0,418.23873971
1,96720.0,97334.0,96207.0,96960.0,325.16096039
1,96956.0,97075.0,95490.0,95800.0,256.19897092
1,95799.0,96272.0,94931.0,95014.0,233.43489033
1,95007.0,95850.0,94634.0,95708.0,271.18475064
1,95709.0,95846.0,94000.0,94287.0,337.28860925
1,94286.0,95033.0,94091.0,94962.0,245.6968849
1,94964.0,95397.0,94596.0,95097.0,187.12740065
1,95098.0,95098.0,93961.0,94509.0,261.00315132
1,94511.0,95326.0,94491.0,95056.0,164.24312815
1,95067.0,95695.0,94665.0,95567.0,117.82221079
1,95567.0,96388.0,95328.0,96388.0,121.26737659
1,96386.0,96736.0,96059.0,96345.0,94.03462299
1,96345.0,96447.0,95888.0,96047.0,71.67442717
1,96047.0,96375.0,95916.0,96275.0,48.7118093
1,96272.0,96520.0,95922.0,96055.0,50.46173307
1,96054.0,96309.0,95900.0,96270.0,33.29051868
1,96271.0,96287.0,95574.0,95841.0,61.99650485
1,95841.0,96042.0,95601.0,95749.0,67.92110501
1,95749.0,95992.0,95628.0,95867.0,33.55547141
1,95867.0,95913.0,95571.0,95622.0,37.95160276
1,95625.0,95801.0,95513.0,95742.0,33.93647743
1,95741.0,96307.0,95660.0,96307.0,89.33661043000001
1,96306.0,96411.0,95985.0,96192.0,61.12354632
1,96192.0,96370.0,96055.0,96200.0,33.97506584
1,96200.0,96276.0,95673.0,96082.0,103.71073265
1,96081.0,96324.0,95773.0,96165.0,189.42744221
1,96171.0,96270.0,95897.0,95987.0,52.757053819999996
1,95985.0,96087.0,95869.0,95948.0,37.14156902
1,95948.0,95956.0,95068.0,95212.0,107.83469388
1,95210.0,95593.0,95068.0,95216.0,85.04129499
1,95218.0,95582.0,95169.0,95548.0,44.8843672
1,95548.0,95617.0,95431.0,95539.0,24.562183989999998
1,95540.0,95639.0,95158.0,95311.0,49.44435767
1,95306.0,95433.0,94805.0,95219.0,120.47029243
1,95218.0,95892.0,95043.0,95891.0,66.0296882
1,95892.0,95892.0,95546.0,95765.0,12.69291451
1,95758.0,95858.0,95585.0,95752.0,28.48885241
1,95750.0,96111.0,95750.0,95811.0,47.00306948
1,95811.0,95967.0,95689.0,95725.0,15.50648726
1,95733.0,96025.0,95671.0,96025.0,29.57096002
1,96030.0,96144.0,95793.0,96036.0,66.20742031
1,96047.0,96538.0,95862.0,96537.0,74.52170763000001
1,96537.0,96537.0,96306.0,96368.0,55.34307254
1,96368.0,96373.0,95485.0,95584.0,98.24467658
1,95582.0,95811.0,95398.0,95683.0,83.96193189
1,95684.0,95790.0,95068.0,95354.0,71.93997388
1,95354.0,95593.0,95256.0,95482.0,50.10748927
1,95471.0,95487.0,94328.0,94502.0,143.75725397
1,94503.0,94885.0,93989.0,94171.0,277.3065046
1,94163.0,94462.0,93730.0,94300.0,280.48560911
1,94309.0,95479.0,93739.0,93993.0,408.28775595
1,93992.0,94510.0,93911.0,93968.0,120.49813202
1,93972.0,94657.0,93911.0,94044.0,83.30622523000001
1,94045.0,94149.0,93326.0,93438.0,131.35885275
1,93440.0,94423.0,92946.0,94110.0,221.5147299
1,94110.0,94453.0,92929.0,94187.0,329.88275676
1,94186.0,95308.0,93697.0,95236.0,145.86346547
1,95241.0,95437.0,94687.0,94718.0,185.21227027
1,94724.0,95338.0,94680.0,94902.0,96.62396837
1,94901.0,95467.0,94901.0,95427.0,60.800802229999995
1,95438.0,95490.0,94814.0,95035.0,80.78083927
1,95038.0,95198.0,94840.0,95041.0,36.5257671
1,95055.0,95258.0,94835.0,95211.0,25.59349611
1,95211.0,95788.0,95139.0,95578.0,84.97004966
1,95574.0,95938.0,95468.0,95551.0,72.75446886
1,95552.0,95777.0,95250.0,95572.0,92.62822084
1,95572.0,95797.0,95480.0,95569.0,69.11115365
1,95569.0,95845.0,95319.0,95503.0,103.87221418
1,95503.0,95503.0,95204.0,95239.0,38.85513403
1,95240.0,95300.0,93506.0,93864.0,257.3671694
1,93863.0,95903.0,93673.0,94687.0,419.26324116
1,94690.0,94928.0,93735.0,93859.0,356.00924813
1,93872.0,94304.0,92970.0,94228.0,302.34407805
1,94214.0,94303.0,92570.0,92658.0,253.08525922
1,92663.0,93102.0,92324.0,92442.0,181.40879888999999
1,92442.0,92546.0,91475.0,91556.0,344.74006497
1,91557.0,92102.0,91168.0,91838.0,502.00793246
1,91808.0,92118.0,91398.0,91825.0,233.02943695
1,91834.0,92280.0,91703.0,92135.0,114.45994712
1,92142.0,92178.0,91695.0,92102.0,92.52314324000001
1,92112.0,92234.0,91107.0,92053.0,276.05301054
1,92084.0,92092.0,91503.0,91630.0,194.81904891
1,91629.0,91633.0,90590.0,90756.0,304.72668895
1,90742.0,90812.0,89588.0,90743.0,405.65992137
1,90737.0,90744.0,89189.0,89967.0,301.36538147
1,89975.0,90359.0,89620.0,90104.0,117.24886685
1,90104.0,90107.0,89257.0,89531.0,182.70161759
1,89532.0,90433.0,89226.0,90390.0,162.09266262
1,90390.0,91326.0,90390.0,91115.0,155.20726289
1,91115.0,91363.0,90786.0,91294.0,89.11770827
1,91297.0,91501.0,91150.0,91479.0,53.159495299999996
1,91449.0,91500.0,91138.0,91409.0,50.07773479
1,91409.0,91765.0,91015.0,91414.0,173.45505064
1,91409.0,91548.0,90830.0,91376.0,174.75280333
1,91352.0,92335.0,91113.0,91277.0,353.58409184
1,91267.0,92934.0,90929.0,92836.0,584.20261133
1,92835.0,93753.0,92499.0,93433.0,303.19504058
1,93434.0,93600.0,92768.0,93208.0,174.82408747
1,93217.0,93709.0,93087.0,93270.0,137.26732646
1,93270.0,93553.0,92938.0,93117.0,73.03364411
1,93117.0,93239.0,92613.0,92750.0,118.34030402
1,92750.0,92992.0,92411.0,92445.0,102.25621937
1,92445.0,93349.0,92443.0,93116.0,103.23486272
1,93116.0,93117.0,92689.0,92911.0,151.6669952
1,92911.0,92936.0,91909.0,92350.0,182.61587504
1,92351.0,92588.0,91885.0,92385.0,71.47860359
1,92391.0,92779.0,92211.0,92500.0,86.41477017999999
1,92498.0,92567.0,91628.0,91821.0,114.67385684
1,91813.0,91905.0,91100.0,91101.0,100.77824706999999
1,91101.0,91190.0,89964.0,90394.0,193.56982662000001
1,90395.0,91037.0,90212.0,90920.0,160.89552629
1,90909.0,91947.0,90888.0,91804.0,113.76654325
1,91804.0,91896.0,91286.0,91414.0,34.47844784
1,91414.0,91455.0,91033.0,91453.0,86.58899899
1,91455.0,91632.0,91167.0,91241.0,27.52623416
1,91237.0,91665.0,91237.0,91348.0,27.75143173
1,91347.0,91794.0,91150.0,91712.0,83.40435789
1,91716.0,91816.0,91190.0,91333.0,49.23379874
1,91338.0,91798.0,91004.0,91659.0,177.2689545
1,91659.0,92313.0,89807.0,89880.0,415.39070009
1,89879.0,90164.0,89391.0,89822.0,220.55425177
1,89825.0,90016.0,88807.0,89418.0,422.98927701
1,89417.0,89632.0,88708.0,89125.0,201.15483272
1,89125.0,89266.0,88523.0,88780.0,113.55824726
1,88780.0,89591.0,88497.0,89461.0,171.01426565
1,89432.0,90721.0,89343.0,90511.0,500.00310277
1,90486.0,90544.0,90007.0,90382.0,41.39006259
1,90395.0,91499.0,90394.0,91474.0,172.62540998
1,91468.0,92214.0,91099.0,91801.0,86.62718828
1,91803.0,92603.0,91739.0,92498.0,125.41615598
1,92510.0,92723.0,92239.0,92505.0,130.68202172
1,92508.0,92634.0,92287.0,92372.0,83.90786647
1,92372.0,92880.0,92059.0,92873.0,117.07790533
1,92873.0,93065.0,92501.0,92550.0,80.29742132
1,92550.0,92771.0,91619.0,91892.0,84.69110542
1,91892.0,92335.0,91716.0,92232.0,87.02827584
1,92217.0,92312.0,91954.0,92037.0,44.69361736
1,92037.0,92045.0,91366.0,91800.0,138.6096695
1,91800.0,91947.0,91519.0,91716.0,55.58406395
1,91716.0,91925.0,91402.0,91842.0,83.63654654
1,91843.0,91900.0,91590.0,91725.0,64.28155024
1,91745.0,92417.0,91398.0,91432.0,223.33231387
1,91437.0,91563.0,90395.0,91003.0,460.89650496999997
1,91015.0,91078.0,89723.0,89758.0,364.37937215
1,89758.0,89798.0,87395.0,87776.0,683.4355873
1,87775.0,88039.0,86290.0,87132.0,472.72043073
1,87121.0,87674.0,86226.0,86381.0,348.05258016
1,86375.0,87036.0,85912.0,86804.0,351.28052473
1,86804.0,86989.0,86221.0,86332.0,376.82629766
1,86329.0,87562.0,86305.0,87180.0,247.30898745
1,87179.0,88137.0,87106.0,87956.0,196.09475942
1,87957.0,88064.0,86459.0,86527.0,274.05346511
1,86511.0,87386.0,86482.0,87165.0,214.72138848
1,87165.0,87350.0,86739.0,86945.0,135.61362461
1,86931.0,86960.0,85260.0,85351.0,352.52732466
1,85337.0,86014.0,85337.0,85717.0,224.7100487
1,85720.0,86009.0,85299.0,85944.0,140.30552321
1,85943.0,86245.0,85729.0,86073.0,112.57058569
1,86076.0,86140.0,85423.0,85466.0,156.23583606
1,85466.0,85647.0,82032.0,83917.0,722.34017712
1,83915.0,84576.0,83479.0,83530.0,209.64843602
1,83531.0,83873.0,82003.0,82095.0,425.35398948
1,82094.0,82789.0,81542.0,82594.0,458.21497278
1,82593.0,83217.0,82072.0,82209.0,362.93540943
1,82204.0,83500.0,80537.0,83168.0,924.6695184
1,83167.0,84317.0,83019.0,84017.0,409.09577954
1,84016.0,85409.0,83451.0,84770.0,441.26999724
1,84763.0,85018.0,82674.0,82840.0,627.6550432
1,82838.0,84823.0,82242.0,84823.0,493.67931649
1,84824.0,85475.0,84482.0,84804.0,322.69114731999997
1,84848.0,84995.0,83241.0,84506.0,541.45375809
1,84506.0,84946.0,84013.0,84138.0,155.03722379
1,84128.0,84576.0,83402.0,84492.0,419.45155376
1,84493.0,85342.0,84289.0,85110.0,265.69378376
1,85109.0,85336.0,84207.0,84227.0,146.89609579
1,84225.0,85284.0,84056.0,85060.0,204.58302437
1,85054.0,85530.0,84509.0,84674.0,188.64944681999998
1,84675.0,85141.0,84522.0,85101.0,203.68312642
1,85101.0,85134.0,84237.0,84446.0,144.09040125
1,84455.0,84532.0,84150.0,84380.0,200.04800406
1,84384.0,84482.0,83774.0,84176.0,93.66356704
1,84173.0,84249.0,83807.0,84212.0,60.1897696
1,84211.0,84723.0,84014.0,84563.0,92.7446113
1,84569.0,84599.0,84337.0,84519.0,20.51230171
1,84519.0,84524.0,83894.0,83969.0,62.67889661
1,83966.0,84274.0,83804.0,83855.0,119.69959769
1,83885.0,84149.0,83432.0,83630.0,93.70060945
1,83630.0,84276.0,83530.0,84031.0,70.17747116
1,84031.0,84093.0,83573.0,83832.0,122.40023047
1,83831.0,84075.0,83600.0,83883.0,43.06595889
1,83889.0,84689.0,83883.0,84423.0,171.43396558
1,84423.0,84503.0,83955.0,84231.0,56.23083993
1,84229.0,84824.0,84157.0,84643.0,101.18259419
1,84650.0,84671.0,84365.0,84500.0,72.57094006999999
1,84500.0,84627.0,84422.0,84610.0,48.23575807
1,84609.0,84743.0,84459.0,84549.0,78.98698249
1,84548.0,84743.0,84206.0,84419.0,113.18906441
1,84419.0,84456.0,84189.0,84354.0,42.07953187
1,84354.0,85192.0,84220.0,85014.0,114.24011203
1,85003.0,85122.0,84623.0,84679.0,71.33527025
1,84686.0,85252.0,84624.0,84911.0,162.36325001
1,84911.0,86071.0,84906.0,85834.0,179.17290272
1,85832.0,86272.0,85644.0,85938.0,159.59189205
1,85937.0,86251.0,85767.0,86251.0,53.53122487
1,86251.0,86791.0,86103.0,86525.0,183.99575669
1,86502.0,86534.0,85957.0,86303.0,80.70979318
1,86306.0,86456.0,85820.0,85820.0,66.5347481
1,85820.0,85866.0,85353.0,85735.0,99.13546982
1,85735.0,86127.0,85716.0,86082.0,97.8250198
1,86082.0,86416.0,86031.0,86359.0,55.48209818
1,86359.0,86413.0,86007.0,86018.0,43.32718997
1,86002.0,86348.0,85800.0,86285.0,118.45705597
1,86286.0,86828.0,86229.0,86481.0,110.78697636
1,86484.0,86884.0,86303.0,86884.0,102.26559081
1,86884.0,87156.0,86449.0,86510.0,122.62821813
1,86528.0,87178.0,86415.0,87051.0,104.94234574000001
1,87047.0,87442.0,86646.0,86647.0,130.00824233
1,86657.0,86921.0,86470.0,86710.0,92.58175197
1,86710.0,87198.0,86690.0,86964.0,99.93976529
1,86964.0,87650.0,86900.0,87294.0,218.94369562
1,87312.0,87660.0,87204.0,87441.0,123.23808152000001
1,87441.0,87969.0,87157.0,87968.0,109.52704999
1,87968.0,88082.0,87535.0,87977.0,95.70455557
1,88007.0,88040.0,86711.0,86803.0,163.09502106
1,86808.0,87157.0,85911.0,86706.0,216.49776719
1,86701.0,87044.0,86366.0,87026.0,148.26260729
1,87019.0,88008.0,86984.0,87480.0,202.34872753
1,87480.0,87734.0,87171.0,87413.0,114.79276994
1,87417.0,87552.0,86418.0,86707.0,121.41069514
1,86700.0,87776.0,86650.0,87423.0,162.17288267
1,87423.0,87472.0,86782.0,86872.0,145.6895476
1,86871.0,87306.0,86667.0,86999.0,91.97431761
1,86998.0,86998.0,86679.0,86914.0,83.79170439
1,86913.0,86913.0,85778.0,85905.0,199.92923491
1,85906.0,86135.0,85654.0,85998.0,94.17204912
1,85997.0,86380.0,85789.0,86215.0,102.02980539
1,86214.0,86261.0,85828.0,85956.0,107.69721796
1,85955.0,86511.0,85900.0,86107.0,114.33009705
1,86106.0,86604.0,85225.0,86095.0,447.1090934
1,86101.0,86683.0,85853.0,86574.0,289.8096661
1,86571.0,87658.0,86571.0,87134.0,219.5721858
1,87134.0,88410.0,86909.0,88338.0,246.46804642
1,88362.0,88707.0,88166.0,88701.0,206.37438487
1,88701.0,88831.0,88114.0,88307.0,124.33576790000001
1,88307.0,89222.0,88307.0,89117.0,413.0155618
1,89095.0,89134.0,88703.0,88762.0,83.72842433
1,88739.0,89071.0,88580.0,88636.0,79.52413891
1,88617.0,88672.0,88240.0,88277.0,77.84711886
1,88276.0,88276.0,87852.0,88070.0,67.59296009
1,88070.0,88175.0,87703.0,87703.0,56.37495367
1,87715.0,87918.0,87432.0,87881.0,56.48716366
1,87883.0,88002.0,87523.0,87797.0,31.11236336
1,87796.0,88463.0,87762.0,88305.0,97.52653269
1,88305.0,88305.0,87914.0,88098.0,57.08051519
1,88098.0,88126.0,87786.0,87987.0,40.53154294
1,87987.0,88040.0,87345.0,87363.0,90.43425793
1,87365.0,87593.0,86980.0,86997.0,71.99225649
1,86998.0,87219.0,86677.0,87219.0,112.34244391
1,87218.0,87397.0,86934.0,87393.0,88.47395544
1,87393.0,87508.0,87291.0,87338.0,60.76281565
1,87342.0,87734.0,87342.0,87479.0,88.95682527
1,87479.0,87694.0,86844.0,87040.0,197.61446879
1,87040.0,87265.0,86076.0,86700.0,244.23315244
1,86703.0,87240.0,86169.0,86943.0,262.24154967
1,86942.0,87240.0,86655.0,87070.0,113.21899486
1,87070.0,88092.0,86997.0,87568.0,185.51442225
1,87573.0,87773.0,87188.0,87199.0,125.90328794999999
1,87191.0,87289.0,86139.0,86836.0,234.62277778
1,86836.0,87417.0,86665.0,87367.0,319.59472529
1,87366.0,87406.0,86952.0,87036.0,48.92869504
1,86970.0,87671.0,86563.0,87591.0,157.95789848
1,87591.0,87838.0,87295.0,87331.0,61.67329006
1,87331.0,87736.0,87313.0,87535.0,85.11323613
1,87534.0,88181.0,87299.0,87885.0,65.56197368
1,87885.0,88050.0,87624.0,87678.0,41.83413163
1,87695.0,87854.0,87042.0,87083.0,94.93531196
1,87087.0,87329.0,86874.0,87196.0,45.4119778
1,87188.0,87704.0,87184.0,87480.0,75.19527325
1,87465.0,87829.0,87417.0,87780.0,45.25502214
1,87759.0,87932.0,87656.0,87907.0,49.97078287
1,87906.0,87907.0,87383.0,87389.0,41.614974
1,87381.0,87408.0,86729.0,86797.0,121.9807076
1,86797.0,87029.0,86642.0,86915.0,53.69909492
1,86915.0,87083.0,86813.0,87083.0,90.86681932
1,87083.0,87136.0,86304.0,86633.0,83.79115554
1,86629.0,87104.0,86551.0,87094.0,120.60786551
1,87093.0,87641.0,86795.0,86870.0,167.13235255
1,86883.0,87323.0,86665.0,86938.0,160.71068545
1,86938.0,87902.0,86937.0,87796.0,195.37740339
1,87796.0,89940.0,87693.0,89814.0,388.15424378
1,89814.0,90394.0,89677.0,90132.0,350.54798333
1,90132.0,90170.0,89718.0,89943.0,166.59575161
1,89942.0,90070.0,89497.0,89867.0,176.975438
1,89860.0,90445.0,89802.0,90172.0,168.19261328
1,90181.0,90646.0,90113.0,90371.0,111.97522216
1,90367.0,90588.0,90299.0,90477.0,69.54091084
1,90476.0,90557.0,90091.0,90464.0,123.64985733
1,90455.0,91576.0,90374.0,91149.0,233.12873715
1,91149.0,91871.0,90881.0,91345.0,200.15347621
1,91370.0,91592.0,91048.0,91076.0,85.82974339
1,91077.0,91335.0,91055.0,91268.0,50.70550221
1,91264.0,91523.0,90894.0,90957.0,92.53058301
1,90963.0,91430.0,90963.0,91219.0,55.99871607
1,91229.0,91485.0,91125.0,91404.0,53.34539338
1,91404.0,91519.0,91224.0,91495.0,46.52684883
1,91490.0,91926.0,91480.0,91569.0,50.21793793
1,91568.0,91739.0,91366.0,91616.0,54.14961695
1,91615.0,91620.0,91322.0,91386.0,29.64064358
1,91385.0,91449.0,90939.0,90970.0,58.63533212
1,90983.0,91067.0,90449.0,90842.0,177.58831917
1,90843.0,90960.0,90569.0,90778.0,78.8259621
1,90778.0,90949.0,90625.0,90945.0,66.40852522
1,90942.0,91541.0,90839.0,91458.0,96.25498782
1,91456.0,91644.0,91299.0,91462.0,55.83777384
1,91467.0,91833.0,91337.0,91788.0,52.79669872
1,91784.0,91784.0,91501.0,91514.0,53.21770297
1,91514.0,91603.0,91399.0,91449.0,47.60421182
1,91425.0,91574.0,91223.0,91389.0,53.29962882
1,91393.0,91574.0,91117.0,91310.0,43.47744609
1,91310.0,91540.0,91216.0,91325.0,48.92979903
1,91326.0,91387.0,91070.0,91185.0,49.72422393
1,91191.0,91191.0,90790.0,90790.0,66.69808189
1,90796.0,91113.0,90656.0,91065.0,62.1879241
1,91059.0,91277.0,90985.0,91193.0,35.267115849999996
1,91191.0,91461.0,91114.0,91416.0,33.66695349
1,91415.0,91695.0,91295.0,91599.0,67.61542775
1,91598.0,91598.0,91157.0,91294.0,50.66347621
1,91293.0,91549.0,90851.0,90894.0,61.288702
1,90892.0,91673.0,90892.0,91672.0,77.54277711
1,91673.0,91816.0,91431.0,91585.0,58.01176602
1,91584.0,91849.0,91478.0,91833.0,29.10071789
1,91839.0,92003.0,91062.0,91428.0,99.36642595000001
1,91412.0,91673.0,91391.0,91495.0,62.53213901
1,91495.0,92606.0,91373.0,92372.0,177.28490499
1,92371.0,93091.0,91828.0,92250.0,329.93085173
1,92242.0,92800.0,92014.0,92386.0,264.32094333
1,92385.0,92397.0,90896.0,90946.0,345.56118679
1,90946.0,91214.0,90233.0,90634.0,138.07337671
1,90686.0,90975.0,90462.0,90852.0,61.60210096
1,90853.0,91190.0,90847.0,91164.0,64.24669497000001
1,91163.0,91234.0,90890.0,91226.0,100.08663191
1,91227.0,91256.0,90906.0,90906.0,29.631236949999998
1,90906.0,91183.0,90725.0,91137.0,24.47824466
1,91135.0,91223.0,90912.0,90913.0,17.10847536
1,90913.0,90987.0,90793.0,90890.0,31.618279060000003
1,90901.0,91139.0,90818.0,90898.0,23.91711557
1,90898.0,90952.0,90579.0,90829.0,73.6562762
1,90828.0,90895.0,90686.0,90702.0,13.64923405
1,90702.0,90917.0,90579.0,90917.0,10.12315459
1,90916.0,90917.0,90753.0,90763.0,17.343911000000002
1,90763.0,90839.0,90341.0,90583.0,53.38307548
1,90582.0,90677.0,90397.0,90585.0,13.28802082
1,90586.0,90742.0,90508.0,90648.0,29.85037789
1,90648.0,90688.0,90531.0,90585.0,9.83095513
1,90585.0,90675.0,90406.0,90592.0,6.24863863
1,90561.0,90706.0,90488.0,90705.0,16.59329771
1,90705.0,90819.0,90558.0,90647.0,17.20837309
1,90646.0,90834.0,90623.0,90817.0,13.3648827
1,90816.0,90816.0,90651.0,90651.0,18.05751017
1,90651.0,91124.0,90651.0,91081.0,57.55527686
1,91081.0,91179.0,90906.0,91033.0,26.70638485
1,91033.0,91048.0,90471.0,90471.0,49.17654756
1,90471.0,90742.0,90216.0,90733.0,73.64142602
1,90734.0,90872.0,90634.0,90678.0,16.98643242
1,90672.0,91048.0,90449.0,90998.0,64.17101265
1,90995.0,91081.0,90839.0,91040.0,25.59106049
1,91040.0,91040.0,90741.0,90775.0,14.531842900000001
1,90788.0,90924.0,90730.0,90832.0,5.10637787
1,90832.0,90970.0,90798.0,90918.0,4.77970284
1,90919.0,91074.0,90892.0,90940.0,11.38131345
1,90939.0,91060.0,90786.0,90820.0,15.558476139999998
1,90820.0,90928.0,90503.0,90928.0,39.69441197
1,90928.0,90982.0,90819.0,90874.0,8.48111024
1,90873.0,90873.0,90700.0,90814.0,19.79685083
1,90811.0,90943.0,90744.0,90916.0,16.17752289
1,90916.0,91048.0,90881.0,90980.0,24.840955010000002
1,90980.0,91413.0,90954.0,91188.0,83.66474382999999
1,91191.0,91629.0,91143.0,91420.0,87.99480312
1,91405.0,91460.0,91223.0,91245.0,12.43934633
1,91242.0,91406.0,91026.0,91064.0,29.67098525
1,91064.0,91518.0,91032.0,91480.0,55.03852372
1,91479.0,91969.0,91410.0,91761.0,91.46683895
1,91766.0,91775.0,91272.0,91486.0,57.55526034
1,91486.0,91596.0,91325.0,91446.0,56.21375869
1,91446.0,91853.0,91420.0,91817.0,50.95747189
1,91820.0,91821.0,91324.0,91499.0,62.014916
1,91500.0,91500.0,91179.0,91460.0,48.731457559999996
1,91459.0,91486.0,91312.0,91470.0,18.12227757
1,91458.0,91618.0,91191.0,91324.0,43.62912763
1,91320.0,91340.0,90918.0,91179.0,60.698210159999995
1,91180.0,91332.0,91060.0,91241.0,40.48365827
1,91227.0,91253.0,90362.0,90382.0,81.5267047
1,90369.0,90421.0,86990.0,87010.0,674.1687058
1,87011.0,87745.0,86969.0,87192.0,208.08828419
1,87181.0,87512.0,86493.0,86736.0,132.23551223
1,86734.0,86807.0,86171.0,86342.0,108.60948730999999
1,86342.0,86352.0,85689.0,85803.0,110.58910006
1,85806.0,86011.0,85616.0,86008.0,77.47389345
1,86008.0,86355.0,85982.0,86235.0,67.31204145
1,86251.0,86567.0,86055.0,86555.0,60.30331068
1,86552.0,86871.0,86391.0,86871.0,95.50714504
1,86871.0,86926.0,86522.0,86714.0,61.00394799
1,86702.0,86808.0,86542.0,86644.0,24.74348849
1,86644.0,86694.0,86138.0,86139.0,67.13480534
1,86139.0,86208.0,84754.0,85408.0,298.78173064
1,85408.0,86116.0,85325.0,85974.0,183.39694896
1,85967.0,86648.0,85869.0,86036.0,314.89210422
1,86052.0,86115.0,83814.0,84667.0,479.84756237
1,84667.0,85426.0,84045.0,84534.0,297.6049889
1,84538.0,85260.0,84445.0,84933.0,101.68592562
1,84943.0,85539.0,84708.0,85209.0,79.34690649
1,85192.0,85292.0,84592.0,85014.0,62.20471142
1,85017.0,85830.0,85017.0,85514.0,229.09659092
1,85521.0,86508.0,85503.0,86444.0,272.63412453
1,86444.0,86872.0,86310.0,86596.0,161.29505966
1,86597.0,86838.0,86263.0,86291.0,129.04397584
1,86291.0,86669.0,86190.0,86516.0,100.07927461
1,86513.0,87324.0,86400.0,86461.0,205.7485848
1,86464.0,86843.0,86274.0,86544.0,89.18278429
1,86531.0,87089.0,86216.0,86969.0,126.73171749000001
1,86965.0,87265.0,86911.0,86971.0,70.47896026
1,86971.0,87116.0,86829.0,87012.0,29.50103634
1,86995.0,87177.0,86866.0,87105.0,33.07605982
1,87098.0,87121.0,86892.0,87023.0,22.85926819
1,87017.0,87062.0,86386.0,86472.0,108.39940701
1,86472.0,86988.0,86471.0,86771.0,89.23546514
1,86764.0,87589.0,86763.0,87280.0,86.76717584
1,87273.0,87597.0,87006.0,87364.0,134.45047782
1,87363.0,87557.0,87220.0,87277.0,99.17871555
1,87277.0,87881.0,87053.0,87722.0,188.06224142
1,87731.0,89273.0,87608.0,89273.0,483.51575378
1,89274.0,91185.0,89274.0,90866.0,818.30864841
1,90862.0,91287.0,90227.0,90763.0,430.86732943
1,90763.0,92003.0,90762.0,91476.0,436.9836182
1,91475.0,92244.0,91378.0,91969.0,215.31327191
1,91969.0,92328.0,91891.0,91918.0,88.31760311
1,91918.0,91951.0,90770.0,91059.0,379.94592033
1,91059.0,91669.0,91003.0,91608.0,210.22383612
1,91608.0,92003.0,91548.0,92003.0,104.43620025999999
1,92003.0,92003.0,91299.0,91300.0,38.61445863
1,91303.0,91786.0,91030.0,91685.0,46.38786763
1,91688.0,92471.0,91492.0,92252.0,169.68174644
1,92261.0,93062.0,92174.0,92830.0,213.79498809
1,92830.0,93083.0,92603.0,92675.0,158.65170403
1,92650.0,93487.0,92647.0,93379.0,143.4965279
1,93378.0,93663.0,93131.0,93653.0,135.02863073
1,93654.0,93977.0,93192.0,93453.0,154.55214463
1,93453.0,93490.0,92892.0,93022.0,98.28810056
1,93022.0,93197.0,92715.0,92790.0,69.44846906
1,92781.0,93214.0,92729.0,93200.0,81.81537721
1,93200.0,93405.0,92892.0,92965.0,113.38709364
1,92967.0,93088.0,92701.0,93033.0,45.28759596
1,93029.0,93129.0,92718.0,92958.0,74.88997112
1,92938.0,93278.0,92915.0,93154.0,121.24428012
1,93154.0,93696.0,91732.0,92359.0,635.80941623
1,92394.0,93001.0,91970.0,92378.0,374.82967363
1,92378.0,92746.0,91806.0,92261.0,201.69431029999998
1,92261.0,93059.0,92215.0,92974.0,166.75102894
1,92975.0,93517.0,92396.0,92621.0,292.3194729
1,92620.0,93111.0,92551.0,93038.0,43.90004088
1,93039.0,93420.0,92853.0,92979.0,349.06494518
1,92989.0,93790.0,92882.0,93721.0,181.75393797
1,93721.0,94172.0,93330.0,93808.0,324.78967777
1,93808.0,94112.0,93427.0,93472.0,265.94822842
1,93460.0,93513.0,92696.0,93069.0,138.37191594
1,93069.0,93764.0,93009.0,93206.0,102.52505991
1,93207.0,94057.0,93147.0,93950.0,128.64812918
1,93950.0,94086.0,93427.0,93543.0,40.83408642
1,93543.0,93598.0,93248.0,93361.0,71.764721
1,93361.0,93382.0,92796.0,92991.0,68.73833587
1,92991.0,93386.0,92862.0,93164.0,42.72006327
1,93164.0,93434.0,92910.0,93418.0,34.58418433
1,93418.0,93596.0,93056.0,93273.0,66.1810218
1,93279.0,93623.0,93252.0,93470.0,39.80100459
1,93471.0,93571.0,93175.0,93267.0,47.64756343
1,93273.0,93327.0,92764.0,92955.0,85.25291723
1,92955.0,93204.0,92793.0,92990.0,34.33204168
1,92990.0,93066.0,92400.0,92527.0,188.99188552
1,92519.0,92838.0,91827.0,91917.0,198.8233941
1,91900.0,93259.0,91900.0,93021.0,243.95167991
1,92988.0,93183.0,92302.0,92449.0,302.23001453
1,92451.0,92559.0,91780.0,92454.0,168.77861648
1,92454.0,92568.0,91970.0,92152.0,54.36066827
1,92167.0,92193.0,90903.0,92001.0,367.26959136
1,92000.0,92557.0,91701.0,92519.0,113.37675279
1,92505.0,92724.0,92125.0,92176.0,96.26672941000001
1,92176.0,92511.0,92174.0,92377.0,22.2394462
1,92367.0,92475.0,92103.0,92103.0,42.93546534
1,92109.0,92498.0,92100.0,92320.0,18.42026572
1,92315.0,92622.0,92250.0,92383.0,21.99849372
1,92382.0,92690.0,92277.0,92531.0,40.72918729
1,92534.0,92690.0,91995.0,92186.0,104.63027891
1,92185.0,92414.0,91838.0,92046.0,43.09054905
1,92054.0,92222.0,91896.0,91954.0,19.4974552
1,91954.0,92314.0,91927.0,92299.0,36.50069357
1,92298.0,92512.0,92231.0,92279.0,69.12013024
1,92285.0,92285.0,91947.0,92135.0,45.19465341
1,92135.0,92135.0,91005.0,91160.0,144.96606557
1,91161.0,91510.0,91119.0,91296.0,55.03168276
1,91297.0,91563.0,91158.0,91368.0,67.12559339
1,91361.0,91442.0,91101.0,91268.0,36.98171312
1,91267.0,91379.0,90275.0,90487.0,193.91790029
1,90481.0,90765.0,89793.0,90309.0,309.92992634
1,90313.0,91480.0,90297.0,90480.0,447.28399045
1,90480.0,90515.0,88156.0,88834.0,629.3766095
1,88834.0,89542.0,88646.0,89355.0,217.35379422
1,89354.0,89831.0,88942.0,88953.0,152.90677019
1,88959.0,89844.0,88856.0,89659.0,141.61673797
1,89651.0,89771.0,89221.0,89342.0,112.26251205999999
1,89331.0,89501.0,89113.0,89189.0,61.41335307
1,89194.0,89384.0,88942.0,89249.0,74.67029721
1,89250.0,89394.0,88959.0,89348.0,24.79500682
1,89342.0,89445.0,89062.0,89433.0,40.82898659
1,89433.0,89499.0,89216.0,89331.0,30.60717316
1,89331.0,89415.0,89186.0,89407.0,17.80687259
1,89407.0,89800.0,89405.0,89685.0,36.41387748
1,89685.0,89728.0,89532.0,89679.0,20.24733426
1,89679.0,89750.0,89563.0,89620.0,20.821666190000002
1,89621.0,89775.0,89542.0,89701.0,38.45205318
1,89701.0,89724.0,89488.0,89603.0,45.047661240000004
1,89609.0,89665.0,89232.0,89290.0,47.57477267
1,89291.0,89671.0,89276.0,89589.0,36.35747837
1,89590.0,89692.0,89488.0,89526.0,27.83069163
1,89527.0,89735.0,89511.0,89636.0,26.75488692
1,89640.0,89665.0,89579.0,89591.0,27.105327720000002
1,89597.0,89793.0,89597.0,89675.0,25.63844721
1,89675.0,90286.0,89661.0,90018.0,121.4767262
1,90018.0,90051.0,89511.0,89767.0,127.50253649
1,89767.0,89983.0,89703.0,89728.0,46.6056924
1,89727.0,89847.0,89626.0,89728.0,33.6963054
1,89728.0,89805.0,89550.0,89665.0,24.89229452
1,89664.0,89764.0,89263.0,89426.0,71.79493923
1,89426.0,89580.0,89334.0,89575.0,23.362991320000003
1,89562.0,89641.0,89419.0,89457.0,30.43436308
1,89448.0,89539.0,89276.0,89302.0,54.320295
1,89314.0,89347.0,88932.0,89249.0,83.17035735
1,89256.0,89563.0,89204.0,89418.0,58.455918159999996
1,89412.0,89587.0,89317.0,89317.0,30.02603836
1,89317.0,89692.0,89317.0,89640.0,36.50077453
1,89623.0,89757.0,89565.0,89732.0,17.17362591
1,89732.0,89797.0,89511.0,89552.0,28.71216149
1,89552.0,89574.0,89445.0,89530.0,18.84121527
1,89525.0,89713.0,89506.0,89713.0,23.49803257
1,89713.0,89735.0,89231.0,89383.0,63.38796283
1,89385.0,89530.0,89210.0,89329.0,52.02952043
1,89328.0,89414.0,89070.0,89121.0,32.18516693
1,89121.0,89391.0,89121.0,89260.0,35.18235621
1,89256.0,89292.0,89168.0,89168.0,40.741276140000004
1,89168.0,89582.0,89135.0,89469.0,40.947017190000004
1,89485.0,89528.0,88618.0,89038.0,110.44785887
1,89053.0,89116.0,87744.0,88249.0,288.84649581
1,88234.0,89714.0,88186.0,89578.0,218.28894097
1,89562.0,89904.0,89124.0,89899.0,101.2299299
1,89904.0,91280.0,89632.0,90977.0,258.81068276
1,90970.0,91767.0,90970.0,91370.0,135.50271046
1,91374.0,91552.0,91230.0,91426.0,31.74871971
1,91435.0,91520.0,91321.0,91455.0,37.630619
1,91448.0,91448.0,89886.0,90235.0,186.59894321000002
1,90224.0,90242.0,89014.0,89624.0,419.50861327
1,89603.0,90492.0,89535.0,90405.0,121.65078187
1,90406.0,90613.0,89874.0,90363.0,51.47373906
1,90362.0,91684.0,90321.0,90914.0,191.12781186
1,90916.0,91443.0,90821.0,91371.0,54.17200099
1,91373.0,91422.0,90997.0,91082.0,33.79583498
1,91082.0,91483.0,91034.0,91292.0,51.38353647
1,91289.0,91442.0,91059.0,91333.0,37.71778624
1,91333.0,91640.0,91243.0,91460.0,56.46166405
1,91460.0,91871.0,91354.0,91571.0,126.95949349
1,91570.0,91937.0,91494.0,91857.0,47.31921679
1,91835.0,92296.0,91802.0,91923.0,78.35338282000001
1,91923.0,92213.0,91837.0,92141.0,56.35487726
1,92138.0,92190.0,91883.0,91973.0,57.65865764
1,91973.0,92006.0,91685.0,91781.0,72.46744661
1,91780.0,92128.0,91276.0,91454.0,158.2897437
1,91457.0,91750.0,90791.0,90853.0,370.23214666
1,90854.0,91035.0,89618.0,89962.0,471.07206307
1,89936.0,90486.0,89682.0,89965.0,199.98247843
1,89978.0,90350.0,89695.0,90262.0,151.51602109
1,90262.0,90524.0,89726.0,89912.0,148.79906375
1,89914.0,90374.0,89868.0,90129.0,60.92266714
1,90130.0,90932.0,90130.0,90816.0,261.5366107
1,90815.0,91376.0,90693.0,91329.0,196.61895503
1,91329.0,91376.0,90739.0,90843.0,42.63080624
1,90843.0,91033.0,90514.0,90649.0,56.86325052
1,90642.0,90858.0,90373.0,90408.0,78.30867397
1,90407.0,90585.0,89980.0,90064.0,78.04953588
1,90082.0,90382.0,89991.0,90071.0,47.86626531
1,90071.0,90449.0,89822.0,90401.0,68.12325976
1,90413.0,90511.0,89763.0,89946.0,81.51695038
1,89922.0,90210.0,89558.0,89901.0,121.53611146
1,89903.0,90221.0,89786.0,90174.0,47.65275018
1,90168.0,90524.0,90098.0,90483.0,62.15185016
1,90489.0,90605.0,90378.0,90502.0,40.51281812
1,90501.0,90501.0,90145.0,90146.0,63.241958579999995
1,90146.0,90347.0,89941.0,90291.0,52.19685592
1,90297.0,90395.0,90150.0,90395.0,54.2818819
1,90393.0,90699.0,90335.0,90587.0,94.88780484
1,90587.0,90840.0,90179.0,90432.0,101.66377197
1,90445.0,90623.0,90017.0,90358.0,167.7035617
1,90376.0,92874.0,90292.0,92704.0,563.77895678
1,92707.0,94486.0,92704.0,94190.0,520.20322978
1,94201.0,94652.0,93550.0,93924.0,363.52912349
1,93934.0,94192.0,93682.0,93943.0,241.09946318000001
1,93959.0,94238.0,93660.0,93817.0,60.19744131
1,93816.0,93863.0,92779.0,93120.0,243.61496742
1,93124.0,93244.0,92269.0,92670.0,149.44962052
1,92662.0,93040.0,92511.0,92885.0,86.58513123
1,92873.0,92995.0,92559.0,92695.0,32.00752151
1,92693.0,92787.0,92088.0,92142.0,63.9174701
1,92151.0,92411.0,91992.0,92330.0,38.42806304
1,92329.0,92583.0,92042.0,92517.0,61.67422157
1,92519.0,92568.0,92355.0,92434.0,32.33199555
1,92416.0,92668.0,92400.0,92567.0,66.29729756
1,92577.0,92735.0,92536.0,92568.0,37.01065642
1,92568.0,92757.0,92421.0,92714.0,54.57511781
1,92713.0,92797.0,92506.0,92797.0,70.89286083
1,92799.0,92802.0,92568.0,92644.0,44.773901529999996
1,92618.0,92946.0,92457.0,92926.0,63.050420020000004
1,92930.0,93263.0,92147.0,92274.0,174.84888124
1,92274.0,92424.0,91800.0,92125.0,124.04732692
1,92123.0,92212.0,91831.0,91996.0,54.41648486
1,91975.0,92229.0,91955.0,92094.0,68.5068236
1,92090.0,92311.0,91619.0,91852.0,224.60903019
1,91845.0,92144.0,91579.0,92067.0,202.93258985
1,92068.0,92579.0,91908.0,92163.0,160.46251678
1,92162.0,92517.0,92112.0,92393.0,79.48600215
1,92392.0,93046.0,92014.0,92513.0,195.8153195
1,92513.0,93226.0,91694.0,92980.0,687.45346025
1,92980.0,94494.0,92334.0,92474.0,594.8391698
1,92481.0,92808.0,91910.0,92398.0,189.37800307
1,92384.0,92727.0,91994.0,92536.0,160.53147618
1,92536.0,92619.0,91967.0,92036.0,42.7903154
1,92037.0,92103.0,91068.0,91412.0,116.82070687
1,91411.0,91430.0,90678.0,90707.0,140.3506299
1,90698.0,90698.0,89900.0,90081.0,199.67606256
1,90096.0,90096.0,89419.0,89914.0,171.1827496
1,89895.0,90496.0,89716.0,90458.0,197.56571028
1,90457.0,90457.0,90085.0,90323.0,65.87019538
1,90323.0,90447.0,89980.0,90296.0,157.18905557
1,90300.0,90340.0,90087.0,90282.0,44.64738872
1,90278.0,90279.0,90006.0,90202.0,61.5331672
1,90202.0,90518.0,90161.0,90250.0,123.08332401
1,90250.0,90358.0,90183.0,90337.0,46.29935806
1,90336.0,90433.0,90238.0,90268.0,45.36133184
1,90264.0,90384.0,90017.0,90036.0,68.7264089
1,90036.0,90156.0,89875.0,90088.0,74.09693128
1,90099.0,90481.0,89269.0,89574.0,461.13777778
1,89552.0,90650.0,89408.0,89889.0,276.60473983
1,89882.0,90178.0,89349.0,89738.0,179.6352991
1,89738.0,90267.0,89631.0,89969.0,44.80382002
1,89982.0,91209.0,89898.0,90705.0,245.51007846
1,90692.0,91549.0,90600.0,90845.0,240.22156936
1,90844.0,91848.0,90817.0,91810.0,267.24390036
1,91807.0,93562.0,91722.0,92893.0,427.28185389
1,92889.0,93211.0,92118.0,92379.0,127.11140235
1,92379.0,92823.0,92354.0,92531.0,73.99486943
1,92531.0,92676.0,91489.0,91585.0,90.38824188000001
1,91585.0,92324.0,91563.0,92179.0,74.72621668
1,92178.0,92735.0,91941.0,92600.0,58.91533635
1,92600.0,92757.0,92192.0,92305.0,25.957468130000002
1,92300.0,92476.0,92158.0,92413.0,30.33887678
1,92412.0,92509.0,92093.0,92454.0,32.4531449
1,92453.0,92718.0,92415.0,92529.0,23.78940006
1,92529.0,92577.0,92281.0,92448.0,42.72497407
1,92447.0,92493.0,92118.0,92364.0,32.04595812
1,92355.0,92555.0,92103.0,92535.0,52.06171017
1,92534.0,92635.0,92426.0,92509.0,26.35501854
1,92500.0,92500.0,92302.0,92425.0,24.85134939
1,92422.0,92425.0,92097.0,92424.0,46.85278481
1,92423.0,92512.0,92253.0,92318.0,26.47598155
1,92318.0,92668.0,91937.0,92469.0,200.22013789
1,92453.0,92459.0,89752.0,89912.0,596.36064579
1,89921.0,90442.0,89466.0,90055.0,441.70187835
1,90056.0,90634.0,89848.0,90093.0,183.8325755
1,90094.0,90680.0,90065.0,90392.0,358.63613574
1,90392.0,90417.0,90028.0,90203.0,90.46066795
1,90202.0,90356.0,89900.0,90216.0,109.14903391
1,90225.0,90367.0,90119.0,90197.0,32.42244375
1,90197.0,90406.0,90194.0,90350.0,25.33371367
1,90355.0,90403.0,90237.0,90275.0,27.29665529
1,90275.0,90440.0,90216.0,90330.0,15.80537895
1,90331.0,90369.0,90124.0,90225.0,36.605668869999995
1,90228.0,90318.0,90227.0,90239.0,13.95352468
1,90239.0,90459.0,90221.0,90352.0,48.40300046
1,90352.0,90419.0,90288.0,90385.0,10.212320029999999
1,90385.0,90396.0,90287.0,90349.0,5.47167305
1,90348.0,90387.0,90289.0,90368.0,7.70819634
1,90368.0,90406.0,90336.0,90338.0,5.098914740000001
1,90351.0,90568.0,90336.0,90463.0,37.54485203
1,90463.0,90527.0,90407.0,90429.0,14.57635026
1,90434.0,90640.0,90433.0,90600.0,20.66267058
1,90604.0,90620.0,90319.0,90353.0,21.66176161
1,90353.0,90488.0,90310.0,90372.0,20.59021214
1,90372.0,90459.0,90222.0,90273.0,26.79063221
1,90273.0,90348.0,89956.0,90102.0,65.83961843
1,90102.0,90297.0,90050.0,90111.0,33.36334497
1,90111.0,90265.0,90061.0,90104.0,13.67386085
1,90105.0,90115.0,89996.0,90074.0,11.95017504
1,90074.0,90194.0,90064.0,90135.0,9.77705741
1,90141.0,90240.0,90124.0,90204.0,12.36768545
1,90204.0,90229.0,90072.0,90107.0,13.010276580000001
1,90107.0,90197.0,89789.0,90188.0,62.219798929999996
1,90189.0,90264.0,90028.0,90154.0,45.25811273
1,90135.0,90291.0,90092.0,90264.0,36.38559036
1,90260.0,90492.0,90146.0,90363.0,25.88727538
1,90364.0,90448.0,90224.0,90303.0,37.9603683
1,90303.0,90397.0,90263.0,90303.0,17.10087267
1,90303.0,90316.0,90256.0,90275.0,4.4833536
1,90275.0,90340.0,90146.0,90208.0,22.0817823
1,90208.0,90239.0,90071.0,90213.0,62.06451283
1,90212.0,90243.0,90116.0,90166.0,7.17047555
1,90166.0,90285.0,90095.0,90266.0,9.8638903
1,90266.0,90286.0,90135.0,90135.0,12.38860135
1,90135.0,90167.0,90028.0,90036.0,24.4502901
1,90036.0,90122.0,89800.0,89858.0,57.95345647
1,89859.0,89859.0,88563.0,89388.0,361.78770741
1,89363.0,89670.0,89118.0,89445.0,99.6820289
1,89438.0,89513.0,89113.0,89508.0,79.35815497
1,89509.0,89569.0,88890.0,89122.0,71.0608844
1,89122.0,89181.0,88890.0,89027.0,40.93579372
1,89027.0,89407.0,88569.0,88834.0,119.34075165
1,88834.0,89040.0,88623.0,88812.0,65.80419982
1,88812.0,89069.0,88732.0,89014.0,62.435952910000005
1,89009.0,89009.0,88511.0,88660.0,73.59187724
1,88660.0,88825.0,88391.0,88567.0,93.73327884
1,88566.0,88725.0,88377.0,88462.0,166.21838786
1,88463.0,88609.0,88030.0,88416.0,340.17053416
1,88442.0,88600.0,87607.0,88164.0,389.76069574
1,88170.0,88666.0,88077.0,88467.0,99.10796762000001
1,88485.0,89338.0,88431.0,89272.0,141.84016706
1,89261.0,90015.0,89251.0,89323.0,147.38227996
1,89313.0,89555.0,89232.0,89279.0,40.91301339
1,89292.0,89778.0,89279.0,89662.0,81.56897590999999
1,89667.0,89757.0,89499.0,89617.0,42.17554948
1,89616.0,89919.0,89480.0,89750.0,32.78661146
1,89750.0,89829.0,89524.0,89742.0,25.751468470000002
1,89742.0,89910.0,89656.0,89786.0,34.14996318
1,89785.0,89973.0,89778.0,89875.0,33.3903612
1,89874.0,89973.0,89725.0,89861.0,24.500080490000002
1,89861.0,89902.0,89586.0,89644.0,34.09997626
1,89644.0,89757.0,89441.0,89707.0,44.39821469
1,89705.0,89743.0,89284.0,89433.0,73.31617262
1,89432.0,89875.0,87840.0,88045.0,297.57189289
1,88048.0,88163.0,86625.0,87026.0,533.26121234
1,87030.0,87207.0,86064.0,86382.0,284.72755812
1,86380.0,86473.0,85585.0,85745.0,245.89806438
1,85745.0,86266.0,85140.0,86183.0,187.90168493000002
1,86186.0,86537.0,85860.0,86133.0,157.1448481
1,86131.0,86170.0,85589.0,85776.0,161.84857436
1,85769.0,86272.0,85500.0,86196.0,165.8457151
1,86200.0,86241.0,85810.0,86241.0,85.98998894
1,86218.0,86446.0,86105.0,86412.0,67.29637591
1,86413.0,86499.0,85839.0,85843.0,43.2904743
1,85843.0,86150.0,85673.0,85875.0,95.00302449
1,85875.0,86206.0,85796.0,85932.0,49.20969927
1,85934.0,85997.0,85362.0,85855.0,51.14745926
1,85857.0,85897.0,85260.0,85815.0,53.07561995
1,85817.0,86179.0,85794.0,86014.0,81.99686587000001
1,86015.0,86573.0,86015.0,86492.0,68.9723705
1,86493.0,86583.0,85859.0,85988.0,69.68757158
1,85994.0,86345.0,85915.0,86264.0,57.23081527
1,86263.0,86396.0,86180.0,86312.0,28.10762946
1,86323.0,87303.0,86253.0,86961.0,111.59777602
1,86961.0,87303.0,86823.0,87234.0,94.09300755
1,87234.0,87444.0,87066.0,87192.0,65.98804084
1,87190.0,87752.0,86438.0,86438.0,347.31422611
1,86438.0,87720.0,86105.0,87277.0,408.98894472
1,87278.0,88135.0,86851.0,87950.0,430.71692384
1,87950.0,88031.0,87353.0,87570.0,216.58408609
1,87569.0,87823.0,87087.0,87116.0,160.31456534
1,87116.0,87997.0,87057.0,87762.0,100.51235818
1,87758.0,87774.0,87196.0,87580.0,103.17166521
1,87544.0,87824.0,87326.0,87570.0,46.4249578
1,87559.0,87890.0,87485.0,87759.0,59.81736807
1,87759.0,87920.0,87629.0,87769.0,31.74993476
1,87772.0,87843.0,87588.0,87843.0,73.89209116
1,87842.0,87842.0,87405.0,87513.0,97.51659322
1,87513.0,87923.0,87467.0,87533.0,49.12007406
1,87533.0,87559.0,87169.0,87464.0,67.77816986
1,87474.0,87588.0,87136.0,87187.0,37.58336268
1,87187.0,87364.0,86711.0,86727.0,56.07198571
1,86733.0,86733.0,86200.0,86603.0,108.23002079
1,86602.0,86965.0,86570.0,86744.0,101.59034384
1,86744.0,87103.0,86564.0,87010.0,75.36733902
1,87003.0,87003.0,86297.0,86363.0,92.45074847
1,86364.0,86579.0,86241.0,86386.0,38.92630965
1,86385.0,86791.0,86221.0,86599.0,53.79092291
1,86602.0,87102.0,86536.0,86960.0,64.28453005
1,86960.0,87178.0,86801.0,87000.0,62.99800304
1,87000.0,87825.0,86791.0,87618.0,125.86961158
1,87603.0,89648.0,87155.0,89639.0,308.88826428
1,89633.0,90317.0,87113.0,87200.0,630.7007931100001
1,87175.0,87736.0,86138.0,86972.0,325.40185541
1,86958.0,87078.0,86230.0,86396.0,119.45136306
1,86396.0,86807.0,85622.0,85773.0,222.9537891
1,85791.0,86145.0,85274.0,85983.0,204.37765638
1,85984.0,86219.0,85631.0,85870.0,320.70705133
1,85870.0,86013.0,85676.0,85950.0,81.36241461
1,85953.0,86400.0,85865.0,86303.0,61.40657764
1,86304.0,86305.0,85915.0,86215.0,33.17831683
1,86214.0,86280.0,86030.0,86200.0,26.90339381
1,86204.0,86204.0,85839.0,86082.0,62.88462313
1,86082.0,86833.0,85977.0,86660.0,154.49386074
1,86656.0,86658.0,86241.0,86578.0,58.34077092
1,86580.0,86857.0,86568.0,86728.0,60.02346981
1,86719.0,86731.0,86365.0,86410.0,47.3404965
1,86410.0,86627.0,86381.0,86612.0,52.33549775
1,86615.0,86823.0,86569.0,86799.0,41.07537819
1,86798.0,87081.0,86650.0,86940.0,52.58737412
1,86940.0,87354.0,86769.0,87253.0,46.270349960000004
1,87248.0,87403.0,87171.0,87284.0,33.7291285
1,87306.0,87313.0,87030.0,87233.0,29.46418575
1,87236.0,87377.0,87083.0,87224.0,84.04918632
1,87222.0,89150.0,87222.0,88812.0,422.00686901
1,88807.0,89423.0,87709.0,88304.0,534.78136257
1,88304.0,89294.0,87928.0,88446.0,365.7642143
1,88443.0,88466.0,87815.0,87973.0,274.49654516
1,87960.0,87963.0,85431.0,86428.0,524.05671803
1,86428.0,86826.0,85665.0,85927.0,128.85398122
1,85926.0,85966.0,84440.0,84440.0,374.62272984000003
1,84440.0,85218.0,84398.0,84561.0,239.48413921
1,84560.0,85777.0,84535.0,85576.0,259.99975349
1,85579.0,85699.0,85245.0,85533.0,50.44437281
1,85545.0,85573.0,85272.0,85460.0,51.60077673
1,85459.0,85553.0,85245.0,85553.0,34.91761982
1,85544.0,85544.0,85078.0,85278.0,62.17966222
1,85270.0,85871.0,85090.0,85595.0,170.64717649
1,85596.0,87492.0,85569.0,86805.0,309.84014141
1,86828.0,87314.0,86800.0,87028.0,95.48225538999999
1,87040.0,87163.0,86646.0,87085.0,77.74278411
1,87064.0,87408.0,86857.0,87408.0,77.62049425000001
1,87408.0,88326.0,87408.0,87902.0,213.41077221999998
1,87896.0,88157.0,87680.0,88056.0,99.14386834
1,88043.0,88117.0,87845.0,88051.0,42.39346514
1,88051.0,88267.0,87877.0,88216.0,68.70226094
1,88215.0,88319.0,88094.0,88143.0,27.53095073
1,88143.0,88209.0,87807.0,87808.0,107.08180821
1,87808.0,88145.0,87786.0,87946.0,114.68672385
1,87946.0,88500.0,87456.0,88134.0,316.27792818
1,88126.0,89349.0,87667.0,87903.0,336.55823837
1,87901.0,88833.0,87821.0,87910.0,191.77438318
1,87910.0,88286.0,86820.0,86888.0,266.0434346
1,86889.0,87409.0,86796.0,87079.0,93.17822972
1,87090.0,88052.0,87077.0,87794.0,69.80205647
1,87780.0,88341.0,87548.0,88048.0,98.89934882
1,88039.0,88039.0,87747.0,87767.0,28.42132308
1,87779.0,88346.0,87779.0,88286.0,86.2325529
1,88288.0,88303.0,88094.0,88095.0,25.09543096
1,88095.0,88138.0,87925.0,87965.0,27.56161977
1,87965.0,88127.0,87965.0,88035.0,20.80441276
1,88035.0,88269.0,87951.0,88162.0,44.35990552
1,88162.0,88293.0,88142.0,88182.0,25.60790857
1,88178.0,88291.0,88085.0,88247.0,13.76791504
1,88247.0,88522.0,88232.0,88257.0,22.07766904
1,88257.0,88408.0,88242.0,88266.0,15.63430413
1,88277.0,88286.0,88154.0,88236.0,12.38748631
1,88241.0,88389.0,88219.0,88220.0,22.32881758
1,88219.0,88303.0,88191.0,88192.0,20.91192304
1,88191.0,88237.0,88093.0,88117.0,19.31007905
1,88117.0,88261.0,88074.0,88238.0,20.29354469
1,88237.0,88283.0,88145.0,88200.0,26.15819304
1,88201.0,88283.0,87791.0,88226.0,94.02683060999999
1,88226.0,88230.0,87976.0,88215.0,42.16046646
1,88215.0,88222.0,87981.0,88148.0,18.28569357
1,88142.0,88197.0,88093.0,88112.0,14.46382647
1,88112.0,88213.0,88070.0,88144.0,8.39611957
1,88143.0,88356.0,88120.0,88284.0,15.4981874
1,88284.0,88285.0,88164.0,88193.0,17.57622644
1,88192.0,88274.0,88178.0,88242.0,20.07055029
1,88241.0,88408.0,88156.0,88176.0,35.97484836
1,88176.0,88304.0,88120.0,88248.0,22.608866929999998
1,88247.0,88378.0,88225.0,88324.0,13.44980817
1,88324.0,88389.0,88269.0,88345.0,7.28742204
1,88357.0,88357.0,87994.0,87994.0,46.73326599
1,87994.0,88103.0,87848.0,87922.0,54.97029118
1,87922.0,88127.0,87915.0,88047.0,23.58149344
1,88047.0,88114.0,88021.0,88043.0,10.11739935
1,88043.0,88124.0,88031.0,88111.0,6.2680073400000005
1,88110.0,88166.0,88050.0,88063.0,12.104129689999999
1,88066.0,88152.0,88040.0,88152.0,5.45406846
1,88152.0,88687.0,88112.0,88501.0,66.85517851
1,88509.0,89017.0,88479.0,88846.0,112.35882804
1,88858.0,88937.0,88549.0,88623.0,43.40275235
1,88630.0,88711.0,88559.0,88570.0,11.846296539999999
1,88574.0,88889.0,88432.0,88605.0,17.63632514
1,88601.0,88663.0,87576.0,87649.0,178.19398007
1,87639.0,88109.0,87583.0,88038.0,39.98049382
1,88041.0,88217.0,87782.0,88038.0,54.51410075
1,88037.0,88318.0,87953.0,88318.0,24.05486611
1,88318.0,88445.0,88250.0,88293.0,35.97887198
1,88286.0,88410.0,87930.0,88410.0,81.03734771
1,88410.0,88566.0,88179.0,88458.0,58.60250922
1,88458.0,88476.0,88209.0,88210.0,16.44564032
1,88210.0,88347.0,88086.0,88137.0,43.498338170000004
1,88136.0,88442.0,88103.0,88442.0,35.63054763
1,88442.0,88775.0,88347.0,88636.0,81.11764012
1,88637.0,89578.0,88596.0,88606.0,253.24385821
1,88597.0,89250.0,88495.0,88591.0,137.74357095
1,88591.0,88626.0,87893.0,88434.0,109.48400205
1,88451.0,88812.0,88259.0,88742.0,83.60005131
1,88741.0,88985.0,88681.0,88874.0,43.717920129999996
1,88867.0,88965.0,88724.0,88789.0,24.45351487
1,88789.0,88969.0,88699.0,88876.0,26.38985501
1,88866.0,89155.0,88862.0,89147.0,45.248352679999996
1,89135.0,89854.0,89061.0,89286.0,143.98521471
1,89292.0,89776.0,89260.0,89776.0,66.41434436
1,89778.0,89810.0,89570.0,89739.0,42.70991153
1,89739.0,90055.0,89623.0,89901.0,79.19018682000001
1,89901.0,90536.0,89828.0,90174.0,115.98914263
1,90175.0,90279.0,89703.0,89874.0,116.33359214
1,89875.0,90243.0,89403.0,90091.0,387.04248954999997
1,90090.0,90384.0,89168.0,89678.0,223.42529567
1,89690.0,90070.0,89455.0,89508.0,201.41385455
1,89508.0,89515.0,89050.0,89273.0,83.49894991000001
1,89274.0,89482.0,89102.0,89105.0,107.38511702
1,89105.0,89105.0,87934.0,88011.0,322.23578172
1,88010.0,88420.0,87867.0,88305.0,182.13321749
1,88304.0,88569.0,88185.0,88241.0,120.77362906
1,88229.0,88758.0,88104.0,88607.0,65.81004122
1,88613.0,88665.0,88372.0,88539.0,51.4874213
1,88554.0,88876.0,88443.0,88720.0,53.07053565
1,88730.0,88828.0,88374.0,88458.0,52.00286841
1,88458.0,88693.0,88061.0,88157.0,153.83162526
1,88157.0,88298.0,87755.0,88136.0,93.17559213
1,88115.0,88311.0,87869.0,87870.0,48.11772487
1,87870.0,87961.0,87554.0,87701.0,82.03627659
1,87700.0,87704.0,87010.0,87343.0,108.04109376
1,87342.0,87618.0,87310.0,87501.0,64.67093196
1,87497.0,87618.0,87368.0,87407.0,32.18995201
1,87397.0,87558.0,87252.0,87475.0,59.10911767
1,87476.0,87601.0,87443.0,87554.0,22.789629849999997
1,87548.0,87818.0,87507.0,87800.0,61.18706785
1,87800.0,87891.0,87545.0,87756.0,70.70177706
1,87735.0,87837.0,87377.0,87561.0,146.74849472
1,87558.0,87776.0,86561.0,86818.0,278.15259854
1,86789.0,87492.0,86657.0,87385.0,202.82927807
1,87383.0,88110.0,87271.0,87952.0,194.54023306
1,87953.0,88214.0,87126.0,87127.0,154.4794119
1,87126.0,88107.0,87112.0,87919.0,148.38914991
1,87919.0,87984.0,87597.0,87701.0,75.0399494
1,87694.0,88295.0,87482.0,87655.0,153.86968984
1,87628.0,87797.0,87481.0,87655.0,48.01712004
1,87663.0,87716.0,87209.0,87334.0,64.89003246
1,87337.0,87461.0,87137.0,87423.0,57.57703146
1,87423.0,87601.0,87197.0,87600.0,32.15637376
1,87600.0,87766.0,87438.0,87584.0,62.54624135
1,87558.0,87597.0,86882.0,87079.0,87.75375308
1,87076.0,87324.0,86823.0,87278.0,58.50873283
1,87278.0,87387.0,87024.0,87077.0,22.11590239
1,87091.0,87187.0,86718.0,86895.0,85.79475413
1,86908.0,87001.0,86732.0,86949.0,33.93136752
1,86963.0,87104.0,86850.0,86850.0,38.88280828
1,86851.0,87010.0,86714.0,86728.0,43.78562982
1,86751.0,86829.0,86666.0,86746.0,17.50456152
1,86746.0,87125.0,86746.0,87022.0,33.38092839
1,87022.0,87278.0,87022.0,87145.0,37.93422695
1,87145.0,87418.0,87084.0,87371.0,36.67476937
1,87370.0,87380.0,87000.0,87230.0,84.47983110999999
1,87231.0,87377.0,86363.0,86922.0,248.60263214
1,86919.0,87136.0,86532.0,86983.0,221.66643101
1,86982.0,87603.0,86859.0,87212.0,101.36865452
1,87222.0,87507.0,87186.0,87252.0,49.74534366
1,87235.0,87436.0,87166.0,87410.0,58.99702109
1,87410.0,87508.0,87293.0,87494.0,30.64227913
1,87494.0,87609.0,87458.0,87488.0,29.02955858
1,87488.0,87724.0,87488.0,87634.0,50.388651
1,87634.0,87976.0,87633.0,87945.0,67.52497296
1,87946.0,87960.0,87544.0,87605.0,53.10295893
1,87605.0,87683.0,87461.0,87503.0,19.7817006
1,87503.0,87684.0,87502.0,87641.0,14.05774986
1,87641.0,87892.0,87514.0,87831.0,39.27625947
1,87831.0,87863.0,87715.0,87786.0,12.29003691
1,87786.0,87786.0,87688.0,87732.0,15.0855784
1,87725.0,87726.0,87596.0,87690.0,15.64030222
1,87691.0,87782.0,87631.0,87777.0,11.80164041
1,87777.0,87805.0,87698.0,87777.0,8.22217971
1,87777.0,87826.0,87303.0,87522.0,62.66182522
1,87522.0,87536.0,87387.0,87458.0,24.07654721
1,87458.0,87469.0,87209.0,87353.0,24.39017141
1,87353.0,87502.0,87352.0,87454.0,28.31314188
1,87452.0,87523.0,87426.0,87507.0,9.68447033
1,87507.0,87607.0,87348.0,87573.0,40.45948276
1,87573.0,87692.0,87493.0,87659.0,17.25292294
1,87659.0,88516.0,87659.0,88298.0,174.97370014
1,88301.0,88399.0,87946.0,88017.0,116.78766689
1,88021.0,88136.0,87945.0,88070.0,31.53457138
1,88070.0,88249.0,88070.0,88181.0,20.80426251
1,88181.0,88186.0,88011.0,88086.0,24.51380512
1,88087.0,88101.0,87599.0,87834.0,56.22208443
1,87835.0,87919.0,87762.0,87837.0,33.93366623
1,87837.0,87853.0,87261.0,87592.0,84.45663143
1,87557.0,87702.0,86896.0,87172.0,139.84084619
1,87168.0,87261.0,86850.0,87058.0,100.80053725
1,87061.0,87415.0,87060.0,87377.0,65.29007224
1,87370.0,89340.0,87365.0,89094.0,230.49772757
1,89099.0,89187.0,88633.0,88749.0,104.24390254
1,88749.0,89049.0,88442.0,88891.0,82.30991586
1,88892.0,88967.0,88750.0,88922.0,27.10058039
1,88923.0,89156.0,88923.0,89057.0,32.27281862
1,89050.0,89476.0,88293.0,88380.0,250.11926182
1,88392.0,88802.0,88347.0,88670.0,55.55794065
1,88669.0,88835.0,88575.0,88752.0,29.57165424
1,88752.0,88824.0,88614.0,88681.0,28.87299684
1,88680.0,88691.0,88471.0,88472.0,33.23035581
1,88473.0,88688.0,88473.0,88615.0,20.48691981
1,88615.0,88989.0,88555.0,88940.0,76.04286159
1,88940.0,88992.0,87289.0,87318.0,173.22523986
1,87316.0,87316.0,86584.0,87047.0,241.41421513
1,87053.0,87303.0,86770.0,86771.0,133.60525051
1,86771.0,87366.0,86734.0,87226.0,95.42996584
1,87242.0,87293.0,87058.0,87188.0,35.81557034
1,87188.0,87487.0,87160.0,87434.0,38.6855596
1,87416.0,87708.0,87322.0,87501.0,51.94753864
1,87505.0,87623.0,87385.0,87387.0,24.402570869999998
1,87387.0,87509.0,87251.0,87475.0,46.53431559
1,87458.0,87479.0,87263.0,87296.0,17.84390858
1,87296.0,87342.0,87180.0,87340.0,33.783605359999996
1,87340.0,87413.0,87275.0,87413.0,11.256023710000001
1,87413.0,87433.0,87332.0,87385.0,11.07822104
1,87385.0,87460.0,87326.0,87445.0,26.93127828
1,87445.0,87453.0,87392.0,87408.0,14.80266633
1,87408.0,87450.0,87382.0,87450.0,14.40687795
1,87450.0,87492.0,87357.0,87405.0,8.85705861
1,87405.0,87629.0,87405.0,87479.0,22.579984
1,87480.0,87604.0,87480.0,87532.0,14.64252579
1,87531.0,87607.0,87493.0,87562.0,9.80458949
1,87564.0,87569.0,87325.0,87449.0,26.721982060000002
1,87449.0,87486.0,87390.0,87420.0,8.85881646
1,87432.0,87463.0,87378.0,87423.0,11.52616963
1,87423.0,87423.0,87272.0,87400.0,21.74379669
1,87400.0,87489.0,87342.0,87488.0,17.32832966
1,87488.0,87534.0,87440.0,87493.0,15.343641120000001
1,87503.0,87524.0,87391.0,87443.0,23.76091826
1,87443.0,87502.0,87411.0,87501.0,7.91756081
1,87502.0,87509.0,87405.0,87432.0,14.60294367
1,87439.0,87513.0,87439.0,87512.0,8.08513561
1,87512.0,87555.0,87466.0,87502.0,32.683852470000005
1,87502.0,87597.0,87502.0,87597.0,4.9342298499999995
1,87597.0,87879.0,87450.0,87504.0,72.69949911
1,87514.0,87902.0,87503.0,87810.0,47.80756563
1,87802.0,87871.0,87650.0,87781.0,33.79170747
1,87782.0,87860.0,87682.0,87716.0,28.63848527
1,87715.0,87796.0,87689.0,87743.0,5.82381862
1,87743.0,87768.0,87674.0,87681.0,8.97695662
1,87674.0,87759.0,87618.0,87653.0,18.03285758
1,87653.0,87653.0,87544.0,87582.0,12.01728308
1,87582.0,87702.0,87578.0,87663.0,15.85868297
1,87663.0,87663.0,87605.0,87655.0,14.52339654
1,87662.0,87892.0,87662.0,87736.0,24.19729363
1,87735.0,87826.0,87660.0,87720.0,17.36049543
1,87725.0,87920.0,87725.0,87784.0,28.05495591
1,87784.0,87852.0,87748.0,87805.0,13.50006887
1,87814.0,87816.0,87734.0,87784.0,8.47250527
1,87784.0,87871.0,87739.0,87818.0,8.83350555
1,87819.0,88001.0,87819.0,87860.0,35.10012483
1,87860.0,87935.0,87765.0,87770.0,20.59398568
1,87771.0,87823.0,87681.0,87743.0,13.76981344
1,87743.0,87850.0,87688.0,87688.0,22.057503880000002
1,87683.0,87688.0,87439.0,87532.0,54.02824297
1,87532.0,87623.0,87450.0,87455.0,15.17450676
1,87455.0,87584.0,87377.0,87447.0,11.659937
1,87440.0,87521.0,87378.0,87515.0,18.12546108
1,87516.0,87909.0,87410.0,87824.0,64.05665167
1,87823.0,87966.0,87576.0,87870.0,66.71055301
1,87871.0,88345.0,87729.0,88227.0,120.2428572
1,88210.0,88377.0,87797.0,88353.0,109.81703021999999
1,88353.0,89269.0,88353.0,89064.0,200.82454399
1,89065.0,90050.0,89001.0,90010.0,209.31936944
1,90010.0,90307.0,89862.0,90053.0,82.06491938
1,90051.0,90202.0,89848.0,89889.0,70.0907497
1,89884.0,90024.0,89650.0,89673.0,46.21232686
1,89673.0,89749.0,89402.0,89498.0,62.73270017
1,89498.0,89711.0,89359.0,89437.0,80.40200631
1,89438.0,89489.0,87667.0,87983.0,224.98948921000002
1,87988.0,88144.0,87553.0,87673.0,140.59720038999998
1,87667.0,87683.0,87468.0,87468.0,70.6951582
1,87461.0,87520.0,86701.0,87259.0,235.92679396
1,87258.0,87399.0,87073.0,87267.0,129.50322543
1,87268.0,88082.0,87155.0,87321.0,216.97752982
1,87321.0,87796.0,87116.0,87588.0,146.71377825
1,87576.0,87740.0,87347.0,87524.0,68.94524554
1,87534.0,87755.0,87246.0,87755.0,67.59622949
1,87755.0,87899.0,87260.0,87348.0,62.83016453
1,87347.0,87561.0,87212.0,87239.0,76.13852849999999
1,87238.0,87473.0,86962.0,87100.0,119.74975745
1,87062.0,87257.0,87062.0,87222.0,56.06620167
1,87210.0,87272.0,86959.0,87231.0,49.92354103
1,87231.0,87272.0,87069.0,87119.0,65.55430488
1,87111.0,87233.0,87001.0,87127.0,94.6129395
1,87137.0,87234.0,87001.0,87189.0,46.86032934
1,87189.0,87225.0,86870.0,86984.0,83.34316717
1,86980.0,87293.0,86718.0,87244.0,81.51810013
1,87244.0,87366.0,87177.0,87191.0,24.27926031
1,87192.0,87250.0,87042.0,87131.0,34.04986122
1,87130.0,87398.0,87113.0,87320.0,39.1851076
1,87321.0,87469.0,87258.0,87380.0,27.95585598
1,87380.0,88091.0,87380.0,87754.0,132.8675403
1,87754.0,87913.0,87555.0,87875.0,54.03479471
1,87875.0,88060.0,87798.0,87837.0,56.98143759
1,87837.0,87905.0,87646.0,87777.0,44.76274872
1,87785.0,87966.0,87785.0,87902.0,42.696528040000004
1,87901.0,88012.0,87804.0,87997.0,35.30162041
1,87993.0,88889.0,87724.0,88758.0,273.62606087
1,88755.0,89051.0,88124.0,88913.0,278.08502666
1,88913.0,89310.0,88496.0,88665.0,175.89806047
1,88665.0,88811.0,88062.0,88296.0,142.2947519
1,88295.0,88400.0,88045.0,88227.0,50.82646009
1,88226.0,88346.0,87883.0,88144.0,68.46267555
1,88143.0,88143.0,87789.0,87837.0,105.07650494
1,87848.0,88239.0,87793.0,88177.0,38.09385202
1,88190.0,88374.0,88190.0,88318.0,30.27719017
1,88317.0,88475.0,88268.0,88390.0,36.52568566
1,88390.0,88390.0,88148.0,88149.0,68.69316374
1,88149.0,88665.0,88073.0,88545.0,72.67576795
1,88545.0,88633.0,88421.0,88558.0,36.81713639
1,88558.0,88686.0,88272.0,88336.0,49.13125636
1,88336.0,88440.0,88230.0,88230.0,21.58111941
1,88231.0,88409.0,88231.0,88351.0,27.573497709999998
1,88348.0,88446.0,88347.0,88396.0,12.05181575
1,88396.0,88516.0,88318.0,88496.0,27.0445764
1,88496.0,88609.0,88285.0,88326.0,32.42352288
1,88325.0,88599.0,88325.0,88554.0,28.96267268
1,88554.0,88766.0,88554.0,88731.0,43.26102877
1,88731.0,88931.0,88625.0,88912.0,104.30205783
1,88911.0,88920.0,88644.0,88667.0,53.54157148
1,88667.0,88931.0,88635.0,88880.0,43.35279026
1,88879.0,89079.0,88167.0,88372.0,216.70341394
1,88371.0,88374.0,87672.0,87820.0,299.05802531
1,87820.0,87924.0,87284.0,87537.0,175.06672678
1,87537.0,87621.0,87381.0,87489.0,172.57734529
1,87489.0,87848.0,87448.0,87562.0,68.10807539
1,87566.0,87737.0,87401.0,87405.0,42.091342409999996
1,87387.0,87528.0,87085.0,87503.0,185.18758005
1,87504.0,87702.0,87504.0,87651.0,60.45945975
1,87651.0,87727.0,87514.0,87583.0,34.02299356
1,87579.0,87579.0,87468.0,87496.0,30.81858278
1,87496.0,87690.0,87490.0,87662.0,24.62205706
1,87661.0,87881.0,87660.0,87801.0,22.29773624
1,87801.0,87923.0,87747.0,87760.0,42.85740986
1,87760.0,87859.0,87692.0,87693.0,23.24127861
1,87693.0,87693.0,87268.0,87401.0,428.20503178
1,87401.0,87567.0,87401.0,87540.0,75.18568617
1,87540.0,87540.0,87474.0,87494.0,16.08628259
1,87494.0,87500.0,87437.0,87459.0,13.97435949
1,87459.0,87635.0,87458.0,87624.0,210.88065221
1,87624.0,87797.0,87606.0,87726.0,20.92743481
1,87727.0,87734.0,87660.0,87720.0,8.6747493
1,87720.0,87871.0,87719.0,87871.0,24.45051443
1,87871.0,87891.0,87797.0,87828.0,11.16676746
1,87797.0,87881.0,87745.0,87788.0,27.188498839999998
1,87787.0,87845.0,87702.0,87839.0,40.45480842
1,87839.0,87986.0,87805.0,87921.0,26.98245639
1,87921.0,87926.0,87767.0,87871.0,28.873574129999998
1,87872.0,88368.0,87863.0,88193.0,80.14756638
1,88193.0,88242.0,87991.0,88066.0,29.15011287
1,88066.0,88296.0,87958.0,88261.0,43.24730065
1,88260.0,88260.0,88135.0,88143.0,24.93098143
1,88142.0,88304.0,88137.0,88265.0,32.39123175
1,88265.0,88559.0,88265.0,88529.0,50.33191447
1,88526.0,88782.0,88364.0,88728.0,89.20038621
1,88728.0,88765.0,88484.0,88721.0,79.72235434
1,88722.0,88770.0,88431.0,88532.0,44.36999915
1,88532.0,88556.0,88284.0,88528.0,37.10899319
1,88528.0,89005.0,88471.0,88829.0,90.30445698
1,88829.0,88881.0,88527.0,88528.0,20.98855353
1,88528.0,88673.0,88464.0,88644.0,45.16958662
1,88644.0,88963.0,88610.0,88827.0,47.363203639999995
1,88827.0,88950.0,88734.0,88735.0,52.27251083
1,88752.0,89061.0,88692.0,89054.0,91.53050439
1,89047.0,89368.0,88977.0,89351.0,554.27133357
1,89363.0,89816.0,89342.0,89549.0,136.05714001
1,89557.0,89569.0,89263.0,89405.0,69.81481269
1,89405.0,89492.0,89292.0,89314.0,31.83971013
1,89314.0,89574.0,89241.0,89253.0,78.26788895
1,89262.0,90043.0,88400.0,89521.0,385.559182
1,89516.0,89813.0,88740.0,89340.0,421.87193494
1,89339.0,90775.0,89145.0,90329.0,413.72725398
1,90328.0,90925.0,90156.0,90326.0,512.8690203
1,90325.0,90516.0,89509.0,89709.0,162.95423428
1,89714.0,90101.0,89606.0,89858.0,86.12532002
1,89858.0,90021.0,89584.0,89738.0,44.55884786
1,89697.0,90125.0,89689.0,90027.0,55.01749309
1,90019.0,90361.0,89982.0,90155.0,40.66577206
1,90155.0,90156.0,89875.0,89952.0,78.28303588
1,89952.0,90158.0,89928.0,90121.0,35.95623849
1,90111.0,90256.0,90042.0,90253.0,22.36596223
1,90253.0,90368.0,90098.0,90303.0,25.43007936
1,90303.0,90343.0,90164.0,90284.0,9.85471272
1,90294.0,90427.0,90001.0,90131.0,48.76624776
1,90131.0,90160.0,89897.0,89992.0,23.41548338
1,89992.0,90097.0,89820.0,89850.0,18.60348063
1,89834.0,89913.0,89289.0,89546.0,57.70482079
1,89545.0,89788.0,89395.0,89635.0,66.63319809000001
1,89633.0,89929.0,89603.0,89756.0,35.66247742
1,89756.0,89825.0,89675.0,89714.0,26.102417
1,89714.0,89725.0,89625.0,89699.0,30.00820606
1,89698.0,89972.0,89617.0,89968.0,51.06269807
1,89972.0,89994.0,89876.0,89952.0,16.77177431
1,89953.0,90178.0,89914.0,90069.0,36.16371456
1,90066.0,90066.0,89929.0,89930.0,29.66000882
1,89930.0,90156.0,89875.0,90051.0,38.7558252
1,90051.0,90073.0,89982.0,90044.0,19.32131412
1,90044.0,90147.0,89987.0,90092.0,19.47694329
1,90091.0,90098.0,90016.0,90066.0,10.26303448
1,90066.0,90308.0,89984.0,90308.0,41.82615496
1,90308.0,90677.0,90292.0,90513.0,76.34133173
1,90512.0,90666.0,90447.0,90544.0,41.03925337
1,90544.0,90644.0,90428.0,90590.0,49.56675398
1,90590.0,91519.0,90590.0,91294.0,227.67959913
1,91294.0,91428.0,90971.0,91204.0,71.17981102
1,91197.0,91246.0,91047.0,91090.0,39.11551268
1,91090.0,91313.0,91060.0,91196.0,48.699177049999996
1,91192.0,91541.0,91151.0,91363.0,27.4964551
1,91363.0,91455.0,91315.0,91450.0,17.67704234
1,91449.0,91728.0,91201.0,91202.0,103.62802987
1,91202.0,91494.0,91190.0,91484.0,36.06339035
1,91484.0,91494.0,91146.0,91341.0,46.983923669999996
1,91332.0,91438.0,91214.0,91416.0,15.61721531
1,91416.0,91576.0,91390.0,91557.0,16.76227142
1,91556.0,91556.0,91200.0,91266.0,25.9817345
1,91266.0,91323.0,91062.0,91106.0,34.48568566
1,91106.0,91223.0,91000.0,91221.0,27.36078769
1,91221.0,91371.0,91109.0,91289.0,42.94337456
1,91290.0,91321.0,91070.0,91285.0,37.32414938
1,91285.0,91398.0,91223.0,91281.0,39.26934465
1,91272.0,91400.0,91269.0,91303.0,40.62521602
1,91303.0,91303.0,90960.0,91165.0,62.60279149
1,91165.0,91168.0,90840.0,91108.0,42.0938788
1,91109.0,91299.0,91091.0,91266.0,47.67325648
1,91266.0,91375.0,91147.0,91244.0,23.070802099999998
1,91244.0,91354.0,91101.0,91175.0,36.51914454
1,91176.0,91541.0,91176.0,91501.0,138.42406541
1,91498.0,92379.0,91484.0,92350.0,266.9573482
1,92374.0,93330.0,92239.0,92919.0,343.47901506
1,92919.0,93118.0,92701.0,92997.0,58.6938581
1,92998.0,93159.0,92832.0,92837.0,79.46696567000001
1,92835.0,92909.0,92303.0,92556.0,94.06134732
1,92555.0,92668.0,92313.0,92313.0,67.66292088
1,92313.0,92453.0,92115.0,92444.0,50.12483016
1,92443.0,92579.0,92438.0,92485.0,39.40567474
1,92484.0,92711.0,92405.0,92416.0,31.95356332
1,92416.0,92779.0,92282.0,92646.0,108.70373293
1,92646.0,93091.0,92627.0,93020.0,69.16464542
1,93028.0,93095.0,92837.0,93081.0,41.12920555
1,93081.0,93159.0,92730.0,92820.0,117.11410037
1,92817.0,92954.0,92502.0,92694.0,86.67100391
1,92694.0,93607.0,92358.0,93387.0,333.8856481
1,93387.0,93996.0,93165.0,93946.0,510.36101878
1,93943.0,94057.0,93568.0,93685.0,196.95334004
1,93686.0,94500.0,93239.0,94313.0,132.27897107
1,94311.0,94500.0,93913.0,94455.0,137.54502442999998
1,94451.0,94498.0,94137.0,94300.0,229.23456388
1,94295.0,94792.0,94038.0,94166.0,111.0946159
1,94179.0,94229.0,93816.0,94100.0,93.1909577
1,94092.0,94401.0,94011.0,94164.0,78.38349111
1,94164.0,94180.0,93876.0,93876.0,91.74360137
1,93876.0,93988.0,93558.0,93819.0,50.09626835
1,93805.0,94147.0,93735.0,93770.0,33.34714244
1,93765.0,93873.0,93528.0,93619.0,33.72866262
1,93619.0,93911.0,93605.0,93764.0,37.548971019999996
1,93764.0,93978.0,93730.0,93794.0,28.95973615
1,93789.0,93802.0,93562.0,93582.0,38.61819042
1,93581.0,93922.0,93545.0,93762.0,31.05101542
1,93755.0,93755.0,93121.0,93209.0,59.63326448
1,93209.0,93381.0,93140.0,93204.0,23.79369649
1,93204.0,93517.0,93192.0,93432.0,44.65333606
1,93433.0,93618.0,93382.0,93547.0,24.28693987
1,93546.0,93865.0,93543.0,93808.0,35.33315051
1,93808.0,93940.0,93758.0,93843.0,27.77683257
1,93837.0,93837.0,93618.0,93696.0,48.39388891
1,93696.0,94418.0,93506.0,93803.0,339.63152692
1,93803.0,94272.0,93316.0,93616.0,321.41435775
1,93615.0,93742.0,92293.0,92649.0,308.67582736
1,92648.0,92712.0,91497.0,91528.0,222.6276431
1,91518.0,92174.0,91221.0,91986.0,218.3015834
1,91987.0,92281.0,91849.0,92059.0,64.21904913
1,92042.0,92636.0,92042.0,92462.0,285.5729125
1,92462.0,93786.0,92327.0,93214.0,330.12897492
1,93213.0,93474.0,92926.0,93309.0,67.00510505
1,93321.0,93750.0,93301.0,93712.0,71.61227256
1,93712.0,93712.0,92613.0,92656.0,94.10375443
1,92657.0,92834.0,92280.0,92384.0,102.5993206
1,92374.0,92986.0,92194.0,92890.0,88.61259645
1,92890.0,93049.0,92688.0,92758.0,38.46417168
1,92758.0,92856.0,92552.0,92621.0,37.49515151
1,92616.0,92793.0,92453.0,92470.0,47.59195299
1,92470.0,92833.0,92470.0,92554.0,25.33709025
1,92554.0,92819.0,92554.0,92803.0,23.256693639999998
1,92810.0,92896.0,92641.0,92662.0,42.041402160000004
1,92655.0,92655.0,91539.0,91646.0,136.97432573
1,91645.0,91915.0,91530.0,91905.0,49.39653216
1,91898.0,92169.0,91857.0,92044.0,41.98990458
1,92025.0,92103.0,91904.0,91920.0,50.4175161
1,91920.0,92204.0,91794.0,91969.0,60.874524120000004
1,91969.0,92064.0,91302.0,91889.0,302.6622548
1,91889.0,91926.0,90982.0,91263.0,443.48890131
1,91265.0,91710.0,91091.0,91165.0,218.39221834
1,91170.0,91620.0,90982.0,91175.0,192.16944372
1,91168.0,91352.0,90652.0,90824.0,84.65325538
1,90817.0,91173.0,90526.0,91092.0,157.66260403
1,91093.0,91198.0,90679.0,90955.0,159.44428481
1,90952.0,91136.0,90945.0,91026.0,42.30467935
1,90998.0,91278.0,90783.0,91089.0,49.01210754
1,91087.0,91376.0,90922.0,91273.0,55.94622509
1,91273.0,91409.0,90982.0,91297.0,56.92670173
1,91297.0,91562.0,91205.0,91332.0,29.69439069
1,91327.0,91382.0,90666.0,90854.0,91.86915653
1,90840.0,91019.0,90536.0,90709.0,34.47566622
1,90703.0,91037.0,90595.0,90912.0,54.87640355
1,90912.0,91059.0,90668.0,90703.0,19.19396448
1,90703.0,90748.0,89789.0,89789.0,128.32736361
1,89789.0,90450.0,89530.0,90417.0,101.29442012
1,90417.0,90635.0,90038.0,90082.0,48.52233852
1,90100.0,90255.0,89845.0,89898.0,63.79524264
1,89898.0,90361.0,89671.0,90289.0,93.14188596
1,90297.0,90362.0,89901.0,90097.0,52.8212547
1,90097.0,90106.0,89660.0,89866.0,127.97396084
1,89866.0,89981.0,89742.0,89844.0,60.49235766
1,89825.0,90048.0,89199.0,89904.0,192.53661048
1,89901.0,90759.0,89697.0,90698.0,271.0109438
1,90695.0,90850.0,90221.0,90835.0,239.27346776
1,90835.0,91363.0,90758.0,91303.0,379.29104007
1,91302.0,91386.0,90876.0,91027.0,154.55971435
1,91027.0,91241.0,90735.0,90843.0,96.42518126
1,90843.0,90928.0,90492.0,90840.0,195.02515627
1,90841.0,91254.0,90840.0,91200.0,324.46130997
1,91201.0,91397.0,90965.0,91152.0,173.99467986
1,91152.0,91294.0,90984.0,91031.0,57.631652960000004
1,91032.0,91219.0,90987.0,91216.0,64.11428228
1,91217.0,91545.0,90775.0,90968.0,249.01180794
1,90968.0,91376.0,90925.0,90938.0,72.55096640000001
1,90938.0,91170.0,90881.0,91117.0,50.27198037
1,91116.0,91132.0,90830.0,90915.0,38.37980825
1,90914.0,91016.0,90809.0,90980.0,18.49796741
1,90980.0,91033.0,90878.0,91019.0,34.68737182
1,91018.0,91018.0,90641.0,90645.0,54.93346089
1,90642.0,90721.0,89596.0,89907.0,176.39017722
1,89907.0,90350.0,89898.0,90219.0,63.29253064
1,90219.0,90438.0,90170.0,90383.0,33.42557322
1,90383.0,90568.0,90309.0,90349.0,30.01140905
1,90349.0,90498.0,90145.0,90348.0,56.967350790000005
1,90347.0,90851.0,90310.0,90512.0,134.80335168
1,90512.0,90568.0,89854.0,90052.0,201.32665111
1,90051.0,91924.0,89757.0,91067.0,548.80765892
1,91077.0,91685.0,91077.0,91533.0,97.05594537
1,91532.0,91592.0,90919.0,91334.0,244.82723098
1,91330.0,91430.0,90225.0,90725.0,222.00472769
1,90716.0,90717.0,90070.0,90225.0,241.31108803
1,90224.0,90471.0,90126.0,90210.0,68.63195843
1,90193.0,90507.0,90018.0,90418.0,51.97610218
1,90418.0,90584.0,90233.0,90495.0,28.57286055
1,90496.0,90594.0,90478.0,90510.0,30.87934678
1,90510.0,90553.0,90405.0,90457.0,39.47719882
1,90457.0,90590.0,90456.0,90552.0,19.331277840000002
1,90552.0,90634.0,90481.0,90564.0,24.58563753
1,90564.0,90564.0,90438.0,90502.0,17.70746821
1,90503.0,90509.0,90286.0,90326.0,14.942286580000001
1,90327.0,90481.0,90307.0,90479.0,16.19398898
1,90479.0,90483.0,90354.0,90383.0,19.58605149
1,90383.0,90542.0,90382.0,90541.0,21.75114032
1,90542.0,90612.0,90493.0,90522.0,16.27922534
1,90522.0,90623.0,90500.0,90623.0,15.096523829999999
1,90623.0,90690.0,90599.0,90690.0,18.043674550000002
1,90689.0,90694.0,90585.0,90601.0,11.19752143
1,90601.0,90654.0,90552.0,90606.0,18.58397395
1,90606.0,90634.0,90525.0,90526.0,8.23861487
1,90526.0,90538.0,90427.0,90465.0,20.60115706
1,90465.0,90536.0,90465.0,90536.0,7.9554411300000005
1,90535.0,90592.0,90496.0,90555.0,17.21736194
1,90555.0,90615.0,90427.0,90427.0,20.38817035
1,90427.0,90468.0,90396.0,90468.0,10.05380908
1,90467.0,90501.0,90461.0,90501.0,8.8766852
1,90501.0,90525.0,90449.0,90450.0,8.0500326
1,90450.0,90450.0,90384.0,90393.0,13.42676663
1,90388.0,90460.0,90286.0,90308.0,31.07241635
1,90309.0,90438.0,90309.0,90382.0,18.32934277
1,90382.0,90514.0,90340.0,90514.0,20.09207957
1,90513.0,90536.0,90442.0,90508.0,6.93033589
1,90508.0,90603.0,90504.0,90579.0,9.15245647
1,90578.0,90616.0,90518.0,90616.0,12.68754262
1,90615.0,90655.0,90564.0,90655.0,10.27800917
1,90655.0,90720.0,90627.0,90656.0,14.04194808
1,90656.0,90677.0,90466.0,90620.0,25.28262558
1,90620.0,90623.0,90563.0,90584.0,11.09320262
1,90584.0,90676.0,90493.0,90659.0,32.506826100000005
1,90659.0,90676.0,90558.0,90609.0,21.2194887
1,90609.0,90609.0,90563.0,90604.0,4.73318614
1,90604.0,90613.0,90573.0,90602.0,5.3075554799999995
1,90618.0,90867.0,90594.0,90810.0,55.3561492
1,90810.0,90842.0,90705.0,90730.0,16.18099509
1,90730.0,91059.0,90730.0,91007.0,29.02952941
1,91007.0,91027.0,90591.0,90742.0,71.98802713
1,90742.0,91146.0,90742.0,90908.0,72.29921884000001
1,90908.0,91004.0,90786.0,90856.0,23.72157494
1,90855.0,90855.0,90659.0,90752.0,27.86140415
1,90752.0,90791.0,90547.0,90583.0,35.90355126
1,90547.0,90590.0,90301.0,90575.0,68.79629469
1,90574.0,90688.0,90465.0,90634.0,54.7488801
1,90633.0,90633.0,90340.0,90408.0,75.36743859
1,90407.0,90895.0,90090.0,90872.0,151.94015247
1,90872.0,91113.0,90569.0,91113.0,141.10621064
1,91113.0,91651.0,90972.0,91280.0,163.57635889
1,91281.0,92250.0,91251.0,92082.0,139.37656854
1,92085.0,92392.0,91676.0,91676.0,77.09629982
1,91677.0,92152.0,91625.0,92039.0,40.95864467
1,92039.0,92126.0,91918.0,91977.0,20.4850591
1,91977.0,92069.0,91680.0,91700.0,31.462037249999998
1,91701.0,91824.0,91270.0,91286.0,78.57343700999999
1,91285.0,91503.0,90275.0,90627.0,166.05925018
1,90627.0,90797.0,90524.0,90564.0,86.59514769
1,90565.0,90661.0,90244.0,90307.0,57.93615654
1,90307.0,90692.0,90303.0,90510.0,34.72001137
1,90511.0,90731.0,90500.0,90664.0,41.35229088
1,90664.0,90699.0,90421.0,90514.0,40.45002994
1,90513.0,91025.0,90016.0,90792.0,171.65142218
1,90790.0,91563.0,90597.0,91563.0,169.62680629
1,91572.0,92244.0,91503.0,92051.0,223.73849735
1,92052.0,92224.0,90950.0,91440.0,175.91008473
1,91436.0,91859.0,91330.0,91611.0,130.46408467
1,91610.0,91849.0,91365.0,91776.0,134.96439172
1,91776.0,91959.0,91334.0,91406.0,83.51138557
1,91398.0,91441.0,90873.0,90978.0,141.90684218
1,90978.0,91356.0,90978.0,91147.0,36.73581135
1,91147.0,91219.0,90977.0,91195.0,24.32044384
1,91195.0,91441.0,91151.0,91378.0,68.33796692
1,91378.0,91439.0,90949.0,91078.0,29.05254707
1,91078.0,91273.0,91013.0,91016.0,21.489354
1,91015.0,91351.0,91013.0,91303.0,39.45184619
1,91304.0,91518.0,91244.0,91408.0,58.48603864
1,91409.0,92139.0,91370.0,91801.0,97.95478353
1,91801.0,92158.0,91717.0,92082.0,61.65399891
1,92082.0,92105.0,91799.0,91832.0,31.041006499999998
1,91831.0,92148.0,91824.0,92052.0,29.44941573
1,92051.0,92576.0,91872.0,92180.0,178.82597703
1,92181.0,92246.0,91935.0,92042.0,54.18382498
1,92042.0,92158.0,91873.0,91897.0,35.51339643
1,91898.0,92049.0,91800.0,91998.0,27.523697040000002
1,91999.0,92479.0,91887.0,91971.0,185.60123386
1,91970.0,92824.0,91695.0,92396.0,410.2736653
1,92371.0,93394.0,92061.0,93394.0,429.9824433
1,93394.0,93726.0,93045.0,93360.0,627.46486148
1,93360.0,93465.0,93063.0,93193.0,203.83669128
1,93193.0,93832.0,93143.0,93593.0,254.73572553
1,93593.0,94212.0,93439.0,94201.0,183.93525266
1,94201.0,94489.0,94138.0,94425.0,407.5927893
1,94424.0,94501.0,94073.0,94076.0,214.66544543
1,94077.0,96474.0,94076.0,95727.0,797.08305361
1,95727.0,96065.0,95041.0,95366.0,282.4654455
1,95367.0,95621.0,95138.0,95209.0,195.29135067
1,95209.0,95541.0,95104.0,95219.0,228.17097047
1,95219.0,95541.0,95176.0,95316.0,245.40442023
1,95316.0,95678.0,95255.0,95678.0,191.14713971
1,95677.0,95751.0,95195.0,95208.0,66.08196654
1,95195.0,95238.0,94944.0,95001.0,180.27467448000002
1,95000.0,95001.0,94555.0,94987.0,107.14901436
1,94986.0,95204.0,94837.0,95182.0,143.42834687
1,95182.0,95283.0,94879.0,94879.0,71.93406409
1,94879.0,95154.0,94854.0,95060.0,41.387262
1,95059.0,95250.0,94873.0,95059.0,57.216865739999996
1,95043.0,95056.0,94249.0,94739.0,142.94470011
1,94739.0,95111.0,94638.0,95034.0,66.90814179
1,95035.0,95181.0,94865.0,94962.0,64.3654256
1,94961.0,96794.0,94953.0,96489.0,465.96958055
1,96475.0,97073.0,96191.0,96765.0,715.74245435
1,96769.0,97708.0,96744.0,97324.0,587.38629143
1,97324.0,97814.0,96820.0,96981.0,486.85803824
1,96980.0,97127.0,96272.0,96820.0,265.80231965
1,96820.0,97633.0,96697.0,97268.0,196.30954957
1,97268.0,97939.0,97222.0,97658.0,269.56512947
1,97658.0,97725.0,97409.0,97573.0,215.2223761
1,97572.0,97583.0,96826.0,96896.0,175.93374942
1,96896.0,97381.0,96874.0,96942.0,46.91926888
1,96946.0,96992.0,96527.0,96648.0,105.060048
1,96649.0,96960.0,96299.0,96441.0,69.8876579
1,96440.0,96604.0,96111.0,96314.0,60.90107145
1,96314.0,96370.0,95753.0,95955.0,78.86445708000001
1,95955.0,96358.0,95930.0,96297.0,50.78974877
1,96297.0,96486.0,96231.0,96433.0,54.42191837
1,96417.0,96546.0,96158.0,96225.0,68.55979179
1,96224.0,96732.0,96177.0,96610.0,43.95718613
1,96610.0,96648.0,96284.0,96633.0,49.5805496
1,96633.0,97165.0,96550.0,97024.0,84.7193289
1,97027.0,97055.0,96747.0,96801.0,39.72515942
1,96801.0,96906.0,96573.0,96573.0,31.3814944
1,96573.0,96968.0,96506.0,96964.0,47.3919958
1,96964.0,97014.0,96597.0,96827.0,71.10844161
1,96827.0,97119.0,95563.0,96035.0,374.65986608000003
1,96035.0,96736.0,95411.0,96719.0,374.10739823
1,96719.0,96913.0,96234.0,96701.0,235.30334467
1,96701.0,97040.0,96391.0,96582.0,172.7975438
1,96581.0,96593.0,95729.0,95819.0,184.61286782
1,95818.0,95904.0,95167.0,95486.0,211.68713832
1,95485.0,95629.0,95113.0,95219.0,316.11152878
1,95255.0,95601.0,95191.0,95562.0,38.070489359999996
1,95563.0,95836.0,95470.0,95565.0,22.728762970000002
1,95557.0,95686.0,95384.0,95577.0,25.72038252
1,95583.0,95788.0,95554.0,95597.0,48.67598084
1,95596.0,95811.0,95411.0,95638.0,50.28797867
1,95638.0,95651.0,95366.0,95467.0,68.9675436
1,95467.0,95542.0,95319.0,95330.0,30.71167277
1,95330.0,95547.0,95135.0,95246.0,35.8363939
1,95246.0,95644.0,95230.0,95642.0,54.727911989999996
1,95639.0,95777.0,95503.0,95711.0,32.00295585
1,95711.0,95754.0,95455.0,95629.0,15.34296542
1,95629.0,95802.0,95556.0,95646.0,28.35784448
1,95645.0,95738.0,95567.0,95580.0,13.71783388
1,95581.0,95589.0,95274.0,95275.0,40.12498555
1,95275.0,95437.0,95238.0,95395.0,22.89749273
1,95394.0,95524.0,95340.0,95409.0,31.23541402
1,95419.0,95541.0,95259.0,95418.0,20.97365773
1,95419.0,95765.0,95158.0,95158.0,106.89203432
1,95158.0,95618.0,94251.0,94551.0,492.610686
1,94538.0,94942.0,94466.0,94834.0,122.14173418
1,94828.0,95089.0,94527.0,95053.0,46.9934692
1,95038.0,95178.0,94936.0,94966.0,54.21297947
1,94965.0,95013.0,94801.0,94958.0,59.08165062
1,94957.0,95544.0,94643.0,95531.0,211.85561153
1,95533.0,95584.0,95341.0,95477.0,114.08244878
1,95476.0,95527.0,95227.0,95474.0,59.672364280000004
1,95475.0,95541.0,95399.0,95521.0,21.52416522
1,95520.0,95537.0,95410.0,95436.0,15.25985962
1,95433.0,95500.0,95364.0,95368.0,33.74833756
1,95369.0,95377.0,95181.0,95335.0,26.23594048
1,95336.0,95340.0,95236.0,95337.0,13.15155509
1,95337.0,95337.0,95225.0,95269.0,7.63103309
1,95269.0,95341.0,95255.0,95275.0,15.631317
1,95274.0,95303.0,95172.0,95203.0,16.78103903
1,95194.0,95195.0,95034.0,95074.0,23.70591794
1,95074.0,95215.0,95011.0,95214.0,18.48364079
1,95215.0,95250.0,95148.0,95232.0,9.60387654
1,95232.0,95233.0,95078.0,95078.0,12.19125082
1,95079.0,95282.0,95044.0,95282.0,23.65818127
1,95282.0,95353.0,95215.0,95220.0,13.988313060000001
1,95221.0,95397.0,95181.0,95396.0,26.78975515
1,95395.0,95494.0,95332.0,95451.0,17.41329744
1,95443.0,95603.0,95421.0,95542.0,28.92257601
1,95542.0,95542.0,95204.0,95283.0,42.36506381
1,95282.0,95398.0,95268.0,95326.0,19.81869856
1,95326.0,95427.0,95317.0,95393.0,20.85008745
1,95392.0,95392.0,95256.0,95257.0,7.23228251
1,95256.0,95341.0,95252.0,95341.0,15.69014803
1,95341.0,95364.0,95250.0,95262.0,15.34145691
1,95262.0,95264.0,95021.0,95140.0,35.50317679
1,95140.0,95169.0,95096.0,95113.0,11.76858711
1,95113.0,95203.0,95033.0,95068.0,14.97974563
1,95069.0,95069.0,94839.0,94923.0,66.55866171000001
1,94924.0,95024.0,94850.0,94979.0,18.96381707
1,94979.0,95170.0,94979.0,95154.0,20.49458185
1,95154.0,95154.0,95052.0,95063.0,4.20120589
1,95063.0,95204.0,95031.0,95156.0,13.79448034
1,95154.0,95160.0,95113.0,95123.0,8.63476888
1,95123.0,95133.0,95010.0,95013.0,22.227931299999998
1,95010.0,95158.0,94999.0,95146.0,9.43916766
1,95145.0,95234.0,95130.0,95233.0,15.56371676
1,95234.0,95249.0,95067.0,95143.0,16.81854783
1,95143.0,95143.0,95056.0,95130.0,6.36576061
1,95132.0,95136.0,95056.0,95081.0,5.21463647
1,95081.0,95158.0,94886.0,95117.0,33.10134538
1,95117.0,95307.0,94906.0,94920.0,53.03118426
1,94919.0,95078.0,94896.0,95078.0,23.23574365
1,95078.0,95147.0,95044.0,95136.0,9.124634689999999
1,95135.0,95227.0,95103.0,95227.0,18.373571600000002
1,95226.0,95479.0,95140.0,95420.0,110.65487345
1,95412.0,95479.0,95308.0,95345.0,68.42588697
1,95345.0,95398.0,95269.0,95272.0,16.71362209
1,95273.0,95391.0,95261.0,95388.0,8.52037068
1,95388.0,95480.0,95373.0,95458.0,20.86781968
1,95458.0,95458.0,93584.0,93636.0,333.68911639
1,93627.0,93632.0,91917.0,92682.0,714.16302873
1,92681.0,92839.0,92213.0,92534.0,118.79020225
1,92534.0,92634.0,92347.0,92531.0,21.72241287
1,92530.0,92746.0,92470.0,92651.0,49.50566698
1,92651.0,92700.0,92459.0,92620.0,35.08730809
1,92620.0,92759.0,92467.0,92474.0,46.36306027
1,92477.0,92586.0,92354.0,92536.0,48.93672213
1,92536.0,92790.0,92518.0,92788.0,66.46045401
1,92788.0,93304.0,92648.0,93209.0,73.50496681
1,93208.0,93218.0,92914.0,92989.0,38.60305181
1,92988.0,93020.0,92847.0,93004.0,15.40425094
1,93004.0,93248.0,92918.0,93139.0,35.92274943
1,93139.0,93171.0,92949.0,93009.0,23.205547550000002
1,93010.0,93090.0,92768.0,92973.0,44.98290714
1,92974.0,92980.0,92669.0,92763.0,38.2803245
1,92764.0,93029.0,92764.0,93016.0,67.76033739
1,93016.0,93362.0,92943.0,93258.0,35.08843451
1,93258.0,93338.0,93105.0,93190.0,29.38930578
1,93191.0,93206.0,92880.0,93005.0,42.31114186
1,93004.0,93097.0,92946.0,93054.0,28.8090811
1,93054.0,93210.0,93040.0,93088.0,37.96743633
1,93088.0,93293.0,92951.0,92952.0,56.599595439999995
1,92951.0,92980.0,92506.0,92507.0,75.19953283
1,92507.0,92679.0,92105.0,92560.0,127.56969919
1,92559.0,92798.0,92304.0,92641.0,95.7117746
1,92640.0,92799.0,92459.0,92644.0,43.07289246
1,92646.0,92655.0,92313.0,92481.0,78.68867521
1,92481.0,92588.0,92193.0,92360.0,36.52211843
1,92360.0,92392.0,91937.0,91983.0,66.29331483
1,91983.0,91989.0,91234.0,91549.0,189.59047723
1,91530.0,91545.0,90689.0,90829.0,280.52661468
1,90834.0,91179.0,90763.0,91078.0,126.63672513
1,91078.0,91134.0,90599.0,91006.0,184.05623954
1,91001.0,91001.0,90797.0,90946.0,46.15100084
1,90946.0,91197.0,90906.0,91186.0,60.38148012
1,91186.0,91343.0,91129.0,91130.0,37.14715754
1,91130.0,91226.0,90970.0,91206.0,52.06677756
1,91205.0,91211.0,90693.0,90869.0,121.86731445
1,90870.0,91287.0,90194.0,90446.0,293.81031996
1,90446.0,90699.0,89778.0,90586.0,459.53069518
1,90586.0,90873.0,89924.0,90074.0,270.59127459
1,90064.0,90415.0,89349.0,89673.0,308.34425572
1,89674.0,89846.0,89279.0,89372.0,230.36610172
1,89373.0,89677.0,89180.0,89606.0,232.89939521
1,89606.0,89800.0,89255.0,89598.0,314.18856398
1,89607.0,89719.0,89290.0,89350.0,186.53765724
1,89349.0,89506.0,87777.0,88384.0,373.54332139
1,88381.0,88410.0,87782.0,88316.0,265.11644149
1,88317.0,88857.0,88145.0,88816.0,108.37048211
1,88817.0,89038.0,88748.0,88905.0,105.54361243
1,88913.0,89238.0,88885.0,88938.0,48.02050975
1,88947.0,89477.0,88932.0,89322.0,41.887892709999996
1,89322.0,89516.0,89251.0,89331.0,30.51027079
1,89331.0,90005.0,89324.0,89852.0,177.61189979
1,89851.0,89851.0,89413.0,89553.0,64.78353529
1,89553.0,89649.0,88986.0,89114.0,370.28510831
1,89102.0,89263.0,88897.0,89089.0,76.18120109
1,89088.0,89387.0,88973.0,88996.0,78.21678901
1,89002.0,89281.0,88966.0,89148.0,220.47470876999998
1,89147.0,89276.0,88605.0,88700.0,87.77546295
1,88700.0,88756.0,88135.0,88650.0,147.35981908
1,88645.0,88918.0,88470.0,88578.0,157.51621932
1,88578.0,89897.0,88516.0,89719.0,551.74983683
1,89711.0,90471.0,89670.0,90206.0,330.52428436
1,90209.0,90282.0,87523.0,87536.0,509.94243678
1,87535.0,88072.0,87193.0,87843.0,363.07365349
1,87843.0,88548.0,87487.0,88389.0,185.92386512
1,88389.0,90372.0,88197.0,90285.0,560.59126133
1,90284.0,90303.0,89413.0,90131.0,400.50779541
1,90130.0,90271.0,89876.0,90181.0,154.41060331
1,90181.0,90316.0,89690.0,89690.0,47.381438790000004
1,89689.0,90141.0,89281.0,89374.0,77.38307174
1,89373.0,89953.0,89373.0,89831.0,30.81312265
1,89830.0,90100.0,89744.0,90025.0,86.16078369
1,90025.0,90254.0,89739.0,89845.0,75.82832363
1,89865.0,90062.0,89628.0,89810.0,61.84402025
1,89810.0,89982.0,89743.0,89904.0,28.99577044
1,89904.0,89985.0,89834.0,89927.0,39.84654408
1,89930.0,90113.0,89819.0,90089.0,24.15487153
1,90090.0,90109.0,89716.0,89735.0,25.63621647
1,89735.0,89877.0,89675.0,89836.0,18.70177405
1,89835.0,90038.0,89805.0,89952.0,22.21644125
1,89962.0,90024.0,89875.0,90000.0,25.14082281
1,90000.0,90063.0,89810.0,89851.0,40.056929600000004
1,89852.0,89997.0,89782.0,89930.0,25.45259357
1,89930.0,90231.0,89413.0,89531.0,133.25442814
1,89531.0,89617.0,88974.0,89007.0,288.32662142
1,89009.0,89332.0,88421.0,88912.0,334.16717098
1,88902.0,89184.0,88583.0,88969.0,176.11175786
1,88969.0,89524.0,88936.0,89472.0,174.14300586
1,89472.0,89706.0,89210.0,89238.0,134.02886211
1,89239.0,89835.0,89016.0,89689.0,87.16459509
1,89688.0,89861.0,89303.0,89306.0,67.01771779
1,89310.0,89567.0,89150.0,89166.0,50.45411833
1,89167.0,89473.0,89056.0,89273.0,36.0772214
1,89254.0,89488.0,89076.0,89464.0,46.09554969
1,89468.0,89549.0,89362.0,89428.0,11.29569176
1,89431.0,89831.0,89431.0,89831.0,39.03143712
1,89831.0,89875.0,89531.0,89552.0,52.09762966
1,89551.0,89822.0,89532.0,89821.0,38.06203499
1,89821.0,89973.0,89778.0,89867.0,33.48396702
1,89863.0,89865.0,89371.0,89497.0,70.27249425
1,89498.0,89682.0,89296.0,89397.0,81.10361885
1,89397.0,89563.0,89342.0,89442.0,42.014462710000004
1,89418.0,89503.0,89029.0,89112.0,97.07701466
1,89108.0,89272.0,88793.0,88865.0,69.78631935
1,88865.0,89028.0,88761.0,88925.0,45.723628160000004
1,88928.0,89220.0,88884.0,89081.0,37.83860558
1,89082.0,89241.0,88985.0,89146.0,14.57704554
1,89146.0,89327.0,89117.0,89235.0,39.56402412
1,89235.0,89596.0,88548.0,88891.0,246.55835093000002
1,88891.0,89735.0,88463.0,89633.0,287.52990085
1,89641.0,90378.0,89374.0,90017.0,221.40572625
1,90013.0,91122.0,89869.0,90488.0,302.71672543
1,90488.0,90943.0,90354.0,90422.0,137.69322009
1,90422.0,90428.0,89516.0,89880.0,238.56951227
1,89880.0,90047.0,89101.0,89403.0,141.68248627
1,89401.0,89584.0,89216.0,89240.0,44.06064489
1,89238.0,89643.0,89231.0,89514.0,40.15421401
1,89513.0,89515.0,89365.0,89493.0,15.34244526
1,89493.0,89519.0,89309.0,89342.0,12.437512250000001
1,89338.0,89469.0,89334.0,89426.0,8.11052827
1,89441.0,89577.0,89441.0,89572.0,14.79595256
1,89572.0,89778.0,89543.0,89637.0,41.72884312
1,89637.0,89718.0,89598.0,89709.0,16.41929666
1,89709.0,89726.0,89634.0,89648.0,7.74290983
1,89653.0,89655.0,89520.0,89521.0,13.04008731
1,89520.0,89554.0,89441.0,89483.0,19.69867214
1,89482.0,89545.0,89450.0,89522.0,24.46909011
1,89522.0,89522.0,89451.0,89455.0,9.84534054
1,89455.0,89510.0,89451.0,89491.0,6.30137207
1,89491.0,89527.0,89455.0,89455.0,7.0769452
1,89455.0,89455.0,89370.0,89397.0,10.37888311
1,89396.0,89402.0,89252.0,89252.0,21.0021764
1,89242.0,89367.0,89060.0,89326.0,65.01449062
1,89326.0,89353.0,89134.0,89142.0,36.67503764
1,89141.0,89209.0,89037.0,89148.0,50.09647635
1,89148.0,89263.0,89115.0,89247.0,17.92872347
1,89254.0,89306.0,89233.0,89259.0,13.63400537
1,89260.0,89260.0,89145.0,89195.0,11.18386655
1,89196.0,89263.0,89195.0,89246.0,6.29170446
1,89246.0,89246.0,89156.0,89246.0,9.0579822
1,89249.0,89338.0,89177.0,89286.0,18.16197152
1,89287.0,89332.0,89080.0,89089.0,31.02841661
1,89089.0,89163.0,89054.0,89161.0,13.29999501
1,89172.0,89180.0,88967.0,89038.0,15.56126277
1,89038.0,89113.0,88999.0,89001.0,14.65607183
1,89001.0,89036.0,88718.0,88818.0,46.88094241
1,88817.0,88942.0,88810.0,88875.0,16.10197169
1,88876.0,88910.0,88750.0,88846.0,18.53705823
1,88846.0,88846.0,88527.0,88708.0,66.61846182000001
1,88708.0,88708.0,88507.0,88518.0,21.82186675
1,88518.0,88618.0,87957.0,88162.0,76.59237219
1,88163.0,88336.0,88103.0,88266.0,68.92370535
1,88266.0,88516.0,88266.0,88512.0,43.502198660000005
1,88493.0,88548.0,88386.0,88423.0,10.54491249
1,88423.0,88644.0,88315.0,88644.0,50.08093688
1,88643.0,88825.0,88519.0,88784.0,33.86221645
1,88784.0,88799.0,88506.0,88584.0,43.26682278
1,88581.0,88629.0,88272.0,88333.0,31.75992546
1,88331.0,88331.0,87471.0,87954.0,304.42555419
1,87951.0,87986.0,87650.0,87762.0,84.2052281
1,87745.0,87858.0,86771.0,87301.0,192.79128091
1,87308.0,87390.0,86117.0,86396.0,268.34775992
1,86396.0,86620.0,86140.0,86563.0,130.75935897
1,86563.0,86913.0,86317.0,86487.0,103.24448504
1,86478.0,86580.0,86134.0,86438.0,112.22293155
1,86437.0,86687.0,86000.0,86567.0,184.92999708
1,86568.0,87052.0,86422.0,86757.0,111.99017407
1,86758.0,87692.0,86718.0,87578.0,157.84098095
1,87578.0,87839.0,87328.0,87444.0,47.43092503
1,87452.0,87562.0,86989.0,87154.0,61.64228597
1,87175.0,87797.0,87125.0,87621.0,94.15475604
1,87632.0,87829.0,87561.0,87718.0,33.18279965
1,87709.0,87913.0,87649.0,87844.0,34.49834462
1,87844.0,87970.0,87602.0,87903.0,32.37508065
1,87904.0,88285.0,87756.0,87881.0,70.09505462
1,87881.0,87899.0,87503.0,87563.0,85.02194885
1,87562.0,87863.0,87559.0,87813.0,16.14883224
1,87817.0,87888.0,87683.0,87763.0,14.44307436
1,87776.0,87877.0,87645.0,87700.0,20.48379436
1,87700.0,87948.0,87600.0,87868.0,59.21238246
1,87869.0,88389.0,87360.0,88094.0,286.88039884
1,88083.0,88750.0,87251.0,87554.0,406.64930363
1,87554.0,87839.0,87115.0,87511.0,175.90736091
1,87519.0,87686.0,86942.0,87603.0,93.68641237
1,87586.0,88311.0,87562.0,88311.0,114.20361068
1,88336.0,88447.0,87856.0,87915.0,84.44129864
1,87914.0,88028.0,87443.0,87511.0,44.18184782
1,87530.0,88137.0,87485.0,87977.0,107.35136307
1,87976.0,88186.0,87912.0,88049.0,27.16869453
1,88049.0,88552.0,87935.0,88247.0,138.10858915
1,88247.0,88363.0,88119.0,88254.0,132.83020667
1,88251.0,88591.0,88114.0,88457.0,69.33226736
1,88471.0,88739.0,88454.0,88720.0,48.01289959
1,88720.0,88772.0,88479.0,88667.0,25.53320488
1,88667.0,88880.0,88412.0,88480.0,114.81477246
1,88480.0,88484.0,88298.0,88351.0,34.79503251
1,88351.0,88411.0,88178.0,88214.0,20.47729983
1,88214.0,88452.0,88205.0,88215.0,43.91972649
1,88214.0,88281.0,88009.0,88056.0,31.1451533
1,88057.0,88057.0,87756.0,87768.0,42.09015519
1,87760.0,87921.0,87641.0,87661.0,41.966963060000005
1,87662.0,87960.0,87639.0,87875.0,37.669487769999996
1,87862.0,88020.0,87839.0,87860.0,31.06477145
1,87866.0,87934.0,87682.0,87853.0,43.864958539999996
1,87853.0,88315.0,87555.0,87608.0,178.72056547
1,87612.0,88050.0,87448.0,87922.0,217.80689078
1,87922.0,88703.0,87884.0,88524.0,147.24483304999998
1,88526.0,88585.0,87197.0,87436.0,195.61765883
1,87434.0,88384.0,87342.0,88155.0,79.83330146
1,88155.0,88422.0,87933.0,88286.0,66.17387654
1,88285.0,89374.0,88260.0,89292.0,294.34101218
1,89289.0,89416.0,88898.0,88958.0,193.77986321
1,88958.0,89323.0,88913.0,89137.0,125.51822711
1,89137.0,89414.0,89031.0,89135.0,107.90966138
1,89135.0,89352.0,89042.0,89342.0,28.09205116
1,89351.0,89379.0,89087.0,89290.0,62.947015
1,89289.0,89331.0,88995.0,89163.0,34.33539489
1,89163.0,89180.0,88878.0,89005.0,79.30549525
1,89005.0,89040.0,88722.0,88863.0,36.56119085
1,88861.0,88976.0,88737.0,88963.0,22.23888798
1,88963.0,89263.0,88963.0,89194.0,57.05873548
1,89196.0,89226.0,88986.0,89021.0,21.39345433
1,89013.0,89135.0,88782.0,88813.0,56.22806742
1,88813.0,89434.0,88752.0,89433.0,75.34904915
1,89433.0,89563.0,89221.0,89306.0,75.08205387
1,89288.0,90016.0,89210.0,89949.0,111.64174477
1,89955.0,90048.0,89682.0,89872.0,67.32269987
1,89886.0,90352.0,89859.0,90140.0,158.56994293
1,90144.0,90145.0,89330.0,89494.0,124.53613508
1,89512.0,89714.0,88794.0,89364.0,219.45589568
1,89368.0,89708.0,89133.0,89516.0,66.00344054
1,89516.0,90438.0,89165.0,90045.0,145.63241632999998
1,90044.0,90044.0,89212.0,89422.0,168.98426547
1,89421.0,89599.0,88894.0,89286.0,130.91555359
1,89275.0,89746.0,88880.0,88996.0,240.02089852
1,88997.0,89340.0,88727.0,89270.0,187.97645471
1,89273.0,89339.0,89010.0,89248.0,35.20882835
1,89249.0,89335.0,89079.0,89168.0,30.03061101
1,89167.0,89214.0,88773.0,89013.0,120.04941476
1,89014.0,89024.0,88411.0,88474.0,130.95996575
1,88475.0,88605.0,87582.0,87759.0,154.18959743
1,87768.0,88103.0,87646.0,87906.0,107.69428483
1,87906.0,88195.0,87761.0,88186.0,38.74438336
1,88186.0,88251.0,88011.0,88056.0,40.49206449
1,88045.0,88191.0,88039.0,88168.0,24.57013915
1,88168.0,88283.0,88109.0,88215.0,38.434710609999996
1,88214.0,88332.0,87787.0,87942.0,184.75296632
1,87934.0,88011.0,87755.0,87756.0,22.23439304
1,87755.0,87850.0,87692.0,87803.0,28.79669379
1,87802.0,87912.0,87608.0,87692.0,44.76995731
1,87691.0,87966.0,87668.0,87966.0,48.82078304
1,87965.0,88007.0,87806.0,87886.0,18.11604873
1,87890.0,87922.0,86856.0,86866.0,290.61039009
1,86861.0,86872.0,84231.0,84780.0,751.59072163
1,84783.0,85233.0,84156.0,85138.0,399.20408384
1,85138.0,85488.0,83924.0,84121.0,349.23419206
1,84121.0,84500.0,83268.0,83328.0,221.96271448
1,83327.0,84197.0,83242.0,83857.0,254.51939704
1,83848.0,84230.0,83664.0,84053.0,187.56550762
1,84056.0,84517.0,84046.0,84383.0,71.22902334
1,84423.0,84474.0,84169.0,84423.0,27.37193749
1,84423.0,84603.0,84305.0,84530.0,125.49260713
1,84520.0,84599.0,84012.0,84061.0,82.2035332
1,84054.0,84054.0,81194.0,82349.0,640.80876529
1,82354.0,82429.0,81040.0,82030.0,504.72246603
1,82032.0,82599.0,81923.0,82549.0,226.46162746
1,82549.0,83187.0,82549.0,82795.0,177.75765575
1,82796.0,83193.0,82762.0,82791.0,98.91807299999999
1,82790.0,82790.0,81939.0,82479.0,205.43626591999998
1,82481.0,82938.0,82335.0,82670.0,320.96288302
1,82670.0,82819.0,82296.0,82515.0,86.44821701
1,82547.0,82686.0,82033.0,82234.0,150.17543592
1,82234.0,82756.0,82044.0,82694.0,68.50956061
1,82694.0,83163.0,82550.0,82990.0,106.41392704
1,83002.0,83178.0,82514.0,82647.0,75.36091409
1,82647.0,82956.0,82279.0,82598.0,97.93257132
1,82597.0,83651.0,82596.0,82962.0,242.32947337000002
1,82975.0,83482.0,82274.0,82759.0,292.52357539
1,82758.0,83352.0,82432.0,83007.0,275.52445078
1,83016.0,83302.0,82507.0,82806.0,276.18784207
1,82806.0,84000.0,81752.0,83798.0,484.43821864
1,83783.0,84500.0,83783.0,84119.0,228.34206142
1,84120.0,84154.0,83422.0,83753.0,287.68053034
1,83753.0,84351.0,83645.0,84137.0,153.50290284
1,84137.0,84168.0,83766.0,84064.0,57.8166284
1,84077.0,84158.0,83797.0,84130.0,56.8113666
1,84124.0,84137.0,83881.0,83929.0,41.58682526
1,83929.0,84119.0,83769.0,83857.0,40.26668232
1,83856.0,84025.0,83680.0,83980.0,67.2138524
1,83980.0,84078.0,83881.0,83881.0,56.24679647
1,83881.0,83994.0,83786.0,83836.0,15.48431485
1,83836.0,83953.0,83754.0,83850.0,54.056368039999995
1,83850.0,83895.0,83504.0,83637.0,47.2620571
1,83637.0,83648.0,83257.0,83400.0,57.93855495
1,83400.0,83480.0,82447.0,82926.0,192.45072263
1,82926.0,83132.0,82746.0,82947.0,103.95057861
1,82966.0,83052.0,82779.0,83009.0,40.42115828
1,83010.0,83010.0,82717.0,82870.0,22.195030850000002
1,82870.0,82994.0,82585.0,82620.0,36.4062858
1,82620.0,82782.0,82356.0,82618.0,50.73902769
1,82664.0,82774.0,80743.0,81390.0,508.87555934
1,81360.0,81620.0,80949.0,81176.0,175.35034516
1,81176.0,82023.0,79979.0,80239.0,646.4203145500001
1,80238.0,80433.0,78107.0,78766.0,601.03772791
1,78769.0,79034.0,75555.0,77935.0,742.85500847
1,77938.0,78447.0,77087.0,77649.0,458.61619249
1,77649.0,78023.0,76976.0,77877.0,249.55693729
1,77888.0,78267.0,77274.0,78191.0,473.40268419
1,78203.0,78396.0,77894.0,78081.0,166.89139604
1,78049.0,79145.0,77977.0,78635.0,276.92435647
1,78644.0,79322.0,78556.0,78813.0,279.07612522
1,78817.0,78856.0,78218.0,78439.0,159.76689986
1,78446.0,78975.0,78294.0,78817.0,101.1628728
1,78817.0,78921.0,78621.0,78785.0,56.34951932
1,78785.0,79041.0,78644.0,78901.0,106.01906118
1,78902.0,78933.0,78461.0,78536.0,89.19615067
1,78541.0,78737.0,78197.0,78226.0,63.310866419999996
1,78220.0,78621.0,77921.0,78273.0,145.57364853
1,78276.0,78785.0,78188.0,78522.0,110.10138597
1,78527.0,79056.0,78471.0,78960.0,55.8024078
1,78961.0,79144.0,78083.0,78204.0,151.57186518
1,78205.0,78800.0,78205.0,78679.0,75.07868746
1,78696.0,78696.0,78188.0,78393.0,89.02861357
1,78397.0,78687.0,78143.0,78252.0,45.25594876
1,78252.0,78413.0,77181.0,78132.0,310.25508087000003
1,78132.0,78175.0,76729.0,77523.0,429.60773305
1,77527.0,77748.0,77030.0,77426.0,254.37225597
1,77422.0,77677.0,77231.0,77677.0,57.5673301
1,77679.0,78405.0,77647.0,77956.0,173.47980864000002
1,77945.0,78032.0,76914.0,77097.0,72.63907412
1,77096.0,77671.0,76525.0,77031.0,141.02012437
1,77021.0,77088.0,76298.0,76446.0,266.99370595
1,76480.0,77708.0,76374.0,77169.0,262.04085648
1,77169.0,77536.0,75651.0,76888.0,285.02098533
1,76888.0,78019.0,76542.0,77601.0,280.86879194
1,77591.0,77870.0,76558.0,77451.0,217.74424476
1,77442.0,77472.0,76368.0,76412.0,184.5642525
1,76433.0,76487.0,74532.0,76195.0,649.52442362
1,76201.0,76525.0,75249.0,75797.0,178.46215848
1,75827.0,75905.0,74837.0,75413.0,431.43800056
1,75416.0,76700.0,74872.0,76451.0,338.31172498
1,76454.0,76839.0,76247.0,76550.0,137.16015086000002
1,76551.0,77065.0,76523.0,76799.0,94.3773944
1,76784.0,77731.0,76568.0,77635.0,185.60723824000002
1,77635.0,77777.0,77392.0,77426.0,86.28144121
1,77426.0,77868.0,77368.0,77668.0,107.26825409
1,77668.0,78321.0,77630.0,77928.0,159.34693759
1,77928.0,78362.0,77748.0,78154.0,196.97980007
1,78153.0,78800.0,77580.0,77787.0,495.82725424
1,77789.0,79301.0,77534.0,78827.0,728.92054458
1,78826.0,79251.0,78539.0,78585.0,415.28844179
1,78584.0,79172.0,78553.0,78950.0,170.36326504
1,78929.0,78941.0,78311.0,78519.0,150.1086847
1,78511.0,78634.0,78219.0,78277.0,119.41514654
1,78276.0,78608.0,77841.0,77928.0,273.97151367
1,77928.0,78479.0,77849.0,78455.0,139.4388752
1,78459.0,78791.0,78459.0,78736.0,83.15033589000001
1,78741.0,78894.0,78502.0,78666.0,80.15182258
1,78666.0,79027.0,78349.0,79008.0,145.79318084
1,79009.0,79113.0,78656.0,78952.0,114.27386318
1,78945.0,78945.0,77730.0,77738.0,189.06704836
1,77737.0,78829.0,77599.0,78685.0,191.08132321
1,78686.0,78924.0,78427.0,78735.0,82.69428724
1,78735.0,78735.0,78160.0,78170.0,84.06245729
1,78176.0,78592.0,77897.0,78524.0,276.08699672
1,78523.0,78850.0,78428.0,78698.0,92.47190841
1,78715.0,79000.0,78401.0,78669.0,111.36655584
1,78682.0,78773.0,77882.0,78335.0,173.43836801
1,78334.0,78488.0,78005.0,78058.0,107.74307244
1,78060.0,78270.0,77944.0,78004.0,58.980528580000005
1,78005.0,78347.0,77917.0,78247.0,65.26820685
1,78250.0,78370.0,78105.0,78226.0,51.13955428
1,78225.0,78354.0,77116.0,77134.0,300.07802154
1,77134.0,78113.0,76996.0,78072.0,653.4608710800001
1,78070.0,78070.0,76407.0,76408.0,506.57772962
1,76408.0,76449.0,74794.0,74802.0,549.68609182
1,74811.0,75206.0,73053.0,73053.0,885.94839214
1,73053.0,75160.0,72863.0,74852.0,559.0761781
1,74845.0,76628.0,74495.0,76380.0,775.48142676
1,76379.0,76873.0,76035.0,76137.0,211.74582224
1,76139.0,76190.0,75306.0,75606.0,180.96663317
1,75605.0,75894.0,75329.0,75662.0,124.93390269
1,75661.0,76158.0,75363.0,75801.0,79.04060891
1,75833.0,76669.0,75827.0,76321.0,129.60807577
1,76320.0,76505.0,75626.0,75870.0,247.33649953
1,75869.0,76873.0,75819.0,76617.0,290.7184263
1,76618.0,76733.0,76333.0,76386.0,50.92705732
1,76387.0,76433.0,76025.0,76190.0,80.63730483
1,76190.0,76679.0,76173.0,76557.0,85.75924877
1,76556.0,76560.0,76240.0,76395.0,61.63958496
1,76409.0,76486.0,75986.0,76485.0,118.97787193
1,76485.0,76499.0,75868.0,76006.0,67.76996208
1,76007.0,76224.0,75951.0,76184.0,51.77417321
1,76184.0,76184.0,75566.0,75905.0,114.37093258
1,75905.0,76157.0,75905.0,76063.0,82.34349795
1,76062.0,76077.0,74749.0,74757.0,234.22067424
1,74752.0,75617.0,74141.0,74245.0,662.15480685
1,74250.0,75184.0,73689.0,74011.0,1027.2959198199999
1,74011.0,74132.0,72959.0,73502.0,584.75700076
1,73502.0,73716.0,72000.0,72412.0,587.04274867
1,72416.0,73957.0,72113.0,73260.0,457.3917689
1,73262.0,73850.0,72886.0,73767.0,331.74784395
1,73755.0,73975.0,73255.0,73341.0,174.57117121
1,73341.0,73480.0,72000.0,72629.0,273.62779715
1,72630.0,73508.0,71704.0,72387.0,557.20138684
1,72369.0,73344.0,72299.0,73000.0,313.29154352
1,73000.0,73129.0,72590.0,72697.0,106.79394093
1,72703.0,73175.0,71843.0,72231.0,365.56643555
1,72232.0,72670.0,71160.0,71315.0,534.07715149
1,71315.0,71715.0,71033.0,71119.0,304.65311596
1,71094.0,71301.0,70582.0,70739.0,296.82502696
1,70740.0,70991.0,69101.0,70586.0,570.89646654
1,70589.0,70831.0,70288.0,70804.0,206.83671358
1,70804.0,71468.0,70486.0,70591.0,284.52979293
1,70592.0,71381.0,70529.0,70895.0,221.65492928999998
1,70895.0,71821.0,70892.0,71416.0,179.34327139
1,71416.0,71590.0,70523.0,70726.0,140.25996764
1,70726.0,70917.0,69807.0,70198.0,502.20589578
1,70195.0,70464.0,69049.0,69429.0,645.38457671
1,69431.0,69686.0,69118.0,69548.0,290.66043721
1,69548.0,70739.0,69191.0,69292.0,708.06320755
1,69288.0,69493.0,66459.0,67368.0,1404.0001236
1,67372.0,68539.0,66817.0,68156.0,683.00136781
1,68156.0,68221.0,66026.0,66042.0,749.70555056
1,66043.0,66440.0,65253.0,66217.0,810.19275781
1,66217.0,66485.0,65053.0,65111.0,552.9949512000001
1,65119.0,65573.0,62200.0,63632.0,1144.54386708
1,63625.0,64634.0,62761.0,63067.0,787.01900754
1,63067.0,64486.0,62582.0,63787.0,787.31216941
1,63786.0,64766.0,62613.0,62795.0,703.92434225
1,62795.0,63755.0,59930.0,63401.0,1290.54332183
1,63414.0,65650.0,63413.0,65635.0,657.2901779
1,65625.0,65928.0,64157.0,64900.0,478.14441031
1,64911.0,65093.0,63704.0,64084.0,640.68917578
1,64085.0,64924.0,63874.0,64840.0,235.69939071
1,64819.0,66746.0,64727.0,66321.0,578.24299991
1,66322.0,66699.0,64832.0,64901.0,596.03674843
1,64897.0,65459.0,64575.0,64738.0,293.3039288
1,64764.0,65144.0,64437.0,64808.0,393.74827548
1,64809.0,66216.0,64681.0,65724.0,426.02411387
1,65724.0,66133.0,65487.0,65880.0,182.43558271
1,65880.0,66658.0,65691.0,66550.0,385.1815882
1,66546.0,66546.0,66039.0,66498.0,209.16585823
1,66491.0,67630.0,66409.0,67261.0,479.02998268
1,67261.0,68600.0,66576.0,68171.0,541.57129791
1,68177.0,69141.0,67747.0,68605.0,638.26983561
1,68606.0,70190.0,68421.0,69919.0,781.5821707599999
1,69932.0,71463.0,69581.0,70710.0,985.55113587
1,70708.0,70772.0,69302.0,69714.0,638.6827819
1,69714.0,70869.0,69597.0,70669.0,506.93311133000003
1,70664.0,70937.0,69972.0,69972.0,405.20152487
1,70004.0,70470.0,69806.0,70303.0,351.54379418
1,70311.0,71502.0,70230.0,71296.0,421.91683061
1,71289.0,71673.0,70455.0,70531.0,272.57543441
1,70515.0,70548.0,69697.0,69926.0,439.18892353
1,69926.0,70640.0,69730.0,70450.0,346.85791045
1,70446.0,70592.0,70120.0,70322.0,209.81152121
1,70319.0,70891.0,70247.0,70878.0,65.20591698999999
1,70877.0,71622.0,70566.0,70736.0,205.29147858
1,70731.0,71149.0,69927.0,70127.0,215.72882439
1,70117.0,70276.0,68737.0,68751.0,247.07473486
1,68816.0,69058.0,67313.0,68067.0,636.93616284
1,68063.0,68738.0,67735.0,68462.0,331.12473817
1,68466.0,68725.0,67871.0,68102.0,211.92307952
1,68097.0,68251.0,67579.0,67961.0,118.63992433
1,67953.0,68116.0,67654.0,67918.0,99.04991057
1,67915.0,69897.0,67859.0,68954.0,682.11100566
1,68966.0,69295.0,68759.0,69023.0,130.72868126
1,69059.0,69114.0,68329.0,68574.0,123.03015019
1,68590.0,69673.0,68500.0,69078.0,305.8083949
1,69078.0,69791.0,68789.0,68916.0,260.51400256
1,68968.0,69345.0,68545.0,69128.0,181.59364222
1,69130.0,69630.0,68965.0,69474.0,150.91539722000002
1,69464.0,69520.0,69231.0,69331.0,53.47504763
1,69329.0,69672.0,69208.0,69584.0,38.793354459999996
1,69601.0,69652.0,69317.0,69457.0,47.59315724
1,69459.0,69660.0,69305.0,69359.0,41.45058987
1,69386.0,69397.0,68752.0,69246.0,170.55886458
1,69249.0,69386.0,68850.0,69090.0,95.4207237
1,69089.0,69447.0,69042.0,69335.0,61.53543572
1,69345.0,69630.0,69140.0,69336.0,88.25056387
1,69328.0,69389.0,69031.0,69069.0,44.5694655
1,69055.0,69297.0,68932.0,69296.0,47.2612068
1,69291.0,69362.0,69101.0,69179.0,75.67287823000001
1,69179.0,69374.0,69044.0,69310.0,34.901705570000004
1,69314.0,69647.0,69168.0,69646.0,117.95470316999999
1,69646.0,70699.0,69469.0,70580.0,313.99247766
1,70596.0,70637.0,70044.0,70055.0,139.29566861
1,70055.0,70390.0,69841.0,70193.0,158.92585911
1,70206.0,71134.0,70161.0,70933.0,194.98330464
1,70936.0,71206.0,70658.0,71184.0,170.88883681
1,71182.0,71467.0,70928.0,71466.0,108.80402155
1,71467.0,71494.0,71065.0,71215.0,95.85297646
1,71213.0,71416.0,70751.0,71140.0,134.10353492
1,71140.0,71206.0,70218.0,70367.0,149.26597523
1,70365.0,70810.0,70364.0,70727.0,89.16214168
1,70743.0,71352.0,70702.0,71095.0,122.31714397
1,71086.0,71476.0,71086.0,71377.0,84.82039166
1,71382.0,71382.0,70664.0,70803.0,115.11406105
1,70802.0,71097.0,70505.0,70678.0,72.07842364
1,70662.0,71058.0,70627.0,71006.0,52.72422355
1,71023.0,72174.0,69970.0,70283.0,641.1886989
1,70283.0,70729.0,70100.0,70470.0,137.05192423
1,70465.0,70875.0,70031.0,70329.0,207.72623139
1,70334.0,70953.0,70178.0,70582.0,88.43712276
1,70588.0,71383.0,70576.0,71285.0,160.62753154
1,71242.0,71293.0,70869.0,70944.0,60.53486754
1,70943.0,71056.0,70753.0,70989.0,51.63644233
1,70989.0,70989.0,70273.0,70610.0,55.980667319999995
1,70607.0,70830.0,70293.0,70357.0,97.42298916
1,70358.0,70556.0,69357.0,69819.0,282.04131631
1,69813.0,70057.0,69431.0,69566.0,126.31715702
1,69565.0,69655.0,68364.0,68667.0,221.00392787
1,68668.0,68942.0,68517.0,68863.0,70.62830937
1,68863.0,69168.0,68799.0,69081.0,130.70774069
1,69081.0,69222.0,68553.0,68553.0,170.86793916
1,68548.0,69677.0,68265.0,69244.0,358.68886777
1,69227.0,69817.0,68783.0,69533.0,375.7381057
1,69507.0,70353.0,69055.0,70055.0,279.17688191999997
1,70055.0,70924.0,69814.0,70564.0,326.12685547
1,70571.0,70955.0,70066.0,70360.0,211.99830904
1,70373.0,71031.0,70232.0,70924.0,220.68313758
1,70920.0,71082.0,70470.0,70708.0,214.63193567
1,70710.0,70773.0,69798.0,70369.0,293.64197947
1,70369.0,70674.0,70248.0,70338.0,77.68329474
1,70335.0,70531.0,70043.0,70094.0,31.98270877
1,70094.0,70205.0,69714.0,69794.0,125.23653842
1,69794.0,70465.0,69794.0,70443.0,98.82417704
1,70443.0,70443.0,69956.0,70067.0,48.15784404
1,70066.0,70122.0,69189.0,69473.0,194.49329158
1,69451.0,69852.0,69434.0,69784.0,68.09517763
1,69784.0,69795.0,69174.0,69405.0,98.29756957000001
1,69398.0,69452.0,68657.0,68874.0,148.58269302
1,68875.0,69153.0,68805.0,68859.0,94.29564791
1,68860.0,69147.0,68668.0,69075.0,126.58978517
1,69073.0,69338.0,68907.0,69073.0,100.55031036
1,69082.0,69181.0,68867.0,68867.0,66.32706742
1,68866.0,69022.0,68414.0,68483.0,142.93467465
1,68477.0,68790.0,68396.0,68555.0,125.75011049
1,68554.0,69070.0,68331.0,68981.0,194.06303535
1,68973.0,69550.0,67870.0,68403.0,584.55820791
1,68398.0,69455.0,68241.0,69258.0,548.7134213100001
1,69256.0,69771.0,68911.0,69480.0,310.65426165
1,69479.0,69965.0,69287.0,69884.0,117.6068522
1,69898.0,69903.0,68582.0,68864.0,225.11136086
1,68856.0,69264.0,68651.0,69026.0,150.44048965
1,69024.0,69092.0,68593.0,68700.0,252.13393556
1,68707.0,68960.0,68281.0,68618.0,135.91350639
1,68619.0,68817.0,68525.0,68660.0,64.70742557999999
1,68643.0,68821.0,68470.0,68802.0,30.46301458
1,68801.0,69179.0,68739.0,69163.0,134.47878627
1,69150.0,69235.0,68866.0,68921.0,57.13031668
1,68927.0,69113.0,68572.0,68618.0,136.59864314
1,68649.0,68707.0,67968.0,68134.0,143.84478624
1,68134.0,68269.0,67338.0,67537.0,272.43918546
1,67542.0,67759.0,67353.0,67380.0,86.80620382
1,67363.0,67446.0,66529.0,66764.0,318.19331373
1,66773.0,67201.0,66608.0,66993.0,202.31112043000002
1,66993.0,67082.0,66768.0,66961.0,128.53046394
1,66954.0,67068.0,66696.0,66834.0,53.95886983
1,66840.0,66849.0,66351.0,66479.0,139.31704041
1,66497.0,67064.0,66494.0,67021.0,115.03963659
1,67020.0,67387.0,66940.0,67106.0,180.40936192
1,67111.0,67660.0,66789.0,67428.0,474.00945359
1,67428.0,68717.0,66415.0,66541.0,921.0220122000001
1,66546.0,66779.0,65719.0,66485.0,772.95106975
1,66485.0,67195.0,65920.0,65994.0,535.50838598
1,65988.0,66866.0,65840.0,66479.0,208.54563019
1,66476.0,67256.0,66094.0,67226.0,261.290213
1,67225.0,67811.0,67076.0,67538.0,240.1152936
1,67536.0,67708.0,67139.0,67501.0,131.96253187
1,67502.0,68299.0,67365.0,67750.0,248.16731231
1,67778.0,67808.0,67288.0,67369.0,112.39120618
1,67379.0,67508.0,66759.0,67053.0,194.89031199
1,67034.0,67645.0,67004.0,67412.0,127.12294308
1,67414.0,67995.0,67412.0,67645.0,113.07213453
1,67645.0,67738.0,67363.0,67377.0,58.7266352
1,67379.0,67540.0,67268.0,67533.0,41.429770080000004
1,67533.0,67625.0,66959.0,66971.0,132.20342127
1,66959.0,67160.0,66617.0,67091.0,151.89685201
1,67090.0,67295.0,66963.0,67050.0,86.36037282
1,67059.0,67272.0,66888.0,67175.0,49.36081389
1,67168.0,67281.0,66832.0,67083.0,40.02619688
1,67087.0,67642.0,67008.0,67510.0,72.05871041
1,67495.0,67975.0,67380.0,67966.0,52.73557753
1,67967.0,68233.0,67711.0,68048.0,138.15728643
1,68037.0,68119.0,67694.0,67812.0,93.42631685
1,67819.0,68353.0,67654.0,68334.0,191.29371045
1,68333.0,68364.0,67470.0,67623.0,197.68782603
1,67566.0,67963.0,67000.0,67096.0,315.56220456
1,67097.0,67192.0,65500.0,65787.0,460.06393469
1,65821.0,66216.0,65312.0,65353.0,276.06196628
1,65361.0,65760.0,65080.0,65530.0,236.40418047
1,65543.0,66066.0,65202.0,65725.0,153.27465516
1,65730.0,65979.0,65156.0,65354.0,223.48988714
1,65360.0,65828.0,65360.0,65757.0,164.09445981
1,65782.0,66333.0,65582.0,66225.0,114.57474196
1,66228.0,66419.0,66099.0,66207.0,88.35374424
1,66205.0,66455.0,65828.0,65872.0,118.53877961
1,65859.0,66548.0,65859.0,66381.0,101.91965927
1,66385.0,66687.0,66329.0,66619.0,74.25865621
1,66613.0,66735.0,66409.0,66496.0,69.70250753
1,66499.0,66613.0,66255.0,66273.0,45.0434752
1,66274.0,66443.0,66141.0,66141.0,86.41279071000001
1,66138.0,66350.0,65970.0,66333.0,53.17136635
1,66321.0,66515.0,65987.0,66144.0,330.24365635
1,66148.0,66684.0,66132.0,66632.0,111.2598136
1,66638.0,66991.0,66557.0,66905.0,86.51626041
1,66904.0,67048.0,66746.0,66935.0,109.59482358
1,66930.0,67155.0,66730.0,67110.0,73.38506653
1,67109.0,67157.0,66875.0,67033.0,73.96776325
1,67032.0,67581.0,66896.0,67238.0,252.4123462
1,67214.0,67971.0,66839.0,67683.0,447.41613734
1,67694.0,69256.0,67658.0,68648.0,670.63991815
1,68649.0,69405.0,68503.0,68916.0,374.52697254
1,68914.0,69191.0,68597.0,68994.0,106.56635582999999
1,68993.0,69355.0,68861.0,69093.0,117.4469688
1,69097.0,69197.0,68892.0,68918.0,70.9883931
1,68901.0,68929.0,68647.0,68753.0,86.19184726
1,68747.0,69040.0,68695.0,68863.0,99.44107838
1,68862.0,68965.0,68681.0,68953.0,81.16204302
1,68953.0,68979.0,68791.0,68812.0,38.4614503
1,68812.0,69101.0,68738.0,69051.0,46.15992278
1,69047.0,69074.0,68893.0,68929.0,54.24768571
1,68910.0,68973.0,68821.0,68841.0,36.14841346
1,68836.0,68985.0,68817.0,68943.0,23.63651994
1,68943.0,68958.0,68759.0,68759.0,18.95098509
1,68759.0,68876.0,68734.0,68743.0,15.91674997
1,68742.0,68896.0,68701.0,68895.0,33.72301074
1,68895.0,69296.0,68860.0,69182.0,46.56126186
1,69182.0,69823.0,69181.0,69715.0,143.56409749
1,69707.0,69854.0,69555.0,69691.0,72.04011436
1,69674.0,69674.0,69556.0,69638.0,17.30426704
1,69640.0,70513.0,69640.0,70475.0,186.63742323
1,70468.0,70494.0,69596.0,69617.0,191.6267788
1,69610.0,69744.0,69214.0,69440.0,305.04880282
1,69432.0,69823.0,69317.0,69680.0,100.65374708
1,69679.0,70008.0,69544.0,69766.0,147.31739656
1,69765.0,69794.0,69280.0,69729.0,106.01995264
1,69715.0,69890.0,69588.0,69710.0,19.46062917
1,69709.0,69828.0,69642.0,69732.0,24.88520899
1,69731.0,69884.0,69597.0,69823.0,26.65127518
1,69847.0,69982.0,69709.0,69982.0,83.45475153
1,69982.0,70213.0,69643.0,69901.0,74.14064932
1,69900.0,70057.0,69754.0,69927.0,40.45147191
1,69927.0,69988.0,69680.0,69791.0,40.40768683
1,69791.0,69820.0,69589.0,69740.0,84.50815062
1,69745.0,69867.0,69327.0,69663.0,66.63664524
1,69663.0,69706.0,69341.0,69458.0,73.75466785
1,69451.0,69957.0,69230.0,69932.0,153.30127405
1,69929.0,70483.0,69828.0,70161.0,150.55811037
1,70161.0,70447.0,70113.0,70251.0,50.87821051
1,70245.0,70499.0,70166.0,70376.0,54.2780022
1,70377.0,70886.0,70281.0,70793.0,105.16468444
1,70803.0,70937.0,70167.0,70415.0,126.48042958
1,70416.0,70625.0,70352.0,70394.0,51.67235858
1,70394.0,70488.0,70192.0,70398.0,68.54691813000001
1,70397.0,70502.0,70238.0,70252.0,25.18052757
1,70256.0,70372.0,69287.0,69290.0,196.55537765
1,69294.0,69585.0,68750.0,68900.0,189.46432718
1,68900.0,69164.0,68810.0,69132.0,128.72370849
1,69130.0,69213.0,68866.0,69064.0,84.86391735
1,69065.0,69066.0,68767.0,68988.0,59.82942691
1,68988.0,69053.0,68183.0,68593.0,160.43330731
1,68563.0,68748.0,68331.0,68414.0,157.05033618
1,68413.0,68503.0,68044.0,68249.0,181.15755723
1,68249.0,68511.0,68101.0,68406.0,107.14059816
1,68414.0,68913.0,68414.0,68812.0,87.074045
1,68812.0,69037.0,68761.0,68917.0,65.92871401
1,68954.0,68954.0,68292.0,68792.0,154.60971375
1,68792.0,69007.0,68676.0,68816.0,60.47694357
1,68817.0,68998.0,68430.0,68600.0,83.81851968
1,68598.0,68699.0,68224.0,68298.0,43.18676214
1,68299.0,68430.0,68127.0,68390.0,47.1359048
1,68392.0,68841.0,68388.0,68825.0,84.58960184
1,68825.0,68848.0,68273.0,68365.0,98.72220596
1,68346.0,68493.0,68209.0,68417.0,21.8571603
1,68406.0,68627.0,68345.0,68545.0,57.87724935
1,68545.0,68766.0,68506.0,68729.0,27.78411771
1,68729.0,69031.0,68715.0,68962.0,67.90998104
1,68962.0,68962.0,68684.0,68769.0,40.60093763
1,68768.0,68873.0,68314.0,68772.0,137.21017344999998
1,68774.0,69781.0,68772.0,69718.0,184.95384035
1,69717.0,70066.0,68208.0,68369.0,414.36308932000003
1,68367.0,68700.0,68236.0,68379.0,179.80060603
1,68379.0,68555.0,67268.0,67497.0,365.97141015
1,67500.0,67933.0,67478.0,67845.0,145.27684931
1,67840.0,68012.0,67569.0,67927.0,107.94268606
1,67917.0,68211.0,67806.0,67827.0,91.76310353
1,67828.0,68096.0,67791.0,67881.0,47.09004614
1,67872.0,68513.0,67795.0,68486.0,73.41958521
1,68490.0,68893.0,68391.0,68827.0,78.17338999
1,68824.0,68848.0,68480.0,68561.0,52.30861542
1,68560.0,68940.0,68508.0,68867.0,49.20405385
1,68867.0,69006.0,68671.0,68850.0,126.72417022
1,68851.0,68964.0,68542.0,68594.0,104.0507574
1,68587.0,69205.0,68323.0,68816.0,264.41997167
1,68816.0,68827.0,68446.0,68453.0,82.30503924
1,68446.0,68643.0,68265.0,68448.0,77.38662017
1,68448.0,68471.0,67869.0,68204.0,98.73433935
1,68209.0,68478.0,68202.0,68385.0,58.5259999
1,68374.0,68437.0,68144.0,68350.0,76.54080017
1,68350.0,68438.0,68102.0,68144.0,54.89788739
1,68143.0,68270.0,67963.0,68085.0,53.301578230000004
1,68084.0,68145.0,67686.0,67806.0,60.99386241
1,67807.0,67886.0,67656.0,67815.0,61.80120898
1,67815.0,68257.0,67793.0,67880.0,113.68059651
1,67883.0,68326.0,67711.0,68098.0,242.92832583
1,68101.0,68297.0,66711.0,66830.0,311.05197642999997
1,66829.0,67346.0,66557.0,67346.0,293.05158646
1,67346.0,68110.0,67291.0,67482.0,292.03401105
1,67482.0,67685.0,66863.0,67203.0,282.72511003
1,67204.0,68177.0,67088.0,68056.0,203.83794222
1,68056.0,68198.0,67713.0,67744.0,121.07592087
1,67748.0,67875.0,67457.0,67727.0,86.76680121
1,67693.0,67891.0,67497.0,67645.0,36.32705159
1,67645.0,67741.0,67479.0,67497.0,25.53019855
1,67492.0,67582.0,67353.0,67468.0,44.60324394
1,67469.0,67592.0,67265.0,67266.0,86.82144899
1,67266.0,67341.0,66869.0,67129.0,93.63092432
1,67128.0,67362.0,67118.0,67293.0,51.35790086
1,67294.0,67654.0,67294.0,67587.0,55.56625289
1,67587.0,67856.0,67462.0,67770.0,55.05771276
1,67777.0,67898.0,67564.0,67611.0,39.379567109999996
1,67610.0,67935.0,67581.0,67809.0,36.02228372
1,67809.0,68169.0,67664.0,68077.0,51.551713
1,68079.0,68428.0,68044.0,68098.0,104.47303497
1,68101.0,68233.0,67987.0,68131.0,52.37182448
1,68130.0,68147.0,67712.0,67766.0,70.09260377
1,67768.0,67775.0,67080.0,67342.0,206.75948786
1,67342.0,67646.0,67323.0,67433.0,112.85462884
1,67434.0,67565.0,67040.0,67216.0,210.89203741
1,67215.0,67330.0,66695.0,67194.0,240.03519695
1,67191.0,68314.0,67161.0,67667.0,381.05893753
1,67665.0,67671.0,66975.0,67118.0,243.36515254
1,67114.0,67447.0,67031.0,67151.0,136.59230057
1,67160.0,67199.0,66192.0,66326.0,344.05954944
1,66326.0,66586.0,65840.0,66142.0,344.30206591
1,66142.0,66498.0,66109.0,66216.0,172.97171788
1,66232.0,66462.0,66069.0,66315.0,92.40347023
1,66311.0,66442.0,66203.0,66374.0,39.80590996
1,66375.0,66463.0,66243.0,66425.0,47.695651670000004
1,66425.0,66555.0,66310.0,66415.0,50.286715
1,66415.0,66839.0,66415.0,66833.0,77.55014585
1,66833.0,66919.0,66624.0,66819.0,87.15269216
1,66812.0,66958.0,66692.0,66952.0,41.90532055
1,66951.0,67030.0,66743.0,66778.0,56.6807363
1,66777.0,66847.0,66664.0,66839.0,38.23380701
1,66838.0,67249.0,66833.0,67120.0,98.58289546
1,67121.0,67281.0,67015.0,67175.0,85.80213168
1,67174.0,67174.0,66775.0,66913.0,73.51092965000001
1,66933.0,67144.0,66736.0,66806.0,120.27304294
1,66811.0,66927.0,66713.0,66812.0,46.68617865
1,66811.0,66898.0,66459.0,66469.0,77.89594797
1,66469.0,66637.0,66311.0,66483.0,135.75128725
1,66484.0,66524.0,65749.0,65894.0,254.75233531
1,65893.0,66629.0,65620.0,66384.0,368.43103255
1,66376.0,66711.0,65959.0,66370.0,227.42492312
1,66363.0,66488.0,65872.0,66276.0,188.6608864
1,66276.0,67030.0,66147.0,66341.0,282.76318263
1,66337.0,67040.0,66218.0,66999.0,181.68133512
1,67002.0,67172.0,66676.0,67014.0,158.60672775999998
1,67024.0,67171.0,66810.0,67117.0,73.96376992
1,67116.0,67143.0,66876.0,66877.0,39.18141724
1,66886.0,66971.0,66623.0,66887.0,75.77579269
1,66888.0,66993.0,66786.0,66973.0,41.63852428
1,66973.0,67440.0,66921.0,67200.0,120.75338339
1,67200.0,67321.0,67128.0,67247.0,51.13301173
1,67247.0,67314.0,67151.0,67218.0,24.63056057
1,67210.0,67443.0,67210.0,67331.0,43.6840453
1,67334.0,67353.0,67079.0,67236.0,96.76984629
1,67236.0,67979.0,67180.0,67760.0,152.94533703
1,67760.0,67865.0,67654.0,67819.0,68.14794869
1,67816.0,67955.0,67751.0,67800.0,53.44400019
1,67800.0,67921.0,67735.0,67850.0,47.0236178
1,67850.0,68208.0,67850.0,68188.0,88.49544838
1,68187.0,68298.0,67857.0,67917.0,113.23174806
1,67916.0,67955.0,67199.0,67278.0,158.5487249
1,67305.0,67557.0,67253.0,67515.0,102.04289905
1,67515.0,67515.0,66431.0,66783.0,469.19300522
1,66782.0,67281.0,66645.0,67047.0,476.54091625
1,67062.0,68053.0,66545.0,67573.0,868.93585232
1,67573.0,67906.0,67277.0,67782.0,315.99627425
1,67782.0,67782.0,66941.0,67588.0,479.19294483
1,67591.0,67988.0,67444.0,67906.0,220.61497175
1,67904.0,67978.0,67536.0,67621.0,95.40440845
1,67619.0,67806.0,67510.0,67727.0,46.56873012
1,67695.0,67810.0,67613.0,67798.0,48.86914343
1,67795.0,68077.0,67623.0,68068.0,89.73516468
1,68040.0,68200.0,67889.0,67992.0,54.35088552
1,67992.0,68021.0,67782.0,67815.0,71.33239931
1,67817.0,67988.0,67817.0,67932.0,11.25494659
1,67932.0,68069.0,67897.0,67990.0,44.175612290000004
1,67985.0,67985.0,67518.0,67648.0,88.50073895
1,67648.0,67808.0,67571.0,67798.0,44.84053761
1,67798.0,67857.0,67782.0,67836.0,21.57340648
1,67836.0,67906.0,67740.0,67777.0,22.95966541
1,67776.0,67870.0,67739.0,67841.0,6.40036966
1,67841.0,68057.0,67803.0,68037.0,36.67194393
1,68037.0,68271.0,67959.0,68130.0,87.83582509
1,68132.0,68228.0,68128.0,68190.0,16.80486443
1,68197.0,68265.0,68069.0,68074.0,53.417586299999996
1,68074.0,68183.0,67907.0,68183.0,77.5322548
1,68182.0,68241.0,68092.0,68241.0,27.85726588
1,68240.0,68601.0,68167.0,68433.0,148.0580327
1,68444.0,68668.0,68413.0,68606.0,89.75233552
1,68596.0,68608.0,68094.0,68310.0,150.71678728
1,68311.0,68438.0,68186.0,68419.0,85.67225281
1,68421.0,68618.0,68375.0,68550.0,68.69060586
1,68550.0,68638.0,68509.0,68527.0,43.94981329
1,68532.0,68588.0,68203.0,68206.0,78.57349586000001
1,68217.0,68365.0,68175.0,68365.0,42.65528352
1,68364.0,68412.0,67906.0,67975.0,72.13882968
1,67950.0,68103.0,67929.0,67966.0,30.28986362
1,67967.0,68044.0,67792.0,67912.0,76.54608654
1,67912.0,68143.0,67912.0,68120.0,45.14332763
1,68129.0,68192.0,67858.0,67887.0,54.190909330000004
1,67886.0,68034.0,67815.0,68011.0,39.08353941
1,68011.0,68044.0,67947.0,67962.0,29.33772126
1,67965.0,67990.0,67855.0,67949.0,22.23677302
1,67955.0,68147.0,67949.0,68028.0,30.139378949999998
1,68023.0,68080.0,67972.0,67991.0,16.35844712
1,67991.0,68001.0,67907.0,67951.0,32.73943338
1,67934.0,68076.0,67934.0,68047.0,13.47450301
1,68042.0,68127.0,67999.0,68116.0,30.10846003
1,68116.0,68224.0,68116.0,68197.0,23.34757164
1,68198.0,68215.0,67865.0,67931.0,49.93540044
1,67922.0,68019.0,67556.0,67633.0,91.92049266
1,67633.0,67659.0,67354.0,67427.0,142.17484665
1,67427.0,67784.0,67298.0,67666.0,112.23623620000001
1,67668.0,67697.0,67500.0,67606.0,49.250670899999996
1,67607.0,67612.0,67160.0,67351.0,78.46189449
1,67358.0,67435.0,67294.0,67398.0,21.020437349999998
1,67404.0,67451.0,67379.0,67395.0,44.564413009999996
1,67395.0,67450.0,67326.0,67371.0,47.36997488
1,67384.0,67600.0,67383.0,67581.0,30.29158211
1,67581.0,67718.0,67451.0,67642.0,51.21833507
1,67635.0,67691.0,67444.0,67612.0,75.31657883
1,67612.0,67654.0,66709.0,66717.0,185.18551488
1,66716.0,66716.0,64258.0,64409.0,1112.4754883800001
1,64408.0,64887.0,64324.0,64778.0,253.9598855
1,64779.0,65035.0,64683.0,64933.0,117.31386993
1,64933.0,65014.0,64669.0,64800.0,61.744009319999996
1,64800.0,65208.0,64797.0,65042.0,91.38982702
1,65052.0,65781.0,65010.0,65749.0,175.49487474
1,65749.0,66000.0,65651.0,65945.0,188.17441649
1,65944.0,65944.0,65554.0,65669.0,100.51668725
1,65667.0,66449.0,65661.0,66388.0,115.25687204
1,66395.0,66575.0,66221.0,66315.0,103.48917723
1,66323.0,66470.0,66112.0,66204.0,85.21059097
1,66205.0,66495.0,65893.0,66270.0,176.65238524
1,66270.0,66418.0,66106.0,66124.0,163.17095774
1,66124.0,66260.0,65522.0,65908.0,316.60160185
1,65908.0,66223.0,65583.0,65650.0,379.58080896
1,65646.0,65717.0,65171.0,65346.0,208.10365936
1,65352.0,65437.0,64161.0,64801.0,424.69680598
1,64805.0,65168.0,64576.0,64628.0,121.08290653
1,64628.0,64825.0,64097.0,64276.0,208.7103918
1,64275.0,64469.0,63868.0,64454.0,236.95412415
1,64451.0,64761.0,64441.0,64557.0,211.34119070999998
1,64564.0,64994.0,64546.0,64703.0,138.23246389
1,64703.0,64879.0,64530.0,64630.0,104.98363234
1,64630.0,64984.0,64630.0,64910.0,167.20768686
1,64909.0,64909.0,63432.0,64137.0,560.71416897
1,64136.0,64468.0,63982.0,64096.0,168.61215417
1,64077.0,64077.0,63202.0,63557.0,260.4044628
1,63567.0,63602.0,62850.0,63354.0,221.18157804
1,63351.0,63515.0,62696.0,63084.0,233.28026522
1,63083.0,63296.0,62879.0,63058.0,86.96926722
1,63057.0,63345.0,62901.0,63170.0,88.29143367
1,63163.0,63409.0,63001.0,63380.0,85.12156541
1,63375.0,63391.0,62925.0,63229.0,125.87076349
1,63231.0,63353.0,63101.0,63278.0,42.74583276
1,63278.0,63309.0,63047.0,63220.0,52.696035
1,63218.0,63328.0,62958.0,62971.0,71.99402694
1,62963.0,63090.0,62525.0,62892.0,239.15305868
1,62892.0,63823.0,62753.0,63452.0,346.73229344
1,63456.0,64021.0,63318.0,63976.0,315.78876709
1,63975.0,64414.0,63699.0,64273.0,299.46216227
1,64268.0,64506.0,64052.0,64231.0,222.00464846
1,64228.0,64499.0,63935.0,64425.0,83.38927331
1,64434.0,64716.0,64248.0,64441.0,96.9100245
1,64441.0,64578.0,64319.0,64475.0,67.6546116
1,64474.0,64474.0,63836.0,64047.0,163.32713127
1,64042.0,64227.0,63970.0,64114.0,110.72564732000001
1,64119.0,64253.0,63857.0,64059.0,54.98610982
1,64059.0,64319.0,63920.0,64222.0,70.27277607
1,64242.0,66300.0,64152.0,65897.0,609.53193047
1,65896.0,66311.0,65877.0,65889.0,173.65912396
1,65887.0,65954.0,65349.0,65381.0,171.81670191
1,65384.0,65645.0,65117.0,65444.0,108.52009685
1,65444.0,65503.0,64760.0,64850.0,157.48707037
1,64872.0,65120.0,64865.0,64880.0,40.3105353
1,64887.0,65184.0,64785.0,65029.0,61.61925783
1,65029.0,65568.0,64955.0,65505.0,133.17681234
1,65509.0,65667.0,65427.0,65550.0,71.84161144
1,65555.0,65646.0,65349.0,65397.0,71.31985517
1,65397.0,65473.0,65194.0,65422.0,85.95969737
1,65421.0,66224.0,65325.0,66064.0,274.83228246
1,66065.0,66663.0,66019.0,66241.0,281.30536057
1,66250.0,67005.0,66217.0,66959.0,482.08942846
1,66969.0,67573.0,66731.0,67419.0,479.55112214
1,67419.0,68330.0,67413.0,68308.0,371.83715809
1,68307.0,68889.0,68046.0,68691.0,510.73072972
1,68689.0,69562.0,68368.0,69347.0,340.3643586
1,69347.0,69424.0,68822.0,69055.0,351.65896919
1,69057.0,69386.0,68644.0,69169.0,270.67528343
1,69169.0,70038.0,68792.0,68970.0,475.61731558
1,68944.0,69202.0,68000.0,68466.0,275.80046599
1,68449.0,68700.0,67621.0,67994.0,162.20765532
1,67993.0,68535.0,67737.0,68354.0,243.15173641
1,68348.0,68696.0,68229.0,68250.0,116.60060456000001
1,68256.0,68337.0,67821.0,68279.0,147.49564299
1,68265.0,68369.0,68057.0,68222.0,72.51252592
1,68194.0,68841.0,68189.0,68573.0,156.79420841
1,68574.0,68574.0,68167.0,68458.0,128.99476586
1,68458.0,68529.0,68077.0,68186.0,47.76180618
1,68186.0,68291.0,67841.0,67842.0,77.89680468
1,67841.0,68235.0,67809.0,67960.0,81.28279976
1,67967.0,68632.0,67944.0,68576.0,142.15505919
1,68584.0,68710.0,68263.0,68304.0,79.46388674
1,68304.0,68397.0,67985.0,68041.0,48.98778785
1,68051.0,68302.0,68021.0,68174.0,55.98955653
1,68175.0,68213.0,67852.0,67916.0,150.87264585
1,67910.0,68270.0,67281.0,67701.0,377.25675219
1,67701.0,67740.0,66775.0,67386.0,565.96764819
1,67396.0,67556.0,66511.0,66640.0,415.82330641
1,66639.0,67051.0,66607.0,66844.0,136.57986096
1,66827.0,67368.0,66583.0,67307.0,265.59455402
1,67293.0,67908.0,67289.0,67602.0,259.17427288
1,67592.0,67825.0,67294.0,67416.0,97.16334401
1,67419.0,67585.0,67160.0,67460.0,98.28499326
1,67467.0,67632.0,67322.0,67589.0,35.96869824
1,67574.0,67659.0,67403.0,67488.0,54.03481339
1,67488.0,67538.0,67015.0,67220.0,68.26251563
1,67243.0,67377.0,66895.0,67350.0,124.19882528999999
1,67347.0,67536.0,67270.0,67270.0,98.01783542
1,67269.0,67702.0,67110.0,67609.0,136.78460718
1,67601.0,68207.0,67576.0,67748.0,197.97954817
1,67747.0,67921.0,67692.0,67718.0,47.42135419
1,67737.0,67827.0,67534.0,67667.0,53.77805196
1,67663.0,67759.0,67468.0,67700.0,83.11591005
1,67675.0,68057.0,67661.0,67942.0,95.22970158
1,67940.0,68142.0,67307.0,67374.0,148.95148419
1,67363.0,67421.0,66582.0,66619.0,219.44799174
1,66623.0,66782.0,65971.0,66125.0,209.27785065
1,66123.0,66199.0,65745.0,65931.0,146.88175745
1,65933.0,66339.0,65663.0,66285.0,382.04095897999997
1,66285.0,66329.0,65693.0,65909.0,230.48018538
1,65872.0,66303.0,65839.0,66105.0,370.47792116
1,66098.0,66118.0,65459.0,65474.0,257.09806068
1,65474.0,65740.0,65130.0,65698.0,264.73253391
1,65698.0,65778.0,65232.0,65307.0,212.59335331
1,65306.0,65453.0,65176.0,65387.0,108.47647151
1,65384.0,65654.0,65384.0,65585.0,135.20879114
1,65585.0,65735.0,65394.0,65524.0,112.58283594
1,65524.0,65654.0,64935.0,65628.0,235.84714047
1,65628.0,65954.0,65542.0,65868.0,117.32072050000001
1,65868.0,66009.0,65721.0,65940.0,58.52521282
1,65937.0,65966.0,65731.0,65781.0,43.51959637
1,65781.0,66017.0,65762.0,65959.0,31.25967992
1,65961.0,65977.0,65742.0,65789.0,32.05765495
1,65789.0,65824.0,65500.0,65664.0,108.13783477
1,65676.0,65709.0,65505.0,65592.0,36.10698359
1,65592.0,65592.0,63037.0,63238.0,1070.3497107800001
1,63216.0,64315.0,63045.0,63832.0,556.46726822
1,63830.0,63877.0,63418.0,63469.0,231.84063841
1,63476.0,63938.0,63379.0,63662.0,133.02576167
1,63621.0,64047.0,63470.0,64006.0,175.78008475
1,64006.0,64309.0,63793.0,63845.0,138.93865535
1,63865.0,64094.0,63838.0,64031.0,61.81030347
1,64032.0,65213.0,63908.0,65110.0,488.57010146
1,65110.0,65361.0,64284.0,64444.0,399.88062084
1,64447.0,65012.0,64222.0,64853.0,302.34060792
1,64851.0,65214.0,64686.0,65102.0,132.49585113999998
1,65104.0,65536.0,64849.0,65447.0,180.69296665
1,65434.0,66160.0,65194.0,65915.0,247.42723615
1,65914.0,66677.0,65633.0,66376.0,487.57562618
1,66369.0,67152.0,66205.0,66958.0,272.08800861
1,66989.0,67019.0,66373.0,66723.0,244.88152787
1,66723.0,67743.0,66621.0,67116.0,343.18203452
1,67106.0,67217.0,66759.0,66985.0,164.63911668
1,66982.0,67113.0,66631.0,66821.0,103.77650714
1,66770.0,67702.0,66086.0,67353.0,392.28105926
1,67370.0,68201.0,67338.0,67627.0,568.07187389
1,67616.0,67807.0,67408.0,67513.0,155.04062930999999
1,67555.0,67611.0,67089.0,67341.0,140.42567047
1,67341.0,67566.0,67205.0,67300.0,59.41776925
1,67302.0,67348.0,66807.0,66932.0,123.0552446
1,66930.0,67225.0,66800.0,67136.0,105.65132469
1,67146.0,67289.0,66474.0,66567.0,141.91476415
1,66570.0,66767.0,66264.0,66412.0,150.94533886
1,66409.0,66729.0,66235.0,66465.0,121.25345678
1,66467.0,66657.0,66380.0,66467.0,45.91265875
1,66462.0,66552.0,66257.0,66297.0,84.9892912
1,66310.0,67338.0,66146.0,66941.0,318.79883706
1,66941.0,67302.0,66767.0,66871.0,213.68108656
1,66859.0,67248.0,66823.0,66829.0,105.10533513
1,66861.0,67119.0,65844.0,66137.0,289.30877474
1,66139.0,66219.0,65734.0,65979.0,159.3980834
1,66006.0,66654.0,65995.0,66317.0,195.99204698
1,66319.0,66345.0,65788.0,65970.0,184.10151098
1,65969.0,65969.0,65092.0,65313.0,248.29629577
1,65300.0,65751.0,65288.0,65682.0,141.15742077
1,65675.0,66466.0,65051.0,65238.0,333.5149237
1,65245.0,66077.0,65124.0,65771.0,258.32261379
1,65776.0,66786.0,65763.0,66502.0,187.24521135
1,66506.0,67063.0,66375.0,66534.0,215.8335583
1,66531.0,66613.0,65905.0,66280.0,168.66034457
1,66290.0,67027.0,66118.0,66820.0,271.90032201
1,66821.0,66971.0,66637.0,66869.0,112.73862591
1,66858.0,66988.0,66562.0,66714.0,86.81845365
1,66728.0,66728.0,66068.0,66216.0,202.82447916
1,66216.0,66216.0,65557.0,66006.0,160.52279209
1,66006.0,66300.0,65661.0,66280.0,204.91250434
1,66284.0,66715.0,66174.0,66174.0,209.34272743
1,66172.0,66383.0,66090.0,66303.0,145.97344917
1,66309.0,66455.0,66018.0,66347.0,139.7473079
1,66347.0,66403.0,65917.0,65958.0,134.9721055
1,65955.0,66116.0,65344.0,65430.0,142.57291467
1,65407.0,67201.0,65259.0,67164.0,611.64813986
1,67165.0,69610.0,66990.0,69121.0,1005.6129835500001
1,69135.0,70111.0,68938.0,69436.0,871.8661104399999
1,69435.0,69595.0,68808.0,69189.0,238.71422855
1,69202.0,69280.0,68750.0,68887.0,160.85026663
1,68887.0,69061.0,68591.0,68975.0,249.33808847
1,68975.0,69512.0,68605.0,69110.0,407.59263763
1,69125.0,69537.0,69015.0,69417.0,222.02822743
1,69417.0,69511.0,69161.0,69445.0,150.1403604
1,69444.0,69481.0,68775.0,68821.0,179.26884225999999
1,68821.0,69159.0,68655.0,69101.0,113.80341219
1,69094.0,69256.0,68748.0,68748.0,112.21291005
1,68748.0,68756.0,68233.0,68507.0,136.99334846
1,68507.0,68534.0,68225.0,68359.0,52.97680398
1,68362.0,68442.0,68036.0,68109.0,58.28660426
1,68108.0,68528.0,67848.0,67947.0,181.60925774
1,67938.0,68167.0,67800.0,68106.0,120.04024577999999
1,68106.0,68255.0,67955.0,68173.0,83.81188763
1,68172.0,68296.0,66903.0,66992.0,227.45057652
1,66993.0,67191.0,66343.0,66643.0,376.89074617
1,66625.0,66993.0,66435.0,66832.0,192.29594025
1,66846.0,67145.0,66761.0,67020.0,140.37773358
1,67021.0,67945.0,67021.0,67378.0,250.33021556
1,67382.0,67418.0,66639.0,66921.0,174.40875718
1,66922.0,67556.0,66147.0,66556.0,508.73787830000003
1,66556.0,67818.0,66469.0,67716.0,438.5758117
1,67718.0,68993.0,67494.0,68174.0,593.8174489
1,68174.0,68402.0,67544.0,68319.0,333.08118729
1,68318.0,68912.0,67994.0,68629.0,246.07204523
1,68633.0,68885.0,68341.0,68422.0,234.76500042
1,68437.0,68591.0,68099.0,68267.0,331.70841521
1,68267.0,68267.0,67829.0,68030.0,68.72361987
1,68029.0,68520.0,68029.0,68324.0,117.76551145
1,68308.0,68854.0,68260.0,68336.0,99.56640992999999
1,68336.0,68406.0,67898.0,68103.0,141.90431706
1,68105.0,68896.0,67967.0,68412.0,236.76032444
1,68413.0,68453.0,67987.0,68323.0,77.88941418
1,68284.0,68384.0,67405.0,67748.0,259.94219595
1,67730.0,67958.0,67463.0,67789.0,125.49584417
1,67789.0,68365.0,67665.0,68191.0,151.1272625
1,68186.0,68669.0,68047.0,68503.0,136.35583124000001
1,68503.0,69635.0,68349.0,69510.0,210.67549732
1,69493.0,71164.0,69140.0,71006.0,355.38257635
1,71009.0,71896.0,70736.0,71521.0,417.2885495
1,71526.0,71881.0,71211.0,71334.0,169.84263374
1,71345.0,71494.0,70955.0,71117.0,92.8211571
1,71117.0,71348.0,70602.0,71339.0,218.46089429
1,71339.0,71614.0,71221.0,71498.0,135.81894749
1,71481.0,72621.0,71329.0,71644.0,594.4055096000001
1,71644.0,73500.0,71639.0,73419.0,740.3655922
1,73419.0,73546.0,72569.0,73362.0,645.85751943
1,73374.0,73792.0,73002.0,73262.0,429.83881269
1,73263.0,73740.0,72963.0,73740.0,175.76310776
1,73739.0,74075.0,73569.0,73693.0,410.83445315
1,73685.0,73769.0,73100.0,73100.0,429.7981305
1,73086.0,73365.0,72921.0,73361.0,297.82839856
1,73362.0,73566.0,72656.0,72721.0,139.1293598
1,72721.0,72881.0,72349.0,72691.0,150.30589156
1,72691.0,73024.0,72578.0,72792.0,108.02171467
1,72763.0,73300.0,72452.0,72571.0,256.41654238
1,72571.0,72910.0,72373.0,72534.0,72.63781695
1,72533.0,72785.0,72373.0,72518.0,86.03243276
1,72511.0,73101.0,72471.0,72832.0,140.16392565
1,72832.0,72934.0,72304.0,72444.0,124.66268928999999
1,72446.0,72659.0,72079.0,72574.0,168.44853833
1,72560.0,72677.0,71803.0,72083.0,136.92090864
1,72084.0,72365.0,71802.0,72348.0,136.3902742
1,72349.0,72887.0,72327.0,72611.0,170.38110684
1,72609.0,73573.0,72546.0,73408.0,249.71063297
1,73408.0,73474.0,72807.0,72925.0,141.45889839
1,72934.0,73102.0,72683.0,72941.0,82.13378477
1,72918.0,72980.0,72236.0,72489.0,152.1104332
1,72489.0,72809.0,71979.0,72617.0,497.98399754999997
1,72628.0,72790.0,71196.0,71665.0,564.56649358
1,71683.0,71685.0,70814.0,71323.0,357.09419382
1,71323.0,71587.0,70671.0,70721.0,330.66658779
1,70721.0,71099.0,70675.0,71000.0,124.84753647000001
1,71000.0,71440.0,70861.0,70955.0,213.87997123
1,70918.0,71381.0,70848.0,71270.0,89.32051508
1,71238.0,71581.0,71043.0,71147.0,199.85386906
1,71153.0,71372.0,71091.0,71240.0,41.1269264
1,71234.0,71306.0,70793.0,70896.0,103.88328501
1,70898.0,71049.0,70794.0,70973.0,52.87332232
1,70988.0,71287.0,70403.0,71254.0,180.88945609
1,71255.0,71415.0,71034.0,71251.0,89.14190608
1,71251.0,71293.0,71001.0,71092.0,53.33861453
1,71092.0,71124.0,70303.0,70622.0,149.25086371
1,70624.0,70668.0,70153.0,70443.0,95.98082536
1,70435.0,70844.0,70275.0,70611.0,116.03372176
1,70606.0,71176.0,70477.0,71059.0,98.27435653
1,71061.0,71066.0,70759.0,70785.0,70.54442066
1,70798.0,70817.0,70322.0,70579.0,120.30972233
1,70561.0,70784.0,70471.0,70547.0,81.04858938
1,70539.0,70638.0,70209.0,70243.0,79.96586179
1,70233.0,70234.0,69677.0,69946.0,190.30884875
1,69940.0,70342.0,69240.0,69240.0,345.16238482
1,69240.0,69291.0,68176.0,68409.0,417.71029337
1,68418.0,69108.0,68315.0,68508.0,300.86902554
1,68507.0,68796.0,68247.0,68460.0,172.36916552
1,68459.0,68644.0,67753.0,67962.0,176.94930557
1,67963.0,68478.0,67959.0,68184.0,97.86131732
1,68183.0,68472.0,68002.0,68121.0,109.5945159
1,68121.0,68270.0,67772.0,68114.0,134.89567621
1,68099.0,68322.0,67937.0,68288.0,279.1081095
1,68289.0,68438.0,68233.0,68313.0,55.24999399
1,68317.0,68365.0,68110.0,68114.0,52.50801179
1,68114.0,68382.0,68112.0,68297.0,40.826737
1,68290.0,68355.0,68189.0,68269.0,43.54617324
1,68262.0,68366.0,68061.0,68345.0,73.24217999
1,68345.0,68543.0,68102.0,68124.0,130.265522
1,68103.0,68134.0,67816.0,68069.0,91.73390845
1,68057.0,68130.0,67914.0,68008.0,66.02747326
1,68010.0,68015.0,67634.0,67685.0,66.50999576
1,67685.0,67849.0,67459.0,67847.0,82.52768194
1,67846.0,68028.0,67723.0,67802.0,48.3006301
1,67802.0,68061.0,67732.0,68007.0,23.52633677
1,68015.0,68093.0,67873.0,67891.0,27.316834150000002
1,67890.0,68250.0,67857.0,68019.0,48.43075738
1,68019.0,68086.0,67905.0,67984.0,34.25246201
1,67984.0,68090.0,67866.0,67913.0,77.93955133
1,67929.0,68075.0,67629.0,68027.0,102.80695127999999
1,68012.0,68032.0,67785.0,67895.0,74.73969789
1,67886.0,67889.0,67713.0,67800.0,44.3075482
1,67800.0,67947.0,67783.0,67790.0,20.7668862
1,67790.0,67790.0,67484.0,67584.0,68.18049009
1,67582.0,67582.0,66943.0,67091.0,172.51116493
1,67090.0,67424.0,67086.0,67391.0,102.01851191
1,67390.0,67473.0,67283.0,67447.0,43.75870492
1,67447.0,67465.0,67116.0,67256.0,79.69098078
1,67273.0,67395.0,67190.0,67269.0,39.51262325
1,67269.0,67485.0,67180.0,67205.0,39.10941303
1,67202.0,67355.0,67098.0,67300.0,38.48815057
1,67299.0,67423.0,66840.0,66918.0,114.85140387999999
1,66918.0,67087.0,66858.0,67002.0,67.43112364
1,67008.0,67080.0,66569.0,66647.0,82.46758693
1,66617.0,67233.0,66617.0,67139.0,100.11353375
1,67140.0,67225.0,67035.0,67167.0,57.43337891
1,67167.0,67442.0,67153.0,67333.0,78.22695858
1,67327.0,67563.0,67168.0,67530.0,83.41335991
1,67531.0,67888.0,67463.0,67706.0,89.02239337
1,67698.0,68186.0,67698.0,67907.0,93.6037011
1,67895.0,67895.0,67427.0,67529.0,116.41038826
1,67529.0,67649.0,66906.0,67324.0,197.02395103
1,67325.0,67436.0,66832.0,67245.0,213.53646035
1,67236.0,67411.0,67057.0,67341.0,79.5260755
1,67341.0,67362.0,67080.0,67215.0,69.5597318
1,67214.0,67264.0,66815.0,66877.0,99.59589297
1,66878.0,67185.0,66807.0,67043.0,64.53083611
1,67057.0,67072.0,66759.0,66831.0,62.721093530000005
1,66816.0,67457.0,66783.0,67318.0,159.46037403
1,67318.0,67505.0,67019.0,67218.0,84.07095311
1,67219.0,67254.0,66703.0,67003.0,133.44193584
1,67003.0,67003.0,65623.0,66235.0,570.69866202
1,66235.0,66570.0,65923.0,65975.0,134.97042046
1,65974.0,66749.0,65844.0,66371.0,233.30301843
1,66361.0,66686.0,66122.0,66206.0,114.01348289
1,66205.0,66700.0,65978.0,66543.0,145.3018078
1,66529.0,67661.0,66511.0,67214.0,239.89573128
1,67215.0,67605.0,67115.0,67150.0,183.9957836
1,67150.0,68045.0,67126.0,67891.0,166.30465142
1,67907.0,67930.0,67251.0,67252.0,78.92859406
1,67253.0,67556.0,66919.0,67532.0,161.91709808
1,67551.0,67906.0,67385.0,67802.0,205.6307156
1,67804.0,68437.0,67564.0,67982.0,113.4738275
1,67983.0,68073.0,67545.0,67607.0,74.73088944999999
1,67607.0,67866.0,67345.0,67757.0,115.4689541
1,67757.0,68323.0,67757.0,68137.0,127.60127672
1,68137.0,69299.0,68130.0,68996.0,379.63391202
1,68996.0,69497.0,68715.0,69164.0,430.279459
1,69174.0,69301.0,68777.0,68907.0,235.77696656
1,68894.0,69258.0,68675.0,68982.0,249.89953819
1,68983.0,69093.0,68296.0,68610.0,156.60453122
1,68609.0,68720.0,68258.0,68378.0,181.10438433
1,68386.0,69575.0,68386.0,69027.0,585.83787302
1,69020.0,69187.0,68792.0,68994.0,305.42527009
1,68981.0,69126.0,68693.0,68958.0,77.37521506
1,68927.0,69044.0,68618.0,68648.0,57.76395376
1,68648.0,68708.0,68400.0,68453.0,45.31079848
1,68453.0,69287.0,68400.0,69166.0,116.70149415
1,69166.0,69379.0,68825.0,69272.0,137.17131293
1,69272.0,70572.0,69112.0,70276.0,327.483765
1,70275.0,70376.0,69405.0,69439.0,162.88825861
1,69440.0,70116.0,69440.0,70072.0,110.98502541
1,70074.0,70353.0,69908.0,69971.0,106.79816359
1,69973.0,70184.0,69781.0,69915.0,95.90768297
1,69913.0,70531.0,69835.0,70408.0,140.94695496
1,70415.0,71091.0,70385.0,70698.0,266.38408955
1,70695.0,71295.0,70668.0,71072.0,124.98300109
1,71072.0,71083.0,70693.0,70780.0,106.12563024
1,70781.0,70880.0,70564.0,70617.0,68.37383678
1,70617.0,70639.0,70319.0,70531.0,108.5402022
1,70539.0,70937.0,69747.0,69942.0,428.12266423
1,69958.0,71528.0,69281.0,71450.0,525.80339087
1,71460.0,71775.0,70928.0,71364.0,217.88197323
1,71363.0,71727.0,70966.0,71285.0,264.79386413000003
1,71284.0,71466.0,70531.0,70886.0,237.78808989
1,70886.0,70933.0,69915.0,70040.0,430.07081146
1,70026.0,70297.0,69749.0,70050.0,395.27036285
1,70057.0,70355.0,70018.0,70251.0,341.62501676
1,70251.0,70433.0,69556.0,69777.0,256.15709424
1,69773.0,69876.0,69465.0,69711.0,118.81686223
1,69711.0,69980.0,69708.0,69963.0,113.09564467
1,69958.0,70175.0,69768.0,70036.0,138.27506057
1,70036.0,70146.0,69887.0,70089.0,49.57882083
1,70083.0,70125.0,69639.0,69826.0,100.29793102000001
1,69817.0,69895.0,69503.0,69561.0,67.89445253
1,69562.0,70263.0,69510.0,70152.0,99.23883936
1,70134.0,70189.0,69427.0,69511.0,102.58255126
1,69512.0,69997.0,69512.0,69965.0,52.84044041
1,69962.0,70007.0,69516.0,69666.0,95.54937859
1,69665.0,69788.0,69513.0,69661.0,85.44230299
1,69644.0,69754.0,69398.0,69459.0,68.32475436
1,69467.0,69720.0,69394.0,69611.0,59.41934262
1,69611.0,69679.0,69172.0,69186.0,108.85248247
1,69186.0,69775.0,68991.0,69358.0,296.36359156000003
1,69360.0,71090.0,69339.0,70190.0,556.91516554
1,70189.0,70988.0,69991.0,70592.0,661.28199891
1,70592.0,70674.0,69706.0,70240.0,363.3375892
1,70251.0,70842.0,70181.0,70584.0,301.06275529
1,70584.0,71335.0,70504.0,70788.0,344.69977447
1,70799.0,70917.0,70436.0,70636.0,242.48479366
1,70636.0,70767.0,70397.0,70668.0,270.98811987
1,70668.0,70721.0,70412.0,70640.0,199.54241044
1,70640.0,70796.0,70512.0,70761.0,104.1523368
1,70762.0,70961.0,70253.0,70380.0,193.12882689
1,70380.0,70518.0,70142.0,70196.0,87.0572062
1,70196.0,70354.0,70142.0,70236.0,74.24778314
1,70228.0,70230.0,69765.0,69838.0,130.70366311
1,69838.0,69889.0,69240.0,69297.0,148.05845603
1,69299.0,69614.0,69262.0,69433.0,115.85498577999999
1,69448.0,69664.0,69305.0,69387.0,101.82059607
1,69379.0,69540.0,69222.0,69480.0,64.15378585
1,69481.0,69547.0,69363.0,69488.0,68.25316583
1,69494.0,69853.0,69428.0,69833.0,122.81653445
1,69830.0,70121.0,69715.0,69909.0,128.16124637000001
1,69925.0,70386.0,69597.0,69971.0,147.94580781
1,69968.0,70508.0,69866.0,70423.0,129.50169719
1,70422.0,70805.0,70378.0,70458.0,136.83327598
1,70442.0,70628.0,70298.0,70396.0,60.55410047
1,70404.0,70528.0,69731.0,69990.0,488.75802443000003
1,70005.0,70672.0,69376.0,69612.0,697.4182792
1,69612.0,70567.0,69460.0,70357.0,426.98607812
1,70355.0,70567.0,69921.0,70397.0,272.25018365
1,70397.0,70562.0,70090.0,70218.0,172.53270732
1,70218.0,70314.0,69812.0,69817.0,153.42960571999998
1,69819.0,70566.0,69783.0,70455.0,503.1848552
1,70456.0,70572.0,70134.0,70183.0,403.94643761
1,70180.0,70481.0,70180.0,70287.0,59.79316225
1,70287.0,70299.0,70035.0,70191.0,92.34937931
1,70190.0,70734.0,70170.0,70529.0,186.19648542
1,70537.0,72010.0,70412.0,71488.0,533.1764621
1,71485.0,71755.0,71291.0,71673.0,160.72442793
1,71671.0,71701.0,71055.0,71148.0,83.08685899
1,71148.0,71507.0,70972.0,71414.0,64.31308627
1,71401.0,71490.0,71251.0,71395.0,47.31992222
1,71391.0,71640.0,71247.0,71560.0,62.22556098
1,71558.0,71592.0,71193.0,71347.0,93.09356657
1,71320.0,71677.0,71258.0,71630.0,96.82629929
1,71630.0,72140.0,71399.0,71831.0,201.52468145
1,71841.0,72100.0,71609.0,72013.0,78.83215736
1,72021.0,72582.0,72020.0,72483.0,158.59029268
1,72470.0,72549.0,72231.0,72239.0,76.40761035
1,72238.0,72895.0,72228.0,72786.0,136.25830403
1,72790.0,73611.0,72703.0,73410.0,303.56008446
1,73410.0,73933.0,72399.0,72400.0,404.36099065
1,72411.0,72846.0,71768.0,71860.0,444.60477305
1,71861.0,72113.0,71178.0,71914.0,493.65931216
1,71901.0,72267.0,70922.0,71045.0,362.78779867
1,71045.0,71355.0,70862.0,71063.0,171.32678322
1,71063.0,71316.0,71021.0,71184.0,167.73004946
1,71193.0,71477.0,71169.0,71359.0,119.60129626
1,71358.0,71498.0,71078.0,71121.0,71.02533938
1,71121.0,71194.0,70578.0,70817.0,168.66502838
1,70824.0,71006.0,70720.0,70949.0,94.08363446999999
1,70947.0,70957.0,70581.0,70661.0,114.06776321
1,70659.0,70905.0,70500.0,70850.0,83.31683042
1,70850.0,70906.0,70761.0,70795.0,56.22507311
1,70796.0,71175.0,70796.0,71087.0,107.76698647
1,71087.0,71308.0,71035.0,71041.0,97.16004902
1,71041.0,71156.0,70926.0,71024.0,49.82884456
1,71019.0,71019.0,70305.0,70640.0,149.00331569
1,70619.0,70750.0,70501.0,70612.0,66.41978123
1,70611.0,70721.0,70556.0,70594.0,31.74535104
1,70603.0,70742.0,70425.0,70542.0,52.0688347
1,70525.0,70583.0,70403.0,70582.0,33.44364416
1,70585.0,70784.0,70583.0,70748.0,56.954396790000004
1,70759.0,70848.0,70618.0,70767.0,41.933981179999996
1,70786.0,70929.0,70741.0,70874.0,45.99441929
1,70866.0,70949.0,70598.0,70606.0,54.7415289
1,70613.0,70741.0,70517.0,70609.0,71.19955286
1,70607.0,70717.0,70515.0,70692.0,31.54503008
1,70688.0,70746.0,70599.0,70625.0,34.26821139
1,70625.0,70715.0,70570.0,70684.0,35.74660191
1,70684.0,70740.0,70616.0,70702.0,30.58568985
1,70711.0,70861.0,70657.0,70818.0,59.87639368
1,70801.0,70825.0,70676.0,70798.0,66.61241567
1,70809.0,70817.0,70716.0,70728.0,35.85558378
1,70728.0,71256.0,70728.0,71218.0,113.89445737
1,71218.0,71219.0,70980.0,71015.0,92.1272237
1,71018.0,71050.0,70878.0,71036.0,30.08296085
1,71031.0,71628.0,71031.0,71488.0,149.60601026999998
1,71483.0,71529.0,71248.0,71363.0,44.54315935
1,71362.0,71663.0,71359.0,71584.0,65.33686119
1,71598.0,71807.0,71498.0,71510.0,73.49931803
1,71509.0,71601.0,71416.0,71463.0,69.04285641
1,71469.0,71672.0,71431.0,71462.0,40.265497180000004
1,71462.0,71711.0,71462.0,71711.0,59.48579181
1,71716.0,71940.0,71716.0,71816.0,72.85602728
1,71816.0,71922.0,71737.0,71791.0,29.996631490000002
1,71791.0,71898.0,71672.0,71848.0,35.41834413
1,71848.0,71848.0,71587.0,71620.0,64.54354855
1,71620.0,71686.0,71287.0,71616.0,145.01286004
1,71616.0,71637.0,71355.0,71624.0,54.51385572
1,71631.0,71631.0,71420.0,71494.0,24.54017027
1,71494.0,71598.0,71347.0,71440.0,57.12736695
1,71444.0,72008.0,71431.0,71835.0,82.73215518
1,71830.0,71892.0,71339.0,71404.0,87.62693571999999
1,71405.0,71584.0,71358.0,71566.0,46.70371993
1,71566.0,71923.0,71449.0,71741.0,85.28325298
1,71742.0,72226.0,71648.0,72117.0,115.34830836
1,72123.0,73085.0,71742.0,72762.0,380.61400147
1,72762.0,73223.0,72441.0,72831.0,386.30860859
1,72849.0,73020.0,72469.0,72549.0,61.68173604
1,72542.0,72865.0,72294.0,72756.0,80.40329465
1,72758.0,72866.0,72382.0,72547.0,47.19355589
1,72540.0,74308.0,72450.0,73590.0,408.55909641
1,73592.0,74425.0,73592.0,73848.0,235.76830467
1,73848.0,74252.0,73732.0,74192.0,172.90915768
1,74210.0,74210.0,73603.0,73736.0,91.01958747
1,73726.0,73938.0,73400.0,73458.0,111.90264105
1,73460.0,73762.0,72903.0,73144.0,132.92975533999999
1,73145.0,73336.0,73066.0,73253.0,51.60632376
1,73253.0,73789.0,73223.0,73789.0,154.94273234
1,73792.0,73838.0,73538.0,73562.0,64.86068738
1,73559.0,74051.0,73486.0,73871.0,203.18063249
1,73870.0,74515.0,73799.0,74030.0,298.11124202
1,74147.0,74471.0,73012.0,73569.0,320.6142406
1,73569.0,74041.0,73203.0,73303.0,169.78984627
1,73289.0,73913.0,73170.0,73767.0,123.86235844
1,73767.0,74055.0,73658.0,73945.0,116.20882229
1,73958.0,74364.0,73863.0,73904.0,275.64052979
1,73918.0,74427.0,73783.0,73969.0,153.87254963
1,73961.0,74252.0,73851.0,74242.0,73.07810566
1,74241.0,74799.0,74148.0,74412.0,158.16737894
1,74402.0,74900.0,74380.0,74761.0,113.60673874
1,74761.0,74916.0,74259.0,74876.0,152.24235111
1,74884.0,75504.0,74620.0,75314.0,267.80366639
1,75314.0,76013.0,75078.0,75632.0,253.58473431
1,75626.0,75670.0,75130.0,75192.0,116.36745596
1,75190.0,75323.0,74283.0,74472.0,186.12882109
1,74491.0,74677.0,74008.0,74240.0,143.43283313999999
1,74247.0,74452.0,73803.0,74040.0,144.229703
1,74040.0,74273.0,73885.0,74088.0,134.03770799
1,74088.0,74448.0,74080.0,74256.0,62.69689848
1,74280.0,74464.0,74111.0,74192.0,110.75741904
1,74194.0,74411.0,73865.0,73946.0,170.20987641
1,73945.0,73967.0,73574.0,73736.0,172.38894757
1,73746.0,74223.0,73700.0,74045.0,140.69057043
1,74046.0,74182.0,73682.0,73754.0,117.61493292
1,73753.0,74167.0,73429.0,73626.0,247.38976012
1,73612.0,74425.0,73437.0,74393.0,217.96234079
1,74399.0,74913.0,73698.0,73947.0,366.04905642
1,73945.0,74374.0,73887.0,74175.0,149.12278283
1,74200.0,74604.0,74034.0,74538.0,164.2117249
1,74538.0,74786.0,74420.0,74706.0,217.93816844
1,74703.0,74816.0,74463.0,74545.0,105.17800308
1,74541.0,74703.0,74395.0,74544.0,103.92433083
1,74543.0,74813.0,74497.0,74702.0,112.91611231
1,74702.0,74794.0,73963.0,74335.0,128.63884031
1,74335.0,74416.0,73900.0,73928.0,90.22155939
1,73931.0,74093.0,73564.0,73891.0,83.77012155
1,73891.0,74226.0,73849.0,74099.0,86.36853486
1,74098.0,74492.0,74071.0,74363.0,56.9984951
1,74363.0,74676.0,74287.0,74477.0,45.78018547
1,74480.0,74508.0,74179.0,74207.0,53.48832634
1,74195.0,74324.0,73874.0,73990.0,63.24893873
1,73990.0,74229.0,73972.0,73979.0,68.98205839
1,73979.0,74011.0,73719.0,73909.0,70.61319207
1,73910.0,74129.0,73890.0,74058.0,58.601961769999996
1,74058.0,74298.0,74057.0,74196.0,33.78909417
1,74197.0,74273.0,73844.0,73958.0,66.10847029
1,73957.0,74088.0,72835.0,72971.0,175.67401017
1,72970.0,72998.0,72296.0,72387.0,206.34829183
1,72367.0,72555.0,71995.0,72139.0,179.88909191
1,72140.0,72226.0,71146.0,71195.0,277.94863
1,71198.0,71527.0,70882.0,71484.0,359.46081419
1,71484.0,71565.0,71053.0,71322.0,267.98966304
1,71323.0,71751.0,71206.0,71622.0,102.05671593
1,71618.0,71992.0,70966.0,71114.0,205.22221524
1,71112.0,71484.0,70945.0,71071.0,145.05503049
1,71076.0,71313.0,70492.0,71232.0,275.62218737
1,71214.0,71423.0,71166.0,71279.0,67.73322519
1,71259.0,71273.0,70962.0,71148.0,67.82646856
1,71151.0,71365.0,71073.0,71259.0,40.89446158
1,71241.0,71309.0,70979.0,71012.0,58.21381655
1,71012.0,71185.0,70964.0,71133.0,45.05001647
1,71131.0,71252.0,70921.0,71053.0,34.47628833
1,71056.0,71604.0,71056.0,71220.0,127.52441826
1,71219.0,71219.0,70674.0,70827.0,117.72584399
1,70828.0,70914.0,70686.0,70823.0,41.52588434
1,70827.0,70944.0,70515.0,70577.0,56.31191244
1,70582.0,70602.0,69505.0,70205.0,285.0665749
1,70198.0,70301.0,69916.0,69991.0,77.59048171
1,69991.0,70555.0,69991.0,70517.0,167.72870911
1,70511.0,70541.0,70125.0,70133.0,61.89498048
1,70125.0,70263.0,69923.0,69933.0,47.8477539
1,69947.0,69948.0,69114.0,69286.0,304.50227837
1,69287.0,70075.0,69076.0,69895.0,241.92893403
1,69902.0,70149.0,69092.0,69500.0,221.21755025
1,69461.0,69898.0,68799.0,69404.0,451.7165805
1,69388.0,69622.0,69180.0,69449.0,191.82576259
1,69465.0,69932.0,69104.0,69842.0,151.12677023
1,69839.0,69916.0,69588.0,69833.0,89.99723798
1,69803.0,70589.0,69803.0,70260.0,238.20165561
1,70268.0,70663.0,70205.0,70496.0,47.8459303
1,70479.0,70693.0,70395.0,70430.0,65.04214839
1,70424.0,70497.0,69961.0,70176.0,119.42319064
1,70190.0,70277.0,69732.0,69921.0,137.43108785
1,69921.0,70302.0,69849.0,70209.0,80.65321357
1,70195.0,70581.0,70185.0,70410.0,76.90095018
1,70414.0,70512.0,70100.0,70425.0,94.04887261
1,70425.0,70793.0,70392.0,70721.0,74.5407567
1,70721.0,70951.0,70561.0,70776.0,75.84726999
1,70781.0,70849.0,70534.0,70607.0,73.23232856999999
1,70606.0,70642.0,70353.0,70493.0,66.89479788
1,70424.0,70920.0,70214.0,70855.0,114.07483536000001
1,70855.0,71356.0,70802.0,71040.0,118.65261467
1,71036.0,71036.0,70422.0,70582.0,134.40154834
1,70581.0,70657.0,70218.0,70599.0,96.69017559
1,70598.0,70784.0,70307.0,70469.0,94.00284694999999
1,70477.0,70670.0,70260.0,70331.0,104.60504003
1,70348.0,70598.0,69790.0,69858.0,339.27395112
1,69854.0,70253.0,69588.0,69729.0,272.17883004
1,69730.0,69986.0,69473.0,69856.0,153.16683021
1,69852.0,70082.0,69592.0,69821.0,72.31009531
1,69822.0,70002.0,69399.0,69980.0,81.91692578
1,69999.0,70056.0,69527.0,69757.0,90.84404242
1,69756.0,70173.0,69655.0,70162.0,88.19400061
1,70161.0,70241.0,69741.0,70036.0,79.98692653
1,70037.0,70694.0,69936.0,70529.0,215.38476386
1,70529.0,70899.0,70528.0,70765.0,110.51300841
1,70759.0,70761.0,70424.0,70502.0,78.59177842
1,70498.0,70808.0,70469.0,70670.0,29.61359503
1,70670.0,70739.0,70461.0,70466.0,32.72587671
1,70449.0,70759.0,70430.0,70717.0,28.60521731
1,70718.0,70757.0,70624.0,70658.0,34.56934275
1,70657.0,70796.0,70622.0,70637.0,43.034253299999996
1,70638.0,70810.0,70628.0,70699.0,32.93798175
1,70694.0,70806.0,70691.0,70756.0,16.03533024
1,70756.0,70866.0,70677.0,70705.0,26.84809464
1,70706.0,70741.0,70476.0,70588.0,60.830281570000004
1,70587.0,70717.0,70566.0,70645.0,28.71202139
1,70646.0,70676.0,70564.0,70591.0,21.78284384
1,70593.0,70643.0,70564.0,70636.0,12.04663577
1,70636.0,70775.0,70636.0,70711.0,19.23119618
1,70712.0,70791.0,70695.0,70722.0,13.19883954
1,70726.0,71082.0,70590.0,70616.0,86.81033448
1,70616.0,70735.0,70454.0,70630.0,76.24621069
1,70629.0,70639.0,70249.0,70297.0,83.64144758
1,70297.0,70402.0,70150.0,70299.0,72.99070735
1,70300.0,70502.0,70289.0,70382.0,30.8389588
1,70382.0,70428.0,70307.0,70377.0,25.687813400000003
1,70377.0,70486.0,70354.0,70447.0,77.13306691
1,70446.0,70494.0,70268.0,70335.0,94.51365456
1,70335.0,70361.0,70253.0,70278.0,46.81993784
1,70278.0,70278.0,68563.0,68910.0,366.34904964
1,68910.0,69131.0,68241.0,68937.0,383.67543291
1,68968.0,69081.0,68757.0,68967.0,76.00898935000001
1,68972.0,69388.0,68947.0,69295.0,65.4154657
1,69246.0,69564.0,69115.0,69337.0,53.01831962
1,69336.0,69515.0,69209.0,69355.0,37.88807067
1,69355.0,69355.0,69144.0,69146.0,25.47655167
1,69146.0,69231.0,69053.0,69151.0,28.15041514
1,69151.0,69232.0,68892.0,68906.0,66.77473269000001
1,68901.0,68969.0,68519.0,68807.0,75.0561787
1,68776.0,68893.0,68585.0,68818.0,86.87404919
1,68819.0,68826.0,68583.0,68643.0,18.7625534
1,68641.0,68674.0,68134.0,68222.0,99.18054237
1,68223.0,68742.0,68200.0,68655.0,90.50487671
1,68649.0,68936.0,68553.0,68694.0,73.06695999
1,68693.0,68899.0,68544.0,68719.0,50.848549489999996
1,68753.0,68990.0,68714.0,68846.0,39.8216908
1,68849.0,68876.0,68677.0,68812.0,44.96626803
1,68782.0,68854.0,68676.0,68693.0,28.75778305
1,68676.0,68735.0,68352.0,68614.0,56.3533265
1,68620.0,68620.0,68153.0,68183.0,57.86352586
1,68200.0,68487.0,68085.0,68174.0,82.48444572
1,68175.0,68220.0,67354.0,67885.0,295.93558904
1,67885.0,68380.0,67565.0,68318.0,192.32269363
1,68322.0,68454.0,67826.0,67860.0,80.40890487
1,67853.0,68141.0,67435.0,67656.0,156.89915824
1,67657.0,68143.0,67529.0,67919.0,76.40257773
1,67902.0,68382.0,67787.0,68307.0,73.49438999
1,68302.0,68558.0,68044.0,68053.0,148.44790201
1,68054.0,68523.0,68054.0,68514.0,37.74222991
1,68521.0,68875.0,68521.0,68875.0,70.11661662
1,68874.0,68874.0,67694.0,67846.0,95.10302523
1,67851.0,68442.0,67507.0,68271.0,135.11637513
1,68342.0,68667.0,68314.0,68449.0,133.46252004
1,68415.0,68442.0,67895.0,68315.0,41.85566726
1,68315.0,68687.0,68282.0,68527.0,41.38055809
1,68534.0,71463.0,68532.0,70096.0,715.9996377800001
1,70121.0,70853.0,69664.0,70721.0,464.64603444
1,70722.0,71559.0,70577.0,71461.0,189.57292979
1,71469.0,71801.0,71111.0,71443.0,362.87672338
1,71437.0,71639.0,70085.0,70105.0,297.50690132
1,70106.0,70738.0,70106.0,70537.0,114.54980690000001
1,70559.0,71099.0,70344.0,71066.0,76.23508556
1,71075.0,71142.0,70860.0,71066.0,133.23513069
1,71058.0,71211.0,70635.0,70669.0,119.37955591000001
1,70656.0,70961.0,70547.0,70900.0,49.93079246
1,70902.0,70985.0,70823.0,70825.0,29.94105996
1,70830.0,70874.0,70503.0,70771.0,46.97269377
1,70771.0,70938.0,70399.0,70883.0,44.12609628
1,70875.0,71069.0,70412.0,70675.0,140.06327356
1,70673.0,70857.0,70271.0,70494.0,83.86501807
1,70486.0,70676.0,70345.0,70441.0,77.75782651
1,70434.0,70548.0,70383.0,70509.0,43.6898001
1,70512.0,70701.0,70251.0,70350.0,47.20937326
1,70351.0,70351.0,70108.0,70257.0,68.54561498
1,70255.0,70538.0,70240.0,70503.0,68.36137301
1,70503.0,71382.0,70467.0,71279.0,171.65860509
1,71278.0,71318.0,70839.0,70964.0,120.36859051
1,70952.0,71353.0,70844.0,71309.0,114.56468583
1,71309.0,71309.0,71083.0,71256.0,62.5161051
1,71252.0,71299.0,70956.0,71133.0,140.22612933
1,71144.0,71157.0,70853.0,70942.0,76.68479571
1,70941.0,71037.0,69969.0,70083.0,373.21185354
1,70076.0,70420.0,69488.0,69836.0,331.55892401
1,69848.0,70231.0,69740.0,69858.0,221.26550033
1,69847.0,69981.0,69347.0,69447.0,158.00636455
1,69447.0,69482.0,68893.0,69205.0,214.30673217
1,69205.0,69713.0,69143.0,69399.0,138.88364711
1,69400.0,69667.0,69272.0,69330.0,81.61108057
1,69334.0,70243.0,69264.0,70052.0,273.77765675
1,70052.0,70361.0,69872.0,70299.0,134.66236277
1,70299.0,70548.0,70105.0,70287.0,86.41194237
1,70287.0,70792.0,70243.0,70519.0,94.34142526
1,70519.0,71005.0,70451.0,70831.0,75.28013602
1,70810.0,70949.0,70607.0,70650.0,60.79920071
1,70649.0,70731.0,70479.0,70492.0,41.23267936
1,70492.0,70766.0,70387.0,70695.0,63.80336992
1,70694.0,70937.0,70673.0,70937.0,38.79024521
1,70936.0,71312.0,70913.0,71088.0,98.01704092
1,71088.0,71233.0,70970.0,70971.0,47.00393279
1,70971.0,71227.0,70878.0,70900.0,83.66497762
1,70900.0,71474.0,70785.0,71239.0,149.69199831
1,71232.0,71390.0,71088.0,71334.0,74.71186951
1,71334.0,71604.0,71285.0,71481.0,59.64829638
1,71479.0,72026.0,71459.0,71664.0,255.9786796
1,71665.0,71932.0,71125.0,71707.0,241.24485688000001
1,71707.0,71932.0,71506.0,71559.0,205.25448645
1,71568.0,71683.0,71221.0,71221.0,130.454406
1,71223.0,71286.0,70559.0,70827.0,188.63268581
1,70815.0,71715.0,70711.0,71321.0,202.99219686
1,71309.0,71372.0,70702.0,70752.0,134.53634718
1,70753.0,71136.0,70683.0,70782.0,95.96356433
1,70782.0,71060.0,70752.0,70837.0,99.17493888
1,70853.0,71030.0,70625.0,70980.0,65.44040215
1,70980.0,71141.0,70924.0,71005.0,43.78673931
1,71005.0,71542.0,70925.0,71352.0,116.67427096
1,71351.0,71411.0,71158.0,71301.0,39.94622989
1,71305.0,71405.0,71124.0,71265.0,70.678413
1,71265.0,71338.0,71135.0,71226.0,38.254225840000004
1,71218.0,71246.0,70658.0,70885.0,85.85723916
1,70838.0,70939.0,70660.0,70870.0,26.35850772
1,70873.0,70874.0,70694.0,70749.0,31.18841141
1,70744.0,70763.0,69907.0,69965.0,210.78700919999997
1,69967.0,70108.0,69816.0,70056.0,120.5513652
1,70056.0,70125.0,69789.0,70056.0,103.36546883
1,70036.0,70095.0,69788.0,69991.0,77.61592826
1,69991.0,70108.0,69372.0,69544.0,123.36306481
1,69534.0,69671.0,69421.0,69470.0,62.64169485
1,69473.0,69614.0,69164.0,69244.0,81.18828549
1,69245.0,69431.0,69205.0,69413.0,81.81951501
1,69409.0,69837.0,69192.0,69624.0,219.217528
1,69619.0,69789.0,69221.0,69443.0,239.9467445
1,69443.0,69455.0,68641.0,69038.0,401.70811494
1,69047.0,69047.0,68785.0,68884.0,122.36675777
1,68884.0,69111.0,68347.0,68435.0,94.91387031
1,68441.0,68557.0,68110.0,68451.0,237.21308253
1,68451.0,68634.0,68311.0,68500.0,79.26965775
1,68475.0,69412.0,68399.0,68956.0,252.89994837
1,68955.0,69138.0,68832.0,68893.0,89.26412744
1,68873.0,68979.0,68565.0,68825.0,66.9899112
1,68840.0,68943.0,68582.0,68779.0,82.58510036
1,68779.0,68908.0,68475.0,68730.0,63.04228296
1,68730.0,69012.0,68651.0,68993.0,34.68281569
1,69000.0,69127.0,68826.0,68868.0,52.8921999
1,68868.0,68874.0,68639.0,68720.0,43.80359259
1,68721.0,68734.0,68265.0,68538.0,96.36169171
1,68532.0,68807.0,68471.0,68580.0,73.27538098000001
1,68580.0,68792.0,68530.0,68609.0,53.91685753
1,68610.0,68899.0,68406.0,68473.0,97.4927305
1,68482.0,68581.0,67582.0,67893.0,164.58751739
1,67887.0,67904.0,67513.0,67661.0,68.78250406
1,67654.0,67727.0,66302.0,66457.0,288.83630771
1,66462.0,66807.0,66201.0,66667.0,94.13413376
1,66667.0,66739.0,66397.0,66588.0,80.0701841
1,66588.0,66692.0,65980.0,66139.0,251.15610957
1,66141.0,66361.0,65677.0,66161.0,326.88023489
1,66167.0,66590.0,65921.0,66070.0,183.43302609
1,66069.0,66129.0,65750.0,65936.0,192.34091078
1,65939.0,66233.0,65560.0,65585.0,130.5240954
1,65601.0,65889.0,65505.0,65790.0,219.28367122
1,65793.0,66087.0,65648.0,65986.0,139.00519358
1,65986.0,66095.0,65760.0,65958.0,152.67673782
1,65957.0,66123.0,65952.0,66026.0,84.20912873
1,66040.0,66040.0,65870.0,65975.0,59.14254673
1,65974.0,66359.0,65920.0,66359.0,55.44694825
1,66359.0,66460.0,66246.0,66386.0,52.8560235
1,66386.0,66386.0,66012.0,66124.0,49.39351173
1,66119.0,66197.0,65883.0,66006.0,36.00842085
1,66007.0,66194.0,66007.0,66171.0,24.03432861
1,66183.0,66256.0,66065.0,66226.0,25.60333583
1,66226.0,66332.0,66158.0,66304.0,19.762476799999998
1,66304.0,66443.0,66259.0,66359.0,29.24256764
1,66346.0,66513.0,66343.0,66513.0,20.72082769
1,66511.0,66512.0,66349.0,66364.0,21.67100236
1,66359.0,66359.0,66203.0,66259.0,25.84842498
1,66250.0,66355.0,66082.0,66181.0,21.15230145
1,66180.0,66306.0,66161.0,66287.0,22.97786116
1,66284.0,66481.0,66193.0,66410.0,28.51367856
1,66411.0,67111.0,66359.0,66790.0,85.99758473
1,66798.0,66911.0,66623.0,66694.0,49.68539399
1,66715.0,67245.0,66672.0,66966.0,67.63614884
1,66970.0,67043.0,66805.0,66880.0,28.62088043
1,66880.0,66939.0,66658.0,66804.0,32.68684014
1,66804.0,66903.0,66787.0,66869.0,22.39502113
1,66864.0,66904.0,66765.0,66861.0,26.79834845
1,66861.0,66953.0,66859.0,66872.0,23.90230549
1,66872.0,66872.0,66544.0,66645.0,39.72035986
1,66633.0,66729.0,66547.0,66693.0,40.89235623
1,66693.0,66693.0,66214.0,66321.0,73.79978696
1,66320.0,66444.0,66223.0,66442.0,55.871137420000004
1,66442.0,66557.0,66315.0,66512.0,74.65650099
1,66505.0,66776.0,66484.0,66739.0,58.16439413
1,66743.0,67067.0,66704.0,66850.0,36.278635279999996
1,66850.0,66871.0,66665.0,66674.0,15.8473662
1,66674.0,66762.0,66550.0,66726.0,28.12623455
1,66715.0,66816.0,66587.0,66682.0,25.43975091
1,66676.0,66686.0,66507.0,66611.0,22.42010317
1,66611.0,66710.0,66551.0,66675.0,19.07914094
1,66675.0,66706.0,66478.0,66574.0,29.684261
1,66574.0,66574.0,66361.0,66453.0,27.50307392
1,66453.0,66912.0,66453.0,66764.0,30.25221433
1,66764.0,66812.0,66654.0,66785.0,20.49107119
1,66786.0,66806.0,66473.0,66515.0,35.30849041
1,66515.0,66730.0,66411.0,66532.0,39.6271753
1,66532.0,66659.0,66271.0,66468.0,47.96543688
1,66468.0,66609.0,66384.0,66451.0,60.90564785
1,66451.0,66471.0,66086.0,66331.0,48.88976586
1,66331.0,66479.0,66257.0,66374.0,22.63998899
1,66373.0,66416.0,66274.0,66290.0,24.33799984
1,66290.0,66728.0,66290.0,66548.0,67.32965089
1,66548.0,66699.0,66457.0,66662.0,29.78245017
1,66633.0,66633.0,64955.0,65801.0,294.17401248
1,65817.0,66314.0,65814.0,65954.0,179.06505131
1,65961.0,66994.0,65741.0,66233.0,227.39902264
1,66231.0,66768.0,66231.0,66583.0,159.27244168000001
1,66593.0,67394.0,66503.0,67056.0,167.62108142
1,67059.0,67249.0,66894.0,67098.0,147.08617593
1,67098.0,67580.0,67098.0,67555.0,124.50147948
1,67547.0,67722.0,67363.0,67403.0,143.27360903
1,67435.0,67505.0,67192.0,67249.0,139.57333825
1,67230.0,67559.0,67167.0,67559.0,134.80044578
1,67558.0,67861.0,67541.0,67610.0,127.97504671
1,67608.0,67629.0,67394.0,67432.0,112.45080504
1,67428.0,67447.0,67302.0,67420.0,119.65445753
1,67420.0,67916.0,67417.0,67604.0,121.38531132
1,67604.0,67909.0,67604.0,67847.0,57.05511676
1,67847.0,68109.0,67387.0,67467.0,163.68671805
1,67476.0,67812.0,67036.0,67763.0,139.04146699
1,67758.0,67836.0,67357.0,67577.0,165.11893945
1,67578.0,67590.0,67171.0,67297.0,109.11057024
1,67304.0,67410.0,66592.0,66770.0,115.84634541
1,66770.0,66855.0,66455.0,66590.0,63.60180267
1,66590.0,66600.0,66180.0,66482.0,80.08778965
1,66481.0,66624.0,66471.0,66586.0,29.91821827
1,66587.0,66931.0,66540.0,66753.0,43.80710061
1,66763.0,66935.0,66631.0,66729.0,40.90625684
1,66729.0,66734.0,66360.0,66731.0,35.97736525
1,66741.0,67247.0,66487.0,67128.0,83.85241196
1,67164.0,68340.0,66999.0,67894.0,112.68509161
1,67868.0,68035.0,67723.0,67895.0,40.49975002
1,67895.0,67942.0,67594.0,67642.0,34.64599247
1,67648.0,67797.0,67452.0,67484.0,52.43587293
1,67498.0,67714.0,67339.0,67621.0,65.68685299
1,67621.0,67640.0,67272.0,67446.0,62.33491943
1,67447.0,67458.0,67040.0,67293.0,63.32908205
1,67293.0,67432.0,66624.0,66731.0,54.97593
1,66707.0,66845.0,65926.0,66058.0,79.87366335
1,66045.0,66407.0,66041.0,66308.0,69.90802842
1,66308.0,66814.0,66186.0,66616.0,113.23376902999999
1,66616.0,66869.0,66460.0,66589.0,59.04216442
1,66589.0,67355.0,66589.0,67224.0,144.7024385
1,67244.0,67703.0,66378.0,66532.0,244.83071425
1,66524.0,67226.0,66524.0,66661.0,108.87987607
1,66667.0,67948.0,66667.0,67601.0,110.37161796
1,67600.0,68517.0,67339.0,67451.0,213.71115849
1,67451.0,67876.0,67451.0,67788.0,109.56745365
1,67789.0,67966.0,67657.0,67778.0,89.29548227
1,67772.0,68194.0,67771.0,68194.0,75.39852456
1,68194.0,68344.0,67827.0,68216.0,39.30318204
1,68215.0,68281.0,67897.0,68110.0,49.31208405
1,68126.0,68308.0,68025.0,68215.0,74.49762419
1,68215.0,68269.0,67802.0,68252.0,68.04286903
1,68266.0,68300.0,67706.0,67731.0,47.66494467
1,67731.0,67850.0,67542.0,67605.0,112.39256242
1,67609.0,68184.0,67609.0,68108.0,32.2026416
1,68108.0,68402.0,67966.0,68237.0,37.06123831
1,68229.0,68698.0,68101.0,68404.0,40.26392755
1,68409.0,69193.0,68408.0,69076.0,92.20722313
1,69076.0,69268.0,68640.0,68643.0,63.52855446
1,68653.0,68816.0,68434.0,68641.0,47.40922754
1,68625.0,68706.0,68368.0,68626.0,40.50540104
1,68625.0,68632.0,68387.0,68570.0,44.95258268
1,68565.0,68710.0,68482.0,68691.0,57.50872316
1,68692.0,68733.0,68235.0,68350.0,153.87545535
1,68355.0,68663.0,67907.0,68090.0,146.31141725
1,68089.0,68644.0,68046.0,68564.0,148.67919634
1,68564.0,68939.0,68411.0,68909.0,148.68520051
1,68903.0,68968.0,68589.0,68797.0,69.18285551
1,68788.0,69151.0,68236.0,68245.0,86.31387359
1,68244.0,68305.0,67937.0,68067.0,173.52023951
1,68068.0,68301.0,68017.0,68155.0,166.24404223
1,68146.0,68262.0,67956.0,68176.0,119.5647955
1,68176.0,68529.0,68165.0,68367.0,124.3634399
1,68363.0,68363.0,68071.0,68122.0,84.91554341
1,68123.0,68245.0,68000.0,68102.0,71.41834113
1,68104.0,68644.0,68052.0,68592.0,81.05889926
1,68592.0,68592.0,67042.0,67349.0,260.12814378
1,67348.0,67348.0,66632.0,66853.0,162.15260841
1,66850.0,66956.0,66493.0,66575.0,88.33846519
1,66570.0,66636.0,66216.0,66337.0,83.90186977
1,66337.0,66621.0,66304.0,66591.0,38.31688553
1,66590.0,66808.0,66541.0,66673.0,40.79593279
1,66671.0,66920.0,66555.0,66920.0,18.74371677
1,66919.0,66919.0,66401.0,66422.0,30.97556837
1,66423.0,66491.0,66286.0,66452.0,28.07012336
1,66452.0,66490.0,66212.0,66446.0,26.68868959
1,66468.0,66472.0,66141.0,66224.0,35.9703513
1,66199.0,66227.0,65947.0,66031.0,60.69394293
1,66031.0,66264.0,65696.0,66256.0,134.26655745
1,66236.0,67106.0,66157.0,66857.0,136.3306043
1,66851.0,66986.0,66633.0,66827.0,45.91655199
1,66846.0,67274.0,66744.0,67081.0,71.25616529
1,67093.0,67419.0,66661.0,66672.0,80.6223976
1,66672.0,67061.0,66594.0,66971.0,41.20381945
1,66979.0,67101.0,66875.0,66963.0,47.06094731
1,66974.0,67095.0,66796.0,66939.0,29.715215960000002
1,66939.0,67005.0,66717.0,66932.0,26.92927391
1,66931.0,67029.0,66825.0,66992.0,35.39297014
1,66991.0,67080.0,66853.0,66890.0,25.09273259
1,66890.0,66985.0,66700.0,66771.0,22.74989135
1,66771.0,66895.0,66493.0,66611.0,39.99202331
1,66613.0,66742.0,66282.0,66526.0,33.63509719
1,66526.0,66713.0,66491.0,66582.0,35.94499226
1,66576.0,66681.0,66498.0,66619.0,17.69130587
1,66601.0,66799.0,66424.0,66599.0,15.39419166
1,66599.0,66786.0,66568.0,66786.0,14.91629557
1,66788.0,67242.0,66763.0,67031.0,26.83689081
1,67032.0,67282.0,66913.0,66966.0,14.65055163
1,66948.0,67003.0,66748.0,66856.0,23.92080918
1,66855.0,66899.0,66683.0,66882.0,17.77737526
1,66879.0,67058.0,66830.0,67025.0,28.64040734
1,67036.0,67359.0,66650.0,66720.0,54.42021131
1,66720.0,66734.0,66512.0,66670.0,27.71153365
1,66669.0,66980.0,66642.0,66954.0,24.85863042
1,66930.0,67022.0,66806.0,66826.0,78.05612668
1,66826.0,67066.0,66816.0,67008.0,106.28718998
1,67008.0,67064.0,66758.0,66844.0,27.26013428
1,66844.0,66914.0,66777.0,66815.0,41.231048820000005
1,66815.0,66892.0,66771.0,66870.0,31.47858666
1,66870.0,66903.0,66830.0,66830.0,36.69034471
1,66830.0,66977.0,66829.0,66967.0,24.62410806
1,66961.0,66963.0,66839.0,66893.0,21.54415825
1,66892.0,66944.0,66819.0,66944.0,33.45358325
1,66949.0,66952.0,66871.0,66893.0,15.92342759
1,66893.0,66920.0,66829.0,66845.0,15.81970402
1,66844.0,66911.0,66806.0,66822.0,14.67462604
1,66835.0,66900.0,66829.0,66831.0,6.92359043
1,66830.0,66870.0,66782.0,66859.0,12.64846717
1,66862.0,66930.0,66842.0,66895.0,22.13725892
1,66918.0,67039.0,66909.0,67027.0,10.84568748
1,67026.0,67039.0,66936.0,67004.0,9.12622887
1,67005.0,67045.0,66911.0,66923.0,8.30202859
1,66923.0,66989.0,66913.0,66973.0,13.89237729
1,66973.0,67168.0,66909.0,67163.0,13.4306583
1,67169.0,67223.0,67080.0,67128.0,12.25659278
1,67138.0,67165.0,67051.0,67091.0,6.00840359
1,67094.0,67268.0,67078.0,67196.0,11.975160729999999
1,67199.0,67205.0,67018.0,67204.0,10.16061608
1,67205.0,67528.0,67183.0,67373.0,44.74374305
1,67378.0,67514.0,67323.0,67350.0,29.4445798
1,67350.0,67406.0,67278.0,67335.0,13.28897886
1,67328.0,67365.0,67262.0,67285.0,27.89859318
1,67293.0,67520.0,67266.0,67270.0,25.096500080000002
1,67270.0,67288.0,67182.0,67255.0,20.95376875
1,67268.0,67463.0,67208.0,67347.0,18.58961874
1,67340.0,67459.0,67336.0,67389.0,11.5016812
1,67389.0,67394.0,67251.0,67290.0,31.485908719999998
1,67296.0,67301.0,67152.0,67188.0,17.38153928
1,67195.0,67213.0,67073.0,67095.0,15.18062845
1,67073.0,67162.0,66942.0,67162.0,11.60294035
1,67162.0,67181.0,67081.0,67119.0,8.15012394
1,67119.0,67171.0,67066.0,67081.0,7.37027301
1,67081.0,67135.0,66889.0,66910.0,20.39022446
1,66918.0,66943.0,66608.0,66790.0,29.25650863
1,66800.0,66899.0,66710.0,66812.0,13.08365641
1,66812.0,66928.0,66809.0,66927.0,9.11360384
1,66928.0,67034.0,66892.0,67015.0,7.08851773
1,67014.0,67135.0,66956.0,67035.0,10.92717392
1,67036.0,67068.0,66964.0,66979.0,31.4084802
1,66979.0,66994.0,66669.0,66774.0,35.06925425
1,66774.0,66904.0,66684.0,66881.0,29.52883229
1,66880.0,66951.0,66823.0,66904.0,22.102890509999998
1,66904.0,67820.0,66819.0,67282.0,78.26433658
1,67295.0,67392.0,67158.0,67190.0,25.53172755
1,67198.0,67379.0,67174.0,67340.0,13.73211528
1,67348.0,67436.0,67260.0,67371.0,12.44368775
1,67385.0,67540.0,67264.0,67333.0,18.26337565
1,67343.0,67685.0,67318.0,67628.0,32.75387559
1,67638.0,67664.0,67406.0,67519.0,23.94262234
1,67528.0,68353.0,67327.0,68321.0,81.35204088
1,68321.0,69104.0,68240.0,68999.0,91.47850082
1,69005.0,69568.0,69005.0,69058.0,78.49869646
1,69066.0,69102.0,68766.0,68786.0,48.46611576
1,68763.0,69385.0,68754.0,69188.0,42.0764637
1,69188.0,69229.0,69039.0,69100.0,29.308910270000002
1,69100.0,69191.0,68956.0,69112.0,18.003103499999998
1,69113.0,69226.0,69078.0,69183.0,12.18427867
1,69183.0,69330.0,68792.0,68957.0,45.53375197
1,68957.0,69192.0,68814.0,69101.0,41.78130214
1,69105.0,69335.0,69069.0,69236.0,15.01095401
1,69215.0,70275.0,69200.0,69728.0,206.81292876
1,69768.0,69948.0,69703.0,69765.0,30.5116663
1,69765.0,69765.0,69574.0,69619.0,33.30612082
1,69637.0,69637.0,69330.0,69347.0,43.02840594
1,69357.0,69541.0,69236.0,69402.0,66.5342567
1,69422.0,69819.0,69162.0,69659.0,105.61644781
1,69659.0,69983.0,69525.0,69961.0,51.64833369
1,69975.0,70355.0,69798.0,69798.0,62.6017091
1,69808.0,69826.0,69273.0,69580.0,72.02226779
1,69580.0,69954.0,69480.0,69898.0,46.645644419999996
1,69900.0,69900.0,69589.0,69752.0,32.87880986
1,69743.0,69988.0,69619.0,69839.0,55.00327621
1,69833.0,69833.0,69450.0,69520.0,25.75540085
1,69519.0,69586.0,68817.0,68821.0,57.85975267
1,68810.0,68914.0,68332.0,68857.0,48.64520642
1,68856.0,69119.0,68728.0,68797.0,32.15226373
1,68754.0,68899.0,68345.0,68404.0,33.77954166
1,68390.0,68709.0,68284.0,68661.0,61.43411095
1,68677.0,68790.0,68626.0,68776.0,22.37751791
1,68775.0,68981.0,68541.0,68851.0,24.01095005
1,68851.0,68859.0,68616.0,68658.0,20.598131350000003
1,68660.0,68660.0,68444.0,68576.0,22.95231524
1,68540.0,68691.0,68498.0,68621.0,17.59443455
1,68622.0,68987.0,68608.0,68937.0,36.47682643
1,68937.0,69249.0,68930.0,69153.0,35.13252667
1,69153.0,69209.0,68203.0,68222.0,54.97061457
1,68221.0,68450.0,68067.0,68339.0,37.55385026
1,68338.0,68604.0,68071.0,68377.0,37.91425989
1,68391.0,68625.0,68196.0,68236.0,38.01104926
1,68226.0,68249.0,67754.0,67853.0,70.97203085
1,67838.0,68245.0,67724.0,68152.0,67.690682
1,68154.0,68423.0,68074.0,68222.0,73.87152528
1,68221.0,68997.0,68192.0,68692.0,39.81182889
1,68709.0,68767.0,68342.0,68434.0,30.883529640000003
1,68434.0,69079.0,68344.0,69007.0,59.1367539
1,68996.0,69523.0,68996.0,69323.0,73.95107994
1,69315.0,70200.0,69315.0,69916.0,124.02290137
1,69916.0,71518.0,69916.0,71504.0,277.84503845
1,71518.0,72762.0,71189.0,71940.0,262.69986806000003
1,71911.0,72104.0,71537.0,71696.0,83.52752227
1,71709.0,71748.0,71445.0,71467.0,51.057864110000004
1,71477.0,71720.0,71234.0,71357.0,57.34565936
1,71362.0,71487.0,71280.0,71292.0,47.06566285
1,71291.0,71669.0,71288.0,71566.0,28.14782734
1,71570.0,71829.0,71557.0,71721.0,37.13023477
1,71720.0,71940.0,71588.0,71719.0,34.18194236
1,71718.0,71907.0,71588.0,71637.0,88.01171644
1,71639.0,71820.0,71639.0,71802.0,32.6377556
1,71808.0,71952.0,71584.0,71681.0,15.163531990000001
1,71681.0,71772.0,71461.0,71489.0,20.8899692
1,71474.0,71738.0,71415.0,71690.0,28.955506879999998
1,71698.0,72154.0,71594.0,72081.0,100.65457495
1,72080.0,72865.0,71506.0,71604.0,290.44014795
1,71588.0,71750.0,70705.0,70898.0,214.07898963
1,70909.0,71350.0,70830.0,71303.0,53.46879121
1,71294.0,71684.0,71248.0,71604.0,178.02284112
1,71604.0,71974.0,71504.0,71902.0,89.83052492
1,71901.0,71901.0,71081.0,71095.0,82.02110217
1,71095.0,71385.0,71015.0,71324.0,40.13499928
1,71333.0,71491.0,71293.0,71382.0,28.66329182
1,71381.0,71756.0,71343.0,71550.0,27.59104685
1,71550.0,71565.0,71070.0,71087.0,22.4916665
1,71069.0,71212.0,70911.0,71110.0,30.02408016
1,71064.0,71140.0,70660.0,70812.0,30.88676275
1,70811.0,70956.0,70480.0,70924.0,37.42319079
1,70940.0,71205.0,70816.0,71044.0,27.44154557
1,71055.0,71105.0,70844.0,70989.0,22.69736989
1,71006.0,71007.0,70754.0,70782.0,16.36809469
1,70769.0,71098.0,70708.0,70989.0,20.46126748
1,71006.0,71096.0,70830.0,71036.0,11.96306958
1,71054.0,71110.0,70971.0,70988.0,19.751439089999998
1,70988.0,71368.0,70896.0,71265.0,31.71218798
1,71249.0,71573.0,71113.0,71545.0,44.70641165
1,71545.0,71548.0,71289.0,71289.0,19.270880990000002
1,71279.0,71364.0,71056.0,71159.0,57.051865729999996
1,71158.0,71317.0,71048.0,71287.0,18.850121469999998
1,71308.0,71363.0,70629.0,70806.0,84.28637514
1,70811.0,71248.0,70540.0,71135.0,130.8392031
1,71135.0,72359.0,70937.0,72136.0,160.21311454
1,72148.0,72407.0,71751.0,72091.0,417.14233841
1,72090.0,72571.0,72089.0,72352.0,173.84763412
1,72360.0,72379.0,71752.0,71899.0,32.22877486
1,71891.0,72301.0,71761.0,72123.0,91.62623183
1,72106.0,72468.0,72003.0,72433.0,127.53555472
1,72435.0,72719.0,72158.0,72267.0,57.31741438
1,72292.0,73159.0,71963.0,71963.0,82.34023154
1,71955.0,72044.0,71584.0,71812.0,49.03516268
1,71797.0,72047.0,71609.0,71954.0,44.36356387
1,71971.0,72380.0,71681.0,72174.0,51.7608458
1,72164.0,72288.0,71926.0,71952.0,35.51586921
1,71969.0,72040.0,71821.0,71882.0,22.79469891
1,71893.0,72210.0,71836.0,72132.0,29.0642715
1,72132.0,72281.0,72027.0,72132.0,25.0425604
1,72138.0,72193.0,71803.0,71827.0,22.75227268
1,71813.0,71851.0,71438.0,71489.0,24.73922212
1,71490.0,71767.0,71432.0,71617.0,32.50334686
1,71618.0,71872.0,71601.0,71792.0,25.29173396
1,71781.0,71941.0,71723.0,71921.0,25.61283288
1,71921.0,72273.0,71916.0,72147.0,32.94708277
1,72144.0,72481.0,72029.0,72267.0,43.295201750000004
1,72269.0,72412.0,71925.0,72346.0,86.78883465
1,72346.0,73189.0,72299.0,72964.0,470.03154845
1,72969.0,73332.0,72395.0,72475.0,280.81520619
1,72491.0,73086.0,72421.0,72987.0,190.04428193
1,72984.0,73178.0,72828.0,73153.0,155.37456815000002
1,73153.0,73184.0,72919.0,73150.0,271.61685008
1,73163.0,73311.0,72947.0,73290.0,187.13941031
1,73285.0,73465.0,73088.0,73394.0,186.89514019
1,73395.0,73395.0,72969.0,73223.0,32.47212933
1,73233.0,73274.0,72793.0,72904.0,54.51934971
1,72898.0,72996.0,72820.0,72980.0,24.91795776
1,72980.0,72981.0,72826.0,72851.0,18.02099749
1,72853.0,73028.0,72713.0,72977.0,27.03675492
1,72982.0,73129.0,72950.0,72985.0,26.29970705
1,73000.0,73111.0,72855.0,72904.0,17.68074302
1,72905.0,72991.0,72721.0,72842.0,20.25619171
1,72842.0,72868.0,72709.0,72757.0,18.65067975
1,72758.0,72806.0,72667.0,72801.0,20.33046414
1,72805.0,72860.0,72712.0,72756.0,20.71450855
1,72779.0,72837.0,72678.0,72712.0,35.01770934
1,72704.0,72947.0,72665.0,72947.0,25.30491312
1,72951.0,72951.0,72810.0,72877.0,22.16682763
1,72876.0,72944.0,72864.0,72935.0,11.49984459
1,72940.0,73010.0,72854.0,72964.0,18.38354802
1,72968.0,72968.0,72559.0,72700.0,101.37949652
1,72684.0,72785.0,72643.0,72728.0,31.14862265
1,72728.0,72923.0,72715.0,72896.0,22.34921264
1,72896.0,73235.0,72857.0,73072.0,45.80332961
1,73072.0,73212.0,72982.0,73124.0,34.55013142
1,73132.0,73764.0,73075.0,73579.0,66.2216665
1,73590.0,73832.0,73502.0,73707.0,41.77252002
1,73708.0,73724.0,73264.0,73341.0,41.40654126
1,73344.0,73575.0,73241.0,73466.0,29.74722099
1,73465.0,73597.0,73274.0,73411.0,20.9609566
1,73411.0,73411.0,72944.0,73071.0,43.34938153
1,73060.0,73146.0,72902.0,73096.0,27.08404372
1,73098.0,73166.0,71349.0,71678.0,111.0027932
1,71677.0,72031.0,71384.0,71789.0,83.74507401
1,71800.0,71880.0,71632.0,71633.0,26.90383211
1,71617.0,71706.0,71482.0,71508.0,39.87761337
1,71507.0,71808.0,71446.0,71745.0,19.82105938
1,71744.0,71785.0,71679.0,71687.0,7.26949935
1,71688.0,71779.0,71632.0,71727.0,15.15491588
1,71713.0,71819.0,71639.0,71663.0,35.89871865
1,71662.0,71663.0,71549.0,71568.0,18.632982469999998
1,71567.0,71709.0,71386.0,71486.0,20.10529353
1,71485.0,71574.0,71459.0,71501.0,14.06697919
1,71500.0,71532.0,71112.0,71112.0,38.85195005
1,71111.0,71174.0,70893.0,70916.0,87.38411379
1,70918.0,71111.0,70721.0,70770.0,58.2545844
1,70770.0,70953.0,70626.0,70917.0,43.51884538
1,70917.0,70979.0,70852.0,70957.0,21.6655192
1,70957.0,71227.0,70935.0,71170.0,21.36089561
1,71171.0,71234.0,71095.0,71170.0,11.77229928
1,71170.0,71258.0,71106.0,71118.0,22.16594659
1,71117.0,71458.0,70983.0,71368.0,38.50616009
1,71367.0,71460.0,71203.0,71393.0,46.597205
1,71394.0,71397.0,70526.0,70920.0,121.81542737
1,70899.0,70899.0,70584.0,70746.0,21.86049489
1,70742.0,71284.0,70624.0,71192.0,101.0761291
1,71201.0,71236.0,71043.0,71228.0,26.40253658
1,71226.0,71289.0,71018.0,71090.0,18.32471646
1,71099.0,71169.0,70934.0,71009.0,20.2271756
1,71005.0,71154.0,70878.0,70922.0,31.978805140000002
1,70919.0,70927.0,70691.0,70875.0,19.60339658
1,70898.0,71121.0,70897.0,71050.0,10.99281939
1,71064.0,71087.0,70709.0,70847.0,23.83601237
1,70846.0,70881.0,70584.0,70705.0,36.05330265
1,70706.0,70909.0,70704.0,70794.0,22.51033927
1,70794.0,70851.0,70695.0,70756.0,33.02661822
1,70760.0,70993.0,70760.0,70945.0,24.57972264
1,70941.0,71232.0,70777.0,71100.0,38.65964067
1,71110.0,71711.0,70844.0,71684.0,238.57130657000002
1,71703.0,72464.0,71497.0,72464.0,516.3547809
1,72464.0,72530.0,71701.0,71919.0,471.3865756
1,71918.0,72470.0,71733.0,72250.0,237.61476842
1,72250.0,72629.0,72125.0,72193.0,456.90834915
1,72193.0,72503.0,72125.0,72468.0,210.98439206
1,72468.0,73541.0,72338.0,73401.0,348.24477727
1,73384.0,73447.0,73077.0,73215.0,421.04738056
1,73216.0,73401.0,73137.0,73208.0,48.88536155
1,73204.0,74760.0,73204.0,74661.0,180.20606991
1,74663.0,74911.0,74447.0,74447.0,83.94759934
1,74451.0,74540.0,74129.0,74191.0,52.03335621
1,74188.0,74462.0,74031.0,74422.0,36.28630547
1,74424.0,74595.0,74327.0,74368.0,22.09205535
1,74368.0,74524.0,74291.0,74476.0,24.92765367
1,74472.0,74539.0,74394.0,74421.0,21.81368937
1,74421.0,74465.0,74195.0,74233.0,18.34944689
1,74239.0,74587.0,74239.0,74572.0,17.62703309
1,74566.0,74959.0,74480.0,74560.0,45.18061515
1,74589.0,74924.0,74495.0,74791.0,76.97860915
1,74807.0,74876.0,74477.0,74538.0,29.754456649999998
1,74543.0,74642.0,74381.0,74406.0,34.17154537
1,74389.0,74496.0,74343.0,74411.0,61.3404377
1,74393.0,74497.0,74300.0,74477.0,43.54476723
1,74477.0,75601.0,74436.0,75601.0,678.0833765
1,75601.0,76120.0,75077.0,75077.0,456.20550755
1,75066.0,75490.0,74591.0,75368.0,255.33714262
1,75357.0,75757.0,74572.0,74706.0,516.13573676
1,74706.0,74997.0,74313.0,74800.0,347.25624058
1,74801.0,74856.0,73889.0,74148.0,357.59094186
1,74148.0,74460.0,73946.0,74300.0,696.85947187
1,74301.0,74490.0,74064.0,74143.0,134.27823046
1,74143.0,74346.0,73992.0,74302.0,72.44219099
1,74311.0,74417.0,73861.0,74070.0,29.74829114
1,74069.0,74265.0,74047.0,74184.0,30.70070732
1,74183.0,74712.0,74164.0,74613.0,56.92932083
1,74613.0,74818.0,74543.0,74651.0,35.67231623
1,74643.0,74733.0,74225.0,74361.0,25.08157702
1,74363.0,74397.0,74219.0,74379.0,12.42491915
1,74379.0,74468.0,74300.0,74380.0,22.72417081
1,74380.0,74472.0,73915.0,74056.0,29.66571919
1,74059.0,74067.0,73902.0,73931.0,13.60834408
1,73929.0,74039.0,73528.0,73766.0,27.530409600000002
1,73763.0,74211.0,73707.0,74144.0,22.21731779
1,74141.0,74203.0,73936.0,74041.0,38.94616664
1,74037.0,74259.0,73822.0,73889.0,34.2035454
1,73898.0,74277.0,73892.0,74207.0,28.96943593
1,74216.0,74491.0,74079.0,74305.0,27.751399160000002
1,74300.0,74453.0,73840.0,74076.0,50.58216327
1,74073.0,74532.0,73845.0,74165.0,70.48372918
1,74176.0,74339.0,73613.0,73865.0,66.6768696
1,73844.0,74196.0,73781.0,73945.0,25.46700368
1,73953.0,74255.0,73932.0,74138.0,28.21237937
1,74151.0,74422.0,74086.0,74419.0,30.33500179
1,74419.0,75317.0,74376.0,75019.0,54.90781784
1,75031.0,75063.0,74548.0,74876.0,34.37323849
1,74866.0,74882.0,74574.0,74773.0,26.15135973
1,74773.0,75445.0,74768.0,74984.0,42.10610705
1,74992.0,74992.0,74643.0,74818.0,19.22552548
1,74828.0,74887.0,74487.0,74827.0,23.06478062
1,74807.0,74808.0,74455.0,74669.0,18.28393319
1,74676.0,75284.0,74619.0,74905.0,43.35896719
1,74929.0,75171.0,74889.0,74895.0,21.37051444
1,74900.0,75181.0,74755.0,74970.0,18.17901593
1,74966.0,75158.0,74920.0,75055.0,25.11904388
1,75063.0,75123.0,74886.0,75056.0,24.85078418
1,75055.0,75092.0,74660.0,74717.0,27.07921697
1,74717.0,74753.0,74530.0,74683.0,25.46508385
1,74682.0,74916.0,74611.0,74628.0,24.75841964
1,74615.0,74663.0,74279.0,74326.0,26.90355595
1,74331.0,74594.0,74309.0,74586.0,61.003302229999996
1,74594.0,74877.0,74594.0,74637.0,18.12880156
1,74640.0,75037.0,73309.0,73793.0,169.26371236
1,73787.0,74207.0,73433.0,73985.0,119.14948282
1,73985.0,74896.0,73957.0,74718.0,96.72224237
1,74718.0,74948.0,74082.0,74201.0,109.89483662
1,74194.0,74457.0,73920.0,74338.0,47.72539702
1,74358.0,75116.0,74261.0,75049.0,46.80965789
1,75051.0,75425.0,74749.0,75377.0,116.49283922
1,75367.0,75541.0,75026.0,75239.0,38.45600223
1,75244.0,75298.0,74820.0,74950.0,18.81002117
1,74950.0,75137.0,74857.0,74889.0,26.36999793
1,74889.0,75192.0,74862.0,75178.0,18.82193829
1,75172.0,75172.0,74913.0,74969.0,20.56777932
1,74969.0,75057.0,74597.0,74773.0,26.38937004
1,74773.0,74827.0,74571.0,74712.0,19.184539009999998
1,74720.0,74855.0,74633.0,74639.0,17.89882446
1,74639.0,74862.0,74618.0,74803.0,13.03641621
1,74804.0,74823.0,74580.0,74677.0,10.7801816
1,74674.0,74957.0,74626.0,74956.0,16.501920169999998
1,74960.0,75113.0,74960.0,75095.0,23.85940354
1,75094.0,75895.0,75020.0,75782.0,42.6686725
1,75793.0,76372.0,75542.0,75801.0,135.6256598
1,75800.0,75896.0,75124.0,75319.0,80.40575955999999
1,75315.0,75628.0,75278.0,75623.0,36.64258555
1,75613.0,76295.0,75571.0,76288.0,81.86773399
1,76267.0,77449.0,76097.0,77353.0,356.74215986
1,77380.0,78168.0,77055.0,77995.0,536.97266086
1,77995.0,78056.0,77491.0,77833.0,347.18270254
1,77835.0,78384.0,77772.0,77907.0,213.33941478
1,77907.0,77961.0,77153.0,77562.0,153.68717924999999
1,77561.0,77606.0,77126.0,77211.0,65.28389773
1,77208.0,77523.0,77052.0,77451.0,127.32975133
1,77452.0,77674.0,77201.0,77380.0,127.83167175
1,77379.0,77531.0,77320.0,77487.0,39.55348419
1,77483.0,77544.0,77300.0,77332.0,23.00633672
1,77332.0,77332.0,76939.0,77108.0,42.08141554
1,77107.0,77280.0,77024.0,77195.0,32.38930064
1,77195.0,77370.0,77155.0,77251.0,19.26564665
1,77245.0,77451.0,77173.0,77327.0,13.9017193
1,77325.0,77330.0,77004.0,77036.0,21.40381315
1,77031.0,77188.0,76926.0,77160.0,16.37699615
1,77157.0,77294.0,77153.0,77168.0,10.13375219
1,77169.0,77248.0,77099.0,77176.0,24.98351061
1,77161.0,77161.0,76919.0,77018.0,19.88969665
1,77018.0,77064.0,76530.0,76775.0,80.64747719
1,76769.0,76769.0,76455.0,76631.0,25.03619342
1,76623.0,76623.0,76179.0,76212.0,32.94716897
1,76217.0,76217.0,75795.0,76075.0,25.23839009
1,76078.0,76323.0,76078.0,76237.0,20.39784251
1,76237.0,76237.0,75831.0,76153.0,15.8567606
1,76154.0,76315.0,76020.0,76283.0,21.17396355
1,76282.0,76411.0,76053.0,76193.0,19.81571476
1,76193.0,76244.0,75712.0,75969.0,43.735591979999995
1,75973.0,75982.0,75810.0,75881.0,17.97773788
1,75866.0,75866.0,75441.0,75678.0,38.830989439999996
1,75676.0,75822.0,75616.0,75693.0,18.12324742
1,75691.0,75866.0,75645.0,75785.0,17.99056212
1,75785.0,75869.0,75637.0,75851.0,12.15602998
1,75845.0,75904.0,75646.0,75859.0,20.79405648
1,75859.0,75917.0,75737.0,75737.0,7.82365379
1,75734.0,75877.0,75598.0,75718.0,18.59858798
1,75733.0,75820.0,75475.0,75653.0,14.273413009999999
1,75632.0,75750.0,75437.0,75542.0,22.07084343
1,75538.0,75665.0,75402.0,75552.0,21.81374689
1,75553.0,75806.0,75462.0,75701.0,16.92616447
1,75699.0,75711.0,75561.0,75588.0,8.86902592
1,75579.0,75579.0,75335.0,75426.0,17.16834915
1,75427.0,75434.0,74935.0,75299.0,38.20636396
1,75296.0,75329.0,75121.0,75289.0,13.14685242
1,75292.0,75302.0,74971.0,75046.0,17.72231136
1,75039.0,75262.0,74980.0,75259.0,18.88187491
1,75260.0,75662.0,75254.0,75637.0,20.636580000000002
1,75648.0,75726.0,75478.0,75602.0,16.40725405
1,75606.0,76264.0,75596.0,75952.0,39.48182852
1,75953.0,76175.0,75712.0,76065.0,66.78357464
1,76069.0,76190.0,75443.0,75875.0,63.19562564
1,75875.0,75887.0,75299.0,75409.0,29.35301727
1,75413.0,75413.0,74674.0,74811.0,64.9606059
1,74810.0,74933.0,74631.0,74813.0,41.23854896
1,74830.0,75101.0,74830.0,75004.0,14.09199314
1,75004.0,75004.0,74456.0,74661.0,43.81359668
1,74662.0,74850.0,74387.0,74471.0,21.86837836
1,74461.0,74461.0,73804.0,74050.0,125.33210027999999
1,74059.0,74082.0,73825.0,73825.0,39.66014948
1,73834.0,74386.0,73753.0,74319.0,53.28091392
1,74312.0,74769.0,74234.0,74619.0,34.4991053
1,74619.0,74647.0,74341.0,74447.0,29.91318013
1,74460.0,74671.0,74398.0,74664.0,11.02403786
1,74665.0,74665.0,74472.0,74601.0,11.35633156
1,74600.0,74600.0,74139.0,74299.0,23.22197164
1,74300.0,74910.0,74293.0,74825.0,24.60244997
1,74826.0,75590.0,74710.0,74846.0,48.05808364
1,74867.0,75028.0,74647.0,74762.0,37.40808345
1,74754.0,75254.0,74737.0,75091.0,35.884337880000004
1,75093.0,75424.0,75042.0,75055.0,25.30458811
1,75073.0,75311.0,74998.0,75226.0,19.09699212
1,75222.0,75684.0,75114.0,75326.0,26.82147214
1,75345.0,75461.0,74879.0,75314.0,43.17320282
1,75301.0,75797.0,74940.0,75065.0,51.01458996
1,75111.0,75811.0,74738.0,75754.0,63.70308135
1,75759.0,75759.0,75333.0,75367.0,28.23064815
1,75370.0,76003.0,75326.0,75931.0,49.88277116
1,75944.0,76488.0,75944.0,76441.0,72.08243873
1,76451.0,76507.0,76184.0,76324.0,24.66932325
1,76333.0,76597.0,76169.0,76320.0,17.81410646
1,76319.0,76400.0,75817.0,75988.0,31.37504464
1,75989.0,76180.0,75935.0,76003.0,13.16496959
1,76002.0,76002.0,75652.0,75870.0,37.02967874
1,75870.0,76128.0,75734.0,76123.0,20.52123831
1,76122.0,76283.0,75911.0,75955.0,9.88856428
1,75955.0,75955.0,75600.0,75627.0,13.06575261
1,75613.0,75751.0,75518.0,75750.0,9.397786589999999
1,75744.0,75843.0,75635.0,75843.0,7.37769601
1,75844.0,76013.0,75824.0,75844.0,11.07339815
1,75844.0,76158.0,75739.0,76023.0,22.50559098
1,76011.0,76331.0,75858.0,76126.0,34.95992468
1,76127.0,76944.0,76118.0,76541.0,47.48313651
1,76540.0,76601.0,76189.0,76394.0,21.82433648
1,76395.0,76900.0,76390.0,76780.0,50.91377765
1,76781.0,76781.0,76373.0,76475.0,72.83715651
1,76481.0,76549.0,75734.0,76042.0,64.90813962
1,76042.0,76199.0,75757.0,75922.0,113.62296484
1,75922.0,76632.0,75646.0,75688.0,78.86393608
1,75689.0,76003.0,75446.0,75841.0,79.6035402
1,75848.0,76200.0,75782.0,75801.0,40.96146152
1,75801.0,75902.0,75085.0,75567.0,74.64395638
1,75567.0,75682.0,75318.0,75621.0,47.4040332
1,75621.0,75923.0,74817.0,75034.0,136.46242644
1,75032.0,75871.0,74996.0,75731.0,61.6417543
1,75713.0,75789.0,75466.0,75568.0,31.19900947
1,75565.0,75663.0,75318.0,75663.0,15.61858997
1,75663.0,76447.0,75646.0,76345.0,39.89901913
1,76346.0,76524.0,76246.0,76377.0,31.28112646
1,76391.0,76433.0,76154.0,76323.0,13.02340758
1,76333.0,77662.0,76242.0,77622.0,80.70854452
1,77626.0,77741.0,77432.0,77551.0,28.30044913
1,77547.0,77706.0,77384.0,77524.0,28.83909748
1,77531.0,78446.0,77467.0,77990.0,97.87325129
1,77989.0,78042.0,77907.0,78007.0,61.53447663
1,78016.0,78126.0,77837.0,78008.0,25.75952041
1,78019.0,78219.0,77956.0,78013.0,40.92891288
1,78006.0,78200.0,77967.0,78033.0,20.17803379
1,78013.0,78191.0,77972.0,78179.0,17.59513547
1,78179.0,78421.0,78123.0,78307.0,30.6419155
1,78313.0,78533.0,78150.0,78269.0,80.94065051
1,78268.0,78872.0,78203.0,78869.0,80.68333907
1,78873.0,79214.0,78610.0,79085.0,326.26804258
1,79086.0,79460.0,78870.0,79329.0,168.12690273
1,79321.0,79500.0,78676.0,78772.0,84.76222935
1,78770.0,79057.0,78738.0,78932.0,25.19803474
1,78946.0,79185.0,78857.0,79059.0,31.877978560000003
1,79059.0,79094.0,78730.0,78877.0,86.16798069
1,78877.0,78943.0,78443.0,78452.0,54.99942686
1,78462.0,78852.0,78450.0,78789.0,41.56523568
1,78788.0,78860.0,78489.0,78650.0,20.02438533
1,78646.0,78646.0,78186.0,78208.0,23.68132248
1,78209.0,78604.0,77618.0,78439.0,47.87155829
1,78436.0,78479.0,78093.0,78379.0,18.52837184
1,78383.0,78383.0,77793.0,77971.0,23.53893983
1,77969.0,78047.0,77505.0,77766.0,38.52030522
1,77748.0,77965.0,77704.0,77959.0,14.47132617
1,77953.0,78119.0,77799.0,78047.0,27.98279534
1,78075.0,78370.0,78075.0,78241.0,15.24507168
1,78235.0,78275.0,78014.0,78059.0,7.40527294
1,78076.0,78186.0,77753.0,77901.0,18.5930226
1,77891.0,77891.0,77457.0,77670.0,56.77768538
1,77670.0,77720.0,77209.0,77428.0,53.77931051
1,77459.0,77795.0,77412.0,77756.0,21.88651196
1,77739.0,77894.0,77552.0,77890.0,27.09126834
1,77898.0,77935.0,77408.0,77557.0,38.70653444
1,77545.0,78231.0,77452.0,78223.0,85.81231381
1,78210.0,78695.0,78015.0,78406.0,67.28095583
1,78406.0,78533.0,78064.0,78136.0,42.46818053
1,78134.0,78204.0,76988.0,77792.0,99.40251893
1,77792.0,78167.0,77698.0,77698.0,44.98193967
1,77703.0,77909.0,77611.0,77733.0,57.27436431
1,77733.0,78070.0,77671.0,77914.0,43.40194976
1,77898.0,78090.0,77818.0,77896.0,25.30772313
1,77895.0,78348.0,77895.0,78252.0,35.43969288
1,78252.0,78320.0,78054.0,78269.0,16.668449029999998
1,78269.0,78518.0,78198.0,78408.0,18.05583143
1,78442.0,78465.0,77985.0,78456.0,51.58101963
1,78454.0,78557.0,78105.0,78161.0,17.19230753
1,78147.0,78196.0,77585.0,77762.0,29.43579777
1,77740.0,77880.0,77471.0,77695.0,16.2652311
1,77687.0,78055.0,77480.0,77975.0,18.45614751
1,77975.0,78003.0,77790.0,77809.0,12.30296397
1,77806.0,77874.0,77574.0,77671.0,10.52355508
1,77677.0,78028.0,77598.0,77804.0,23.50359628
1,77804.0,77821.0,77434.0,77549.0,13.894836
1,77543.0,77806.0,77476.0,77777.0,21.07152421
1,77776.0,78393.0,77776.0,78256.0,67.14241897
1,78259.0,78357.0,78048.0,78281.0,33.08250355
1,78298.0,78486.0,77932.0,78111.0,53.36999762
1,78111.0,78111.0,77702.0,78071.0,140.1744519
1,78063.0,78253.0,77604.0,78075.0,79.43522125
1,78075.0,78078.0,77607.0,77806.0,42.15898196
1,77797.0,77838.0,77488.0,77694.0,40.89568706
1,77699.0,77738.0,77368.0,77612.0,57.641872400000004
1,77638.0,77763.0,77557.0,77643.0,36.29926653
1,77642.0,77784.0,77478.0,77752.0,21.67392909
1,77746.0,77785.0,77580.0,77580.0,26.86321765
1,77575.0,77645.0,77295.0,77358.0,22.3216321
1,77364.0,77483.0,77364.0,77466.0,8.55110238
1,77460.0,77520.0,77339.0,77468.0,7.95396914
1,77475.0,77637.0,77466.0,77576.0,9.02866888
1,77576.0,77672.0,77535.0,77633.0,7.21281422
1,77633.0,77738.0,77580.0,77685.0,5.61569775
1,77703.0,77727.0,77633.0,77658.0,7.8333762
1,77648.0,77648.0,77513.0,77544.0,8.58494361
1,77544.0,77601.0,77517.0,77546.0,6.43323019
1,77530.0,77582.0,77477.0,77531.0,7.28592948
1,77524.0,77682.0,77523.0,77672.0,5.98094493
1,77672.0,77788.0,77616.0,77744.0,14.51835454
1,77742.0,77906.0,77742.0,77813.0,9.49292086
1,77812.0,77812.0,77643.0,77695.0,20.41234597
1,77704.0,77738.0,77573.0,77587.0,6.55712051
1,77586.0,77732.0,77580.0,77721.0,18.8223478
1,77721.0,77767.0,77667.0,77685.0,8.5315735
1,77685.0,77739.0,77340.0,77363.0,28.461206089999997
1,77362.0,77481.0,77173.0,77431.0,33.64590039
1,77432.0,77432.0,77239.0,77270.0,9.60806103
1,77269.0,77406.0,77236.0,77318.0,15.456402910000001
1,77317.0,77368.0,77214.0,77346.0,8.96345091
1,77347.0,77500.0,77337.0,77500.0,7.101023
1,77500.0,77548.0,77439.0,77547.0,11.22184805
1,77547.0,77652.0,77529.0,77578.0,9.21883498
1,77578.0,77666.0,77557.0,77639.0,5.94303528
1,77639.0,77649.0,77478.0,77530.0,7.1583343500000005
1,77531.0,77588.0,77482.0,77482.0,9.84992768
1,77483.0,77607.0,77483.0,77536.0,3.59250612
1,77536.0,77561.0,77348.0,77435.0,10.66442898
1,77415.0,77834.0,77408.0,77791.0,16.30074703
1,77789.0,78212.0,77741.0,77999.0,57.00020926
1,77999.0,78055.0,77911.0,78008.0,20.33158496
1,78008.0,78136.0,77990.0,78123.0,7.87223534
1,78123.0,78226.0,78047.0,78060.0,19.93165295
1,78059.0,78072.0,77937.0,78021.0,13.38284165
1,78021.0,78067.0,77979.0,78009.0,8.47704503
1,78009.0,78160.0,78009.0,78128.0,4.81199854
1,78127.0,78127.0,77790.0,77846.0,22.92305122
1,77845.0,78009.0,77813.0,77984.0,11.83574074
1,77981.0,78183.0,77906.0,78108.0,31.47127722
1,78109.0,78138.0,78027.0,78066.0,14.739864599999999
1,78066.0,78105.0,77957.0,77957.0,10.15609474
1,77957.0,78070.0,77863.0,78041.0,24.12741163
1,78046.0,78368.0,78013.0,78307.0,62.44841088
1,78317.0,78520.0,78036.0,78252.0,37.36072362
1,78250.0,78396.0,78173.0,78228.0,25.001991399999998
1,78222.0,78969.0,77872.0,78433.0,76.67149792000001
1,78422.0,78875.0,77985.0,78347.0,71.8572465
1,78336.0,78919.0,78071.0,78660.0,40.662188210000004
1,78666.0,79386.0,78420.0,79270.0,67.78297836
1,79306.0,79490.0,78749.0,79301.0,69.60776537
1,79305.0,79319.0,79057.0,79166.0,24.41127872
1,79156.0,79335.0,79091.0,79124.0,20.68316969
1,79123.0,79177.0,78896.0,78950.0,45.850335199999996
1,78945.0,78956.0,77594.0,77807.0,85.0606091
1,77787.0,77888.0,77492.0,77746.0,28.98094885
1,77721.0,77743.0,77581.0,77630.0,19.36484179
1,77629.0,77817.0,77575.0,77814.0,14.95553904
1,77806.0,77983.0,77720.0,77907.0,18.74073168
1,77901.0,77943.0,77798.0,77864.0,26.56873446
1,77864.0,77894.0,77756.0,77861.0,13.89762251
1,77859.0,77875.0,77625.0,77660.0,23.16027743
1,77663.0,77962.0,77583.0,77757.0,26.45936064
1,77753.0,78269.0,77685.0,77812.0,60.29942842
1,77830.0,77830.0,76567.0,76792.0,142.24376502
1,76791.0,76851.0,76549.0,76609.0,34.28185746
1,76609.0,76918.0,76609.0,76724.0,29.21321233
1,76726.0,76885.0,76657.0,76844.0,38.1731386
1,76835.0,76885.0,76455.0,76849.0,45.11725831
1,76871.0,77066.0,76846.0,76961.0,17.77732489
1,76961.0,76981.0,76785.0,76788.0,10.60469962
1,76807.0,77078.0,76766.0,77070.0,13.06624536
1,77070.0,77439.0,77019.0,77373.0,10.45767576
1,77374.0,77474.0,77216.0,77388.0,38.62894335
1,77382.0,77385.0,77042.0,77085.0,29.65778619
1,77096.0,77212.0,76641.0,76887.0,27.38293901
1,76884.0,76884.0,76682.0,76815.0,21.32725128
1,76808.0,76942.0,76720.0,76886.0,14.967241510000001
1,76893.0,77143.0,76809.0,76894.0,25.86095061
1,76916.0,77012.0,76577.0,76704.0,24.13476477
1,76706.0,76906.0,76425.0,76875.0,19.61048057
1,76876.0,76988.0,76746.0,76842.0,15.90672666
1,76842.0,76850.0,76495.0,76589.0,12.41659756
1,76588.0,76683.0,76480.0,76614.0,11.52231615
1,76628.0,76632.0,76134.0,76196.0,27.15581906
1,76214.0,76403.0,76167.0,76351.0,42.30680918
1,76354.0,76405.0,75958.0,76192.0,60.49784872
1,76183.0,76197.0,75657.0,75936.0,72.47127876
1,75936.0,76067.0,75828.0,76058.0,29.24141548
1,76057.0,76207.0,75879.0,76108.0,64.88404473
1,76105.0,76241.0,75942.0,76173.0,83.31654078
1,76169.0,76261.0,76118.0,76225.0,45.21651481
1,76225.0,76373.0,76049.0,76308.0,54.6131075
1,76315.0,76466.0,76315.0,76461.0,75.76710286
1,76461.0,76467.0,76266.0,76348.0,51.771095620000004
1,76348.0,76434.0,76210.0,76220.0,41.83690992
1,76220.0,76349.0,76182.0,76323.0,41.13324136
1,76324.0,76528.0,76263.0,76510.0,46.83560836
1,76496.0,76629.0,76171.0,76543.0,61.91267324
1,76551.0,76638.0,76392.0,76509.0,15.36984458
1,76515.0,77107.0,76508.0,76980.0,32.82889932
1,76985.0,77437.0,76881.0,77275.0,24.92446516
1,77259.0,77313.0,77185.0,77279.0,21.03586972
1,77278.0,77318.0,76932.0,77006.0,24.23292257
1,77017.0,77152.0,77008.0,77045.0,36.218730629999996
1,77037.0,77137.0,76957.0,77029.0,13.61331663
1,77030.0,77779.0,76945.0,77645.0,32.51259107
1,77647.0,77882.0,77557.0,77616.0,144.68674817000002
1,77616.0,77672.0,77483.0,77588.0,34.07149501
1,77587.0,77593.0,76984.0,77133.0,55.63711865
1,77156.0,77225.0,76377.0,76766.0,97.26525479
1,76742.0,76851.0,76470.0,76563.0,42.62336808
1,76555.0,76597.0,75694.0,75883.0,66.79907647
1,75883.0,76099.0,75674.0,75760.0,72.61943585
1,75764.0,76143.0,75764.0,76143.0,81.05650584
1,76149.0,76231.0,74912.0,75484.0,174.04499508
1,75489.0,75568.0,75277.0,75531.0,33.95010771
1,75541.0,75830.0,75471.0,75647.0,44.44011134
1,75648.0,76061.0,75590.0,75906.0,23.0294432
1,75902.0,75975.0,75799.0,75909.0,18.54589521
1,75901.0,75955.0,75686.0,75745.0,9.80995211
1,75746.0,76300.0,75634.0,76230.0,29.23117899
1,76205.0,76441.0,76152.0,76190.0,30.81314097
1,76205.0,76344.0,75470.0,75681.0,40.20734688
1,75679.0,75959.0,75636.0,75918.0,17.09955024
1,75906.0,75938.0,75380.0,75469.0,19.16477141
1,75463.0,75708.0,75299.0,75585.0,10.62950438
1,75570.0,75829.0,75550.0,75727.0,13.441652060000001
1,75727.0,76135.0,75696.0,76103.0,9.35081509
1,76130.0,76175.0,76005.0,76033.0,23.55485
1,76029.0,76304.0,75987.0,76092.0,17.70540541
1,76081.0,76137.0,75950.0,76009.0,14.12780946
1,76009.0,76205.0,75849.0,76040.0,19.27377794
1,76035.0,76398.0,76021.0,76288.0,27.589583649999998
1,76290.0,76629.0,76084.0,76396.0,60.98930293
1,76388.0,76550.0,76057.0,76284.0,39.64945893
1,76284.0,76620.0,76134.0,76452.0,23.46637883
1,76443.0,76450.0,76196.0,76230.0,15.22719177
1,76224.0,76293.0,76076.0,76235.0,21.001400250000003
1,76231.0,76437.0,76181.0,76317.0,33.18725078
1,76316.0,76488.0,76285.0,76388.0,27.92772245
1,76385.0,76533.0,76287.0,76459.0,52.28216808
1,76458.0,76504.0,76207.0,76234.0,13.97353847
1,76207.0,76417.0,76178.0,76205.0,10.08390332
1,76206.0,76343.0,76191.0,76310.0,14.64115422
1,76310.0,76556.0,76294.0,76407.0,19.00010017
1,76430.0,76742.0,76424.0,76651.0,22.532620129999998
1,76656.0,76714.0,76507.0,76564.0,11.64503086
1,76563.0,77406.0,76536.0,77098.0,42.84710689
1,77098.0,77174.0,76922.0,77012.0,28.79098969
1,77012.0,77158.0,77011.0,77143.0,9.17179263
1,77147.0,77155.0,76855.0,76988.0,9.81359043
1,76973.0,77120.0,76938.0,77111.0,9.00124281
1,77103.0,77481.0,77036.0,77360.0,19.71557391
1,77363.0,77374.0,77197.0,77253.0,12.96614361
1,77252.0,77410.0,77142.0,77290.0,8.13555044
1,77290.0,77593.0,77252.0,77452.0,21.26553982
1,77451.0,78158.0,77390.0,77886.0,80.16087028999999
1,77887.0,78924.0,77887.0,78721.0,126.30747516000001
1,78741.0,78883.0,78038.0,78361.0,120.30972982
1,78361.0,78736.0,78185.0,78453.0,56.45613081
1,78446.0,78683.0,78162.0,78208.0,69.40882318
1,78209.0,78585.0,78128.0,78557.0,24.40968316
1,78555.0,78626.0,78374.0,78426.0,25.52783182
1,78436.0,78542.0,78315.0,78365.0,19.28144881
1,78373.0,78436.0,77752.0,77874.0,26.72615376
1,77873.0,78197.0,77852.0,78197.0,32.38772201
1,78197.0,78411.0,78139.0,78146.0,18.06480201
1,78145.0,78232.0,78044.0,78232.0,15.75639173
1,78232.0,78387.0,78173.0,78335.0,21.024763059999998
1,78346.0,78434.0,78299.0,78342.0,14.439551419999999
1,78345.0,78497.0,78262.0,78359.0,22.59002296
1,78363.0,78514.0,78242.0,78416.0,17.30765674
1,78422.0,78437.0,78132.0,78175.0,21.42257552
1,78175.0,78235.0,78036.0,78186.0,18.11335307
1,78182.0,78357.0,78146.0,78330.0,10.29772781
1,78327.0,78343.0,78208.0,78212.0,12.90233302
1,78215.0,78352.0,78162.0,78309.0,6.20227304
1,78310.0,78389.0,78230.0,78292.0,7.806675650000001
1,78293.0,78309.0,78227.0,78257.0,5.66552203
1,78254.0,78254.0,78100.0,78138.0,4.09700223
1,78138.0,78255.0,78107.0,78204.0,10.41858218
1,78222.0,78416.0,78222.0,78364.0,8.7036355
1,78364.0,78477.0,78306.0,78421.0,14.53191036
1,78420.0,78495.0,78364.0,78484.0,13.73481538
1,78489.0,78585.0,78429.0,78452.0,10.10891235
1,78451.0,78479.0,78378.0,78393.0,3.47205919
1,78392.0,78482.0,78315.0,78481.0,6.42270158
1,78469.0,78520.0,78438.0,78466.0,8.42981176
1,78475.0,78475.0,78421.0,78459.0,2.74696244
1,78459.0,79157.0,78457.0,78725.0,87.6543998
1,78725.0,78872.0,78610.0,78832.0,21.20038262
1,78832.0,78832.0,78632.0,78690.0,11.1571474
1,78690.0,78747.0,78486.0,78543.0,13.37648634
1,78543.0,78543.0,78149.0,78258.0,23.34121683
1,78252.0,78303.0,78120.0,78169.0,8.38713203
1,78164.0,78209.0,78114.0,78204.0,11.19740043
1,78198.0,78230.0,78122.0,78164.0,8.19073183
1,78158.0,78256.0,78158.0,78247.0,8.64807503
1,78247.0,78336.0,78082.0,78285.0,17.06970366
1,78293.0,78451.0,78292.0,78364.0,17.41845088
1,78365.0,78492.0,78365.0,78400.0,8.580286300000001
1,78393.0,78601.0,78356.0,78529.0,6.42462576
1,78529.0,78529.0,78407.0,78407.0,3.6173658800000004
1,78406.0,78840.0,78381.0,78653.0,20.37753802
1,78659.0,78866.0,78659.0,78733.0,13.58912404
1,78734.0,78757.0,78581.0,78657.0,18.78981477
1,78669.0,78781.0,78608.0,78739.0,37.50578851
1,78739.0,78806.0,78626.0,78658.0,4.33235069
1,78670.0,78771.0,78590.0,78655.0,7.67085826
1,78654.0,78809.0,78566.0,78723.0,13.94816355
1,78729.0,78744.0,78636.0,78731.0,6.54238451
1,78732.0,78847.0,78673.0,78767.0,12.94570821
1,78767.0,79294.0,78731.0,78911.0,41.00761447
1,78923.0,79048.0,78650.0,78827.0,30.61057062
1,78827.0,79437.0,78827.0,79173.0,80.12021329
1,79171.0,79285.0,78480.0,78565.0,34.22260054
1,78563.0,78563.0,78282.0,78542.0,48.71935603
1,78542.0,79853.0,78409.0,79756.0,114.44048842
1,79756.0,80413.0,79522.0,80169.0,177.74564841
1,80171.0,80450.0,79915.0,80315.0,84.4396326
1,80312.0,80617.0,80226.0,80320.0,60.68674909
1,80324.0,80384.0,79956.0,80019.0,38.988560299999996
1,80018.0,80036.0,79472.0,79861.0,44.52335606
1,79856.0,79928.0,79671.0,79684.0,15.39570267
1,79684.0,79781.0,79592.0,79699.0,42.36429213
1,79697.0,79912.0,79639.0,79824.0,33.850820320000004
1,79827.0,79854.0,78203.0,78930.0,140.83804324
1,78910.0,79126.0,78696.0,78784.0,23.5710246
1,78778.0,79016.0,78705.0,78861.0,45.482635619999996
1,78856.0,79116.0,78577.0,78781.0,59.68651637
1,78786.0,80554.0,78498.0,80215.0,182.25355259
1,80227.0,80392.0,79333.0,80008.0,152.29610792
1,80039.0,80391.0,79614.0,80018.0,65.12570960000001
1,80021.0,80768.0,80021.0,80396.0,46.55424015
1,80388.0,80431.0,80030.0,80106.0,64.48421017
1,80103.0,80129.0,79876.0,80039.0,41.069501190000004
1,80039.0,80156.0,79895.0,79936.0,38.56995733
1,79937.0,80381.0,79937.0,80250.0,26.29897752
1,80248.0,80392.0,80051.0,80063.0,18.96937073
1,80043.0,80044.0,79745.0,79844.0,24.41360225
1,79855.0,80179.0,79810.0,80153.0,23.862008069999998
1,80185.0,80374.0,80082.0,80345.0,19.07624444
1,80344.0,80900.0,80312.0,80544.0,33.81718919
1,80549.0,81068.0,80451.0,80882.0,14.85524869
1,80889.0,80972.0,80722.0,80901.0,101.4519528
1,80898.0,81325.0,80841.0,80966.0,144.82849734
1,80982.0,81009.0,80790.0,80969.0,29.71886191
1,80934.0,81133.0,80833.0,80861.0,30.366901340000002
1,80855.0,80959.0,80723.0,80803.0,47.418468829999995
1,80810.0,80814.0,80528.0,80581.0,62.4469097
1,80581.0,80835.0,80531.0,80830.0,15.645605830000001
1,80832.0,81115.0,80797.0,81004.0,53.75284483
1,81018.0,81329.0,80938.0,81292.0,41.68968867
1,81287.0,81714.0,81205.0,81344.0,154.93080215
1,81341.0,81504.0,80941.0,81338.0,70.58522275
1,81333.0,81699.0,81241.0,81551.0,93.30994906
1,81551.0,81619.0,81060.0,81299.0,55.04401533
1,81287.0,81460.0,81199.0,81278.0,18.67774799
1,81301.0,81602.0,81301.0,81517.0,20.48981534
1,81517.0,81687.0,81423.0,81598.0,23.80340218
1,81611.0,81769.0,81524.0,81647.0,53.52283339
1,81638.0,81781.0,81312.0,81412.0,39.04049016
1,81419.0,81606.0,80813.0,81112.0,71.01252577
1,81113.0,81212.0,80788.0,80913.0,37.45776174
1,80904.0,81260.0,80728.0,81019.0,48.29798916
1,81018.0,81521.0,80989.0,81428.0,25.71899798
1,81434.0,81438.0,81042.0,81358.0,13.57406682
1,81365.0,81754.0,81362.0,81566.0,21.97430217
1,81573.0,81636.0,81269.0,81331.0,11.8765051
1,81324.0,81335.0,81066.0,81311.0,9.00081789
1,81310.0,81515.0,81210.0,81495.0,15.53528288
1,81495.0,81603.0,81310.0,81365.0,15.0459148
1,81365.0,81988.0,81351.0,81948.0,51.68136764
1,81948.0,82055.0,81676.0,81992.0,61.06260874
1,82002.0,82392.0,81967.0,82286.0,66.18833763
1,82270.0,82833.0,82265.0,82515.0,78.00502991
1,82515.0,82531.0,82163.0,82226.0,91.75461086
1,82227.0,82227.0,81593.0,81683.0,91.43100643
1,81667.0,81972.0,81125.0,81533.0,95.14541287
1,81522.0,81812.0,81314.0,81703.0,51.75286554
1,81702.0,81877.0,81435.0,81613.0,40.76718475
1,81619.0,81696.0,81388.0,81444.0,18.16260947
1,81456.0,81558.0,81267.0,81348.0,19.182327439999998
1,81347.0,81503.0,81185.0,81466.0,17.64520859
1,81456.0,81696.0,81295.0,81425.0,19.96151556
1,81425.0,81616.0,81305.0,81531.0,14.6522035
1,81525.0,81530.0,81246.0,81343.0,49.34314857
1,81337.0,81448.0,80999.0,81447.0,46.970962820000004
1,81436.0,81484.0,80971.0,81019.0,58.109742989999994
1,81004.0,81286.0,80836.0,81169.0,79.56518983
1,81172.0,81172.0,80892.0,81115.0,32.75466623
1,81114.0,81114.0,80833.0,80842.0,26.28917161
1,80841.0,80983.0,80728.0,80966.0,20.16466486
1,80965.0,81157.0,80965.0,81068.0,19.08579144
1,81075.0,81442.0,80880.0,81442.0,12.09558183
1,81436.0,81706.0,81397.0,81528.0,19.67174748
1,81531.0,81587.0,81207.0,81215.0,11.53502692
1,81210.0,81210.0,80851.0,80930.0,22.26360358
1,80897.0,80982.0,80575.0,80842.0,22.042344149999998
1,80856.0,81048.0,80781.0,80859.0,27.00046551
1,80849.0,81186.0,80839.0,81179.0,47.90433022
1,81166.0,81166.0,80252.0,80510.0,66.15997181
1,80510.0,80688.0,80041.0,80153.0,83.73830908
1,80161.0,80260.0,79700.0,79877.0,135.88486369
1,79883.0,80002.0,79700.0,79792.0,69.69249143
1,79791.0,80135.0,79500.0,80084.0,56.9380561
1,80100.0,80278.0,79996.0,80228.0,45.34190614
1,80211.0,80218.0,79923.0,80094.0,53.46897997
1,80154.0,80371.0,79863.0,79868.0,45.21959452
1,79878.0,79923.0,79645.0,79749.0,41.07069813
1,79706.0,79981.0,79573.0,79919.0,17.90017215
1,79910.0,80057.0,79868.0,80017.0,17.03710436
1,80005.0,80130.0,79716.0,79815.0,36.46079792
1,79817.0,79883.0,79607.0,79725.0,33.25507657
1,79734.0,79746.0,79331.0,79472.0,34.77120613
1,79474.0,79656.0,79168.0,79568.0,31.156424
1,79568.0,79735.0,79543.0,79650.0,9.90983536
1,79650.0,79760.0,79585.0,79606.0,19.51137625
1,79591.0,79637.0,79406.0,79497.0,19.42112709
1,79501.0,79706.0,79242.0,79679.0,34.99142336
1,79660.0,79977.0,79660.0,79881.0,25.05413968
1,79884.0,80037.0,79784.0,79872.0,16.09564104
1,79871.0,80281.0,79777.0,80203.0,115.20014881
1,80214.0,80325.0,80130.0,80236.0,96.88039052
1,80228.0,80500.0,79969.0,80018.0,28.14460013
1,80014.0,80089.0,79535.0,79619.0,59.74212136
1,79624.0,80431.0,79624.0,80133.0,62.31450615
1,80134.0,80184.0,79607.0,80124.0,28.25950443
1,80124.0,80165.0,79723.0,79783.0,27.92204099
1,79782.0,80251.0,79721.0,80023.0,45.51408783
1,80057.0,80296.0,80057.0,80077.0,22.84664917
1,80068.0,80158.0,79958.0,80149.0,28.9186522
1,80155.0,80286.0,80078.0,80126.0,31.0225199
1,80126.0,80254.0,80112.0,80254.0,19.04962156
1,80253.0,80404.0,80234.0,80277.0,20.96626969
1,80277.0,80289.0,80114.0,80199.0,13.9373845
1,80200.0,80240.0,80135.0,80238.0,7.88960054
1,80225.0,80438.0,80225.0,80333.0,36.260335669999996
1,80333.0,80475.0,80333.0,80416.0,7.1746893
1,80416.0,80550.0,80315.0,80391.0,9.15436516
1,80394.0,80661.0,80380.0,80390.0,18.84416562
1,80389.0,80478.0,80355.0,80388.0,7.5614892000000005
1,80388.0,80427.0,80201.0,80247.0,8.01231177
1,80257.0,80289.0,80144.0,80227.0,6.56765713
1,80227.0,80427.0,80221.0,80405.0,8.26641016
1,80406.0,80409.0,80210.0,80212.0,2.64758871
1,80229.0,80335.0,80169.0,80261.0,6.49572328
1,80260.0,80360.0,80252.0,80339.0,3.36667167
1,80339.0,80406.0,80270.0,80395.0,4.03720673
1,80396.0,80414.0,80312.0,80387.0,10.73840098
1,80395.0,80422.0,80247.0,80336.0,16.98994647
1,80334.0,80595.0,80233.0,80523.0,14.01578241
1,80523.0,80771.0,80491.0,80621.0,15.546088
1,80622.0,80913.0,80612.0,80808.0,28.81206318
1,80822.0,81063.0,80782.0,80900.0,12.85769388
1,80903.0,80944.0,80777.0,80929.0,10.05546014
1,80927.0,80927.0,80736.0,80794.0,2.96794795
1,80795.0,80879.0,80742.0,80781.0,6.13594534
1,80781.0,80811.0,80672.0,80744.0,5.7012624
1,80759.0,80821.0,80614.0,80665.0,10.25132875
1,80665.0,80753.0,80616.0,80649.0,12.73914634
1,80656.0,80680.0,80561.0,80666.0,9.62191482
1,80671.0,80767.0,80600.0,80760.0,7.10373536
1,80760.0,80872.0,80704.0,80768.0,5.32850171
1,80768.0,80831.0,80730.0,80767.0,3.14672032
1,80758.0,80800.0,80682.0,80696.0,2.90746544
1,80690.0,80740.0,80649.0,80722.0,19.16652254
1,80725.0,80794.0,80725.0,80739.0,4.941266049999999
1,80739.0,80897.0,80715.0,80820.0,3.63927715
1,80823.0,80901.0,80747.0,80794.0,11.57886517
1,80794.0,80871.0,80692.0,80869.0,8.55030006
1,80866.0,80969.0,80743.0,80841.0,25.59737247
1,80828.0,80942.0,80787.0,80921.0,20.90670361
1,80913.0,80994.0,80869.0,80955.0,11.10243463
1,80960.0,81005.0,80802.0,80977.0,10.57231013
1,80977.0,81433.0,80930.0,81411.0,35.14278361
1,81413.0,81485.0,81194.0,81359.0,19.40871021
1,81364.0,81568.0,81218.0,81452.0,16.02237036
1,81460.0,81481.0,81231.0,81270.0,9.62216865
1,81269.0,81469.0,81135.0,81416.0,18.69920561
1,81420.0,81440.0,80269.0,80720.0,62.86723808
1,80713.0,80934.0,80570.0,80717.0,30.73150041
1,80675.0,82158.0,80675.0,82034.0,103.4518884
1,82054.0,82458.0,82054.0,82193.0,56.23585452
1,82197.0,82361.0,81273.0,81463.0,60.49619884
1,81450.0,81723.0,81289.0,81503.0,26.89052532
1,81493.0,81548.0,81079.0,81149.0,23.32444454
1,81166.0,81166.0,80509.0,80718.0,52.91066278
1,80716.0,80854.0,80635.0,80822.0,15.225580540000001
1,80811.0,80963.0,80744.0,80824.0,27.173289060000002
1,80811.0,81034.0,80747.0,80821.0,7.38002749
1,80820.0,80820.0,80665.0,80723.0,12.46130192
1,80722.0,80845.0,80607.0,80752.0,4.91493052
1,80741.0,80978.0,80741.0,80948.0,3.94297448
1,80955.0,81187.0,80941.0,80941.0,17.32280904
1,80933.0,81179.0,80893.0,81179.0,23.56796642
1,81179.0,81336.0,81013.0,81044.0,40.92749128
1,81034.0,81306.0,80739.0,81042.0,43.27851224
1,81041.0,81221.0,80429.0,80928.0,67.45718266
1,80919.0,81429.0,80799.0,81421.0,57.95656862
1,81430.0,81898.0,81334.0,81562.0,84.98501307
1,81556.0,82053.0,81345.0,81924.0,190.48814647
1,81927.0,82132.0,81839.0,81839.0,198.94348768999998
1,81852.0,82068.0,81730.0,81944.0,32.26878236
1,81953.0,82072.0,81752.0,81801.0,51.18015365
1,81802.0,81892.0,81581.0,81800.0,23.94845078
1,81800.0,81949.0,81720.0,81816.0,19.13920787
1,81815.0,81815.0,81589.0,81736.0,11.92180735
1,81736.0,81767.0,81466.0,81531.0,18.39556396
1,81532.0,81600.0,80690.0,81182.0,50.92752098
1,81172.0,81315.0,81078.0,81230.0,16.87251963
1,81234.0,81271.0,81012.0,81024.0,4.97197044
1,81038.0,81281.0,80985.0,81206.0,8.58951436
1,81207.0,81284.0,81180.0,81223.0,26.12834944
1,81187.0,81280.0,80982.0,81010.0,11.02152728
1,81009.0,81108.0,80792.0,80849.0,15.71262854
1,80839.0,80940.0,80745.0,80837.0,23.18543001
1,80802.0,80931.0,80701.0,80799.0,50.68827009
1,80800.0,80814.0,80597.0,80643.0,50.135495289999994
1,80652.0,80762.0,80475.0,80759.0,18.79496659
1,80758.0,80979.0,80591.0,80855.0,122.91305761
1,80863.0,80900.0,80365.0,80446.0,69.43979193999999
1,80451.0,80873.0,80376.0,80524.0,203.48691022
1,80519.0,80645.0,80149.0,80319.0,96.00036201
1,80318.0,80398.0,79820.0,79976.0,81.45735146
1,79977.0,80567.0,79928.0,80484.0,27.32095018
1,80490.0,80731.0,80412.0,80652.0,31.13790834
1,80660.0,80843.0,80660.0,80813.0,23.32220904
1,80810.0,80867.0,80625.0,80685.0,42.16622917
1,80679.0,80713.0,80475.0,80572.0,11.84711348
1,80591.0,80770.0,80591.0,80643.0,7.76967624
1,80643.0,80697.0,80425.0,80491.0,8.17155855
1,80495.0,80756.0,80396.0,80702.0,13.27546811
1,80707.0,81174.0,80670.0,81001.0,19.23514246
1,81010.0,81253.0,80925.0,81034.0,5.98153962
1,81023.0,81279.0,80960.0,81240.0,13.57940556
1,81245.0,81259.0,81120.0,81212.0,8.39345471
1,81213.0,81225.0,80977.0,80997.0,9.70142027
1,80997.0,81128.0,80952.0,80960.0,15.06264775
1,80960.0,81023.0,80874.0,81002.0,8.72698697
1,81009.0,81174.0,80931.0,81174.0,6.46997424
1,81179.0,81288.0,81108.0,81256.0,29.16082954
1,81257.0,81265.0,80785.0,80800.0,26.92222192
1,80795.0,80817.0,80479.0,80499.0,16.04529724
1,80469.0,80566.0,79825.0,80194.0,39.535003280000005
1,80188.0,80322.0,79558.0,79632.0,117.35600806
1,79632.0,79866.0,79452.0,79732.0,82.3995086
1,79732.0,79823.0,78750.0,78788.0,151.65318599
1,78787.0,79192.0,78704.0,79065.0,247.49989423
1,79065.0,79569.0,79065.0,79489.0,365.96835727
1,79491.0,79779.0,79491.0,79579.0,90.34799908
1,79578.0,79614.0,79378.0,79614.0,48.18622682
1,79614.0,79733.0,79596.0,79675.0,25.262754519999998
1,79680.0,79680.0,79312.0,79365.0,19.24287354
1,79365.0,79439.0,79200.0,79406.0,29.163665110000004
1,79406.0,79463.0,79210.0,79284.0,16.62333347
1,79291.0,79655.0,79290.0,79564.0,24.01888852
1,79544.0,79649.0,79394.0,79585.0,28.32611563
1,79582.0,79641.0,79194.0,79340.0,19.75114375
1,79340.0,79423.0,78893.0,79013.0,34.10910647
1,79014.0,79438.0,78960.0,79413.0,11.091539880000001
1,79398.0,79955.0,79346.0,79795.0,32.30595409
1,79793.0,79906.0,79733.0,79771.0,22.081186980000002
1,79770.0,79905.0,79673.0,79725.0,10.49354913
1,79716.0,79904.0,79613.0,79797.0,9.715114400000001
1,79798.0,79872.0,79550.0,79616.0,10.47867484
1,79594.0,79721.0,79380.0,79553.0,10.39449304
1,79544.0,79570.0,79198.0,79229.0,25.124625390000002
1,79210.0,79755.0,79209.0,79747.0,68.64379528
1,79746.0,80039.0,79661.0,79690.0,240.72549616
1,79678.0,81004.0,79535.0,80964.0,348.64475969
1,80965.0,81336.0,80815.0,81312.0,288.27641898
1,81312.0,81894.0,81088.0,81879.0,530.20190308
1,81878.0,82047.0,81271.0,81679.0,242.58454234
1,81669.0,81962.0,81440.0,81589.0,371.58619875
1,81586.0,81724.0,81327.0,81443.0,314.37352293
1,81444.0,81639.0,81141.0,81402.0,217.31073755
1,81402.0,81519.0,81262.0,81387.0,22.4592679
1,81386.0,81548.0,81332.0,81438.0,10.13797781
1,81438.0,81438.0,81039.0,81075.0,27.44680115
1,81075.0,81650.0,81061.0,81507.0,30.34740874
1,81505.0,81601.0,81100.0,81120.0,21.47567479
1,81117.0,81339.0,80743.0,81276.0,43.05428296
1,81277.0,81333.0,80933.0,81068.0,24.75710229
1,81052.0,81085.0,80667.0,80706.0,21.53725145
1,80706.0,80869.0,80305.0,80358.0,42.81684302
1,80347.0,80616.0,80304.0,80574.0,25.46939164
1,80582.0,80985.0,80562.0,80813.0,21.98917324
1,80814.0,80814.0,80404.0,80632.0,21.99656113
1,80633.0,80656.0,80360.0,80476.0,34.30484466
1,80476.0,80759.0,80397.0,80690.0,32.33159957
1,80703.0,80747.0,80587.0,80619.0,12.27864298
1,80618.0,80628.0,80332.0,80372.0,48.187912170000004
1,80376.0,80376.0,78656.0,78707.0,258.63856125
1,78707.0,79303.0,78611.0,79125.0,92.0261118
1,79161.0,79341.0,78986.0,79126.0,38.02204247
1,79126.0,79353.0,79104.0,79261.0,56.1598276
1,79260.0,79464.0,79204.0,79415.0,36.79838531
1,79415.0,79528.0,79135.0,79253.0,56.87240982
1,79237.0,79240.0,79015.0,79102.0,76.57067076999999
1,79099.0,79177.0,78957.0,79080.0,23.68456821
1,79080.0,79160.0,78876.0,78928.0,14.68956205
1,78928.0,79112.0,78928.0,79073.0,15.4667338
1,79072.0,79117.0,79038.0,79062.0,7.50124445
1,79064.0,79186.0,79030.0,79055.0,15.23317068
1,79066.0,79134.0,78973.0,79128.0,7.72838186
1,79137.0,79161.0,79037.0,79110.0,4.9440708
1,79110.0,79140.0,79021.0,79056.0,4.43114638
1,79045.0,79088.0,78816.0,78994.0,17.050926020000002
1,78993.0,78999.0,78908.0,78984.0,6.18214001
1,78987.0,79011.0,78425.0,78606.0,40.29264127
1,78606.0,78606.0,78033.0,78355.0,27.01438232
1,78348.0,78490.0,78314.0,78387.0,34.38047929
1,78383.0,78396.0,77864.0,78062.0,36.04770475
1,78051.0,78067.0,77614.0,77922.0,49.68584338
1,77922.0,78157.0,77922.0,78063.0,45.7974344
1,78057.0,78083.0,77894.0,77980.0,30.163255369999998
1,77982.0,77982.0,77808.0,77978.0,17.96786542
1,77978.0,78305.0,77864.0,78095.0,22.3483385
1,78095.0,78241.0,78053.0,78199.0,19.99863903
1,78200.0,78329.0,78090.0,78164.0,20.37825397
1,78164.0,78290.0,78157.0,78186.0,10.38966882
1,78176.0,78302.0,78122.0,78208.0,11.57425472
1,78214.0,78273.0,78187.0,78233.0,5.045177209999999
1,78235.0,78291.0,78181.0,78222.0,2.74180505
1,78226.0,78273.0,78184.0,78240.0,5.74605387
1,78239.0,78248.0,78148.0,78163.0,4.25384726
1,78162.0,78232.0,78095.0,78118.0,3.6197633099999997
1,78117.0,78210.0,77778.0,77913.0,13.95066547
1,77933.0,78075.0,77689.0,77708.0,23.02525057
1,77699.0,77906.0,77699.0,77882.0,23.9916551
1,77873.0,78046.0,77861.0,77996.0,10.70588322
1,77994.0,78173.0,77987.0,78139.0,36.278831170000004
1,78138.0,78294.0,78085.0,78094.0,8.6824084
1,78094.0,78177.0,77972.0,78065.0,17.88072639
1,78086.0,78174.0,78036.0,78151.0,3.7997063
1,78164.0,78164.0,78007.0,78063.0,2.17892892
1,78064.0,78253.0,78057.0,78225.0,5.53752462
1,78223.0,78573.0,78223.0,78415.0,10.71636425
1,78439.0,78443.0,78273.0,78395.0,14.104240350000001
1,78396.0,78521.0,78308.0,78333.0,5.40541964
1,78333.0,78333.0,78150.0,78186.0,12.930924039999999
1,78170.0,78170.0,77827.0,78025.0,20.14463635
1,78009.0,78088.0,77899.0,78022.0,10.735403380000001
1,78022.0,78149.0,78005.0,78005.0,12.40065642
1,78008.0,78060.0,77818.0,78060.0,12.87896724
1,78059.0,78239.0,77969.0,78239.0,15.71307706
1,78235.0,78432.0,78187.0,78387.0,13.22007936
1,78384.0,78403.0,78207.0,78250.0,5.66135847
1,78235.0,78442.0,78206.0,78368.0,11.19236032
1,78346.0,78369.0,77686.0,77952.0,56.94441247
1,77951.0,77951.0,76689.0,77412.0,121.06684034
1,77419.0,77433.0,76872.0,77162.0,72.69295452
1,77148.0,77228.0,76709.0,77084.0,41.91099192
1,77067.0,77176.0,76657.0,76790.0,34.6246948
1,76805.0,76970.0,76771.0,76887.0,24.04534101
1,76891.0,77018.0,76733.0,77018.0,16.11140726
1,76996.0,77033.0,76848.0,76879.0,20.220778590000002
1,76870.0,76911.0,76509.0,76865.0,38.1287782
1,76875.0,77032.0,76727.0,77025.0,15.43747759
1,77039.0,77132.0,76845.0,76984.0,37.55896639
1,76986.0,76987.0,76838.0,76884.0,10.48613699
1,76890.0,76900.0,76670.0,76728.0,5.63395545
1,76728.0,77362.0,76620.0,77246.0,60.62136871
1,77243.0,77753.0,77237.0,77602.0,78.27921609
1,77612.0,77612.0,76656.0,76901.0,88.74260629
1,76895.0,76895.0,76152.0,76334.0,182.18206141
1,76344.0,76429.0,76000.0,76331.0,106.12191245
1,76323.0,76591.0,76156.0,76361.0,66.97545
1,76351.0,76696.0,76318.0,76653.0,36.11556729
1,76652.0,76652.0,76086.0,76211.0,28.11530698
1,76172.0,76937.0,76172.0,76846.0,51.2006937
1,76855.0,77118.0,76827.0,76854.0,30.28680092
1,76853.0,77123.0,76741.0,77065.0,36.81723772
1,77059.0,77167.0,76892.0,77028.0,23.19632631
1,77028.0,77109.0,76899.0,76949.0,22.55404657
1,76955.0,77357.0,76901.0,77109.0,24.14059702
1,77091.0,77097.0,76613.0,76613.0,31.27186764
1,76602.0,76933.0,76414.0,76561.0,26.67609418
1,76557.0,76797.0,76531.0,76711.0,13.9939698
1,76711.0,76882.0,76648.0,76858.0,27.99453725
1,76859.0,76944.0,76584.0,76854.0,24.01351979
1,76853.0,77042.0,76835.0,76961.0,12.86610737
1,76960.0,77222.0,76917.0,77170.0,15.22134587
1,77175.0,77261.0,76915.0,77005.0,13.44787504
1,76987.0,77008.0,76646.0,76763.0,19.47760505
1,76749.0,77030.0,76643.0,76959.0,13.06573509
1,76980.0,77012.0,76568.0,76669.0,19.76875781
1,76660.0,76906.0,76586.0,76889.0,15.82428636
1,76876.0,76989.0,76517.0,76792.0,79.63016739
1,76791.0,76948.0,76088.0,76330.0,69.60418792
1,76314.0,76612.0,76271.0,76438.0,27.73014407
1,76463.0,76845.0,76349.0,76832.0,30.68949314
1,76831.0,76952.0,76696.0,76796.0,17.83930128
1,76776.0,76881.0,76683.0,76729.0,14.39917089
1,76729.0,76994.0,76704.0,76741.0,9.046787909999999
1,76773.0,76975.0,76767.0,76966.0,11.52106744
1,76965.0,76976.0,76913.0,76916.0,12.931910720000001
1,76916.0,76916.0,76582.0,76643.0,11.755680420000001
1,76601.0,76901.0,76601.0,76757.0,7.85903603
1,76762.0,76822.0,76440.0,76701.0,17.9740189
1,76705.0,76838.0,76455.0,76754.0,26.14249197
1,76766.0,76834.0,76532.0,76629.0,16.28442835
1,76617.0,76750.0,76538.0,76654.0,12.87323331
1,76661.0,76759.0,76619.0,76701.0,7.75471226
1,76702.0,77244.0,76702.0,77118.0,25.43413725
1,77117.0,77336.0,77117.0,77327.0,23.35001547
1,77336.0,77396.0,77158.01,77190.0,29.15646054
1,77191.0,77538.0,77130.68,77378.0,19.17055307
1,77372.01,77459.73,77292.01,77400.97,3.74343808
1,77400.99,77578.99,77400.99,77439.01,5.8381248
1,77436.0,77489.41,77259.0,77331.01,15.198766339999999
1,77320.99,77678.0,77289.0,77550.0,19.32375829
1,77550.99,77580.0,76909.0,77119.77,77.54783894
1,77132.55,77499.0,76818.01,77382.08,79.62130244
1,77369.01,77782.01,77233.93,77377.99,84.5174465
1,77378.0,77483.9,76948.0,77256.0,63.20316289
1,77251.0,77642.0,77155.99,77494.99,51.20300223
1,77490.0,77560.55,77316.82,77343.0,29.1820236
1,77343.0,77642.0,77274.91,77604.58,33.224542389999996
1,77604.0,77691.99,77402.01,77654.99,29.08507048
1,77645.0,77699.28,77432.98,77432.98,14.26161923
1,77432.98,77438.0,77155.0,77430.01,26.05051669
1,77430.01,77480.0,77315.0,77470.5,12.881313709999999
1,77482.86,77987.01,77446.01,77904.01,25.16293586
1,77904.01,78103.0,77728.91,77792.02,20.22528183
1,77790.2,78030.13,77767.99,77898.3,16.25408614
1,77882.0,78028.01,77828.91,78008.0,12.13030798
1,78026.81,78097.74,77896.9,77967.01,8.53934788
1,77961.28,78076.99,77653.99,77752.99,52.92214643
1,77752.0,77801.01,77468.82,77546.99,16.00179452
1,77545.98,77828.6,77442.0,77812.0,9.24822142
1,77819.99,78122.49,77814.0,77860.01,15.33490208
1,77860.01,77905.9,77561.02,77561.02,10.43004727
1,77557.0,77601.99,77103.0,77116.0,35.47855012
1,77114.01,77301.99,77065.43,77116.98,12.02100387
1,77125.0,77296.0,76986.0,77199.0,29.73706345
1,77200.0,77274.0,76647.94,77030.0,69.89302522
1,77055.0,77167.67,76704.0,76905.0,71.52718997
1,76898.0,77321.47,76822.0,77181.01,33.60150239
1,77176.01,77273.0,76933.01,77111.01,21.76579485
1,77111.01,78018.0,77105.65,77801.0,108.59187131
1,77800.99,77845.98,77182.0,77307.0,48.34520608
1,77316.0,77724.98,77298.68,77629.0,31.406093419999998
1,77617.0,77726.99,77578.0,77636.08,13.90156695
1,77650.0,77743.98,77576.17,77599.97,19.078919250000002
1,77599.97,77682.0,77480.0,77562.0,13.10092285
1,77562.0,77674.38,77473.16,77554.0,28.58308797
1,77565.86,77565.86,77309.0,77309.0,26.95991686
1,77309.0,77593.0,77265.75,77543.0,24.29254812
1,77545.0,77655.0,77536.0,77604.55,19.51868293
1,77613.0,77739.0,77613.0,77695.0,12.86233212
1,77693.81,77819.99,77565.0,77578.01,18.29331323
1,77572.86,77648.03,77353.27,77400.9,10.85768165
1,77401.0,77450.0,77281.15,77334.98,35.34291055
1,77334.56,77463.02,77195.01,77320.01,30.064011830000002
1,77320.01,77457.01,77125.0,77179.9,23.01588065
1,77180.0,77270.99,77118.0,77221.0,13.46607892
1,77220.99,77279.0,77171.99,77225.99,6.2892277299999995
1,77236.99,77342.72,77091.0,77342.72,10.05532821
1,77345.0,77503.0,77302.0,77444.0,30.51291307
1,77455.96,77462.01,77035.0,77192.0,44.12914277
1,77193.0,77194.0,76648.0,76685.01,41.01116346
1,76685.0,76938.99,76478.43,76713.02,32.7934033
1,76713.01,76908.01,76678.0,76863.99,20.12022875
1,76863.99,77010.85,76665.99,76666.99,35.22500206
1,76663.0,76817.0,75988.15,76440.01,51.281933790000004
1,76440.01,76489.0,75556.4,75760.0,113.11243136
1,75767.0,75993.0,75731.0,75901.0,29.07918722
1,75901.01,75998.0,75850.0,75886.02,17.31673529
1,75887.0,75896.86,75467.0,75656.0,20.72989253
1,75656.99,75784.01,75285.0,75451.01,58.7209734
1,75451.01,75533.0,75129.0,75272.66,44.97257123
1,75277.0,75417.0,75274.0,75408.0,14.94094865
1,75417.35,75496.0,75332.68,75483.99,22.91582674
1,75483.99,75579.66,75470.0,75546.0,7.6820224
1,75546.0,75560.46,75418.0,75454.12,11.80592855
1,75454.5,75474.68,75386.26,75398.0,8.94247403
1,75398.0,75409.99,75304.01,75313.99,23.1440163
1,75314.0,75342.02,74192.21,74522.0,110.07703293
1,74523.99,74660.91,74262.0,74594.99,54.34244866
1,74594.99,74667.0,74543.0,74581.01,37.56093997
1,74586.0,74703.48,74577.56,74632.0,17.3925148
1,74632.01,74779.01,74624.99,74714.01,25.68156036
1,74714.0,74714.0,74579.0,74671.0,23.49128615
1,74670.89,75174.96,74670.89,75116.75,68.49031004999999
1,75129.0,75600.0,75026.37,75448.01,44.63950413
1,75447.28,75584.99,75312.46,75429.99,43.42085418
1,75430.0,75551.0,75323.0,75350.0,21.23538069
1,75350.0,75430.01,75292.0,75406.0,17.24601619
1,75406.0,75901.99,75384.0,75759.01,87.51356036
1,75759.01,75928.69,75696.0,75892.0,32.08835898
1,75892.01,77208.33,75863.01,77194.0,115.32295168
1,77206.99,77302.52,76443.37,76707.0,69.59899109
1,76707.0,76793.82,76302.0,76481.19,38.9741234
1,76453.0,76716.99,76439.02,76655.99,25.752700779999998
1,76654.0,76824.94,76537.86,76746.0,19.29405417
1,76745.99,76826.29,76655.01,76800.0,10.945365259999999
1,76802.0,76867.71,76607.01,76727.0,10.20941321
1,76719.01,76901.21,76645.0,76653.0,13.11686495
1,76640.0,76768.0,76631.0,76689.0,14.6595996
1,76689.0,76777.0,76553.0,76724.07,8.964676840000001
1,76727.0,76964.33,76625.0,76897.0,16.18083709
1,76897.99,76932.0,76692.63,76708.07,11.150301899999999
1,76705.01,76758.98,76639.99,76730.99,11.20848703
1,76730.99,76946.0,76730.98,76929.0,12.30104951
1,76935.0,77427.0,76833.0,77095.95,49.28691096
1,77087.01,77253.99,77087.0,77213.01,19.40848008
1,77213.01,77224.99,76944.01,77014.32,20.34903372
1,77019.99,77027.0,76595.21,76696.0,23.47825657
1,76701.88,76742.01,76095.35,76361.01,48.11125396
1,76361.0,76449.99,76271.01,76279.0,5.91848225
1,76278.04,76641.16,76278.03,76577.0,18.31289792
1,76577.0,76696.89,76482.99,76609.31,13.19613173
1,76609.31,76696.02,76502.99,76567.87,6.4222155800000005
1,76567.87,76678.0,76518.0,76668.0,13.80640059
1,76668.0,76697.0,76512.0,76559.87,10.5038779
1,76559.87,76649.0,76015.0,76051.01,48.84545603
1,76051.01,76920.0,76036.02,76708.01,61.853908669999996
1,76708.01,77127.0,76708.01,76974.88,29.370994669999998
1,76974.88,77191.0,76974.88,77057.37,44.53008228
1,77083.0,77164.6,76833.0,76834.0,25.22822156
1,76847.31,77396.75,76847.31,77008.0,30.38055633
1,77019.0,77072.7,76905.01,76938.01,17.18173967
1,76942.32,77364.39,76904.0,77296.16,19.71295136
1,77296.0,77410.99,77232.99,77318.99,17.4262613
1,77312.04,77553.68,77131.91,77331.03,20.14380456
1,77335.0,77435.99,77097.0,77312.99,32.75207298
1,77313.0,77380.53,77191.0,77368.0,12.23811529
1,77367.99,77615.0,77337.01,77526.01,38.5415601
1,77525.58,77598.0,77419.28,77466.01,10.62594305
1,77466.0,77466.0,77261.0,77281.0,17.1720579
1,77281.01,77355.0,77216.01,77291.0,21.63466811
1,77282.0,77366.0,77210.0,77260.4,12.62506842
1,77260.39,77704.47,77245.0,77635.01,23.29468944
1,77637.01,77830.83,77492.02,77555.01,21.651367269999998
1,77555.01,77743.99,77443.9,77669.5,20.63775304
1,77669.51,77732.99,77484.99,77493.48,18.83672571
1,77491.99,77588.0,77472.82,77485.91,11.75555319
1,77484.0,77484.01,77283.2,77391.0,20.7551485
1,77372.0,77433.0,77149.0,77207.98,21.27587413
1,77207.97,77323.99,77207.97,77300.45,15.073068430000001
1,77296.99,77384.22,76967.58,77045.99,30.60064829
1,77045.01,77297.01,76989.02,77254.92,14.62189513
1,77255.0,77281.22,76499.99,76727.0,46.282631269999996
1,76718.0,76811.52,76525.41,76688.01,28.651913
1,76688.82,76740.0,76430.0,76584.63,25.64093212
1,76578.0,76630.32,76382.0,76571.21,14.10855787
1,76586.73,76737.01,76526.0,76664.01,15.87237005
1,76664.02,76902.0,76629.0,76834.64,21.756870029999998
1,76834.64,76970.21,76691.32,76824.01,16.19060434
1,76826.0,76838.01,76514.0,76633.99,16.48542219
1,76631.64,76763.99,76609.86,76645.01,16.13440435
1,76648.82,76724.01,76561.99,76585.64,16.05349815
1,76580.99,77535.13,76477.01,77348.99,63.25356674
1,77349.0,77415.99,77089.01,77109.0,36.51858211
1,77109.01,77144.99,76811.65,77050.99,44.24508091
1,77050.99,77379.99,76601.94,77131.0,78.89654052
1,77141.06,78002.74,76624.01,76814.99,177.79833452
1,76814.99,76920.0,76168.0,76418.99,136.65946685
1,76416.0,76608.6,76126.0,76452.0,70.44984968
1,76458.32,76542.99,75739.6,75841.3,115.67146386
1,75823.0,76151.09,75655.97,75704.9,78.7338871
1,75716.31,75974.0,75680.0,75914.0,33.62379143
1,75920.0,76064.01,75882.21,75994.83,23.80304975
1,76000.99,76006.0,75749.18,75787.99,13.39311789
1,75788.0,75894.83,75559.41,75629.35,27.60679158
1,75629.35,75879.45,75629.35,75820.94,19.49015705
1,75820.95,75977.01,75776.99,75977.01,21.2223721
1,75977.0,75993.01,75709.01,75765.7,23.81582849
1,75765.69,75791.98,75577.0,75754.01,16.30496796
1,75756.0,75847.59,75468.12,75546.0,17.43686521
1,75534.99,75583.34,75182.0,75458.99,24.00793349
1,75459.0,75604.71,75458.99,75582.0,13.8491758
1,75582.01,75775.72,75565.01,75704.0,16.70506898
1,75704.0,75856.49,75644.03,75848.2,16.20427884
1,75841.8,75953.0,75730.01,75746.99,16.66229313
1,75746.99,75867.0,75598.0,75792.01,7.504726349999999
1,75792.0,75916.23,75755.49,75779.0,9.43107967
1,75773.0,75902.01,75640.02,75644.58,15.05123194
1,75644.58,76047.0,75440.02,75564.99,30.73880023
1,75565.0,75637.6,74667.4,74929.7,122.94650958
1,74927.02,75107.01,74636.93,74894.46,106.02795184
1,74894.45,75365.55,74838.31,75190.02,67.06010189
1,75184.95,75259.5,74867.64,75169.34,52.55576678
1,75173.75,75215.36,74533.32,74727.99,72.12587599
1,74727.99,74888.98,74530.26,74882.4,46.86172117
1,74882.39,74953.13,74810.31,74918.0,41.16090704
1,74919.7,75286.47,74912.36,75153.01,20.66476805
1,75153.0,75153.0,74229.99,74366.0,61.27748939
1,74370.34,74660.01,74154.0,74304.07,33.52061232
1,74307.99,74447.95,74127.01,74330.48,28.52888162
1,74330.47,74461.71,74241.99,74435.96,18.534177970000002
1,74435.0,74457.36,74029.01,74207.61,49.35670576
1,74207.62,74259.36,73992.1,74153.0,26.88959785
1,74153.01,74253.01,72948.39,73126.41,141.78235793
1,73134.12,73134.12,72622.01,73047.14,103.97601327
1,73046.0,73046.0,72785.01,72861.0,40.00414108
1,72861.0,73076.64,72648.67,73069.5,43.58805514
1,73072.65,73368.74,73024.25,73362.99,37.30822049
1,73368.0,73368.94,73077.01,73197.53,14.44653081
1,73197.52,73437.01,73137.79,73414.32,11.49124221
1,73407.94,73484.45,73231.0,73278.07,13.11608031
1,73278.06,73404.22,73198.0,73381.97,25.56440093
1,73384.43,73452.99,73128.99,73400.06,38.27081313
1,73400.06,73445.32,72634.65,72891.02,166.05249981
1,72891.01,73449.99,72461.53,72890.64,216.65583646
1,72890.65,73037.7,72554.0,72782.02,89.09231225
1,72782.02,73319.79,72614.25,73318.34,71.51789455
1,73321.3,73620.9,73185.99,73435.0,81.30419545
1,73435.0,73640.1,73402.99,73537.77,44.54993041
1,73537.77,73537.77,73266.8,73301.0,75.96151083
1,73308.82,73609.01,73137.31,73469.52,31.05100971
1,73479.0,73810.83,73457.0,73720.83,38.26767712
1,73719.0,73848.0,73350.42,73369.59,24.81327362
1,73369.59,73615.7,73369.59,73519.16,11.84312784
1,73526.41,73753.4,73526.07,73618.68,29.17426076
1,73618.68,73769.5,73364.67,73482.03,15.65017575
1,73493.0,73533.78,73078.47,73123.07,32.85859845
1,73124.01,73349.01,73124.01,73192.68,13.4371882
1,73192.69,73402.0,73099.63,73396.0,28.37612555
1,73407.0,73622.08,73387.94,73597.26,23.59537657
1,73594.25,73833.01,73532.25,73684.0,19.57276088
1,73677.01,73721.52,73276.01,73414.62,39.09599543
1,73455.17,73722.39,73455.16,73550.25,29.74982395
1,73550.25,73799.5,73549.91,73641.16,14.52345154
1,73641.16,73641.16,73480.79,73544.0,14.98627535
1,73544.0,73603.0,73234.0,73374.75,26.16665653
1,73371.0,73371.01,73089.13,73184.01,37.58941918
1,73188.24,73232.0,72783.54,73027.98,69.35693898
1,73029.47,73086.71,72394.58,72982.01,98.58736924
1,72984.08,74097.44,72886.0,73697.0,122.71071260000001
1,73714.29,73991.4,73452.85,73944.42,50.85904618
1,73945.8,74223.0,73804.17,73872.9,90.6728945
1,73878.98,73954.96,73085.0,73253.0,79.27959831
1,73252.99,73622.76,73137.38,73408.12,37.42344791
1,73407.39,73661.66,73401.46,73582.21,30.63034905
1,73582.21,73748.01,73304.82,73313.49,29.18442709
1,73313.5,73478.94,73274.7,73384.0,20.98296503
1,73383.0,73415.43,73217.86,73373.29,14.2628218
1,73373.3,73474.59,73318.62,73401.0,23.05152791
1,73401.0,73566.24,73371.38,73559.99,19.65626839
1,73569.75,73686.0,73511.5,73686.0,7.6275662
1,73674.0,73696.31,73418.87,73425.11,12.90304689
1,73429.39,73477.04,73125.86,73307.43,19.0172691
1,73307.35,73535.07,73255.01,73501.48,31.154883950000002
1,73512.36,73613.52,73433.47,73493.19,11.03871879
1,73493.2,73499.07,73391.88,73449.98,12.33843524
1,73447.01,73464.52,73404.58,73422.01,5.6316656
1,73425.01,73513.02,73405.82,73504.01,3.3462148099999998
1,73504.01,73577.69,73502.08,73547.0,9.49572219
1,73550.0,73551.6,73467.99,73499.16,5.69942165
1,73501.0,73613.14,73491.19,73591.98,16.2188059
1,73591.98,73734.98,73580.99,73720.14,15.4201788
1,73720.14,73991.01,73709.64,73826.32,33.94603193
1,73826.32,73939.0,73734.6,73807.52,16.66681448
1,73810.27,73874.69,73769.0,73826.15,11.73738023
1,73822.94,73920.46,73713.78,73913.91,20.72001777
1,73903.87,74024.77,73846.94,73932.67,7.79858052
1,73932.67,73956.49,73859.5,73905.99,16.48417301
1,73906.0,73909.52,73798.44,73869.79,20.67725619
1,73874.0,73945.0,73821.47,73872.52,10.04668249
1,73872.95,73872.95,73680.79,73779.01,11.54716874
1,73779.01,73887.58,73680.0,73762.15,15.33885667
1,73775.0,73928.0,73753.0,73921.49,9.96512787
1,73919.33,74162.97,73911.46,73942.85,18.58858694
1,73953.78,74126.23,73774.0,73982.85,23.00069603
1,73983.13,74109.0,73960.01,74047.01,7.98981497
1,74047.0,74115.39,73993.0,74076.01,11.74304131
1,74065.62,74095.99,73944.47,73957.49,8.0264282
1,73944.26,73989.58,73883.12,73948.02,4.68927987
1,73936.85,73936.85,73728.0,73759.34,8.30558872
1,73761.63,73875.66,73747.29,73847.34,5.28470787
1,73838.39,73917.99,73711.0,73726.62,8.869455480000001
1,73726.61,73791.16,73625.65,73791.16,11.4124532
1,73791.15,73868.0,73791.15,73846.56,10.54730175
1,73840.81,73889.0,73772.31,73810.01,19.67294519
1,73810.0,73913.35,73705.68,73759.98,11.309061439999999
1,73759.99,73759.99,73360.45,73497.98,66.38920552
1,73497.0,73666.0,73485.01,73545.44,15.97860728
1,73545.43,73619.01,73289.97,73429.48,23.35757134
1,73422.88,73634.89,73361.01,73604.0,18.88353754
1,73613.02,73613.02,73478.93,73503.43,19.36134065
1,73505.94,73543.96,73347.53,73458.96,14.39926707
1,73460.98,73649.07,73460.98,73639.26,15.49867659
1,73639.27,73811.09,73519.53,73787.2,31.25870041
1,73776.0,73894.65,73572.22,73839.0,13.07821474
1,73839.0,74094.65,73400.02,73567.99,43.76487098
1,73568.0,73984.48,73553.15,73780.64,91.28303706
1,73783.0,73807.4,73181.99,73189.99,33.11447901
1,73182.82,73778.0,73119.67,73689.01,28.68666697
1,73695.0,73919.01,73627.0,73666.48,30.14473383
1,73660.44,73743.0,73247.2,73432.38,20.377833289999998
1,73423.78,73442.75,73226.0,73252.99,16.10977785
1,73253.0,73273.72,72870.29,73044.01,28.408327540000002
1,73044.0,73111.44,72611.68,72712.58,39.70664891
1,72711.6,72828.38,72514.91,72808.57,43.5241244
1,72808.57,73012.33,72722.8,72789.13,45.44246371
1,72797.02,72810.28,72507.01,72658.69,41.60310602
1,72658.69,72676.01,72201.0,72381.24,39.34936601
1,72399.0,72523.0,71810.77,72125.79,118.81160097
1,72127.39,72148.05,71269.0,71591.98,328.42384987
1,71591.0,71767.54,71274.84,71423.0,160.48477568
1,71445.63,71551.04,70943.6,71003.72,139.26947012
1,71003.71,71497.11,70574.13,71461.09,155.09109248
1,71461.09,71694.73,71367.45,71553.68,59.54766362
1,71537.05,71586.19,71281.87,71400.49,76.28887903
1,71400.49,71574.52,71300.0,71510.42,110.7140294
1,71503.23,71606.55,71317.25,71349.76,57.50096661
1,71349.77,71354.66,70850.31,70948.01,55.48724668
1,70948.0,71365.0,70742.0,71311.0,48.78530815
1,71311.01,71482.36,71135.4,71313.86,43.35965367
1,71305.47,71309.61,71004.91,71186.33,23.82715534
1,71198.0,71276.18,70507.07,70535.95,59.66664525
1,70553.62,70780.26,70012.05,70738.77,132.25404242
1,70744.21,70937.0,70699.58,70848.98,38.44979574
1,70848.43,70933.0,70614.11,70702.05,32.21765986
1,70699.86,70726.99,70149.99,70157.63,76.48371268
1,70157.63,70340.28,69849.85,69998.45,93.42695766
1,69998.45,70168.0,69630.66,70023.0,108.78737309
1,70014.96,70075.54,69607.57,69721.39,82.69371072
1,69721.39,69743.99,69227.0,69317.99,120.21828586
1,69317.99,69648.0,69246.06,69544.53,64.0151316
1,69545.0,69552.67,69312.47,69352.45,73.20510979
1,69353.07,69438.99,68896.04,68901.5,180.8783975
1,68909.53,69080.07,68625.83,68676.73,147.1772745
1,68685.0,68717.69,67501.0,67884.73,373.66505871
1,67883.97,67940.0,66948.02,67176.99,342.51073327
1,67176.98,68019.63,67106.17,67303.32,156.15036098
1,67303.32,67727.11,67267.23,67364.99,126.02591013
1,67364.99,67544.11,67022.0,67224.34,104.51282092
1,67224.35,67394.99,66302.56,67207.0,153.08700391
1,67215.7,67577.7,66813.0,67481.53,94.98818582
1,67481.53,67820.4,67309.99,67466.74,77.66917491
1,67465.93,67465.93,66159.0,66289.0,189.19251638
1,66289.0,66777.98,66099.58,66668.6,211.01733022
1,66669.99,67108.0,66566.21,66838.59,108.44780475
1,66848.58,66959.31,66377.0,66821.01,64.93395907
1,66821.01,66842.79,66491.0,66524.23,50.36209903
1,66517.18,66572.81,65361.65,65761.0,175.41288581
1,65762.11,66525.31,65739.28,66368.5,99.79642601
1,66374.49,67297.93,66374.49,67238.17,198.42970093
1,67230.05,67417.99,66869.91,66885.0,98.37313977
1,66892.0,67242.6,66785.89,67139.63,76.74383473
1,67121.65,67170.99,66889.25,66929.37,60.20457046
1,66933.64,67229.61,66561.35,66976.42,84.61052042
1,66974.7,67380.99,66967.67,67199.63,63.2423998
1,67205.71,67277.13,66963.0,66980.38,57.34721118
1,66980.38,67073.36,66694.54,66983.99,91.66202506
1,66985.52,67153.11,66533.53,66800.02,219.72744383
1,66800.02,66896.35,66535.9,66764.65,131.33882216
1,66756.21,66794.84,65975.93,65979.71,192.54943362
1,65979.64,66266.2,65460.84,65972.66,192.30506334
1,65972.65,66094.58,65618.59,65870.8,79.31015533
1,65876.87,66071.93,65660.18,65948.26,70.44670672
1,65948.27,65968.6,65158.15,65371.67,144.4006364
1,65351.79,65514.56,64677.69,64916.94,204.1409014
1,64910.47,65773.22,64865.6,65676.16,201.5535668
1,65664.5,65739.44,64682.78,64818.23,167.37929334
1,64820.15,64884.95,63991.31,64045.64,157.75897591
1,64045.63,64336.27,62932.7,63241.74,339.28943014
1,63259.19,63417.58,62022.43,62105.62,427.94966598
1,62105.63,63562.3,61310.19,63142.85,425.28441792
1,63160.97,64457.96,63146.11,64291.37,147.82501215
1,64291.38,64687.36,64196.96,64334.91,112.6505577
1,64334.91,64334.91,63592.74,63903.71,179.94717346
1,63886.1,64424.26,63835.42,63968.15,141.55764987
1,63968.16,64005.07,63438.57,63532.67,119.32186926
1,63538.67,63831.02,63187.08,63542.49,219.12338309
1,63542.5,63560.3,62639.49,63176.76,244.33169448
1,63176.76,63176.76,62223.11,62363.13,214.22250696999998
1,62354.9,62758.56,62143.02,62479.4,193.9830892
1,62479.39,63905.5,62315.43,63702.3,211.65489258
1,63702.2,64174.72,63000.01,64130.52,298.16146932
1,64179.3,64438.09,63738.0,63893.14,280.91762105
1,63890.0,64337.73,63623.46,63824.29,321.18015919
1,63824.29,63848.82,63373.0,63485.99,226.2514877
1,63485.99,63637.48,62882.58,63457.28,331.60544932
1,63454.49,64018.41,63064.33,63736.77,259.16891757
1,63736.77,64073.54,63456.78,63546.64,180.25597444
1,63543.64,63618.48,63122.82,63584.09,555.77118792
1,63580.02,63819.7,63061.0,63226.0,177.15535764999998
1,63222.05,63701.46,63131.03,63672.14,160.04907658
1,63672.13,63853.85,63304.75,63814.8,61.18327658
1,63811.0,63915.41,63332.95,63346.53,71.30278097
1,63332.65,63492.0,62970.74,63297.0,75.85169966
1,63296.55,63374.54,62518.45,62541.51,89.98056921
1,62569.31,62828.48,62267.0,62658.93,77.27663083
1,62667.99,63581.22,62427.9,63543.63,76.21382079
1,63543.63,63622.59,62211.29,62271.55,119.06042978
1,62275.05,62573.66,61072.62,61881.08,649.92413899
1,61890.77,63058.4,61325.02,63056.24,287.5046186
1,63059.0,63059.41,62232.15,62394.88,95.77982271
1,62402.04,63200.19,62382.11,62811.2,159.49635474
1,62819.0,62889.28,62324.73,62488.53,157.99187448
1,62488.53,62567.95,61905.2,61905.2,268.75021872
1,61900.41,62404.1,61561.02,61908.09,170.42397809
1,61910.98,62276.22,60683.54,60688.76,339.29254613
1,60697.81,61183.13,60307.46,60820.91,427.16633531
1,60829.77,61096.16,60018.28,60409.1,371.90732854
1,60391.56,61511.98,59742.76,61346.44,560.94708033
1,61348.23,61475.02,60605.46,60762.79,170.7080505
1,60758.34,60909.12,59103.5,59343.06,407.65336882
1,59353.65,60420.6,59100.0,60282.01,263.27956002999997
1,60264.01,61743.9,59904.75,61614.0,268.1858229
1,61608.98,61969.99,61426.63,61656.0,123.207701
1,61642.93,61953.73,61201.2,61574.93,146.5568308
1,61576.0,61746.98,60496.98,61042.14,107.49935823
1,61032.64,61503.35,61032.64,61246.93,65.19364277
1,61258.1,61359.66,60932.06,61053.7,59.09117491
1,61036.54,61167.32,60653.51,60924.89,49.24748107
1,60924.0,60941.14,60506.29,60668.0,49.15569106
1,60671.1,60848.28,59485.04,60077.41,126.16627222
1,60100.98,61039.79,59605.51,60915.09,110.94539257
1,60931.78,61235.94,60665.42,60753.66,55.40602281
1,60759.14,61217.32,60704.02,60961.83,40.38946069
1,60968.73,61498.48,60850.88,61227.88,41.02377492
1,61238.38,61295.38,60860.83,60944.63,18.61977884
1,60950.14,60950.14,60194.16,60580.54,51.42563875
1,60563.89,60941.48,60509.37,60777.96,53.46683446
1,60777.97,61148.06,60617.89,61001.58,67.21818649
1,61001.56,61073.97,60669.9,60765.99,35.02214
1,60776.98,60993.83,60744.53,60766.78,25.44921232
1,60766.79,60898.96,60370.0,60749.01,51.14067862
1,60749.0,60937.99,60461.66,60744.95,57.53994506
1,60752.69,60820.73,60478.94,60552.65,46.700455850000004
1,60552.63,60722.99,60366.86,60604.69,30.10743581
1,60604.68,60749.91,60504.0,60572.96,39.496621
1,60571.0,60731.52,60485.93,60676.0,31.668027719999998
1,60681.04,60977.45,60673.02,60725.99,26.89727335
1,60726.0,60796.67,60403.58,60525.13,45.63900791
1,60525.14,60913.99,60514.58,60858.64,33.52396073
1,60850.82,60950.32,60717.66,60760.59,29.96563164
1,60752.48,61636.4,60728.68,61453.0,105.87064833
1,61445.61,61541.98,61156.04,61472.01,49.35952955
1,61472.01,61761.38,61382.09,61676.39,34.56874072
1,61676.38,61876.47,61458.56,61871.68,29.15416087
1,61859.92,62136.72,61623.44,61715.31,41.17300734
1,61715.3,62223.7,61586.57,62080.0,67.1692399
1,62079.99,62387.21,61966.48,62374.66,55.43638455
1,62376.57,62946.21,62233.52,62835.58,68.25218115
1,62835.2,62880.09,62388.33,62505.46,38.954422029999996
1,62507.76,62551.91,62278.32,62359.45,20.52374636
1,62348.25,62736.83,62344.34,62589.68,27.5168509
1,62606.77,62621.34,61557.92,61890.64,85.50308584
1,61859.21,61886.08,61634.96,61681.86,30.15522817
1,61677.49,62274.79,61673.57,61875.8,55.587578459999996
1,61880.54,62195.48,61641.52,62059.22,31.24179633
1,62074.64,62289.09,61935.91,62051.1,30.74384347
1,62054.99,62302.05,62018.0,62134.13,30.997239049999997
1,62134.12,62269.35,61993.01,62004.33,32.5781041
1,62004.34,62017.6,61141.19,61299.04,109.99349963
1,61308.22,61938.91,61186.21,61852.95,47.32757843
1,61848.2,61977.99,61623.72,61741.61,40.09703586
1,61748.22,64196.66,61694.16,62834.39,255.67297242
1,62831.86,63430.99,62772.72,63315.72,105.50607828
1,63306.56,63839.99,63117.05,63603.04,109.1748114
1,63603.05,63622.26,62683.98,63164.85,100.93341748
1,63199.97,63233.77,62884.2,63090.24,59.46154693
1,63100.85,63425.68,62942.31,63086.0,55.217174729999996
1,63097.5,63139.55,62611.3,62671.67,47.6384219
1,62669.0,62790.01,62370.0,62713.26,52.5331883
1,62721.91,63113.28,62706.49,62951.58,61.60501844
1,62951.58,63306.32,62771.75,63239.99,110.87555848
1,63236.32,63236.32,62943.29,63088.44,48.29764314
1,63088.43,63523.66,63075.87,63453.47,93.54747673
1,63453.46,63509.15,63051.42,63104.0,55.304062970000004
1,63115.94,63828.6,63010.45,63440.41,100.22347232
1,63440.41,63891.72,62644.86,63807.72,152.19918813
1,63832.22,63906.27,63315.34,63720.11,182.77674145
1,63726.46,64053.07,63523.01,63943.58,163.19771821
1,63971.77,64191.09,63653.26,63740.09,175.84798645
1,63750.96,64016.0,63431.01,63506.41,132.98024413000002
1,63495.49,63622.94,63252.0,63529.4,86.02360971
1,63529.4,63667.61,63309.13,63446.88,94.96265499
1,63446.87,63569.5,63335.26,63352.59,51.915012680000004
1,63352.6,63469.48,63140.54,63469.48,63.72684779
1,63480.02,63838.78,63467.95,63708.02,46.81687464
1,63707.42,63707.42,63194.7,63430.0,34.71561195
1,63429.99,63580.0,62963.0,63061.78,63.3655702
1,63068.48,63171.94,62401.21,62533.09,137.67943171
1,62532.37,62850.43,62525.0,62742.27,53.08474626
1,62742.27,62847.01,62513.56,62847.01,38.77629192
1,62847.01,62950.69,62672.76,62847.71,34.29880849
1,62847.7,63394.18,62718.03,63205.0,95.52262336
1,63207.35,63491.41,63082.02,63307.18,33.94590422
1,63307.51,63477.37,63187.01,63268.97,31.91020464
1,63268.98,63411.99,62973.63,63164.86,42.70423606
1,63175.66,63175.66,62731.51,62818.89,59.78645581
1,62818.88,62911.01,62559.27,62684.38,116.96463544
1,62684.38,62795.37,62552.6,62746.62,124.91734974
1,62743.53,62779.6,62461.54,62664.59,73.02629433999999
1,62665.73,62860.94,62406.75,62597.96,146.34718385
1,62604.35,62693.4,62121.94,62224.66,195.37743421
1,62229.36,62355.44,61098.0,61498.32,340.24322920000003
1,61506.67,61658.06,60991.62,61086.71,256.73823292
1,61086.71,61431.93,60718.0,61332.98,248.100828
1,61347.68,61832.01,61337.55,61643.75,169.96118916
1,61650.53,61912.92,61552.98,61739.44,60.71360715
1,61739.44,62052.0,61668.06,62051.69,67.71433251
1,62046.99,62228.05,61906.01,62106.4,106.90803987
1,62109.0,62130.87,61647.15,61709.94,94.47855771
1,61710.33,61934.24,61612.35,61678.14,48.3508755
1,61678.14,61839.6,61512.38,61685.44,41.61930698
1,61685.43,61887.11,61403.27,61880.99,48.006165880000005
1,61876.36,61932.44,61546.88,61672.59,42.11155533
1,61676.17,61788.52,61193.79,61260.49,30.53569
1,61264.26,61554.8,61244.53,61501.01,32.27646182
1,61501.0,61523.0,61151.01,61254.78,32.597275690000004
1,61254.79,61349.76,61030.97,61304.99,40.16378678
1,61311.01,61474.89,61097.87,61422.57,36.058233800000004
1,61424.88,61747.89,61387.05,61633.8,28.52774069
1,61645.08,61693.04,61120.74,61199.88,126.13448341
1,61213.1,61373.8,60678.99,61284.35,77.8067494
1,61284.35,61404.2,61102.0,61332.1,43.68815362
1,61333.08,61384.65,60810.01,60980.41,106.33970701
1,60988.49,61893.22,60902.34,61527.86,129.55469988
1,61519.68,62409.97,61391.41,62108.56,163.04257218
1,62099.87,62209.1,61758.52,62141.42,114.06035381
1,62169.15,62808.52,61801.77,62589.05,184.24750358
1,62589.05,62599.65,61875.02,62167.99,159.78197374
1,62167.98,62307.11,61598.35,61920.33,145.94502005
1,61919.0,62113.0,61518.07,61816.85,108.0189455
1,61807.0,62005.97,61615.26,61875.45,53.75388107
1,61875.22,61885.81,61624.49,61741.51,33.75837535
1,61739.02,61739.02,61120.83,61296.73,126.664754
1,61300.33,61524.98,61046.0,61317.8,218.75007609
1,61325.38,61542.75,61101.57,61456.49,58.53840233
1,61452.99,61918.55,61452.99,61763.74,37.81885044
1,61763.73,62302.36,61758.9,62162.28,47.07259361
1,62144.99,62243.95,61879.99,62072.61,34.99440192
1,62070.31,62725.65,61928.48,62618.14,77.61850076
1,62602.07,62778.35,62474.15,62646.71,36.88996116
1,62654.52,62654.52,62483.52,62529.37,20.2758134
1,62544.5,62919.28,62470.4,62693.59,29.0894051
1,62690.44,62767.98,62536.99,62641.88,13.73575205
1,62641.88,62967.29,62641.88,62879.1,29.27019135
1,62879.1,62920.79,62713.02,62850.9,16.24660384
1,62852.0,63138.03,62730.75,63088.5,49.80468484
1,63078.0,63199.99,62979.0,63044.91,44.97261693
1,63044.91,63130.89,62446.01,62949.21,151.90960615
1,62948.88,63200.0,62603.0,63026.01,189.01304783
1,63025.94,63042.84,62666.02,62670.02,70.49469153
1,62668.64,62816.95,62474.81,62685.13,62.66307895
1,62690.26,62781.27,62487.99,62508.02,53.09711804
1,62508.01,63568.11,62272.13,63558.14,211.58093539
1,63562.39,63719.71,63247.05,63384.46,138.4355491
1,63384.46,63840.01,63322.0,63547.15,127.19546766
1,63544.98,63601.01,63205.7,63342.01,47.57670423
1,63338.99,63544.02,63337.11,63454.98,20.59953431
1,63455.69,63613.35,63405.0,63442.43,17.0097623
1,63440.72,63627.0,63297.01,63558.21,29.514608210000002
1,63558.2,63727.0,63459.67,63572.75,30.80990958
1,63572.75,63572.75,63226.4,63345.6,29.87972001
1,63345.59,63705.39,63345.59,63536.2,11.46709635
1,63536.2,63571.0,63262.41,63434.42,18.48599025
1,63434.42,63775.47,63340.03,63615.77,29.21670112
1,63615.77,63635.61,63226.4,63271.29,36.48350377
1,63271.28,63323.89,62761.04,62899.33,21.33193187
1,62903.86,63117.74,62870.13,63011.57,68.36681386000001
1,63011.57,63527.0,63011.56,63395.43,61.66906801
1,63381.81,63880.49,63356.51,63679.39,50.94992068
1,63679.07,63771.82,63513.59,63626.37,82.26039908999999
1,63626.38,63812.69,63610.87,63689.59,42.2666948
1,63689.59,63702.81,63303.24,63391.1,36.7404788
1,63391.1,63463.27,62984.01,63159.09,90.14193368000001
1,63155.99,63960.55,63121.43,63958.1,106.21218621999999
1,63952.53,64348.63,63515.0,63569.79,151.75104246
1,63556.66,63964.29,63471.07,63950.87,104.27517805
1,63950.0,64078.11,63699.02,63823.18,99.21097464
1,63823.19,63895.19,63638.6,63648.0,36.05270472
1,63648.01,63787.47,63552.84,63570.36,38.5690406
1,63550.78,63666.82,63339.91,63415.44,46.97573209
1,63413.41,63594.4,63400.47,63442.19,32.608070579999996
1,63439.03,63623.92,63432.42,63474.06,25.93037328
1,63474.06,63547.39,63389.26,63531.04,11.863461599999999
1,63539.04,63610.19,63473.61,63563.01,18.32911693
1,63578.37,63810.36,63572.5,63791.45,19.27965243
1,63796.08,63800.02,63521.97,63616.2,16.85977471
1,63616.0,63683.84,63409.94,63497.6,12.66694333
1,63497.59,63615.35,63450.65,63481.11,6.99790337
1,63481.11,63563.99,63459.01,63547.86,22.03908466
1,63547.85,63707.19,63514.25,63694.94,15.820725099999999
1,63698.15,63841.88,63640.86,63801.44,35.59874522
1,63809.88,63874.71,63722.37,63772.99,15.88469036
1,63769.0,63825.57,63703.44,63705.55,7.3477862400000005
1,63705.56,63869.69,63683.7,63801.85,7.87097197
1,63801.86,63934.0,63801.04,63932.18,9.9589747
1,63932.18,64175.97,63883.33,64094.13,35.49671052
1,64095.19,64214.0,64022.14,64068.62,30.23538662
1,64066.74,64197.02,64049.09,64183.12,40.81229283
1,64183.13,64311.47,64149.15,64269.18,31.58606576
1,64269.18,64269.19,63878.0,63988.34,51.25611338
1,63979.99,64086.49,63903.98,63939.02,16.18536604
1,63937.7,64252.84,63937.7,64137.75,35.19250517
1,64128.01,64299.7,64117.01,64266.43,21.0541636
1,64270.01,64270.01,64205.22,64251.73,15.12291695
1,64251.75,64742.88,64189.91,64443.92,45.69247213
1,64441.85,64531.51,64357.0,64433.43,31.83014756
1,64433.43,64573.36,64367.0,64440.0,18.27405462
1,64423.99,64554.88,64350.73,64531.01,14.36297444
1,64531.01,64684.29,64475.03,64549.09,26.11827448
1,64549.1,64610.57,64447.49,64467.13,13.47437798
1,64463.02,64519.01,64438.0,64519.0,14.43255901
1,64519.01,64539.86,64305.99,64306.04,12.85624538
1,64306.6,64389.74,64265.79,64325.7,8.12491527
1,64328.86,64456.66,64218.27,64257.04,9.41216088
1,64257.05,64412.35,64197.92,64392.26,8.16474964
1,64392.26,64487.16,64360.56,64422.68,10.67576361
1,64422.67,64581.37,64290.98,64577.51,13.3117236
1,64577.51,64627.01,64460.98,64489.66,10.67955906
1,64489.67,64608.02,64431.46,64510.02,11.030472679999999
1,64513.37,64530.0,64269.84,64297.47,8.04448643
1,64297.48,64367.0,64217.07,64288.4,10.995011
1,64295.19,64309.89,63836.87,63961.0,92.13351173000001
1,63961.18,64120.01,63952.01,63993.45,26.58557174
1,63993.45,64166.79,63902.35,63908.02,23.67572664
1,63912.01,63991.98,63651.92,63699.35,36.217175929999996
1,63699.7,63776.19,63642.58,63775.67,11.0932578
1,63775.68,63820.17,63695.06,63763.93,10.16579395
1,63767.17,64055.0,63751.59,63965.01,21.702913380000002
1,63968.01,65641.0,63968.01,65279.95,246.00578094
1,65282.0,65535.07,64917.99,65382.77,87.95324801
1,65382.77,65758.99,65222.99,65712.5,52.05140247
1,65713.19,65870.98,65446.25,65588.38,82.50655035
1,65588.37,65687.81,65315.92,65472.91,54.15345776
1,65480.35,65745.91,65383.65,65426.11,32.41443465
1,65432.59,65960.89,65392.46,65890.02,42.58378848
1,65892.29,65892.29,65596.8,65607.23,20.01376408
1,65607.22,65836.57,65576.18,65823.77,26.93785285
1,65823.76,65924.51,65736.91,65774.38,19.041280190000002
1,65774.39,65988.0,65590.74,65624.48,46.15726926
1,65629.47,65754.0,65572.71,65619.21,25.01792611
1,65619.21,65756.71,65470.43,65556.22,55.72472503
1,65556.21,65929.76,65543.12,65865.05,45.51222651
1,65879.39,66357.0,65803.55,66199.62,102.73190128
1,66195.24,66565.31,66077.24,66528.5,103.04761128
1,66528.51,66914.0,66361.04,66395.84,252.09988474
1,66395.84,66624.88,66245.55,66551.35,85.46778347
1,66551.35,67253.17,66529.79,67253.17,95.3026438
1,67253.16,67253.16,67052.52,67124.81,126.63326561
1,67124.8,67124.8,66641.01,66822.36,71.5128389
1,66822.28,66903.46,66683.04,66738.29,94.52042263
1,66737.52,66860.1,66322.34,66567.79,70.09501533
1,66581.56,66646.27,66459.47,66481.99,35.74674314
1,66495.99,66534.84,66304.57,66332.85,40.51718857
1,66333.24,66440.83,66040.22,66165.23,33.85399101
1,66165.23,66327.51,66091.79,66282.05,28.46378689
1,66282.05,66428.35,66196.44,66210.56,60.65345024
1,66210.57,66379.0,66206.71,66307.03,40.67762943
1,66307.04,66327.27,65648.11,65692.92,69.31482242
1,65700.99,66124.34,65594.92,66117.0,60.469228380000004
1,66117.41,66239.09,65759.06,65795.01,35.56147784
1,65801.1,66113.5,65801.1,66031.84,26.08777645
1,66022.04,66523.92,66022.04,66405.99,30.09704833
1,66405.99,66477.32,66269.21,66328.25,59.11792667
1,66329.03,66949.01,66299.26,66850.02,68.16310748
1,66854.53,66878.58,66427.65,66470.36,29.07728538
1,66470.36,66743.56,66442.39,66464.09,77.92796004
1,66464.09,66597.44,66310.64,66426.49,28.0386694
1,66438.11,66767.66,66310.75,66378.52,55.7588125
1,66378.52,66416.29,65869.04,65992.65,159.35853378
1,65992.87,66203.67,65301.0,65598.51,131.067509
1,65598.35,65944.51,65547.9,65817.71,85.25388514
1,65812.62,65897.16,65644.5,65700.19,43.63979002
1,65700.18,65950.0,65645.9,65917.99,53.79827647
1,65917.99,66179.28,65737.62,65767.01,41.35172149
1,65783.16,65783.16,65504.0,65613.99,38.19069345
1,65617.5,65804.16,65525.5,65789.36,20.91458209
1,65793.35,65878.36,65586.47,65716.0,44.26708711
1,65716.0,65826.23,65618.43,65720.2,23.34115412
1,65719.0,65772.97,65563.68,65612.86,14.31786562
1,65612.85,65790.34,65612.85,65662.19,14.34053886
1,65650.68,65898.74,65429.14,65879.55,35.79695179
1,65878.39,66082.08,65719.8,65851.82,58.12319659
1,65851.82,65851.82,65655.85,65784.81,18.7194104
1,65805.98,65973.92,65737.02,65827.75,18.32307807
1,65826.87,65918.97,65679.07,65770.64,13.488292229999999
1,65770.81,65837.36,65513.22,65560.58,16.43374792
1,65560.13,65645.89,65137.54,65478.0,41.38142379
1,65477.99,65511.96,64782.43,64861.99,53.478609219999996
1,64860.78,65019.47,64784.13,64857.0,25.15289459
1,64857.0,64932.34,64707.16,64740.69,17.15668398
1,64744.92,64821.01,64502.8,64751.83,88.45946913
1,64751.84,65058.5,64542.4,64991.47,51.25307712
1,64983.07,65318.2,64786.19,65221.22,51.60223973
1,65224.06,65409.01,64707.7,65041.02,84.09619550000001
1,65041.03,65801.27,64933.44,65702.84,134.86266131
1,65702.83,66390.79,65664.4,65807.64,85.57354554
1,65814.66,66150.32,65733.01,66053.01,53.39771432
1,66064.0,66070.88,64761.18,65467.79,201.95459563
1,65475.15,65614.0,63989.07,64248.57,304.28433151999997
1,64251.88,64433.29,64132.85,64378.75,83.47172384
1,64378.74,64398.23,64083.28,64192.94,29.81631213
1,64192.94,64377.85,63861.31,64242.3,58.71404379
1,64242.3,64470.09,64194.01,64443.27,28.9533864
1,64448.09,64645.67,64392.42,64404.23,33.17040266
1,64404.23,64754.21,64401.09,64489.94,20.91825988
1,64491.63,64719.5,64421.91,64622.81,25.57403616
1,64614.6,64614.61,64194.98,64218.68,47.61519884
1,64218.68,64264.8,63757.91,63821.48,105.01485848
1,63819.28,63955.35,63625.66,63926.47,34.0895183
1,63926.47,64055.55,63776.34,64013.12,34.27652087
1,64028.16,64449.21,63948.81,64443.71,35.04222152
1,64441.75,64581.0,64318.39,64336.33,37.35725604
1,64336.33,64423.15,64136.92,64148.17,15.80228776
1,64148.17,64164.74,63855.33,64019.5,26.97355076
1,64019.51,64140.21,63817.83,63910.45,34.4610911
1,63910.46,64342.99,63857.53,64311.01,36.70517484
1,64311.01,64382.51,63715.78,63904.39,94.36332313
1,63912.04,64127.96,63523.38,63745.62,95.14088418
1,63741.24,63750.06,62235.65,62286.91,285.92485982
1,62289.01,62745.09,62268.84,62605.82,139.96916316
1,62605.82,62656.24,62178.0,62527.92,175.15630882
1,62526.32,62877.55,62490.99,62622.36,96.51356578
1,62622.36,62927.71,62553.04,62866.23,44.17600427
1,62867.02,63198.01,62867.02,63011.98,55.23548569
1,63011.99,63049.56,62796.65,62902.0,20.04767225
1,62894.64,62922.04,62670.45,62822.42,27.5925726
1,62820.52,62922.74,62683.64,62889.92,26.20862289
1,62889.92,63018.66,62773.24,62959.09,25.62747289
1,62959.58,63038.99,62780.77,62956.17,21.45284276
1,62956.18,63046.26,62821.09,62938.22,13.454480929999999
1,62938.21,62954.2,62313.3,62703.69,91.35314479
1,62703.69,62848.14,62348.25,62384.26,40.76230051
1,62384.26,62681.39,62384.26,62670.1,24.300099709999998
1,62670.11,62852.6,62662.29,62829.66,11.41671597
1,62829.66,62856.01,62443.29,62565.27,28.31804684
1,62567.49,62713.28,62486.17,62533.5,23.23667748
1,62536.21,62588.34,62245.01,62325.02,23.70359004
1,62325.03,62535.45,62319.01,62480.03,25.031163290000002
1,62476.55,62624.78,62387.99,62567.02,49.87398368
1,62567.02,62812.35,62290.33,62775.7,55.10044776
1,62780.99,63400.37,62607.47,63160.68,66.94843987
1,63160.67,63352.7,62948.91,63145.02,44.46609956
1,63145.01,63225.99,62963.0,63147.46,29.49938604
1,63149.45,63333.26,62871.89,62906.01,81.34764358
1,62914.38,63165.83,62810.0,63139.62,55.16627807
1,63139.62,63140.17,62931.01,63055.02,31.47286149
1,63055.01,63086.82,62888.0,62971.56,33.80984372
1,62971.57,63225.28,62908.64,63193.97,16.55768598
1,63193.96,63220.95,63001.99,63010.53,43.25392308
1,63010.52,63316.84,62994.45,63260.3,30.48254451
1,63266.36,63606.48,63217.92,63487.34,51.73339994
1,63487.34,63724.04,63407.57,63473.5,37.28901279
1,63473.5,63567.03,63351.74,63527.18,11.70720108
1,63527.17,63527.17,63282.15,63282.15,12.87827923
1,63282.15,63456.47,63269.41,63410.47,26.83071019
1,63414.05,63553.01,63345.2,63522.86,19.0998277
1,63531.05,63859.71,63482.4,63625.25,50.42947944
1,63625.25,63700.03,63582.78,63682.67,20.71737671
1,63682.66,63739.28,63536.5,63596.96,19.23249702
1,63599.31,63606.33,63336.15,63357.77,19.26520224
1,63357.77,63727.72,63357.77,63677.6,9.51088925
1,63673.01,63714.69,63534.89,63614.11,9.55350104
1,63616.71,63736.74,63561.07,63622.75,11.41456266
1,63622.76,63716.7,63486.28,63598.08,28.65476366
1,63598.08,63598.08,63222.14,63349.48,30.43327381
1,63336.77,64087.4,63133.21,63891.73,38.75919979
1,63889.99,64334.69,63777.95,64090.14,79.84938738000001
1,64096.98,64113.39,63844.1,63955.94,15.15876455
1,63962.51,63975.99,63681.02,63769.88,29.40845732
1,63770.06,63858.28,63717.0,63734.06,15.805220929999999
1,63736.01,63900.0,63723.44,63869.04,20.79828964
1,63869.03,63908.98,63782.75,63854.39,11.24102623
1,63862.73,64022.4,63847.91,63946.48,28.42575588
1,63946.48,64280.57,63914.34,64201.02,31.71946993
1,64201.02,64269.7,64160.07,64245.72,32.53762311
1,64225.99,64239.16,64166.61,64215.25,20.76816308
1,64215.25,64243.39,64139.14,64173.14,8.254530429999999
1,64168.0,64192.93,64142.03,64167.49,15.78292912
1,64170.26,64395.8,64153.02,64352.07,34.42132147
1,64352.06,64522.0,64193.56,64205.0,25.535858179999998
1,64204.99,64287.99,64152.79,64178.96,8.37798457
1,64178.97,64251.34,64123.21,64227.27,3.3951731
1,64227.27,64227.28,64095.0,64124.88,4.90261491
1,64114.44,64151.82,63822.18,63926.03,20.33490019
1,63933.0,64159.74,63881.58,64122.92,11.22683764
1,64122.92,64324.33,64122.91,64284.87,17.2194325
1,64292.45,64396.09,64024.77,64084.01,19.64683259
1,64095.97,64154.98,63873.95,64121.99,25.16426435
1,64122.0,64122.0,63944.01,64068.0,8.15313583
1,64068.0,64072.99,63925.1,64067.07,23.01637371
1,64067.07,64265.41,64048.01,64134.49,16.31159157
1,64134.48,64172.36,63955.21,64063.99,35.87025177
1,64063.99,64142.82,63996.03,64064.61,14.540516969999999
1,64064.62,64162.02,63872.0,64132.33,29.73891341
1,64132.33,64216.59,64085.43,64131.41,9.51776909
1,64125.92,64186.01,63625.57,63769.91,36.23460138
1,63774.61,63882.76,63416.05,63728.01,65.39183549
1,63728.0,63790.7,63493.63,63720.01,55.2764786
1,63720.01,63720.01,63197.23,63237.18,42.01443752
1,63237.17,64021.99,63237.17,63811.59,70.48318664
1,63809.28,64755.09,63771.65,64534.19,112.36201099
1,64529.01,64591.72,64165.99,64165.99,37.61862679
1,64172.45,64384.99,63820.49,63895.01,40.93783563
1,63887.57,64036.35,63787.88,64018.15,27.98980003
1,64018.15,64254.01,64001.53,64156.44,38.20173149
1,64160.44,64245.26,63867.92,63906.26,18.38116306
1,63906.29,64312.99,63887.61,64125.99,21.15094194
1,64125.99,64276.63,63967.1,64091.61,21.98319144
1,64091.61,64189.0,63980.8,64075.88,12.59598147
1,64075.88,64206.44,64009.42,64067.02,10.20250832
1,64067.02,64701.99,64023.98,64583.75,72.75749676000001
1,64583.75,65140.92,64505.75,65078.04,130.69034339
1,65078.04,65516.14,64875.72,65501.32,142.68393908
1,65501.32,65555.13,64767.08,64909.52,99.07531755
1,64902.48,65071.88,64679.68,64765.18,89.66824607000001
1,64774.44,64793.49,64444.5,64652.9,93.23860626999999
1,64650.99,64695.74,64313.95,64539.23,30.91930929
1,64539.24,64665.68,64237.53,64264.26,87.04399752
1,64270.83,64428.32,64199.22,64407.53,82.54071405
1,64404.0,64592.11,64293.39,64362.89,35.98326771
1,64362.89,64415.99,64073.01,64243.18,50.63263302
1,64243.18,64331.86,63733.0,63898.76,75.60511334
1,63902.61,63983.39,63816.93,63948.96,34.644775270000004
1,63948.95,64086.4,63761.0,64074.53,25.71907873
1,64085.31,64199.85,63820.01,64092.25,28.59465167
1,64090.65,64196.38,63972.53,64126.92,13.13933283
1,64122.73,64122.73,63889.33,63988.03,11.61680044
1,63988.03,64019.7,63533.51,63544.45,29.84980707
1,63554.74,63651.95,63289.4,63316.31,45.36517307
1,63326.78,63326.78,62498.74,62860.92,131.85797675
1,62865.0,63019.21,62787.49,62807.57,39.28035966
1,62821.99,62877.05,61860.01,62305.74,161.46106787
1,62305.73,62437.82,62270.18,62305.7,38.19121239
1,62303.01,62501.0,62165.79,62251.35,39.14613774
1,62251.35,62560.54,62246.44,62438.61,63.22532083
1,62438.62,62483.96,62123.86,62194.19,45.07572391
1,62191.99,62461.97,61882.23,62391.7,159.7158843
1,62397.01,62772.0,62342.0,62412.25,111.89561806
1,62417.03,62436.0,62121.17,62403.47,54.01312009
1,62405.46,62748.99,62348.25,62471.77,96.17600984
1,62471.42,62614.65,62252.27,62280.17,51.00758
1,62280.18,62371.26,62024.82,62161.01,57.47261032
1,62161.0,62397.0,62148.35,62324.0,48.02190135
1,62316.01,62454.51,62302.98,62375.02,18.73892133
1,62393.78,62578.99,62393.77,62511.01,30.02873856
1,62511.0,62703.29,62444.76,62510.76,32.35933769
1,62510.77,62722.63,62424.99,62651.43,19.78785899
1,62651.43,62945.99,62651.01,62926.0,42.54809918
1,62938.0,63035.07,62689.92,62850.56,28.97435073
1,62850.55,62932.0,62519.62,62546.79,37.45475671
1,62546.79,62749.77,62377.24,62650.08,31.79146725
1,62650.08,62711.3,62447.65,62683.62,20.89966445
1,62663.99,62992.54,62623.01,62803.1,30.10956899
1,62803.1,62823.9,62639.32,62691.99,24.10724292
1,62694.64,62757.21,62520.65,62558.58,38.18248842
1,62559.12,62723.35,62488.67,62714.43,22.36434825
1,62714.42,62714.42,62550.83,62596.01,13.10617341
1,62596.0,62596.01,62332.2,62360.47,65.07039433
1,62350.38,63137.0,62227.99,62821.9,57.59789562
1,62825.59,62885.87,62497.02,62530.99,26.60950497
1,62531.0,62545.01,61154.07,61239.9,208.68133963
1,61230.0,61361.06,60809.0,61016.64,208.05985898
1,61016.64,61043.54,60163.96,60186.01,172.53557424000002
1,60176.44,60584.7,59521.54,59764.17,243.6217677
1,59763.0,59970.95,59018.45,59322.38,364.44100471
1,59321.29,59844.28,59224.99,59508.65,111.19075716
1,59550.01,59891.69,59435.97,59866.02,80.64289169
1,59861.9,61121.26,59757.92,60876.01,209.40048187
1,60867.02,61048.79,60578.27,61014.54,66.66620111
1,61011.33,61168.18,60719.15,60781.59,49.52677831
1,60781.59,61015.9,60735.2,60987.0,26.79359921
1,60981.45,61068.36,60643.27,60726.76,46.27303953
1,60727.01,60900.59,60626.95,60838.07,32.78113906
1,60826.99,60866.36,60612.99,60703.69,33.77439874
1,60710.01,60809.2,60594.99,60784.07,29.15842697
1,60788.25,61301.27,60695.59,61264.21,30.216161070000002
1,61261.24,61705.71,61179.38,61498.9,64.47227529
1,61498.91,61753.99,61498.9,61625.22,17.39689739
1,61625.22,61865.72,61571.91,61812.84,29.34690798
1,61812.83,61825.98,61590.07,61613.05,26.32466372
1,61613.07,61691.87,61515.72,61651.45,10.08623938
1,61646.35,61660.81,61171.54,61176.68,24.2237256
1,61181.22,61330.75,60972.72,61187.8,36.09674165
1,61187.81,61643.05,60985.7,61136.44,67.11858864
1,61136.43,61258.89,58035.28,58213.89,456.45247687
1,58196.58,60385.04,58196.58,59374.17,473.16384273
1,59374.17,59554.0,58771.97,59462.23,250.52476781
1,59484.86,59964.04,59048.2,59222.98,119.31978316
1,59222.98,59637.0,59046.87,59591.75,76.57866252
1,59584.0,59696.92,59262.96,59406.02,88.55838637
1,59434.99,59434.99,59076.0,59208.44,68.5927713
1,59219.01,59650.99,59219.01,59368.48,48.69817488
1,59364.0,60160.83,59356.72,60123.4,48.51321062
1,60118.6,60118.6,59650.0,59748.88,27.75898457
1,59739.17,60103.99,59650.0,59696.26,25.05695281
1,59710.91,59813.39,59543.59,59579.98,52.88877146
1,59573.66,59677.04,59143.76,59343.61,36.58038133
1,59356.66,59356.66,58274.03,58469.23,131.24038145
1,58482.43,60027.94,58240.91,59952.98,110.32225188
1,59949.06,60148.07,59745.17,59826.11,40.55605997
1,59826.47,59957.88,59640.63,59859.93,40.04278435
1,59859.93,60370.36,59622.0,60227.8,50.87127632
1,60236.05,60656.42,60198.32,60424.16,233.73220488
1,60424.03,60473.72,60052.36,60136.05,40.81693487
1,60154.09,60169.45,59485.5,59649.94,37.26836567
1,59653.6,59762.57,59154.83,59214.25,55.648434280000004
1,59220.01,59501.75,59182.26,59328.22,37.35878884
1,59328.66,59930.16,58876.47,59085.74,115.42103701
1,59094.73,60108.93,58395.16,60079.41,203.4092897
1,60049.91,60204.25,59300.72,59513.12,177.52949266
1,59502.31,60413.42,59501.84,60231.66,241.43012578
1,60240.21,60505.87,59874.76,59942.26,135.40941935
1,59942.25,60191.9,59852.3,59931.0,92.53920776
1,59929.34,60063.89,59471.29,59574.21,90.01186484
1,59568.02,59995.4,59510.2,59652.98,108.09914818
1,59651.43,59901.76,59491.26,59613.93,69.94324830000001
1,59621.33,59965.0,59578.32,59838.83,28.70383181
1,59829.0,59999.33,59661.46,59960.38,36.47217351
1,59949.8,60030.3,59851.99,60019.38,18.70511197
1,60021.01,60112.17,59792.71,59973.87,21.70033333
1,59975.47,59985.5,59845.77,59855.81,15.03998128
1,59851.02,60279.87,59838.88,60203.03,40.90483161
1,60190.8,60320.22,60080.72,60214.0,14.089268970000001
1,60204.99,60389.57,60127.44,60143.89,20.47703291
1,60145.58,60220.01,60040.6,60143.52,12.790567639999999
1,60143.53,60403.57,60020.27,60280.52,23.63070703
1,60280.51,60475.26,60200.0,60445.93,29.674969909999998
1,60445.93,60447.0,60278.0,60367.02,26.47835512
1,60366.55,60412.07,60195.0,60329.75,13.01243958
1,60323.15,60396.23,60281.28,60316.65,9.19068705
1,60316.65,60350.98,60097.47,60270.64,10.0017346
1,60268.25,60335.62,60159.0,60313.43,9.86264957
1,60325.13,60566.37,60290.82,60483.58,11.46306671
1,60483.58,60626.95,60415.08,60513.98,19.59186173
1,60513.97,60850.0,60467.03,60743.78,56.48818685
1,60743.79,60756.67,60578.0,60715.71,24.953177880000002
1,60715.72,60724.0,60324.71,60430.19,46.99038351
1,60430.2,60471.39,60354.72,60469.68,7.85520638
1,60469.45,60505.24,59987.94,60079.63,31.42056143
1,60079.64,60211.39,60075.05,60193.99,9.24299153
1,60203.1,60389.99,60049.98,60105.84,17.94861067
1,60105.83,60157.15,59766.78,60135.79,21.62214574
1,60135.78,60229.1,59857.22,59940.07,14.10215272
1,59940.06,60103.41,59930.0,60049.51,8.40008553
1,60058.98,60186.06,59897.99,60127.05,8.63219697
1,60129.4,60253.98,59956.85,60072.85,6.99107798
1,60066.0,60194.97,60065.99,60118.29,5.88675012
1,60118.3,60147.26,60010.01,60045.38,8.01564726
1,60045.37,60051.41,59659.62,59900.0,14.27754437
1,59900.0,59942.0,59715.33,59915.36,6.569819669999999
1,59915.54,60176.24,59910.0,60141.28,11.35223241
1,60134.32,60447.61,60053.63,60291.74,15.25459322
1,60285.02,60374.1,60161.39,60169.39,4.52090432
1,60169.94,60206.86,59973.2,60082.96,14.91953837
1,60082.96,60287.78,60030.77,60249.38,10.17497996
1,60249.37,60368.47,60107.79,60210.83,15.42400168
1,60211.11,60211.11,59894.99,59983.14,23.02465045
1,59983.15,60163.25,59923.01,59950.23,15.20332865
1,59940.27,60048.98,59736.01,59801.96,25.87710872
1,59801.97,59858.14,59500.01,59601.93,27.89576275
1,59601.39,59762.96,59308.37,59500.53,38.30694611
1,59500.53,59612.25,59418.19,59528.89,14.12909666
1,59528.88,59585.22,59184.0,59399.99,33.5791589
1,59389.99,59687.02,59389.99,59564.89,52.98079813
1,59564.89,59702.98,59232.56,59330.02,40.64210688
1,59351.98,59814.71,58806.76,58972.76,166.37193657
1,58971.3,59756.75,58908.82,59473.29,65.63919196
1,59473.29,59605.5,58907.12,59585.75,70.53120804
1,59562.18,59594.09,59102.54,59341.36,24.41318766
1,59343.79,59710.21,58800.83,59659.64,40.4731608
1,59649.65,60135.87,59649.65,59948.92,42.35077614
1,59948.92,59953.73,59639.81,59736.13,47.49338239
1,59736.13,60003.89,59282.95,60003.89,32.40606212
1,60014.5,60234.69,59956.64,59984.23,33.80030265
1,59984.24,60088.99,59837.86,59932.78,29.04998364
1,59932.78,59995.92,59651.28,59742.48,32.38223656
1,59742.49,60015.8,59686.36,59965.55,28.13542251
1,59971.42,60227.41,59971.42,60001.93,21.63299105
1,60003.67,60134.11,59714.54,59883.73,38.93716623
1,59870.07,60692.2,59511.0,59856.52,259.2607352
1,59864.66,60237.65,59234.76,59470.41,116.56103451999999
1,59481.02,59591.62,58854.74,59352.54,302.42786474
1,59370.53,59836.53,58983.0,59702.26,193.90212204
1,59711.48,59889.85,59459.0,59792.27,79.03222421
1,59785.0,60579.91,59785.0,60311.22,148.41902123
1,60315.4,60424.44,60095.46,60204.19,58.2305147
1,60204.2,60471.42,60061.73,60340.82,74.31522012
1,60339.58,60456.89,60203.01,60203.28,40.3164483
1,60203.28,60499.09,60177.0,60387.91,38.47012835
1,60387.91,60428.75,60259.62,60268.1,22.94008336
1,60268.63,60293.34,60107.58,60163.86,45.42663564
1,60163.85,60184.93,59605.51,59740.72,56.12998787
1,59747.28,59958.07,59688.08,59847.3,23.27855875
1,59847.31,59948.47,59658.76,59867.17,22.4640998
1,59853.83,59929.55,59492.38,59520.29,58.67852447
1,59520.29,59593.66,59326.11,59387.14,67.34902527999999
1,59387.15,59557.04,59262.41,59537.86,38.10439643
1,59546.35,59615.98,59413.54,59486.89,38.00763306
1,59495.04,59529.01,59349.68,59439.84,43.90550001
1,59429.49,59459.5,59091.33,59221.0,44.54260872
1,59221.0,59327.88,59155.79,59279.69,32.38455126
1,59279.7,59318.13,59194.72,59237.4,24.986621470000003
1,59235.34,59315.2,59029.51,59093.87,55.30227307
1,59093.88,59093.88,58273.93,58318.4,100.73638404
1,58318.39,58736.01,58134.57,58646.87,170.32599393
1,58625.98,59168.28,58321.78,58374.79,168.07954865
1,58377.61,58685.98,58076.49,58270.5,158.02739316
1,58270.5,58535.3,58158.4,58392.56,71.02546844
1,58392.55,58518.12,58223.53,58328.37,61.08068655
1,58325.12,58601.0,58256.61,58579.8,59.90347454
1,58575.94,58738.64,58485.92,58717.94,46.14624821
1,58726.32,58777.61,58549.06,58636.0,61.83147899
1,58636.01,58672.44,58412.96,58547.26,48.100775979999995
1,58547.26,58699.61,58423.43,58513.76,33.16927517
1,58511.58,58565.36,58459.57,58526.17,43.56359122
1,58526.63,58652.07,58212.81,58474.6,37.52597325
1,58481.63,58916.0,57734.63,58677.51,253.0981682
1,58673.98,59074.95,58571.44,58991.12,48.28329693
1,58991.13,59231.19,58758.02,59099.82,38.52107359
1,59099.82,59370.65,58968.02,59237.48,40.95013745
1,59241.02,59281.1,59033.68,59060.55,21.03044845
1,59060.56,59060.56,58445.55,58655.64,43.85793345
1,58671.61,58735.77,58515.13,58684.42,23.72668274
1,58658.1,58907.99,58414.92,58898.86,21.945524029999998
1,58903.96,59012.04,58766.14,58870.08,26.01047705
1,58871.77,58873.34,58536.29,58585.82,31.14832093
1,58580.18,58676.2,58474.05,58543.89,18.89377193
1,58543.89,58604.58,58253.41,58468.28,45.54549542
1,58453.43,59433.02,58453.43,59427.04,109.3334718
1,59411.85,60020.6,59199.17,59467.75,115.61567857
1,59472.22,60475.47,59452.4,60088.87,83.94158118
1,60092.64,60192.73,59799.47,59853.79,48.61932384
1,59856.19,60173.24,59720.76,60129.86,43.78577686
1,60129.85,60238.17,59955.0,60114.33,41.563844169999996
1,60103.78,60294.44,59933.58,59964.68,68.34511516
1,59969.32,60134.99,59809.12,60069.42,42.25461959
1,60069.43,60800.0,60066.28,60757.82,61.95884313
1,60752.65,61280.5,60277.78,60405.91,77.53532598
1,60405.91,60405.91,59917.01,59963.46,46.68172705
1,59957.3,59957.3,59523.85,59676.77,25.58775276
1,59685.66,60264.11,59654.94,60109.15,33.83525046
1,60109.16,60423.35,59952.98,60369.1,21.43849311
1,60351.71,61057.6,60237.26,60983.1,53.22236736
1,60989.75,60989.75,60664.07,60709.48,20.48333717
1,60709.48,60803.77,60409.45,60433.04,48.16815012
1,60436.44,60582.87,60188.0,60197.66,20.917053120000002
1,60195.99,60222.89,60024.03,60054.95,22.5721038
1,60062.38,60477.12,60044.76,60436.22,34.14633364
1,60436.22,61339.97,60297.29,61095.75,171.25510893
1,61087.51,61270.95,60964.64,61180.33,52.23441859
1,61180.33,61304.61,61050.0,61284.08,35.74481041
1,61270.86,61542.74,61083.13,61474.68,126.57325016
1,61474.69,61984.99,61438.66,61863.48,235.21468291
1,61872.92,62136.7,61333.97,61620.11,172.50183132
1,61634.56,61783.17,61361.45,61547.25,137.05667609
1,61547.26,61730.85,61081.67,61629.46,157.59044502
1,61629.46,61877.88,61564.01,61601.79,87.64377887
1,61601.79,61828.28,61601.79,61699.22,72.41731938
1,61699.21,61699.21,61372.0,61416.45,106.88904113
1,61424.55,61520.0,61269.96,61516.06,111.2997283
1,61516.07,61588.35,61442.92,61515.39,57.8384503
1,61515.38,61523.01,61301.77,61393.14,43.31783513
1,61393.14,61528.44,61276.38,61479.1,38.89433289
1,61478.28,61501.32,61169.93,61227.92,55.63202879
1,61224.26,61659.99,61205.9,61503.15,35.56496007
1,61503.15,61589.64,61210.3,61355.71,34.96772795
1,61352.13,61488.76,61240.23,61351.47,42.76946187
1,61351.47,61440.97,61260.49,61373.75,39.77874633
1,61367.52,61730.69,61352.29,61623.67,39.18378423
1,61623.68,61771.33,61543.7,61637.42,25.53953812
1,61637.42,61789.28,61589.02,61679.58,51.11888702
1,61679.58,61830.87,61482.38,61505.68,30.72457746
1,61505.68,61715.99,61442.37,61655.29,28.90958652
1,61648.11,61974.83,61595.21,61845.15,69.05888904
1,61845.16,62029.55,61770.91,61961.74,20.907716620000002
1,61944.02,62098.6,61800.35,61904.84,46.78700232
1,61904.83,62208.67,61873.93,62048.63,47.61546755
1,62046.38,62213.43,61639.0,62106.28,56.24855657
1,62099.22,62338.36,61762.95,61854.78,54.97707933
1,61860.26,62065.53,61858.02,62054.42,24.80775608
1,62054.42,62234.6,62018.05,62133.1,39.63337139
1,62141.14,62191.04,62065.29,62150.91,21.321563949999998
1,62150.91,62263.0,62102.75,62148.66,41.51437349
1,62150.12,62848.14,62131.0,62712.02,148.76241349
1,62712.02,62894.88,62454.1,62673.4,58.35595323
1,62668.42,62681.38,62474.4,62516.37,36.86643007
1,62516.37,62644.59,62478.1,62522.46,16.92573582
1,62522.45,62888.0,62522.45,62695.16,35.24703307
1,62695.16,62695.16,62347.84,62435.33,54.12293433
1,62421.93,62514.73,62376.23,62477.92,10.47072268
1,62477.92,62697.15,62428.35,62587.86,27.99160153
1,62580.71,62687.24,62540.26,62629.53,15.19317892
1,62629.52,62629.52,62381.89,62408.47,13.98299973
1,62408.46,62499.14,62279.5,62441.24,11.83703404
1,62441.23,62575.08,62411.32,62519.88,18.97951719
1,62519.53,62616.27,62458.15,62503.48,13.40494486
1,62496.0,62526.09,62362.27,62442.02,13.9881165
1,62442.02,62476.01,62388.22,62453.07,11.74238319
1,62450.03,62490.99,62408.54,62434.65,5.30536588
1,62429.23,62637.01,62429.22,62612.73,16.51397348
1,62612.74,62746.9,62493.99,62534.02,39.32420157
1,62534.01,62673.36,62534.01,62651.3,7.56867379
1,62651.29,63019.86,62651.29,62878.77,70.04729087999999
1,62878.76,62913.81,62733.55,62872.77,22.90098578
1,62872.77,63454.8,62745.56,63220.93,68.80295559
1,63220.93,63290.54,63045.37,63114.28,19.4300889
1,63114.27,63413.92,63070.58,63250.78,35.99156904
1,63243.8,63340.23,63106.57,63186.95,22.171711209999998
1,63186.95,63398.01,63158.97,63255.9,24.71231756
1,63250.82,63255.91,63113.17,63136.99,15.94377349
1,63140.51,63186.96,62877.79,63086.18,30.40522308
1,63089.64,63089.64,62848.14,62921.77,24.77953548
1,62921.77,62993.34,62745.0,62839.0,19.88007238
1,62831.34,62869.81,62544.01,62635.16,27.70536043
1,62635.17,62738.31,62600.8,62709.51,9.36191687
1,62709.52,62895.62,62658.01,62776.34,17.35387437
1,62766.24,62766.24,62603.36,62704.13,10.47303375
1,62684.02,62765.92,62616.19,62716.5,4.29230469
1,62725.35,62999.47,62666.02,62967.87,15.9404588
1,62964.5,63051.62,62844.91,62865.01,8.13785642
1,62865.02,62875.76,62389.98,62564.11,20.38274331
1,62567.72,62699.05,62493.37,62695.33,12.98708001
1,62695.32,62754.71,62559.78,62596.53,7.93732692
1,62601.95,62721.47,62508.05,62681.1,12.93488703
1,62681.1,62764.23,62595.86,62741.14,13.79896274
1,62741.14,62767.18,62602.74,62761.23,10.65661204
1,62761.22,62892.36,62627.33,62680.0,56.23349499
1,62680.0,62712.87,62538.81,62583.44,33.36784314
1,62582.58,62761.99,62540.37,62576.92,32.70027044
1,62576.91,62828.98,62565.69,62764.08,14.53869517
1,62763.78,62824.47,62670.86,62721.56,7.16959286
1,62721.56,62782.52,62643.84,62684.71,11.498213179999999
1,62684.71,63163.08,62552.39,63037.13,64.23273062
1,63040.46,63900.0,62952.11,63679.66,112.77172844
1,63679.65,63945.23,63510.46,63587.06,41.17944085
1,63587.05,63716.27,63289.41,63699.93,44.03033343
1,63698.19,63858.15,63497.03,63506.14,30.23868198
1,63506.14,63601.8,63315.19,63410.63,46.98085595
1,63396.53,63434.74,63072.01,63239.65,28.523890390000002
1,63239.64,63329.03,63121.48,63208.37,22.3141302
1,63207.36,63207.36,62888.48,63059.31,46.38950271
1,63059.31,63085.48,62911.52,62932.35,27.32747006
1,62919.42,63054.75,62822.02,63031.49,40.41534889
1,63031.49,63178.73,62768.13,62833.82,24.16338092
1,62833.81,62853.27,62564.64,62602.19,22.40028813
1,62602.19,62970.49,62595.58,62753.74,25.61538768
1,62754.09,62935.57,62420.75,62420.75,32.87439401
1,62416.21,62435.07,61607.75,61695.91,230.02440851
1,61695.91,61983.65,61246.23,61717.71,147.04033883
1,61717.71,62369.49,61669.19,61988.85,87.90373521000001
1,61995.33,63507.52,61995.33,63507.52,157.60634858
1,63496.13,63818.81,63351.99,63689.23,108.41118852
1,63690.89,63920.6,63515.49,63539.26,45.08721149
1,63543.9,63840.38,63513.07,63645.7,35.61994484
1,63644.08,63842.04,63604.2,63681.65,40.958364689999996
1,63699.11,63849.11,63540.34,63777.44,41.01056769
1,63777.44,64657.29,63767.65,64443.84,116.46996438000001
1,64443.84,64459.91,64101.94,64204.15,63.99946953
1,64204.15,64294.51,63982.07,64000.1,32.48990923
1,64000.11,64263.34,63965.5,64158.01,24.65943326
1,64158.02,64158.02,63739.61,63792.61,48.744658099999995
1,63795.65,63861.91,63242.9,63278.69,91.64697578
1,63278.68,63373.79,63101.65,63141.79,15.03843901
1,63141.79,63232.96,63012.0,63046.76,20.65936469
1,63046.77,63214.86,62740.17,63074.47,23.54174068
1,63075.48,63352.69,62938.84,63290.92,33.94644983
1,63290.91,63399.87,63027.05,63027.05,27.818508729999998
1,63027.57,63138.79,62939.05,63050.06,129.33844152
1,63050.05,63291.34,63011.0,63190.51,35.97507234
1,63190.52,63395.1,63166.38,63216.56,31.27690402
1,63222.76,63389.52,63056.04,63339.3,47.61307177
1,63339.3,63816.75,63331.91,63415.6,58.3471397
1,63420.92,63420.92,62926.4,62978.33,77.88818814
1,62994.31,63562.95,62605.01,63493.38,142.04222805
1,63499.88,64050.05,63314.54,63875.58,179.46437242
1,63883.33,64191.31,63758.1,63930.18,44.37882124
1,63935.28,64181.24,63842.46,64139.34,23.05523863
1,64143.75,64143.76,63624.23,63644.96,51.84262417
1,63635.65,63852.07,63337.85,63763.74,57.70277397
1,63773.62,63858.87,63577.16,63654.82,24.50646055
1,63654.83,63825.39,63268.71,63384.15,37.22760871
1,63384.14,63620.59,63177.36,63505.62,38.5781489
1,63505.62,63670.72,63276.61,63311.3,39.73729132
1,63322.54,63711.85,63263.74,63566.6,19.1819732
1,63566.6,63600.7,62879.08,63002.77,41.04890684
1,62995.97,63016.37,62491.01,62925.42,45.26683452
1,62942.4,63049.79,62651.91,62707.49,11.99425639
1,62721.3,62854.4,62623.34,62753.06,13.202447880000001
1,62745.91,62823.1,62504.51,62582.58,15.39402666
1,62583.7,62693.75,62416.79,62603.27,27.645540880000002
1,62603.28,62841.68,62494.59,62837.65,16.063788979999998
1,62837.65,62890.81,61814.45,61955.29,82.58226232
1,61956.86,62116.12,61681.74,62002.19,44.63276895
1,62002.62,62136.97,61842.81,62119.57,24.51000313
1,62128.53,62334.44,61998.26,62246.45,34.96980113
1,62246.46,62366.26,61903.99,61904.0,36.49596215
1,61902.96,62031.87,61568.46,61873.65,73.32815865
1,61873.72,62108.82,61655.74,61824.71,77.25895458
1,61824.71,61851.3,61480.73,61641.86,95.98873069
1,61635.27,62087.44,61623.29,62049.51,52.05467962
1,62049.51,62342.19,61967.58,62054.53,66.92462283
1,62054.53,62296.73,61986.98,62127.79,14.00658666
1,62127.78,62242.73,62018.61,62229.97,18.74899546
1,62228.06,62255.29,62034.4,62052.91,39.10548048
1,62052.92,62197.08,61912.24,62137.25,24.50913526
1,62147.92,62294.15,62134.18,62285.1,15.44271761
1,62283.98,62299.51,62120.13,62237.84,11.68542158
1,62238.2,62262.2,62017.24,62074.74,24.95698308
1,62074.74,62588.51,61790.15,61855.18,37.0969963
1,61855.24,62067.01,61641.44,61733.0,29.87517784
1,61727.58,62002.73,61669.08,61919.88,13.580935700000001
1,61920.32,62409.56,61905.74,62409.56,21.32065205
1,62404.16,62567.08,62182.08,62535.66,43.476526740000004
1,62535.66,62911.0,62432.67,62909.37,49.71719719
1,62909.0,63208.68,62750.15,62949.1,46.92035956
1,62946.36,63034.85,62789.98,62843.05,27.08956768
1,62838.66,62943.39,62726.62,62897.72,13.05770151
1,62897.72,62998.0,62628.31,62729.25,18.71961793
1,62729.25,62761.52,62558.49,62720.72,18.29212782
1,62720.71,62896.54,62410.22,62552.68,87.30802572
1,62552.68,63178.77,62458.23,62966.8,70.68960666
1,62967.55,63078.4,62603.77,62953.76,48.63728234
1,62953.75,63197.91,62766.22,62810.74,49.63633059
1,62805.54,62947.1,62503.91,62642.11,25.99834973
1,62648.81,63115.26,62615.49,63086.8,35.35283684
1,63086.8,63442.98,63022.83,63161.11,104.99089380999999
1,63165.88,63322.63,63100.07,63185.27,28.68064139
1,63206.14,63273.42,63125.23,63250.81,22.5230362
1,63263.27,63345.0,63169.9,63224.36,20.48683537
1,63224.36,63370.06,63167.53,63170.52,12.12480924
1,63170.52,63279.03,63015.09,63185.92,28.53412025
1,63179.96,63199.35,62883.44,63056.14,16.644516069999998
1,63056.13,63894.25,62903.44,63681.07,58.52112127
1,63703.51,63994.26,63643.2,63924.4,70.09949267
1,63920.39,64000.0,63772.65,63891.0,37.818070940000005
1,63900.8,64120.8,63816.83,64002.14,19.80937296
1,64002.13,64153.51,63907.0,64063.93,15.38378198
1,64071.43,64113.86,63791.04,63813.37,12.15597856
1,63813.36,63963.08,63763.27,63945.32,15.570879020000001
1,63945.79,64353.54,63939.2,64204.03,58.69359808
1,64204.03,64433.03,64060.09,64341.66,27.37285244
1,64341.66,64453.24,64235.13,64359.01,33.68544426
1,64359.01,64437.16,64297.49,64379.38,28.92589037
1,64379.39,64563.23,64230.15,64254.49,42.588439369999996
1,64244.8,64653.09,64098.51,64444.7,68.8384321
1,64441.91,64465.72,63750.17,63857.44,147.27716107999998
1,63856.5,64158.27,63846.88,63964.0,40.83829643
1,63986.45,64171.37,63776.88,64099.25,52.46454794
1,64097.15,64099.29,63776.59,63776.7,38.18580942
1,63776.87,63940.38,63692.1,63762.7,33.19739578
1,63762.61,63998.76,63730.78,63879.31,47.41092321
1,63889.31,63889.31,63613.38,63793.62,40.87851992
1,63793.62,64047.98,63784.38,63970.94,29.47695187
1,63970.94,64125.86,63945.61,64072.28,33.86189847
1,64072.28,64181.24,63979.03,64114.25,20.18268349
1,64116.45,64126.86,63988.06,64084.91,15.82933423
1,64084.96,64267.4,63965.9,63976.88,10.81422285
1,63976.89,64131.0,63942.4,64121.54,13.26677379
1,64121.53,64158.71,64030.43,64115.54,10.34714325
1,64115.54,64170.22,64041.45,64104.98,11.56574715
1,64104.97,64180.75,64071.85,64119.65,14.44712101
1,64119.64,64234.38,64074.1,64175.14,9.92889491
1,64175.15,64204.63,64107.39,64114.13,10.72701026
1,64114.13,64256.21,64111.03,64218.8,4.47460276
1,64218.79,64247.84,64106.19,64114.28,16.84825621
1,64114.28,64146.04,64088.49,64138.19,9.48403297
1,64138.2,64161.71,64116.32,64150.45,4.17994664
1,64150.45,64184.22,64085.94,64135.81,7.67778375
1,64135.8,64213.73,64119.59,64191.27,7.63960282
1,64191.26,64467.19,64191.26,64308.83,39.05754829
1,64305.39,64439.1,63816.12,64126.8,58.80402455
1,64126.78,64227.71,64037.86,64133.16,12.46213292
1,64133.16,64355.38,64118.84,64281.47,11.76142724
1,64279.03,64346.36,64243.39,64281.85,11.01757093
1,64281.85,64296.76,64191.17,64238.02,7.6003126299999995
1,64238.01,64412.77,64238.01,64338.62,5.84144882
1,64338.62,64385.67,64296.63,64308.46,13.25147494
1,64308.45,64384.82,64101.04,64163.06,14.56846704
1,64163.06,64205.57,63777.01,63780.01,52.11849015
1,63780.0,63870.18,63670.08,63784.55,30.94141549
1,63787.3,64127.4,63776.85,64087.7,26.15174445
1,64087.69,64090.65,63991.77,64036.33,9.38679802
1,64036.33,64182.67,64000.01,64182.67,9.418301379999999
1,64191.04,64205.62,63896.0,63955.08,22.46345568
1,63956.28,63979.52,63869.29,63930.97,12.70721367
1,63930.97,63930.97,63588.71,63720.13,18.85445855
1,63720.14,63854.29,63704.23,63838.16,7.65591535
1,63838.98,64063.9,63838.19,63937.8,10.22768338
1,63937.95,63995.0,63727.45,63915.13,11.01059189
1,63916.65,63916.66,63802.86,63826.57,8.4437399
1,63826.57,63990.12,63789.03,63976.69,6.11291795
1,63976.69,64094.11,63933.23,63989.6,6.76652329
1,63989.6,64056.74,63949.4,63979.56,10.95010542
1,63979.56,64233.0,63921.36,64164.93,12.64942974
1,64156.46,64215.07,64079.99,64134.87,14.47813718
1,64135.37,64165.42,64005.23,64130.64,23.41153514
1,64130.64,64136.43,63990.85,64041.49,6.86253254
1,64041.51,64110.54,63971.14,64106.66,6.776058910000001
1,64106.65,64223.62,64106.65,64195.32,12.38754797
1,64195.31,64214.2,64137.3,64164.68,14.10836247
1,64164.69,64196.71,63855.96,63883.94,26.88224071
1,63880.62,63889.43,63632.48,63854.61,33.11691137
1,63851.71,63876.03,63694.82,63743.46,17.22215768
1,63743.51,64384.9,63518.09,64025.43,83.93982851
1,64021.67,64021.67,63359.76,63378.35,53.85443133
1,63379.0,63503.03,63200.01,63329.84,40.16480979
1,63329.84,63336.53,62691.5,62754.11,58.2780877
1,62754.11,62854.44,62589.82,62629.04,29.25370383
1,62634.08,62862.2,62461.37,62756.75,41.20902564
1,62771.48,62829.85,62663.87,62741.84,26.10967345
1,62758.0,63006.35,62712.76,62940.01,27.27870915
1,62941.18,63226.17,62886.15,63148.56,29.29189684
1,63153.0,63153.0,63034.24,63042.49,24.64831434
1,63042.49,63080.29,62798.0,62802.11,38.15728253
1,62808.66,63073.32,62808.66,62842.07,30.34439476
1,62842.2,62929.04,62507.97,62559.62,28.51455682
1,62559.62,62698.96,62095.34,62265.0,74.61166618
1,62256.93,62722.61,62036.8,62720.01,115.84582317
1,62718.01,62909.99,62500.01,62551.76,64.04275734
1,62554.89,62564.36,62144.72,62203.9,40.49656857
1,62203.91,62294.24,61826.08,61826.08,35.90574217
1,61826.08,62029.93,61750.06,61938.77,32.7784681
1,61951.62,62218.17,61915.1,62211.26,30.18632393
1,62211.28,62253.77,61989.2,62139.51,30.998372970000002
1,62139.51,62147.9,61837.27,62002.3,38.94938572
1,61999.18,62175.12,61831.93,61836.24,48.8370978
1,61836.79,62275.51,61800.85,62256.81,14.39957539
1,62256.8,62588.94,62203.26,62479.22,34.68536496
1,62479.22,62574.21,62390.64,62463.5,12.02497615
1,62463.5,62564.78,62252.89,62475.01,8.19628471
1,62475.01,62524.66,62247.4,62503.35,24.17941394
1,62499.27,62701.94,62470.76,62675.35,10.7518449
1,62675.36,62804.14,62628.51,62651.53,28.25606921
1,62651.52,62693.82,62491.66,62547.07,9.51755442
1,62542.06,62570.07,62436.93,62472.06,21.07272219
1,62472.05,62722.84,62426.91,62628.52,13.37610726
1,62628.51,62661.39,62460.88,62555.68,22.36430271
1,62555.68,62831.84,62535.35,62727.0,10.96675604
1,62719.7,62848.15,62645.64,62770.35,16.83879605
1,62770.36,63918.25,62708.28,63888.05,129.15762495
1,63908.72,64117.12,63629.96,63771.08,90.39135573
1,63771.08,64266.7,63518.68,64243.28,83.02505886
1,64246.57,64912.9,64136.95,64685.14,150.2637169
1,64697.86,64844.99,64567.65,64689.69,52.11507798
1,64690.94,64690.94,64245.41,64580.26,70.41735455
1,64580.26,64610.4,64435.48,64533.5,61.85336014
1,64533.5,64665.17,64453.77,64526.1,46.90516844
1,64528.07,64558.05,64383.0,64523.86,48.68881042
1,64523.87,64849.8,64481.72,64624.02,41.8437638
1,64624.02,65063.99,64477.67,64817.02,56.337092489999996
1,64816.01,64997.69,64731.76,64975.72,23.60599051
1,65000.0,65012.12,64724.97,64781.15,27.17848505
1,64778.83,64803.38,64595.71,64627.29,18.64968778
1,64627.29,64704.75,64435.14,64446.26,11.25444184
1,64446.25,64790.29,64446.25,64739.29,21.36123864
1,64739.28,64832.15,64663.75,64690.84,17.504537029999998
1,64690.84,64912.34,64557.0,64882.0,38.78011452
1,64888.37,65225.21,64761.54,64765.24,63.03201712
1,64765.24,64835.03,64441.02,64509.06,34.593858589999996
1,64509.06,64740.34,64509.06,64722.48,13.28529185
1,64722.49,64870.71,64604.34,64611.84,10.44257879
1,64611.84,64798.95,64561.38,64608.83,8.23581296
1,64608.82,64700.96,64565.9,64682.36,15.5691012
1,64682.36,65203.25,64548.28,65113.29,98.5530932
1,65107.24,65510.52,64822.99,65048.73,177.22986789
1,65048.73,65456.0,65002.25,65336.04,58.93730303
1,65336.05,65518.04,65196.17,65363.48,82.11508843
1,65365.19,65407.65,64724.09,65055.42,80.0579236
1,65055.43,65142.16,64921.6,65007.03,52.9056488
1,65007.02,65092.44,64797.34,64808.64,38.51092888
1,64814.18,64957.01,64701.21,64923.52,36.77073059
1,64933.49,65019.5,64870.0,64931.59,36.64370615
1,64931.6,64982.61,64752.0,64786.15,28.14150352
1,64786.15,64927.97,64733.74,64822.96,17.18336794
1,64822.96,64898.29,64658.77,64713.83,18.09652307
1,64713.83,64810.06,64458.32,64548.02,30.64385008
1,64548.02,64789.4,64336.5,64691.29,24.09620782
1,64691.28,64691.87,64534.6,64608.26,13.96266963
1,64600.4,64699.03,64504.79,64561.35,9.29692956
1,64561.35,64642.14,64495.09,64587.1,11.74173531
1,64591.4,64941.56,64556.61,64865.92,19.9074104
1,64865.92,64918.28,64582.62,64723.74,25.44162776
1,64721.85,64722.61,64036.83,64191.63,24.18960466
1,64186.77,64303.01,63832.41,64070.6,69.12278136
1,64070.6,64126.28,63968.01,64033.03,35.03704002
1,64039.62,64213.7,64022.35,64162.17,12.83573885
1,64162.81,64217.82,64041.39,64205.98,25.61431634
1,64205.97,64205.97,63808.01,63913.39,32.05810703
1,63913.38,64420.42,63906.55,64317.32,53.172361790000004
1,64321.69,64806.03,64277.53,64484.11,68.04188136
1,64484.68,64845.28,64274.08,64653.82,81.68988283
1,64657.23,64657.92,64285.84,64434.53,39.42847127
1,64434.54,64434.54,63944.01,64022.39,57.46710709
1,64022.38,64279.17,64005.45,64218.22,22.27125081
1,64201.57,64257.77,64098.79,64222.63,36.82511444
1,64221.39,64229.32,64059.77,64077.68,19.03189528
1,64072.61,64192.45,64052.7,64105.81,15.48499676
1,64109.23,64186.2,63903.11,63916.03,38.23911836
1,63910.07,63952.48,63700.01,63788.02,29.996176209999998
1,63782.65,63851.27,63554.56,63827.51,37.52473732
1,63827.51,64008.24,63419.28,63493.01,35.57486128
1,63493.01,63598.63,63330.74,63423.54,25.72590249
1,63423.54,63660.46,63423.54,63518.88,23.06432351
1,63518.89,63520.47,63258.65,63429.17,42.49476565
1,63429.18,63429.18,62744.45,62778.03,74.3664185
1,62779.57,62925.92,62652.81,62888.55,27.46186184
1,62894.16,62918.58,62746.21,62767.62,31.99324794
1,62767.62,62877.3,62613.11,62838.48,33.2224728
1,62838.48,63008.42,62807.0,62922.96,32.22452396
1,62922.96,63131.88,62922.96,63116.43,38.47727361
1,63116.43,63297.72,62995.11,63243.7,39.34544461
1,63235.61,63276.52,63006.5,63028.48,43.55249098
1,63033.76,63111.65,62470.01,63080.72,128.67630422
1,63081.73,63455.94,63021.52,63131.03,143.57579096999999
1,63127.5,63403.74,62806.16,63403.72,79.3479651
1,63403.74,63663.08,63260.58,63547.98,57.77939489
1,63547.98,64181.24,63547.98,64014.07,82.73348347
1,64009.15,64347.12,63851.06,64217.09,58.48248458
1,64217.08,64218.2,63939.48,64115.36,54.67292131
1,64114.5,64154.0,63921.51,64078.02,35.81153993
1,64070.25,64181.99,64030.0,64066.31,26.20973975
1,64066.36,64101.89,63881.27,63946.88,12.40939399
1,63946.89,63972.5,63847.24,63891.98,8.78302139
1,63891.98,63976.03,63855.09,63860.42,8.75261712
1,63867.84,63955.72,63849.77,63918.41,7.89697481
1,63918.41,63985.0,63887.75,63917.39,4.34871651
1,63917.4,63978.15,63885.13,63977.02,4.38332262
1,63977.02,63977.02,63902.77,63922.28,3.82230504
1,63922.28,63951.13,63889.53,63913.3,4.3745853199999996
1,63913.3,63954.7,63901.5,63930.81,5.83757514
1,63930.81,63980.63,63930.81,63963.61,6.4548286
1,63961.61,63975.43,63914.13,63952.86,3.53128726
1,63958.0,63965.85,63898.45,63933.08,9.61327453
1,63933.08,63965.87,63933.07,63960.19,4.14208187
1,63960.18,64043.48,63960.18,64017.39,5.5475638499999995
1,64017.39,64212.93,64013.05,64171.6,26.27244473
1,64171.59,64171.59,63919.85,64059.96,12.24764389
1,64060.0,64150.08,64057.59,64079.88,15.29212806
1,64079.89,64112.54,63988.34,64074.01,7.36026336
1,64074.01,64268.1,64050.0,64243.75,27.98409237
1,64255.97,64455.03,64233.0,64442.26,33.28524133
1,64442.27,64631.86,64422.94,64472.28,43.1370585
1,64472.28,64564.47,64441.16,64528.0,31.50453116
1,64527.25,64690.6,64477.17,64662.43,24.07950947
1,64662.43,64806.77,64577.07,64697.19,23.31599872
1,64697.19,64825.94,64678.79,64773.47,34.61383738
1,64773.48,64801.8,64683.16,64792.35,39.6508497
1,64792.57,64864.85,64724.32,64737.38,41.50999009
1,64737.38,64745.86,64724.18,64727.01,7.92714067
1,64727.02,64918.84,64666.0,64788.39,14.19634642
1,64788.39,64797.0,64588.93,64667.19,10.21566988
1,64667.19,64749.99,64571.0,64676.24,7.83396565
1,64676.24,64764.02,64634.18,64677.35,14.38967115
1,64677.34,64709.99,64656.3,64667.77,7.18324996
1,64667.76,64735.9,64629.83,64671.07,12.80534546
1,64671.07,64697.07,64591.76,64663.22,11.4951595
1,64664.3,64668.86,64456.6,64469.68,7.09321959
1,64469.68,64652.17,64438.49,64537.66,8.322738489999999
1,64541.85,64587.54,64406.16,64428.0,23.48706878
1,64428.0,64428.0,64239.27,64402.31,36.73387213
1,64402.31,64471.77,64266.03,64436.75,17.82889184
1,64436.75,64605.04,64378.98,64551.04,42.20017981
1,64551.03,64574.9,64457.22,64525.62,17.84580646
1,64532.53,64602.87,64465.02,64500.0,14.25311956
1,64500.01,64708.53,64369.97,64502.22,24.33145218
1,64502.22,64506.76,64256.55,64370.29,28.74519564
1,64370.29,64414.25,64303.5,64414.25,16.28044396
1,64414.26,64500.95,64414.26,64463.0,11.33394456
1,64489.06,64508.0,64301.45,64367.15,30.40276109
1,64367.15,64850.0,64296.89,64629.75,45.9633231
1,64629.74,64725.69,64525.38,64681.58,27.73068682
1,64688.7,65047.24,64367.11,64502.05,83.20717945999999
1,64502.63,64981.62,64459.21,64593.52,61.08078645
1,64587.39,64907.22,64550.48,64782.78,24.74854596
1,64782.78,64861.94,64602.56,64817.0,15.40327589
1,64817.31,64821.71,64486.89,64492.03,31.42659439
1,64492.03,64512.44,64038.09,64073.16,40.79510289
1,64078.97,64164.42,63705.77,63860.61,63.10898839
1,63857.39,64245.42,63839.74,64223.79,64.6478135
1,64223.8,64299.31,63826.37,63988.23,121.47710817000001
1,63990.51,64213.39,63955.23,64135.82,20.14408215
1,64135.82,64346.65,64098.52,64239.4,23.068942
1,64239.39,65012.65,64209.61,64940.03,74.41101398
1,64940.03,64943.55,64539.95,64586.17,54.42730825
1,64586.16,64700.22,64149.96,64274.22,105.94429431
1,64274.21,64500.0,64014.21,64354.04,76.68544539
1,64365.4,65644.09,64349.94,65544.59,170.98828655
1,65544.59,65598.24,65298.69,65442.0,82.93982162
1,65441.55,65590.35,65293.44,65532.84,62.587994259999995
1,65532.84,65747.46,65152.27,65209.47,121.67597925
1,65197.02,65229.98,64996.46,65095.77,84.08638616
1,65095.79,65390.15,65009.2,65318.34,56.51467412
1,65318.33,65396.79,65219.28,65244.42,26.57231187
1,65244.41,65244.41,65044.61,65099.79,23.05492004
1,65099.79,65228.5,65087.17,65212.6,17.90504298
1,65212.6,65541.72,65108.55,65532.85,24.40901244
1,65523.47,65612.31,65193.87,65198.37,28.28953337
1,65198.36,65454.13,65132.59,65368.72,28.90636409
1,65368.72,65549.11,65364.88,65533.78,40.26401927
1,65526.17,65695.52,65436.29,65474.6,21.05739251
1,65474.6,65885.0,65441.67,65704.76,25.360758790000002
1,65704.76,65950.5,65579.82,65871.73,30.149513849999998
1,65871.73,66201.0,65815.73,66149.44,48.92248341
1,66140.72,66306.46,66083.89,66177.98,41.64404116
1,66177.98,66305.62,66109.02,66243.03,20.09126062
1,66243.02,66383.01,66142.25,66151.44,70.16548514
1,66146.29,66319.75,66109.51,66308.46,58.83374539
1,66308.46,66595.47,66230.56,66516.46,48.42852991
1,66516.46,66767.13,66270.14,66737.44,112.39366771
1,66737.44,66920.74,66610.17,66810.75,173.51852204
1,66809.65,66809.65,66499.41,66646.82,76.23353035
1,66642.92,66726.3,66440.68,66513.45,67.13707646
1,66513.46,66539.97,66039.0,66166.12,132.56282292
1,66172.44,66325.61,66068.79,66281.51,66.69590402
1,66281.51,66474.59,66226.61,66417.92,52.446920829999996
1,66422.42,66464.83,66320.69,66371.38,61.557377620000004
1,66371.38,66377.72,66259.54,66342.63,19.20574199
1,66342.62,66342.62,66178.13,66263.4,14.17671831
1,66263.4,66538.78,66192.24,66518.68,26.664336130000002
1,66519.8,66697.57,66505.86,66592.59,28.26081635
1,66584.83,66616.13,66246.82,66380.04,29.3526602
1,66392.35,66489.66,66255.14,66274.84,20.36699086
1,66274.83,66330.28,66139.71,66174.89,31.461547149999998
1,66168.98,66379.69,66164.31,66336.01,19.08226891
1,66331.01,66331.01,65897.02,65932.4,51.1456703
1,65935.3,65975.16,65788.83,65884.86,19.32611591
1,65884.85,65920.4,65673.75,65803.73,25.06218435
1,65806.74,66110.74,65806.74,65937.02,104.657185
1,65927.83,66032.55,65805.25,65881.23,15.58377258
1,65881.22,66065.68,65850.4,66004.8,33.43501549
1,66004.8,66044.86,65858.34,65967.65,52.05938442
1,65967.65,65968.27,65488.36,65585.47,63.06595041
1,65585.47,65932.63,65514.49,65910.51,50.95535855
1,65905.66,66175.63,65548.5,65761.66,67.59833254
1,65766.13,66099.21,65766.13,66013.93,41.56912589
1,66011.46,66368.28,65885.74,66206.78,43.79877564
1,66206.78,66261.71,65918.99,66003.27,50.35314245
1,66008.0,66050.03,65699.08,65867.22,56.85484024
1,65866.67,65917.28,65668.55,65903.09,42.67721058
1,65890.72,65953.56,65752.88,65886.13,48.90834801
1,65886.12,66099.96,65863.97,66028.68,42.34792986
1,66028.69,66040.19,65905.52,66014.76,20.83085162
1,66018.74,66109.98,65817.77,66082.49,25.50574557
1,66086.87,66268.25,66022.33,66033.53,55.94046847
1,66033.15,66175.4,65727.59,65804.44,50.85674405
1,65804.44,65810.28,65630.47,65778.39,34.86282753
1,65778.4,65787.47,65549.86,65628.05,34.44768636
1,65628.05,65703.44,65561.45,65565.03,26.66937674
1,65576.16,65759.51,65535.9,65656.05,22.10307167
1,65656.05,65786.52,65595.77,65750.6,21.31139076
1,65750.6,65750.6,65317.61,65406.68,45.18942376
1,65406.68,65627.52,65386.44,65606.1,19.54416757
1,65598.75,65721.09,65567.44,65599.11,15.676210020000001
1,65599.11,65758.75,65557.34,65696.25,13.46989337
1,65703.03,65706.0,65513.98,65525.92,17.34034984
1,65525.92,65550.66,64937.1,65128.85,94.12193617
1,65133.98,65187.48,64819.01,64835.2,140.52582989
1,64835.2,65178.37,64777.22,64862.24,136.3281658
1,64862.24,64978.03,64674.62,64911.69,43.79153271
1,64914.38,64914.38,64659.96,64693.53,54.581568600000004
1,64687.47,64828.34,64590.0,64608.19,31.670624779999997
1,64615.39,64884.67,64613.33,64806.21,55.56808759
1,64806.21,64870.09,64634.18,64795.26,102.04549718
1,64783.82,65141.39,64776.89,65094.28,42.62133705
1,65094.29,65169.89,64961.0,65118.72,20.64829993
1,65118.73,65174.19,64970.05,65142.02,28.55078015
1,65142.02,65162.77,65000.03,65050.48,23.65627988
1,65050.47,65059.39,64710.71,64923.17,31.87143535
1,64923.17,65120.11,64903.34,65030.92,29.13215043
1,65029.05,65130.03,64872.23,65064.2,38.97857882
1,65067.69,65411.56,65024.28,65405.03,24.53426486
1,65405.03,65411.71,65219.42,65262.41,17.19650644
1,65259.49,65336.23,65194.17,65258.17,12.94543221
1,65260.13,65465.3,65231.89,65420.55,31.72027061
1,65420.55,65765.4,65316.61,65453.99,38.99534518
1,65453.99,65457.0,65263.21,65263.37,13.41141137
1,65260.19,65263.38,64908.0,65067.95,20.27284375
1,65068.99,65107.25,64861.6,64901.15,19.07366984
1,64901.16,65037.18,64811.71,65035.06,18.98331991
1,65018.98,65077.55,64703.93,64715.96,29.80163943
1,64715.95,64742.58,63860.0,64092.0,105.28538856
1,64091.99,64134.3,63666.0,63985.4,168.49058046
1,63992.09,64262.7,63784.19,64027.52,68.51677673
1,64027.52,64136.09,63802.6,63914.4,75.33666148
1,63892.78,64132.79,63856.14,64118.58,30.02432377
1,64118.57,64230.45,64067.46,64210.2,36.39823472
1,64210.21,64218.09,64077.54,64164.13,29.88688979
1,64170.07,64223.94,64067.19,64112.16,20.3775972
1,64112.17,64154.03,64074.71,64081.15,27.43475973
1,64086.77,64153.48,64066.6,64106.55,14.68553061
1,64106.55,64117.0,64073.6,64086.59,13.0255612
1,64086.59,64115.42,63979.48,64008.48,19.78679671
1,64008.48,64098.72,63943.35,64007.51,20.12012855
1,64007.51,64033.48,63962.59,63983.68,16.41617738
1,63981.14,64038.02,63963.15,64018.65,14.75129712
1,64016.63,64139.3,64016.63,64115.09,15.122603849999999
1,64115.09,64134.81,63929.58,63971.06,6.79859309
1,63966.59,63998.62,63910.0,63947.55,11.05557299
1,63947.55,63974.14,63943.53,63955.55,5.11151798
1,63945.56,63945.56,63744.38,63805.18,14.34495052
1,63808.89,63965.6,63763.91,63941.85,7.74960732
1,63946.77,64003.87,63934.42,64003.87,13.65242344
1,64003.88,64045.73,63991.21,64000.69,9.87205605
1,64000.69,64055.67,63983.54,64052.7,6.31491912
1,64052.7,64202.31,64052.69,64117.33,10.91612717
1,64117.33,64154.39,64064.43,64149.15,22.17998926
1,64144.9,64208.01,64110.59,64115.4,10.40133937
1,64115.39,64180.0,64054.16,64144.52,24.00291224
1,64144.52,64284.43,64130.29,64202.14,25.44777098
1,64202.15,64384.68,64202.15,64362.71,23.24746606
1,64364.58,64375.98,64327.0,64327.0,20.453260880000002
1,64328.19,64329.0,64249.35,64273.04,15.91842313
1,64273.04,64377.0,64193.37,64286.06,22.73708892
1,64286.06,64359.41,64286.06,64349.0,10.35953333
1,64348.94,64359.9,64305.49,64307.9,4.68568083
1,64306.95,64444.63,64294.6,64444.63,13.89126239
1,64444.63,64478.43,64396.65,64396.66,6.53747968
1,64403.14,64469.48,64370.0,64467.03,7.10319628
1,64467.04,64520.0,64424.21,64485.23,6.51357933
1,64490.89,64531.01,64436.54,64475.33,9.99932281
1,64467.11,64467.11,64351.4,64359.34,5.37728128
1,64359.34,64394.75,64232.38,64378.63,8.52247488
1,64378.64,64402.68,64287.85,64301.59,15.88298327
1,64305.59,64429.79,64295.95,64421.15,15.51065805
1,64421.15,64486.67,64421.15,64479.31,7.6688469
1,64479.3,64517.07,64440.21,64450.57,8.73532651
1,64450.57,64467.4,64436.42,64448.18,10.39409756
1,64448.18,64597.87,64381.27,64409.39,14.05634388
1,64409.39,64509.05,64349.54,64456.36,12.06909293
1,64456.35,64701.31,64456.35,64658.06,28.6021196
1,64658.07,64770.0,64621.04,64710.4,8.89468246
1,64710.39,64870.0,64643.56,64680.5,21.83629541
1,64672.22,64734.37,64615.79,64635.17,10.90863606
1,64628.0,64714.02,64615.04,64683.61,9.24168728
1,64683.6,64697.39,64624.25,64645.42,12.98792099
1,64645.42,64649.6,64580.35,64598.99,4.96752425
1,64599.0,64859.99,64599.0,64790.36,20.40017268
1,64790.37,65445.14,64790.37,65349.18,89.33658323
1,65350.64,65518.58,65220.52,65338.88,46.48148989
1,65338.88,65356.87,65007.0,65057.61,17.69993257
1,65071.95,65156.77,64844.95,65143.06,18.55648979
1,65143.06,65210.52,65056.07,65114.4,14.002788800000001
1,65114.39,65304.19,65114.39,65215.99,20.80640264
1,65224.7,65444.61,65185.03,65225.94,9.10799239
1,65232.17,65437.35,65225.95,65403.67,11.6564796
1,65403.67,65679.5,65339.43,65357.7,51.60708191
1,65357.7,65386.54,65154.41,65173.34,28.80264389
1,65170.0,65200.94,65064.19,65113.37,20.281988849999998
1,65113.37,65280.15,65040.0,65208.45,17.73515466
1,65208.45,65366.02,65178.86,65279.08,13.3654651
1,65279.08,65279.08,65039.96,65047.75,25.59429686
1,65047.74,65200.56,64784.54,65016.3,38.02002133
1,65029.07,65649.99,64845.5,65146.82,150.82397523
1,65158.14,65371.99,64401.88,64618.53,138.62537765
1,64621.53,64702.93,64336.27,64480.58,45.91299385
1,64479.45,64890.77,64447.24,64828.97,54.15860404
1,64828.97,65024.27,64716.69,64948.17,30.02604999
1,64948.17,64988.28,64686.3,64807.99,57.60955374
1,64807.99,65014.93,64739.33,64915.87,59.1623216
1,64928.53,64984.72,64837.5,64893.52,22.97699846
1,64893.53,64893.53,64734.03,64754.13,27.66304485
1,64757.32,64757.32,63739.0,63739.0,84.29907692
1,63738.0,63885.03,63536.94,63697.72,63.96797959
1,63697.72,63764.26,63416.04,63427.11,59.01569013
1,63438.18,63462.01,63000.0,63166.26,74.21004604
1,63167.49,63230.73,63045.04,63118.29,21.22227514
1,63118.29,63305.56,63105.19,63273.88,29.33648195
1,63273.87,63289.02,63154.91,63285.02,26.53113218
1,63285.02,63543.0,63258.15,63390.8,26.9385807
1,63390.81,63588.52,63334.83,63569.7,32.77602565
1,63569.7,63577.39,63382.46,63433.8,26.70943016
1,63433.8,63464.01,63338.36,63355.94,14.0454068
1,63355.22,63495.13,63300.0,63320.78,13.87813278
1,63319.72,63481.64,63222.01,63402.34,23.85291278
1,63401.9,63522.5,63281.4,63404.56,54.29945774
1,63392.54,63501.0,63318.04,63475.65,46.85839463
1,63475.65,63520.23,62683.93,63026.56,107.91374716
1,63026.56,63465.03,62882.03,63331.32,75.30589463
1,63331.33,63950.0,63193.99,63866.04,79.57374387
1,63866.04,64034.96,63708.99,63968.3,37.78853525
1,63968.29,63968.29,63435.04,63612.63,104.4106814
1,63612.63,63767.2,63602.59,63649.64,26.043895120000002
1,63649.65,63822.45,63586.29,63822.45,65.82502332
1,63824.3,63941.06,63797.46,63838.43,35.53793414
1,63838.42,63989.07,63809.84,63897.98,15.916181609999999
1,63902.09,63944.79,63685.0,63701.51,12.33619493
1,63701.51,63877.86,63477.46,63850.53,24.20420453
1,63849.63,64114.82,63791.33,63876.84,36.489868120000004
1,63874.62,63914.67,63616.72,63618.9,25.606707489999998
1,63618.12,64048.78,63570.18,63885.99,14.9069924
1,63886.0,63918.27,63620.67,63653.59,17.04783359
1,63658.56,63881.49,63504.94,63881.49,11.42910994
1,63880.23,64010.69,63803.76,63979.21,24.638073900000002
1,63979.21,64382.26,63945.05,64348.12,30.8563861
1,64348.13,64500.0,64327.12,64494.05,32.45602969
1,64502.78,64509.98,64201.3,64342.06,53.04806015
1,64342.05,64658.0,64308.19,64621.74,29.06350552
1,64625.51,64633.49,64340.38,64402.48,40.32721347
1,64402.49,64521.38,64351.27,64433.38,28.98152265
1,64435.21,64435.68,64150.94,64199.95,29.33483319
1,64199.95,64597.26,64063.65,64590.72,79.21002154
1,64596.06,64641.58,63963.26,64012.96,86.0269932
1,64014.28,64096.74,63780.0,63871.75,82.95612918
1,63871.93,64038.92,63534.7,63722.34,73.18702524
1,63722.34,64198.62,63618.09,64198.62,36.34893882
1,64186.24,64567.35,63700.0,64409.4,135.48508269
1,64426.56,64517.19,63444.0,63515.97,105.54200305
1,63520.4,63657.99,63308.88,63439.03,75.24511461
1,63439.03,63777.75,63198.67,63758.51,61.26081221
1,63786.72,64048.79,63786.72,63853.36,42.360681
1,63853.36,63982.33,63804.7,63894.39,47.39283817
1,63894.24,64015.54,63514.36,63594.87,52.08921813
1,63605.11,64280.72,63598.26,64179.94,45.69244701
1,64179.02,64323.33,64076.9,64099.82,20.9261925
1,64099.83,64218.78,64051.67,64078.47,16.99915695
1,64078.47,64086.03,63921.79,63934.94,15.11643679
1,63931.53,64098.99,63827.89,63955.67,24.399868729999998
1,63952.23,63990.71,63870.75,63909.16,15.56398629
1,63908.88,64060.92,63857.46,63924.04,29.81931858
1,63921.0,64263.15,63888.03,64210.43,20.05211372
1,64210.43,64550.78,64191.0,64482.94,77.67449403
1,64482.95,64547.09,64476.51,64497.61,33.82163829
1,64493.13,64798.65,64451.57,64708.36,49.28993026
1,64710.32,64937.72,64708.02,64847.47,46.87954637
1,64847.47,65100.0,64619.36,64961.68,93.73815496
1,64954.46,64973.27,64554.11,64610.89,104.51881905
1,64610.93,64824.19,64540.62,64659.03,63.88852639
1,64659.04,64902.21,64657.28,64752.26,73.80820467
1,64752.25,64925.88,64705.79,64804.98,80.68492278
1,64804.97,64835.11,64620.24,64632.94,83.59195996
1,64632.94,64833.17,64632.94,64723.86,76.88611319
1,64739.0,64872.48,64683.06,64709.66,51.99104539
1,64709.65,64740.27,64645.0,64664.01,20.10446905
1,64664.02,64950.0,64595.72,64786.92,68.65151517
1,64783.06,65026.43,64674.92,64716.76,29.29612803
1,64716.76,64834.6,64629.64,64662.53,25.29869096
1,64662.53,65340.42,64424.34,64498.89,81.70302839
1,64498.29,64538.3,64138.7,64222.35,39.78249429
1,64222.35,64372.06,64111.01,64309.93,40.45058516
1,64293.76,64367.34,64169.92,64244.35,20.91652174
1,64240.01,64349.82,64206.88,64295.13,20.4691607
1,64295.13,64432.76,64140.0,64174.6,28.57965951
1,64172.78,64174.6,63815.59,63890.0,35.01159053
1,63880.0,63907.83,63746.38,63768.67,29.45193877
1,63768.68,63775.06,63570.23,63643.67,22.83834006
1,63643.66,63885.97,63546.83,63855.15,23.307130569999998
1,63856.1,63938.02,63727.43,63737.45,16.41128101
1,63737.45,63755.84,63545.87,63673.57,31.30828353
1,63673.57,63758.24,63159.03,63190.43,90.4173354
1,63190.44,63235.68,62369.0,62605.02,281.59244961
1,62601.57,62673.48,62392.65,62633.54,107.24555683
1,62633.54,62858.42,62615.93,62808.54,93.06793594
1,62792.36,63216.75,62728.51,63173.36,63.66558474
1,63173.35,63224.99,62900.0,63025.83,44.31081782
1,63025.84,63089.1,62864.45,62900.01,37.85247269
1,62907.2,62957.63,62867.0,62882.15,30.051426669999998
1,62895.16,62995.78,62776.39,62885.33,29.445731770000002
1,62886.6,62964.23,62801.56,62879.45,24.87270843
1,62879.45,62951.63,62800.01,62817.96,17.2045205
1,62817.96,62957.61,62817.95,62878.36,13.45394017
1,62878.37,62922.31,62862.44,62902.98,10.54852106
1,62902.99,63038.0,62902.98,63002.11,10.01198284
1,63005.04,63005.05,62905.07,62935.48,14.68735227
1,62935.47,63041.09,62931.69,63041.09,11.78060065
1,63041.09,63071.81,62938.29,62964.0,17.06063277
1,62969.76,63016.02,62930.93,63016.02,8.43583846
1,63016.02,63044.67,62969.22,62990.52,24.62646383
1,62990.51,63088.09,62990.51,63077.15,8.47664258
1,63071.65,63077.74,62991.22,63003.4,11.4346095
1,63003.4,63047.64,62930.35,62993.33,11.354000169999999
1,62993.33,63029.98,62985.29,63017.75,3.6591241500000002
1,63017.75,63058.66,63017.75,63041.46,8.6495893
1,63041.47,63041.47,62993.92,63002.91,5.93260254
1,63003.07,63066.61,63003.07,63063.22,10.81792104
1,63063.22,63063.22,62936.89,62936.89,31.85676539
1,62936.89,62964.66,62809.41,62857.18,42.29473863
1,62857.18,62924.45,62600.0,62647.57,53.783055420000004
1,62647.37,62668.42,62216.81,62519.93,77.88416391
1,62517.03,62561.37,62396.39,62475.86,21.04997505
1,62475.86,62611.46,62435.15,62608.34,9.19354094
1,62608.35,62805.0,62608.34,62756.04,16.73332331
1,62756.04,62807.23,62737.65,62774.16,17.47460107
1,62774.16,62797.0,62709.91,62759.82,4.1142059600000005
1,62759.82,62916.77,62754.4,62767.74,13.5061925
1,62767.74,63025.85,62767.74,62929.68,22.29414282
1,62921.76,63481.84,62895.27,63379.99,37.231002860000004
1,63380.0,63483.68,63313.19,63391.86,22.86984683
1,63391.85,63541.1,63391.85,63520.02,6.57638775
1,63516.5,63565.0,63351.99,63382.18,9.835041480000001
1,63382.18,63431.33,63361.12,63423.99,4.57065196
1,63423.99,63471.39,63410.01,63422.4,3.82114884
1,63425.0,63457.95,63100.01,63120.54,17.33078822
1,63120.54,63255.71,63026.33,63206.01,19.60120395
1,63202.7,63202.7,63051.42,63135.07,13.4012572
1,63138.01,63141.44,62923.96,62966.63,11.41101728
1,62966.63,63170.13,62966.63,63059.94,10.86784128
1,63058.45,63075.51,62936.64,63047.83,22.4782599
1,63047.82,63110.96,62996.68,63006.28,9.64817308
1,63006.27,63102.7,62987.43,63045.87,12.26124883
1,63045.88,63205.94,63001.13,63121.3,15.616155149999999
1,63114.78,63269.41,63081.56,63229.4,55.18777003
1,63229.41,63528.99,63206.77,63303.7,53.28641407
1,63294.73,63399.56,63251.26,63377.2,17.70241288
1,63377.19,63431.76,63323.7,63429.54,17.58964677
1,63429.55,63710.79,63411.67,63504.08,19.47183589
1,63504.07,63725.0,63300.03,63357.79,41.69673969
1,63350.0,63522.34,63270.66,63499.99,27.28089358
1,63499.99,63526.94,63150.0,63239.83,22.70646335
1,63236.35,63271.38,63040.01,63132.67,22.19527218
1,63129.01,63201.08,63021.95,63071.17,16.76224393
1,63063.43,63086.53,62710.0,62789.8,21.65548021
1,62782.0,62913.14,62699.0,62703.02,9.3070026
1,62709.35,62785.0,62661.82,62738.27,30.89831114
1,62738.27,62782.23,62528.84,62542.6,17.96002725
1,62542.59,62615.06,62479.0,62531.75,30.10286776
1,62531.74,62561.67,62216.0,62455.4,54.28545826
1,62456.09,62782.8,62439.86,62752.24,39.93976419
1,62750.4,62773.22,62538.03,62657.93,30.80681634
1,62657.92,62697.99,62455.08,62477.87,28.28199672
1,62477.86,62710.57,62363.32,62615.59,33.89764694
1,62615.6,63309.92,62481.84,63268.85,71.49696296
1,63260.0,63906.5,63060.99,63887.81,132.516631
1,63887.81,63920.07,63580.73,63628.78,75.81635253
1,63628.26,63881.99,63596.63,63709.27,44.6506476
1,63709.27,63994.27,63648.86,63848.01,49.23914518
1,63848.01,63944.0,63712.57,63808.13,50.60520959
1,63812.42,64023.9,63780.08,63815.94,43.65740551
1,63811.26,63959.57,63709.67,63741.31,31.87146614
1,63736.16,63736.17,63500.0,63539.58,31.67321513
1,63530.56,63615.99,63330.28,63551.07,27.80372144
1,63547.16,63553.65,63400.93,63460.01,5.88555016
1,63460.89,63522.82,63270.0,63287.3,12.7840542
1,63295.7,63867.97,63295.7,63779.48,25.08168014
1,63782.02,63902.36,63616.54,63761.87,18.7391523
1,63761.87,63796.57,63586.36,63738.09,10.80568844
1,63733.68,64175.76,63695.16,63974.64,79.22151621
1,63974.64,63987.95,63735.81,63749.91,30.21303493
1,63748.53,63798.83,63600.85,63618.43,15.87333954
1,63618.44,63688.94,63440.03,63626.48,29.433097580000002
1,63618.25,63686.03,63491.9,63514.18,32.16492089
1,63514.18,63536.23,63450.48,63529.61,12.75385805
1,63535.98,63767.04,63386.68,63693.81,33.61269656
1,63693.81,63877.26,63641.34,63856.79,15.37575336
1,63856.8,63987.07,63720.27,63842.19,24.50697933
1,63842.19,64022.0,63579.98,63606.99,66.51161842
1,63616.98,64135.0,63543.02,64068.14,63.53259982
1,64089.36,64177.53,63755.1,64063.81,63.88776701
1,64065.53,64071.7,63850.01,63899.25,35.45768406
1,63899.25,64127.95,63840.7,63916.82,51.8992317
1,63916.82,64359.93,63914.61,64264.27,215.60318105
1,64261.03,64360.0,64165.72,64176.94,60.29253213
1,64182.31,64367.3,63959.12,64299.9,57.44913015
1,64299.89,64299.89,64135.16,64142.69,13.77187319
1,64142.69,64241.49,64082.39,64213.79,18.12954416
1,64213.79,64482.02,64040.65,64056.48,24.9238783
1,64056.47,64143.38,63930.61,63945.07,24.20281955
1,63949.25,64296.0,63898.17,64276.76,23.01118341
1,64284.08,64453.5,64279.3,64315.28,38.3371943
1,64315.28,64390.17,63999.94,64129.93,32.31107869
1,64122.66,64161.43,64035.52,64116.12,12.08588693
1,64116.13,64463.03,64104.99,64287.18,22.68949029
1,64269.27,64313.47,64181.35,64197.55,29.24043084
1,64197.56,64217.31,63947.0,64109.85,22.02727667
1,64109.86,64218.56,64050.14,64102.31,24.94701891
1,64065.4,64133.09,64038.73,64094.37,3.05039709
1,64094.36,64183.09,63961.72,64008.9,16.02911906
1,64008.9,64081.79,63987.13,64017.5,8.35040873
1,64017.49,64553.17,63998.73,64283.24,106.89803798
1,64283.24,64353.1,63820.01,64353.1,125.45479921
1,64353.09,64534.16,64239.64,64428.46,156.6339096
1,64436.65,64700.0,64335.0,64335.01,99.03286874
1,64335.0,64705.92,64335.0,64609.69,48.94602915
1,64610.94,64742.4,64485.53,64720.82,63.31270215
1,64700.36,64818.07,64599.65,64741.68,70.18830117
1,64741.67,64888.0,64726.67,64788.41,53.36815888
1,64788.41,64995.84,64756.43,64781.56,70.5822385
1,64781.57,64781.57,64609.19,64676.62,28.48321396
1,64676.63,64726.2,64570.11,64573.28,16.76024405
1,64570.12,64685.01,64529.04,64600.22,20.60333672
1,64600.21,64649.44,64509.1,64590.4,11.46187527
1,64584.14,64599.26,64430.96,64525.62,10.4593267
1,64525.62,64585.26,64390.0,64509.52,14.26991117
1,64509.52,64516.44,64432.77,64466.26,15.45688813
1,64466.27,64670.83,64439.39,64668.35,13.09199265
1,64671.97,64932.21,64668.47,64844.16,27.37280751
1,64844.16,64844.16,64680.35,64796.95,28.66177585
1,64794.11,64898.99,64707.43,64746.91,22.980071640000002
1,64746.91,64925.0,64691.18,64875.88,22.8219469
1,64875.88,64878.51,64568.38,64615.94,30.56642903
1,64615.93,64622.61,64521.91,64550.64,21.02048208
1,64550.64,64584.1,64444.53,64557.04,70.83883653
1,64557.04,64559.27,64313.21,64345.01,68.89150008
1,64340.9,64449.99,64094.0,64358.62,112.70791433
1,64353.65,64770.13,64293.18,64715.76,160.15029919
1,64715.75,64917.91,64575.64,64575.64,181.54444252
1,64568.39,64704.74,64532.7,64692.27,83.51868633
1,64691.71,64770.13,64493.0,64559.26,59.96501788
1,64559.26,64559.26,64320.93,64357.46,64.11022704
1,64357.46,64419.99,64309.66,64394.29,29.99247658
1,64394.56,64477.35,64381.41,64390.18,18.12529181
1,64390.18,64465.85,64348.02,64384.73,24.33253535
1,64384.72,64384.73,64270.01,64297.81,11.36778237
1,64295.0,64300.94,64147.0,64255.55,28.194998560000002
1,64265.53,64344.1,64179.29,64256.82,40.28595543
1,64259.0,64411.35,64243.79,64354.4,59.22447898
1,64354.39,64479.13,64205.26,64339.38,87.84968865
1,64339.38,64345.56,64197.56,64220.9,13.146749980000001
1,64227.6,64300.22,64103.0,64188.68,14.54412195
1,64188.68,64328.79,64113.7,64275.95,27.27560479
1,64275.94,64400.0,64224.35,64248.25,24.06362903
1,64248.25,64367.84,64202.31,64258.52,18.5174766
1,64258.52,64607.13,64245.54,64541.85,41.81361958
1,64541.85,64910.18,64541.84,64791.77,112.28326666
1,64791.77,64871.25,64762.36,64853.42,74.66874135
1,64853.42,65155.1,64853.42,64973.48,99.78587436000001
1,64973.48,65339.98,64925.76,65246.64,310.69997453
1,65251.91,65285.12,64941.34,64963.48,222.88399468
1,64963.47,65218.0,64739.06,64902.4,160.58773432
1,64902.4,65076.11,64847.9,64850.24,77.58499678
1,64862.72,65021.82,64770.13,64770.13,104.60027087
1,64762.37,64779.33,64469.95,64716.88,156.57545784
1,64716.89,64835.5,64628.4,64678.83,81.04609111
1,64681.97,64974.39,64681.97,64916.96,64.66312436
1,64914.39,64988.11,64904.1,64935.47,45.26229197
1,64935.47,65050.53,64902.39,64902.39,76.69078904
1,64902.4,64904.6,64809.01,64850.94,42.59245461
1,64850.94,64877.77,64842.76,64877.77,7.48900424
1,64877.77,64918.36,64801.24,64875.77,19.25549161
1,64886.99,64924.98,64875.05,64880.78,14.34068359
1,64880.78,64912.25,64861.02,64885.67,16.03825721
1,64885.66,65027.11,64885.66,64989.52,27.57976165
1,64989.51,65024.4,64933.55,64965.94,23.33793537
1,64965.94,64983.41,64942.92,64959.5,13.01633943
1,64959.5,64978.09,64933.55,64978.01,10.629282810000001
1,64978.02,64978.02,64920.42,64932.4,15.254916349999998
1,64932.4,64976.89,64920.42,64955.68,5.02716821
1,64955.68,65011.51,64955.68,64959.2,8.20616162
1,64959.21,64980.53,64959.2,64974.56,3.47433748
1,64974.56,64988.63,64925.76,64926.95,20.38775682
1,64926.96,65003.7,64886.82,64967.04,37.80416633
1,64967.05,64976.75,64957.46,64965.65,5.1943643
1,64965.65,65134.9,64965.64,65080.21,37.92725307
1,65080.21,65105.58,65011.51,65035.25,15.60078988
1,65035.26,65071.43,65001.47,65045.93,36.02145413
1,65045.92,65105.51,65037.11,65083.41,36.76997313
1,65083.42,65085.57,64988.13,65005.5,41.09046354
1,65005.51,65050.53,64976.32,65034.16,19.77908594
1,65034.15,65044.84,65015.53,65032.75,13.17417639
1,65032.75,65032.75,64964.72,64966.74,22.47944024
1,64966.74,64996.31,64902.39,64902.39,45.47791503
1,64902.4,64923.26,64889.41,64908.72,32.9373876
1,64908.72,64934.76,64908.39,64926.22,14.755219780000001
1,64926.17,64955.67,64802.36,64822.64,19.929525339999998
1,64822.65,64822.65,64736.15,64770.13,17.76669129
1,64770.13,64770.13,64684.71,64739.89,15.85370444
1,64739.88,64773.95,64739.88,64740.01,6.776625419999999
1,64740.0,64744.16,64731.29,64744.16,6.95199101
1,64747.03,64804.15,64747.02,64796.1,9.45026697
1,64796.1,64800.4,64772.01,64772.02,7.12974385
1,64772.01,64871.42,64743.31,64764.31,38.60885807
1,64764.3,64816.78,64760.29,64816.78,7.41740225
1,64816.78,64917.97,64816.78,64911.29,20.01400825
1,64911.29,64947.79,64902.4,64902.4,13.9924946
1,64902.4,64902.41,64871.25,64900.42,4.89229798
1,64900.43,65199.0,64900.43,65170.11,48.97312674
1,65170.11,65235.9,65105.46,65199.03,64.63205236
1,65201.32,65208.96,65160.0,65177.13,13.2992404
1,65177.13,65212.56,65123.17,65187.08,36.12217948
1,65187.09,65187.89,65153.44,65153.44,19.13984337
1,65153.44,65169.14,65143.12,65154.97,13.72465399
1,65154.98,65156.65,65134.12,65137.41,11.086861429999999
1,65137.42,65137.42,65028.15,65090.54,45.3800297
1,65090.54,65196.74,65079.37,65145.43,21.97042859
1,65152.69,65415.69,64925.76,65027.73,123.34576838
1,65015.18,65050.08,64793.46,64857.27,47.68154809
1,64857.26,65253.78,64780.25,64909.53,122.61270045
1,64920.45,65333.41,64850.01,65144.26,68.18247468
1,65144.26,65155.45,64855.69,65043.79,70.94588336
1,65043.78,65120.54,64859.33,64926.2,29.242070430000002
1,64926.2,65046.57,64882.54,64956.11,21.2770731
1,64956.2,65097.29,64933.8,65078.98,17.58219552
1,65078.99,65283.95,65075.01,65244.78,85.01797661
1,65244.78,65316.46,65148.4,65152.34,33.79958372
1,65152.35,65276.72,65142.04,65197.17,53.15517964
1,65197.17,65197.18,64911.48,64915.01,59.95862579
1,64915.01,65015.99,64914.99,64957.09,16.97195124
1,64957.09,65074.21,64922.7,65072.43,12.84407394
1,65072.44,65180.96,64801.23,64819.68,44.055422379999996
1,64819.68,64910.0,64447.06,64498.51,136.70847992
1,64498.51,64824.12,64472.93,64562.77,141.48810831
1,64562.77,64649.48,64143.65,64240.56,141.77752138
1,64240.55,64297.31,63764.03,63833.97,121.34141762
1,63863.71,63945.42,63763.68,63886.37,75.39675158
1,63886.36,63947.34,63737.02,63818.13,75.07649264
1,63818.12,64028.31,63818.12,63970.83,48.075282370000004
1,63970.84,64134.67,63953.93,64095.44,33.59216715
1,64095.43,64095.43,63920.84,63920.84,21.67426148
1,63920.84,64000.63,63880.66,63956.86,32.95400138
1,63956.86,63956.87,63859.52,63911.16,16.81348992
1,63911.15,63987.74,63838.99,63975.03,33.52578373
1,63975.03,64013.46,63895.51,64002.45,17.98525528
1,64002.45,64020.62,63968.83,63975.47,22.53456516
1,63975.54,64110.18,63975.54,64081.01,28.89614425
1,64081.01,64091.66,63973.49,63973.5,18.3181462
1,63973.49,63997.89,63900.0,63936.92,18.52662627
1,63936.92,63987.53,63799.24,63897.83,23.29356897
1,63897.83,64035.99,63842.03,63992.45,36.80048667
1,63992.45,64082.1,63984.38,64077.0,22.6224655
1,64076.99,64236.08,64073.63,64236.08,33.32568792
1,64236.08,64251.43,64143.66,64173.04,59.15410917
1,64173.04,64344.08,64173.04,64330.98,46.86779952
1,64330.98,64447.0,64237.0,64273.14,78.23466338
1,64273.14,64312.5,63990.01,64133.85,130.37953733
1,64129.28,64196.25,63652.96,63704.5,128.32845736
1,63704.5,63807.69,63393.79,63549.03,157.89262876
1,63546.58,63595.28,63393.79,63440.58,102.07196247
1,63439.05,63562.54,63393.79,63535.39,45.2536419
1,63536.57,63555.45,63188.74,63304.7,104.07457771
1,63304.7,63469.9,63173.91,63469.89,59.1867843
1,63469.9,63683.51,63469.9,63678.29,64.5344977
1,63678.29,63705.11,63557.4,63614.74,41.265706609999995
1,63611.03,63705.57,63554.66,63603.57,54.99839325
1,63603.57,63603.57,63492.75,63542.82,50.37569911
1,63539.69,63675.86,63483.96,63675.86,50.867557319999996
1,63675.85,63798.22,63633.35,63763.32,54.55365582
1,63764.25,63844.18,63672.29,63687.42,42.77354917
1,63689.58,63782.9,63652.95,63771.02,12.04434683
1,63771.03,63833.55,63678.66,63716.76,9.64901855
1,63716.77,63806.36,63675.87,63794.05,27.55156282
1,63792.01,63792.01,63546.78,63645.8,32.22524157
1,63650.3,63759.97,63578.43,63759.97,29.34316111
1,63759.97,63798.23,63708.9,63732.49,42.98975726
1,63732.5,64043.67,63703.76,64043.67,78.42997706999999
1,64043.67,64153.86,64011.99,64084.62,84.97823726
1,64084.63,64189.79,64054.32,64181.23,36.66595197
1,64181.24,64410.61,63920.84,64060.53,284.29232408
1,64060.53,64096.48,63775.27,63775.28,169.45170973
1,63775.27,63844.18,63302.57,63302.57,157.13503914
1,63302.57,63496.4,63257.02,63373.83,92.80214596
1,63368.3,63505.88,63292.46,63423.22,35.35689495
1,63423.21,63480.36,63333.3,63401.05,56.20257977
1,63401.06,63453.35,63302.82,63309.55,50.53906752
1,63309.55,63384.99,63240.01,63345.32,53.1933837
1,63341.97,63532.89,63341.97,63532.89,22.69701808
1,63532.88,63576.61,63360.95,63396.89,25.4485714
1,63392.96,63472.26,63302.57,63355.79,84.87784826
1,63355.78,63407.14,63302.57,63406.33,83.63816515
1,63406.33,63630.04,63394.19,63494.02,112.78513721
1,63494.03,63564.88,63308.0,63390.23,47.7554264
1,63385.01,63507.97,63311.01,63481.16,26.435671499999998
1,63481.17,63607.14,63440.1,63578.37,35.59806356
1,63578.36,63704.21,63522.1,63628.34,17.58994719
1,63628.33,63936.18,63600.31,63825.03,71.18551324
1,63814.27,63867.17,63700.0,63867.17,35.27815342
1,63867.17,63874.82,63793.97,63802.0,29.67898807
1,63802.1,63853.25,63685.13,63708.64,32.11690282
1,63708.63,63721.72,63523.24,63715.88,48.51957707
1,63715.88,63752.32,63526.13,63583.5,52.63660799
1,63583.51,63594.64,63289.4,63416.02,51.97086562
1,63416.02,63630.04,63380.89,63624.01,100.3289853
1,63624.02,63774.79,63492.75,63645.11,124.34453293
1,63654.95,63925.16,63610.9,63795.59,70.85308587
1,63794.63,63868.12,63369.12,63369.12,97.34145392
1,63352.7,63506.03,62782.77,63085.44,250.37060791
1,63091.49,63219.07,63005.8,63074.74,132.85280204
1,63070.0,63290.73,63028.55,63239.01,52.12985114
1,63239.01,63431.85,63239.01,63332.21,90.88996366
1,63336.03,63400.0,63295.51,63340.61,44.12008763
1,63340.6,63432.55,63320.54,63404.38,26.68670219
1,63404.37,63573.95,63404.37,63456.01,89.39991313
1,63456.0,63467.36,63340.57,63418.04,34.97129752
1,63418.05,63490.55,63349.15,63477.3,30.91103971
1,63477.29,63523.24,63398.87,63505.32,24.31166838
1,63505.32,63552.94,63402.76,63402.76,31.13768533
1,63402.76,63517.32,63241.84,63248.4,42.97245615
1,63248.4,63401.4,63219.07,63298.8,41.74762929
1,63298.8,63327.94,63222.05,63307.99,33.82713453
1,63307.98,63307.98,62878.63,62912.76,64.23479984
1,62912.76,63037.28,62856.0,62856.0,39.65207523
1,62856.0,62925.06,62634.17,62867.73,74.13593742
1,62867.73,62867.73,62682.77,62728.1,46.91817283
1,62728.1,62869.89,62682.78,62748.78,27.13796656
1,62748.78,62861.05,62746.39,62800.45,19.34258247
1,62800.45,62835.91,62660.21,62666.66,51.2642254
1,62666.66,62742.96,62525.01,62587.5,157.54413102
1,62587.5,62720.39,62470.0,62543.84,102.40267994
1,62543.84,63007.03,62537.64,62918.35,101.0226968
1,62913.56,63143.26,62889.02,63071.86,87.3206759
1,63071.87,63179.34,62933.29,62950.63,44.97110067
1,62950.62,63011.75,62826.8,62853.91,75.40816311
1,62856.42,62922.88,62758.03,62890.24,43.64509279
1,62892.41,62947.96,62828.88,62834.65,15.421304880000001
1,62834.64,62865.61,62805.73,62859.98,33.938694240000004
1,62859.98,62886.88,62735.44,62820.21,23.510685810000002
1,62820.21,62991.91,62800.71,62975.97,31.2562548
1,62975.97,62991.91,62929.52,62945.43,14.56451805
1,62945.44,62976.41,62932.06,62969.19,11.24144775
1,62969.19,63070.19,62969.19,63070.18,16.82621746
1,63070.19,63112.96,62985.36,62985.36,20.86878619
1,62985.37,63079.49,62985.37,63056.69,13.821618690000001
1,63056.7,63082.67,62976.79,63013.15,15.44249858
1,63013.15,63065.75,62970.87,63047.5,17.08556186
1,63047.5,63060.21,62984.35,63006.69,19.685624710000003
1,63006.69,63013.8,62874.58,62874.58,24.330576960000002
1,62874.36,62972.23,62863.54,62966.0,20.13230496
1,62965.99,62976.79,62940.2,62975.73,6.25080276
1,62975.73,62983.38,62936.19,62950.98,12.873609590000001
1,62950.99,62984.35,62890.1,62984.35,17.76104613
1,62984.35,63009.93,62959.41,62980.69,15.812334230000001
1,62980.69,62980.69,62931.47,62966.01,4.91832969
1,62966.0,63044.36,62963.21,63029.72,16.35564878
1,63029.71,63044.84,62998.93,63029.67,14.75305097
1,63029.67,63029.67,62993.46,62999.59,5.81072413
1,62999.6,63036.67,62975.81,62983.89,8.23331652
1,62983.9,63044.84,62983.89,63044.84,5.90479445
1,63044.84,63044.84,63005.44,63032.14,5.61378096
1,63032.14,63090.25,63032.14,63086.8,8.02199439
1,63086.8,63096.42,63061.87,63067.54,13.64553679
1,63067.55,63067.55,63025.93,63025.94,9.01921028
1,63025.93,63025.94,63003.09,63013.89,8.75109964
1,63013.89,63013.9,62947.89,63013.56,19.95945253
1,63014.58,63082.13,62961.68,63053.99,22.27662449
1,63053.99,63056.99,63046.3,63052.76,4.53682963
1,63052.75,63082.51,63024.86,63024.86,7.0265021700000005
1,63024.87,63026.92,62974.14,63001.01,24.7605371
1,63001.02,63013.24,62979.1,63004.32,24.56413225
1,63004.32,63004.32,62991.45,62991.45,3.34403549
1,62991.45,63000.67,62991.45,63000.67,11.55696707
1,63000.66,63000.67,62902.84,62925.26,20.75367426
1,62925.26,62932.67,62901.27,62929.38,9.95780354
1,62929.37,62931.47,62908.82,62931.47,7.98505424
1,62931.47,62946.57,62923.92,62935.71,5.49182777
1,62935.7,62993.26,62935.7,62993.25,7.24468042
1,62993.25,63029.71,62990.01,63029.71,13.34427236
1,63029.71,63067.02,63029.7,63067.02,12.32916876
1,63067.02,63310.16,63067.02,63188.74,90.60227582
1,63188.74,63196.32,63060.02,63089.03,20.17347831
1,63089.02,63104.19,63052.4,63077.71,21.72580504
1,63077.72,63158.41,63034.01,63045.57,29.43787746
1,63043.17,63068.99,62961.7,63002.23,14.2075325
1,63002.23,63015.6,62699.99,62866.57,40.1586348
1,62866.56,62885.16,62652.7,62833.38,73.69610711
1,62840.6,62916.37,62773.09,62831.66,40.64695852
1,62831.65,62879.75,62689.89,62849.31,60.54111071
1,62849.3,63165.99,62825.93,63041.79,105.68444387
1,63043.25,63424.22,62974.51,63331.44,141.85143519
1,63338.14,63454.24,63279.79,63367.96,105.6881179
1,63368.05,63518.89,63368.05,63478.49,67.76828761
1,63478.49,63536.99,63386.67,63461.21,52.84143584
1,63461.21,63654.66,63416.58,63605.78,80.38129566
1,63605.78,63605.78,63462.29,63462.3,67.94576454
1,63462.3,63485.66,63287.38,63317.71,47.48962042
1,63317.71,63361.25,63226.66,63243.3,21.7967857
1,63243.3,63607.14,63226.66,63607.14,62.70075035
1,63611.56,63706.44,63530.86,63568.0,108.31440452
1,63564.39,63608.91,63469.9,63479.7,125.90996554
1,63479.7,63720.0,63370.97,63596.99,117.07157009
1,63596.99,63821.9,63515.61,63821.64,93.33905698
1,63821.65,64169.33,63755.83,64139.89,130.94659838
1,64142.41,64153.76,63997.59,64061.82,107.65228742
1,64061.82,64374.97,63928.51,64280.28,192.72183071999999
1,64274.22,64551.3,64231.72,64374.58,99.09464778
1,64374.57,64374.57,64229.92,64254.55,95.00180269
1,64251.57,64389.53,64209.8,64338.55,90.42756474
1,64338.54,64380.0,64248.9,64331.01,52.92991339
1,64331.0,64364.43,64221.58,64236.69,22.83039192
1,64236.68,64533.33,64233.41,64484.76,32.36434316
1,64488.02,64514.15,64310.05,64318.97,48.70006867
1,64318.97,64321.99,64097.66,64147.56,46.777015999999996
1,64147.56,64212.96,63990.9,64036.18,88.8496974
1,64036.18,64119.49,63982.23,64119.49,74.21635705
1,64114.08,64182.14,64024.78,64138.53,50.73065619
1,64144.35,64201.68,64089.8,64178.41,55.45387212
1,64177.06,64382.7,64100.78,64254.61,53.27411332
1,64263.56,64289.5,64105.19,64144.14,59.520557600000004
1,64144.14,64266.9,64031.27,64224.43,71.00374722
1,64222.01,64222.01,64075.68,64111.44,23.8478195
1,64107.16,64154.02,64068.87,64138.34,17.68927109
1,64138.34,64328.64,64127.26,64283.97,43.14294153
1,64283.97,64294.44,64166.75,64166.75,58.73681304
1,64166.75,64218.18,63989.07,64152.98,121.25498778000001
1,64154.78,65000.0,64154.78,64665.99,341.2201985
1,64665.99,64840.12,64600.09,64802.71,197.82255289
1,64802.71,64845.36,64633.15,64799.83,88.01637156
1,64799.82,64801.09,64633.18,64633.19,76.07037179
1,64630.62,64786.51,64618.53,64732.3,17.99881261
1,64732.29,64760.97,64602.24,64602.94,20.09684734
1,64602.94,64615.0,64529.65,64538.96,44.64514894
1,64538.96,64606.84,64529.66,64558.81,20.09160749
1,64558.8,64611.04,64521.91,64586.08,13.41730766
1,64586.08,64739.05,64583.97,64686.09,30.52928008
1,64686.09,64686.1,64444.53,64444.53,50.29251843
1,64444.53,64501.05,64347.06,64352.64,37.36724449
1,64352.63,64365.05,64297.78,64303.32,24.03801043
1,64299.77,64358.88,64228.38,64280.01,20.38589194
1,64280.01,64332.96,64245.41,64258.52,10.34107279
1,64258.51,64351.79,64182.15,64182.73,29.81720245
1,64182.93,64279.89,64112.88,64278.8,62.009502430000005
1,64278.8,64342.75,64209.61,64239.45,61.52189252
1,64239.44,64443.81,64189.86,64365.36,79.30775297
1,64365.37,64416.41,64313.21,64366.68,20.0588297
1,64366.69,64394.81,64313.21,64394.81,11.22038676
1,64398.13,64474.24,64391.14,64456.39,26.48223895
1,64456.38,64941.64,64418.69,64831.14,168.98952241
1,64827.0,65163.43,64739.05,64965.66,444.62982313
1,64965.66,65922.75,64965.66,65880.08,363.00523932
1,65894.3,69749.13,65849.65,68521.83,1350.9391867
1,68525.61,68942.6,68401.16,68463.41,351.72706732
1,68447.06,68509.99,67800.0,68168.85,249.55883436
1,68170.74,68437.37,68026.49,68383.83,78.6300834
1,68378.96,68469.8,68069.44,68387.89,149.13615783
1,68424.0,69572.54,68368.86,69031.54,244.74936232000002
1,69034.83,70033.39,68969.12,69700.25,707.25889019
1,69709.01,69823.21,68966.06,69210.41,233.43866519
1,69217.95,69416.55,69122.33,69297.78,54.45546483
1,69298.02,69749.12,69287.36,69373.11,115.39315577
1,69380.98,69860.0,69240.31,69677.09,136.93497318000001
1,69683.04,69782.67,69212.9,69260.43,224.92843499
1,69250.41,69273.46,68858.17,69132.77,245.05273640000001
1,69134.68,69521.8,69092.31,69435.69,138.69082228
1,69435.68,69619.3,69309.68,69369.04,58.171186569999996
1,69372.18,69861.7,69311.91,69811.05,95.64883847
1,69811.05,69965.34,69461.49,69770.97,72.10211435
1,69770.97,71747.78,69731.56,71529.41,392.86638338
1,71533.84,71992.21,71461.21,71741.08,194.45023899
1,71735.86,72408.08,71646.14,71943.88,208.39262753
1,71946.05,72269.19,71774.22,71872.32,210.68448053
1,71872.71,71932.14,71449.27,71884.28,277.64971125
1,71884.27,72023.72,71083.0,71628.19,305.9240777
1,71626.82,71934.18,71336.14,71776.57,206.85057655
1,71776.58,72795.05,71751.97,72435.53,458.4493413
1,72430.82,72850.16,72174.81,72820.45,171.96878014
1,72802.01,72944.43,72520.61,72710.4,115.90250234
1,72728.15,72791.27,72367.49,72396.29,87.05691111
1,72407.99,72771.94,72317.0,72634.3,61.7348778
1,72670.68,73045.12,72599.48,72660.51,96.49746825
1,72661.08,72829.58,72547.24,72722.13,47.86134596
1,72722.14,72852.55,72486.33,72661.25,57.2800324
1,72661.25,73370.15,72641.62,73007.7,219.4672456
1,73000.01,73953.51,73000.01,73691.23,241.7807061
1,73680.44,75726.99,73645.15,75112.11,688.51554621
1,75117.46,75160.08,74352.35,74404.38,216.74708971
1,74412.02,74838.0,74217.68,74468.76,91.06387023
1,74493.44,75006.38,74493.44,74985.7,84.05357418
1,74997.56,75462.05,74885.33,75435.25,116.92593848
1,75420.71,75681.62,75071.71,75628.0,249.84986772
1,75622.78,76848.38,75591.54,76286.26,485.64848395
1,76293.47,79461.0,76237.72,79232.67,585.20148632
1,79193.69,79347.17,77251.08,77894.86,641.72025967
1,77894.86,78232.55,77598.67,77795.35,185.78239953
1,77792.83,77830.52,76410.14,76709.55,292.29841901
1,76708.39,77448.8,76491.38,77188.2,164.64036607
1,77188.2,77699.54,76199.98,77257.51,392.91331629
1,77231.92,77419.99,76535.5,77366.51,259.36320955
1,77369.2,77850.62,77127.75,77185.92,169.1722766
1,77179.94,77514.46,76756.22,77438.7,269.21803551
1,77474.0,77690.34,77153.7,77366.38,233.09249245
1,77366.12,77510.37,76609.0,77103.89,175.90121156
1,77119.19,77333.2,76834.36,77002.01,67.47257316
1,77025.11,77518.81,76832.27,77499.2,115.84373629
1,77499.2,78656.99,77365.13,78489.33,286.020567
1,78490.72,78733.83,78087.58,78449.24,122.94943281
1,78452.05,78713.12,78119.48,78325.11,103.12466319
1,78325.29,78497.4,77684.46,77935.57,154.64253779999999
1,77935.56,78223.45,77803.9,77846.28,55.92061472
1,77820.19,78555.42,77783.97,78465.22,51.12413473
1,78470.8,78800.11,78353.93,78396.47,102.73906009000001
1,78396.83,78799.99,78189.69,78454.47,79.48126307
1,78438.08,78574.58,76525.41,77372.06,320.74976479000003
1,77367.16,77560.93,76984.98,77480.48,105.79994627
1,77477.24,77654.03,77207.97,77280.07,21.78698828
1,77301.01,77422.41,77030.55,77192.01,23.03872953
1,77192.01,77386.13,76831.99,77043.61,22.78788029
1,77050.37,77173.2,76529.09,76966.68,81.58166426
1,76958.8,77187.31,76802.94,77112.25,39.33359378
1,77114.14,77366.5,77060.78,77283.9,37.89708367
1,77283.89,77363.22,77097.94,77277.27,29.99148751
1,77277.27,77307.03,76928.23,76992.19,51.65459148
1,76992.19,77088.85,76876.04,76963.75,33.42869065
1,76965.08,77533.79,76945.15,77290.0,67.66315793
1,77272.45,77355.39,77070.0,77268.52,41.055768629999996
1,77268.52,77347.6,77131.72,77251.98,22.50864087
1,77263.85,77456.46,77201.81,77412.37,54.74865254
1,77416.31,77460.0,77256.98,77316.72,12.95436481
1,77316.71,77316.71,76829.94,76854.77,74.47884705999999
1,76835.92,77134.77,76777.0,76985.03,45.842765740000004
1,76985.03,77113.43,76883.51,77065.64,9.42244414
1,77065.63,77340.55,77032.15,77283.91,32.61188816
1,77266.04,77385.07,77150.01,77178.07,18.86955578
1,77178.07,77198.02,77011.64,77066.83,35.92908585
1,77066.83,77134.36,76839.15,76921.6,27.52716571
1,76919.71,77014.54,76489.59,76612.77,86.51634738999999
1,76566.87,76725.34,75568.18,76073.4,215.78520546
1,76048.85,76333.77,75895.32,76083.18,83.96906975
1,76080.37,76333.42,75897.31,75983.27,21.03008622
1,75987.84,76636.58,75936.91,76468.89,54.16601349
1,76467.39,76633.25,76450.76,76539.16,17.66166817
1,76529.9,76903.71,76526.9,76770.49,33.30503358
1,76770.49,77360.0,76723.73,77286.09,66.703551
1,77286.08,77291.66,76994.6,77201.63,63.9529109
1,77201.62,77741.0,77183.81,77470.5,138.6500624
1,77479.23,77626.88,76811.5,77178.01,153.95593026
1,77184.65,77318.0,76919.71,77132.44,25.80825352
1,77132.44,77443.47,77132.44,77404.59,20.53151697
1,77404.59,77427.67,77140.62,77185.26,18.159382439999998
1,77173.91,77400.0,77100.0,77340.0,20.46088929
1,77340.01,77465.25,77241.51,77327.93,17.61633079
1,77327.93,77446.98,77191.61,77387.08,12.68407644
1,77387.08,78032.6,77387.08,77830.29,144.99433306
1,77849.99,77962.93,77565.64,77599.2,108.99477923
1,77599.86,77804.06,77301.55,77716.48,122.10071343999999
1,77723.58,77729.24,77135.67,77654.83,143.80653319
1,77664.15,77714.86,76931.41,76931.41,79.17117965999999
1,76923.24,77547.34,76886.31,77476.14,44.57785152
1,77475.82,77529.71,76932.77,76934.43,52.63010794
1,76936.6,77247.11,76664.18,76894.41,91.39810454
1,76890.6,77235.0,76838.67,77160.86,50.82767707
1,77149.32,77510.78,77072.97,77458.96,71.23539205
1,77458.96,77777.77,77273.74,77287.07,68.05125117
1,77293.8,77401.09,76832.19,77036.73,88.41938231
1,77030.47,77586.52,77030.47,77532.46,54.03216819
1,77538.67,77991.0,77519.8,77596.01,58.88407533
1,77602.8,78573.38,77440.82,78428.47,158.74589131
1,78429.99,79293.21,77977.46,79140.17,191.80501621
1,79144.39,79406.2,77860.01,78582.99,351.06891160000004
1,78571.42,79810.2,78566.28,79490.26,315.33059302
1,79483.57,79989.36,78828.36,79090.24,275.44053054
1,79104.38,79875.72,78900.0,79038.79,185.88019304
1,79052.53,79186.35,78457.83,78757.55,189.66799723
1,78763.74,79091.59,78727.69,78927.32,104.88734278
1,78933.2,79112.28,78583.2,78737.94,64.84130223
1,78756.83,78987.45,78546.43,78913.24,29.21481359
1,78924.06,79039.55,78842.43,78973.22,20.51544186
1,78973.22,78983.04,78689.89,78732.81,42.13822583
1,78732.33,79005.38,78629.97,78986.06,62.2366158
1,78985.15,79875.72,78720.41,79730.09,181.71090122
1,79726.93,79969.01,79483.73,79785.18,113.56655437
1,79823.12,81255.06,79728.01,80635.74,265.67379384000003
1,80644.81,80928.97,80308.21,80470.28,165.06605923
1,80461.45,80595.63,80126.53,80348.53,111.74589738
1,80366.19,80796.71,80308.22,80696.27,109.04276307
1,80711.77,80892.0,80342.45,80518.7,117.42546613
1,80538.26,80773.71,79346.81,79674.96,121.67137713
1,79707.97,80215.68,79600.38,79901.73,114.97839541
1,79902.44,79936.73,78830.18,79173.33,137.26766877
1,79177.01,79455.12,78979.77,79296.92,43.29846818
1,79296.93,79445.21,79032.61,79101.99,31.6671591
1,79111.36,79166.53,78639.41,78975.82,75.32251585
1,78975.82,79198.12,78110.51,78630.85,202.93810612
1,78636.01,79359.84,78510.32,79224.92,187.20216496999998
1,79239.29,79530.15,79024.16,79503.87,89.63360856
1,79510.84,79560.92,79059.0,79154.11,35.803084
1,79154.09,79253.89,78752.25,79229.27,106.82869635
1,79229.26,79338.06,79040.02,79117.59,42.208962650000004
1,79116.65,79217.67,78725.97,78935.4,34.4684121
1,78924.77,78964.0,78178.39,78197.31,97.23092851
1,78178.41,78651.11,77850.0,78557.47,107.86040602
1,78557.48,78979.84,78557.48,78875.01,61.89042294
1,78875.0,78954.4,78394.45,78534.93,83.99943203000001
1,78536.3,78702.23,78309.85,78630.57,26.85909334
1,78614.7,78941.95,78600.01,78799.99,52.185874399999996
1,78800.0,79224.4,78740.02,79098.46,35.28260014
1,79099.46,79169.93,78880.01,79073.35,22.13389382
1,79073.33,79171.03,78782.18,78813.22,22.7829677
1,78814.31,79116.85,78639.42,79076.82,74.28396919
1,79076.8,79184.67,78809.08,78933.4,23.9791129
1,78933.39,79077.44,78854.26,78914.18,14.46018312
1,78914.19,79103.08,78602.15,78703.71,48.66627951
1,78703.71,78866.07,78235.56,78436.28,54.85312144
1,78432.22,78854.21,78288.49,78706.54,82.76137240999999
1,78706.53,78758.65,78301.0,78467.09,47.84918407
1,78467.1,78697.92,77949.83,78297.4,66.06095038
1,78297.15,78529.42,77906.82,78432.36,120.28998811
1,78432.87,78592.22,77769.77,77788.78,136.00852787
1,77788.92,78156.59,77626.89,77999.54,101.45287499
1,78004.14,78159.63,77847.09,77985.52,58.54893913
1,77985.53,78601.52,77985.53,78430.35,68.93641524
1,78430.34,78639.41,78263.0,78462.07,128.2738771
1,78462.07,78558.88,78284.46,78460.0,34.67924148
1,78470.5,78529.34,78208.97,78441.5,62.01885566
1,78441.5,78830.91,78369.64,78720.53,78.58498909
1,78720.52,78975.57,78565.71,78699.74,63.09232374
1,78699.74,79160.1,78650.28,79022.66,84.89729656
1,79022.65,79022.66,78696.98,78703.12,55.36346404
1,78696.06,79013.41,78573.39,78909.88,111.77958717
1,78897.54,78981.92,78714.93,78725.76,43.926703180000004
1,78725.76,78965.29,78639.41,78812.5,77.66780145
1,78812.49,78884.05,78677.18,78759.99,28.31942292
1,78760.0,78908.43,78582.81,78882.16,61.18042827
1,78891.92,78891.93,78592.25,78813.8,60.417813949999996
1,78805.27,79083.96,78733.67,79063.86,71.53269328
1,79063.86,80004.13,79028.7,79754.04,210.1039284
1,79754.04,80510.82,79684.27,79984.31,145.18082321
1,79984.31,80156.7,79360.0,79631.14,120.63166396
1,79631.13,79760.8,79200.0,79476.47,71.80541313
1,79476.47,79579.16,79237.3,79262.5,102.77947266
1,79262.49,79567.33,78920.01,79536.74,199.50075103
1,79536.78,80404.62,79359.86,80220.04,380.43273206
1,80220.03,80808.08,80116.01,80320.17,417.53852403
1,80316.23,80634.07,80213.3,80390.86,182.42897752
1,80388.84,80819.98,80247.41,80445.0,149.89286322
1,80445.02,80445.03,79760.81,80163.22,107.11545248
1,80164.11,80288.93,79884.41,79884.41,66.4713945
1,79912.53,80135.99,79900.48,80110.36,229.30093677
1,80116.55,80196.06,79995.0,80190.54,50.37133457
1,80195.48,80452.87,80157.0,80317.02,51.21216199
1,80317.02,80421.89,80163.9,80278.98,78.17528766
1,80278.99,80719.2,80183.04,80569.95,120.69962121
1,80598.22,81454.98,80452.87,80516.72,309.85000123000003
1,80511.27,80511.27,79751.23,79947.37,246.18199155
1,79944.05,80058.56,79793.87,79828.84,73.76170493
1,79825.7,79976.98,79615.56,79659.74,50.84356273
1,79651.09,79880.76,79567.34,79694.75,33.89511179
1,79694.75,79993.31,79694.74,79905.67,47.95401636
1,79905.67,79905.67,79600.0,79674.57,50.88383643
1,79677.39,79844.86,79485.33,79513.74,37.67219323
1,79513.74,79517.63,79260.0,79292.89,34.4766944
1,79294.26,79570.0,79036.73,79551.66,78.27252849
1,79568.9,79760.8,79554.96,79602.06,39.18934059
1,79602.07,79714.92,79302.73,79420.2,53.9047877
1,79410.65,79560.06,79046.21,79350.0,114.34763859
1,79337.25,79703.39,78441.51,79568.15,514.33228061
1,79576.59,79849.27,78305.0,78332.04,303.60796215
1,78331.81,78400.66,76876.88,77782.03,460.58525139
1,77782.04,78117.0,77661.94,77901.97,144.72430861
1,77901.96,77937.69,77260.01,77549.56,225.31101596
1,77554.38,77804.0,77367.47,77557.11,88.09691903
1,77532.08,77604.51,77300.15,77402.88,54.25689741
1,77411.59,77536.83,77250.01,77359.35,18.72258095
1,77363.66,77768.04,77333.72,77753.99,37.14562726
1,77753.0,77835.18,77639.22,77835.18,8.85738994
1,77835.18,77957.1,77729.42,77729.86,36.976967800000004
1,77730.75,77841.41,77642.66,77799.13,17.65751297
1,77798.89,77832.29,77578.0,77672.37,19.93678634
1,77672.36,77726.6,77484.42,77489.0,88.98437736
1,77493.34,77670.2,77493.34,77649.53,15.6497994
1,77649.52,77710.74,77596.12,77631.89,45.753580150000005
1,77631.88,77633.21,77345.28,77460.23,104.42077307
1,77460.23,77664.15,77434.81,77632.73,34.772505620000004
1,77622.36,77630.81,77482.68,77630.81,6.33302715
1,77640.11,77748.06,77547.48,77645.49,19.05946136
1,77645.48,77729.41,77524.49,77635.75,27.66942781
1,77635.76,77729.41,77526.96,77572.96,76.64323332000001
1,77572.97,77652.12,77505.31,77573.94,9.68759947
1,77573.94,77710.75,77568.46,77692.43,20.8884463
1,77692.42,78143.21,77653.52,78007.81,54.04283863
1,78009.86,78009.86,77804.61,77858.61,35.52143753
1,77858.62,78103.38,77849.82,78017.21,44.2653378
1,78017.2,78094.01,77895.78,78094.01,12.29382892
1,78094.01,78244.08,78014.14,78160.0,25.35087068
1,78160.0,78328.63,78137.53,78172.94,22.65246667
1,78172.94,78273.01,78114.44,78129.6,25.808412519999997
1,78129.6,78196.09,78056.55,78164.57,18.92554067
1,78164.57,78234.68,78085.41,78226.02,16.79982766
1,78226.01,78280.8,78191.79,78235.02,29.176967190000003
1,78235.01,78314.69,78144.44,78177.09,18.29101125
1,78177.09,78182.94,77956.96,78070.01,111.94754585
1,78070.01,78166.93,78003.33,78094.44,27.825164870000002
1,78094.44,78225.31,78053.62,78138.03,18.15580069
1,78138.02,78222.26,77991.0,78100.32,30.866626500000002
1,78111.97,78212.07,78111.96,78127.8,21.50179311
1,78127.79,78299.2,78112.02,78273.95,37.97544039
1,78273.95,78288.18,78112.76,78112.76,24.96246567
1,78117.99,78201.36,78019.21,78067.99,101.01405526
1,78056.26,78108.0,77979.96,77993.87,20.7201966
1,77992.26,78135.87,77953.58,78134.25,7.2263463
1,78134.25,78206.53,78092.1,78150.45,23.60433616
1,78155.03,78830.57,78155.03,78771.63,146.16392697
1,78781.04,78959.52,78592.26,78850.0,58.7572466
1,78850.0,78942.65,78689.74,78771.92,96.45102864
1,78771.91,78895.01,78613.84,78807.81,31.53385448
1,78807.81,79385.99,78739.66,79312.34,82.85324942
1,79327.95,79327.95,78777.38,79009.36,66.36766838
1,79009.35,79172.16,78767.3,79031.46,26.03566631
1,79032.47,79034.63,78714.94,78852.69,16.96678511
1,78857.58,78920.05,78433.19,78594.15,46.56836425
1,78591.61,78714.93,78237.29,78641.01,50.83703707
1,78641.02,78790.53,78281.65,78420.36,80.46694057
1,78420.37,78433.37,77023.78,77701.7,254.11141052
1,77659.15,78168.32,77440.81,77923.88,174.69126048
1,77919.51,77979.84,77561.7,77629.91,58.66169337
1,77629.88,77986.7,77381.47,77458.72,40.38243596
1,77458.71,77863.56,77392.05,77747.49,24.83040177
1,77747.49,77762.32,77451.13,77609.62,35.83684814
1,77609.63,78133.34,77503.39,78012.85,128.76843099
1,78003.9,78143.77,77848.48,78064.0,75.90625682
1,78051.77,78293.17,77980.93,78178.57,119.1152211
1,78181.46,78487.33,77966.6,78451.2,56.74750251
1,78451.2,78780.0,78372.86,78485.47,91.87363697
1,78486.81,78677.16,78264.64,78668.61,141.6696616
1,78671.24,78671.24,78272.26,78287.1,64.1696278
1,78287.11,78512.84,77682.79,77895.59,162.6388619
1,77895.59,78253.48,77710.75,77817.14,224.81915837
1,77833.86,78648.82,77717.94,78542.14,223.96522333
1,78549.86,78733.83,78193.88,78551.59,130.72967930000002
1,78551.59,78841.64,78491.23,78607.77,100.15861844
1,78607.0,78998.79,78476.28,78878.98,88.51404294
1,78877.19,79198.1,78758.99,79007.1,79.72839732
1,79007.11,79249.85,78849.01,78880.4,54.78745001
1,78880.98,79155.08,78779.39,78849.36,62.47718699
1,78849.36,79054.33,78720.94,78951.71,32.83284161
1,78951.8,78995.17,78555.56,78572.31,54.91714453
1,78572.31,78576.84,78394.45,78571.17,36.01259124
1,78571.18,78874.87,78551.99,78623.61,48.74684743
1,78623.61,78769.77,78338.03,78372.16,127.08038618
1,78369.02,78419.99,78169.02,78415.62,72.10615102
1,78415.62,78837.82,78338.56,78658.38,118.18236669
1,78658.37,78873.48,78581.91,78684.66,109.79899353
1,78702.58,79184.0,78702.58,79154.09,75.91800637
1,79145.66,79145.66,78696.8,78711.85,86.8525633
1,78711.85,78780.21,78490.01,78605.0,46.2339487
1,78605.0,78630.09,77794.72,77856.16,106.51404835
1,77856.18,78021.05,77766.72,77892.99,25.76557595
1,77889.36,78168.96,77710.75,77986.24,90.19569665
1,77981.8,78159.63,77850.75,78057.99,151.58209021
1,78057.99,78120.89,77705.77,77968.43,191.70183791
1,77965.85,78164.69,77471.0,78030.35,292.48198328
1,78047.41,78388.95,78024.02,78128.48,153.67956991
1,78135.08,78135.08,77692.23,77902.49,236.97336263
1,77891.65,77944.92,77283.0,77577.5,175.73193454
1,77574.07,77676.0,77215.0,77225.82,107.50868645
1,77227.73,77290.23,76380.13,77128.2,232.60432321000002
1,77130.77,77426.6,77087.08,77262.56,188.01794950000001
1,77270.72,77438.69,77199.57,77403.76,43.67837798
1,77411.05,77478.91,76869.27,77175.47,88.59185685
1,77175.47,77310.82,76988.47,77234.15,33.22558872
1,77234.15,77570.14,77172.97,77397.43,47.87117883
1,77397.43,77471.91,77088.75,77172.33,20.11342578
1,77141.65,77319.26,76682.57,76975.45,144.93091212
1,76972.14,77283.0,76901.09,77275.58,108.11924068
1,77275.58,77747.28,77259.43,77488.56,92.78557729
1,77505.39,77567.57,77255.18,77522.37,65.59648332
1,77521.94,77717.97,77398.79,77585.67,71.30397156
1,77588.39,77663.49,77411.79,77564.55,31.66633115
1,77564.55,77726.82,77430.76,77430.76,10.9503024
1,77430.76,77507.72,76700.99,76805.68,135.0396033
1,76805.16,77011.53,76453.24,76707.8,60.109759940000004
1,76707.8,76710.15,76228.56,76641.69,53.26283512
1,76641.7,76774.64,76309.01,76774.64,65.69674638
1,76769.57,76995.48,76567.97,76567.98,66.89447323
1,76567.01,77385.07,76567.01,77104.79,104.73622655
1,77107.17,77447.42,76964.08,77025.42,75.86156796
1,77017.96,77341.12,76710.18,77245.0,175.66165692
1,77245.0,77533.79,77134.79,77134.79,47.56757128
1,77134.78,77363.93,76931.41,77346.32,74.85582081
1,77347.05,77477.99,77263.22,77343.35,66.09629157
1,77334.99,77388.07,77089.07,77314.69,26.65299581
1,77314.71,77487.28,77180.86,77382.05,30.24976311
1,77379.65,77402.93,77216.16,77260.76,29.3390831
1,77260.0,77260.0,77005.3,77005.7,24.13493573
1,77005.71,77329.36,77000.0,77301.83,61.85256725
1,77294.61,77351.47,76959.11,77051.98,59.11373083
1,77031.92,77513.0,76940.96,77326.2,95.54959778999999
1,77326.19,77860.09,77213.08,77776.02,85.07456478
1,77776.02,77844.25,77612.64,77675.01,33.09316164
1,77675.0,77788.99,77517.66,77730.81,63.01999748
1,77746.67,77787.15,77080.01,77767.25,111.736075
1,77767.26,77804.5,77660.45,77786.72,16.72448251
1,77792.28,78131.49,77571.02,77628.6,90.62213121
1,77632.95,78019.08,77632.95,77807.68,48.93132862
1,77801.47,77919.31,77580.33,77580.33,42.113434340000005
1,77580.32,77736.03,77450.1,77703.94,35.59927324
1,77703.93,77966.59,77679.16,77906.78,76.95253138999999
1,77906.77,78743.27,77853.13,78616.23,112.51957607
1,78616.22,78963.48,78422.69,78822.26,86.16416805
1,78820.99,80557.46,78685.73,80538.84,298.70720601
1,80534.52,81361.23,80356.4,81333.69,350.99080058
1,81343.68,81364.0,80617.17,80961.31,197.75577216
1,80971.01,81189.91,80880.01,81049.22,97.8440172
1,81049.22,81332.06,80902.76,81260.02,85.81719207
1,81260.02,81796.56,81172.26,81745.13,123.98073289999999
1,81772.65,81786.42,81396.74,81471.59,59.89913257
1,81467.13,82280.62,81300.0,81597.85,170.59393887000002
1,81592.83,81612.25,80925.01,81143.78,90.06796532
1,81143.78,81316.66,81083.24,81265.0,65.68335391
1,81265.0,81426.37,80957.32,80969.85,56.141218030000005
1,80969.75,81090.63,80778.95,80984.11,42.5210662
1,80984.11,80984.11,80684.9,80825.78,23.63400849
1,80833.5,81016.2,80797.54,80849.1,31.2366548
1,80847.39,81265.0,80812.9,81067.45,61.50026219
1,81067.44,81130.42,80864.3,80990.93,52.5369939
1,80984.99,81076.69,80568.81,80761.42,95.58674048
1,80775.61,80943.31,80640.18,80640.19,54.868964489999996
1,80646.08,81215.27,80501.17,81132.27,139.12527124
1,81132.27,81285.0,80946.72,81042.57,80.46298208
1,81042.58,81164.53,80820.55,81164.53,83.42172654999999
1,81170.43,81400.56,81066.34,81219.65,59.56195054
1,81219.66,81351.63,79170.68,79445.99,438.947653
1,79437.16,79692.93,78985.14,79364.23,261.89663158
1,79364.22,79550.0,78645.01,78907.58,304.10134423
1,78898.03,79555.03,78787.89,79426.28,111.08030502
1,79420.08,79866.14,79383.46,79745.0,124.19573377
1,79745.02,79752.22,79388.69,79476.62,30.85142689
1,79476.62,79653.87,79476.62,79615.25,17.37758525
1,79615.24,79817.44,79615.24,79804.86,37.53694833
1,79808.77,79875.73,79689.01,79722.63,27.71819904
1,79722.63,79839.19,79550.0,79665.48,71.19564047
1,79658.55,79737.82,79640.57,79654.3,10.92928606
1,79654.3,79775.0,79620.24,79676.6,10.45067621
1,79676.6,79737.79,79585.0,79596.15,34.43779059
1,79596.16,79719.31,79555.01,79555.01,28.53488683
1,79555.01,79634.9,79500.0,79581.16,14.1145599
1,79581.15,79634.67,79533.0,79602.9,6.25574599
1,79602.9,79616.8,79523.99,79525.0,20.24458972
1,79525.0,79606.7,79464.65,79586.95,17.8318069
1,79586.94,79712.96,79586.94,79663.3,21.76265317
1,79663.29,79758.78,79655.28,79723.05,14.974131100000001
1,79723.05,79723.05,79580.0,79659.91,16.37444225
1,79659.92,79722.52,79619.43,79625.57,12.36027258
1,79625.57,79668.59,79598.26,79620.41,11.22775268
1,79620.41,79688.29,79620.41,79626.67,10.94188368
1,79626.68,79779.94,79626.67,79711.12,22.23744009
1,79714.11,79764.83,79569.61,79630.36,34.89706605
1,79630.36,79751.23,79630.36,79718.5,18.791986639999998
1,79718.5,79818.24,79690.05,79813.21,19.25251484
1,79813.2,80187.04,79764.66,80029.63,81.80504873
1,80039.79,80154.16,79990.82,80060.54,27.86921838
1,80060.54,80082.08,79942.85,80006.08,15.660410310000001
1,80006.08,80006.08,79722.52,79757.2,29.82891014
1,79757.2,79841.92,79700.0,79733.98,16.72543805
1,79733.97,79931.67,79733.24,79908.27,26.623203489999998
1,79908.27,79942.58,79770.37,79799.41,29.98741983
1,79799.13,79894.9,79735.11,79830.42,19.49097786
1,79830.42,79942.83,79830.41,79861.3,10.28296451
1,79861.31,80048.43,79861.31,79939.7,24.34709359
1,79939.71,80010.21,79875.73,79907.74,10.00102678
1,79907.73,80106.09,79897.42,80029.19,14.82145273
1,80029.2,80029.2,79858.0,79870.35,27.793350030000003
1,79870.35,80100.67,79800.01,79990.62,41.40178581
1,79996.79,79996.79,79703.39,79771.11,26.53052078
1,79782.84,79850.84,79600.0,79829.26,34.13652345
1,79813.3,79894.89,79760.97,79845.23,20.43955784
1,79845.23,79990.82,79806.1,79881.52,19.41570967
1,79881.52,80016.42,79881.51,80005.27,7.5942650700000005
1,80005.26,80005.27,79896.71,79927.13,10.63935268
1,79927.12,80010.01,79875.74,79927.8,18.71581674
1,79927.8,79961.7,79770.38,79827.06,20.68330847
1,79827.07,79837.4,79218.0,79547.37,141.61370296
1,79547.3,79712.96,79397.96,79712.94,58.15165238
1,79705.88,79770.37,79604.78,79674.23,16.05776025
1,79674.23,79765.83,79586.32,79735.04,12.03364096
1,79735.03,79962.02,79735.03,79945.77,20.870375329999998
1,79941.65,79941.65,79796.14,79814.44,9.51065859
1,79820.81,79962.03,79779.94,79898.94,7.58164588
1,79907.79,80019.62,79875.73,79939.9,37.87908246
1,79939.89,80072.8,79650.0,80046.45,59.0364814
1,80046.45,80537.4,80006.34,80338.98,96.63280304
1,80338.98,80430.96,80067.65,80138.46,78.62566836
1,80152.28,80238.4,79825.12,79925.75,54.05983503
1,79925.01,80395.12,79797.59,79863.91,147.82798455
1,79863.91,79965.45,79569.61,79595.01,46.01636999
1,79589.56,79715.06,79527.0,79712.44,25.26506866
1,79712.44,79924.66,79652.4,79751.78,37.08812432
1,79750.0,79800.0,79646.0,79652.74,20.85118415
1,79652.74,79676.62,79012.57,79378.9,104.526121
1,79382.83,79508.1,79382.83,79420.01,89.20109467
1,79420.01,79531.43,79302.72,79302.72,22.90987977
1,79302.73,79442.08,79302.73,79347.24,21.71676201
1,79347.24,79466.79,79276.64,79412.73,19.09409435
1,79412.73,79616.41,79398.0,79600.01,35.92347607
1,79600.0,79632.6,79314.26,79349.78,54.8068462
1,79339.65,79389.28,78960.89,79187.39,106.40843923999999
1,79186.79,79186.79,78685.0,78798.62,108.33549923
1,78807.8,79008.28,78782.87,79008.03,48.83677237
1,79008.02,79193.0,78993.8,79167.93,21.56866683
1,79167.93,79231.72,79085.26,79190.02,20.28598269
1,79190.02,79388.41,79146.75,79349.83,22.847979770000002
1,79338.77,79366.92,79169.61,79221.16,21.56738006
1,79221.17,79247.96,79160.0,79160.0,26.05982493
1,79155.01,79194.29,78790.54,78926.48,77.80913441999999
1,78925.75,79179.11,78909.51,79090.41,41.97208775
1,79090.42,79280.5,78960.89,79280.5,37.27530966
1,79283.68,79426.32,79241.48,79409.25,20.97137183
1,79419.26,79455.12,78923.0,78923.0,57.8204182
1,78923.01,78984.82,78715.98,78881.42,38.83552072
1,78879.24,78900.0,78663.01,78663.02,18.96581717
1,78663.01,78846.18,78545.1,78559.31,73.97988979
1,78559.31,78609.25,78253.48,78300.03,70.63180644
1,78300.04,78563.95,78170.0,78445.02,75.08766038
1,78439.47,78545.09,78261.21,78380.48,60.13509373
1,78391.87,78762.17,78315.85,78732.77,50.510900989999996
1,78724.95,78966.64,78554.53,78554.53,71.80910694
1,78554.53,78554.54,78267.93,78404.85,63.58832557
1,78404.86,78451.4,78197.16,78425.5,45.44000409
1,78425.51,78497.99,77602.59,77927.54,261.63909214
1,77927.53,78582.81,77830.12,78536.81,101.34539759
1,78535.0,78885.13,78434.21,78885.13,106.85618944
1,78885.13,78951.42,78573.38,78721.78,98.62791642
1,78721.77,78877.71,78494.63,78494.63,90.62901826
1,78494.62,78790.53,78281.65,78425.21,56.5156128
1,78427.13,78515.94,78311.32,78429.5,53.36193484
1,78427.0,78604.18,78395.38,78480.61,83.91650782
1,78480.62,78609.13,78387.35,78473.9,25.00618368
1,78473.89,78646.11,78444.01,78555.0,23.507754549999998
1,78555.01,78562.46,78399.27,78449.0,20.58969165
1,78449.01,78781.08,78449.01,78764.78,30.26043724
1,78769.35,78891.64,78627.63,78891.59,39.97114812
1,78886.31,78922.98,78679.67,78726.84,31.158324229999998
1,78726.84,78726.84,78544.22,78624.71,40.24627632
1,78624.71,79184.0,78624.71,79148.68,64.62626944
1,79148.68,79345.59,78837.82,78914.25,58.52924761
1,78914.25,79264.67,78855.99,79152.17,49.16263787
1,79150.09,79378.88,79139.04,79263.49,34.5865552
1,79263.5,79741.64,79254.52,79694.3,66.80998229
1,79694.29,79711.33,78894.6,78943.61,76.38390380999999
1,78943.62,79160.11,78868.34,78905.12,58.66678177
1,78905.12,79347.21,78735.57,79309.78,113.17813209
1,79300.73,79645.03,79268.95,79583.92,67.38254191
1,79587.67,79659.86,79093.87,79120.93,129.89462781
1,79117.1,79386.47,78854.0,78934.82,193.0463155
1,78939.45,79359.84,78032.24,78570.58,364.00242255
1,78561.1,78888.0,78438.02,78782.2,49.6180504
1,78782.2,78908.99,78658.23,78762.75,33.39879989
1,78757.24,78765.69,78394.95,78403.05,16.29593221
1,78403.04,78569.59,78137.86,78213.49,59.55329029
1,78213.48,78321.62,77940.0,78307.77,51.96350615
1,78305.37,78322.27,77991.52,78126.59,75.87642868
1,78130.89,78179.17,77760.0,77908.94,45.13695101
1,77896.69,78281.65,77896.69,78281.65,37.91361893
1,78281.65,78351.65,78082.47,78161.47,55.52036649
1,78158.45,78478.41,77934.5,78075.58,61.10479101
1,78074.4,78342.0,77943.81,78318.06,21.94044075
1,78323.41,78497.99,78247.39,78292.87,51.71919898
1,78288.78,78401.83,78271.49,78366.17,15.50733902
1,78366.18,78526.26,78246.98,78491.33,17.839825649999998
1,78502.69,78507.44,78134.4,78389.9,12.26189164
1,78390.41,78390.41,77897.47,78090.31,55.24518557
1,78090.32,78144.52,78010.15,78083.5,28.383734439999998
1,78083.5,78195.68,77894.1,77946.18,24.67261161
1,77957.37,78014.47,77803.09,77845.51,29.47120378
1,77845.5,78018.4,77679.97,77825.44,63.265039130000005
1,77825.44,77906.18,76651.34,76871.19,380.33992503
1,76869.36,77206.62,76723.59,77147.76,197.89958769
1,77145.73,77392.82,76928.26,77377.97,118.1506823
1,77377.97,77379.45,77061.32,77213.98,56.9961632
1,77213.98,77279.32,76771.61,77166.01,58.017238490000004
1,77166.0,77505.64,77090.39,77300.0,44.036207420000004
1,77300.0,77300.0,76954.16,77216.53,38.11040506
1,77216.53,77266.56,77066.44,77128.84,52.18039895
1,77130.36,77323.11,77081.68,77244.18,29.40160871
1,77244.18,77275.23,77083.77,77114.56,34.34957832
1,77122.53,77194.42,76800.01,76815.94,49.24126974
1,76815.94,76846.35,76452.89,76528.75,127.215625
1,76528.6,76894.5,76516.02,76880.15,95.46392542
1,76880.15,76966.95,76654.97,76931.4,74.72057877
1,76931.41,76969.78,76738.98,76807.44,32.50220508
1,76807.43,76861.5,76673.38,76852.72,69.82262181
1,76852.73,77153.28,76852.72,77095.13,58.00297416
1,77083.31,77218.11,77040.87,77215.46,37.87634244
1,77215.45,77386.2,77147.73,77271.14,40.44888836
1,77272.71,77377.09,77181.39,77202.73,24.96369385
1,77202.72,77459.39,77125.51,77328.2,36.91797312
1,77328.2,77337.65,76848.38,77022.78,63.30414006
1,77015.39,77125.51,76931.18,76975.55,53.73363379
1,76967.4,77002.94,76720.04,76998.78,82.63096971
1,76989.69,78100.0,76040.02,77991.51,502.15789675
1,77991.51,79288.2,77234.49,79213.9,475.1218801
1,79213.9,79836.83,78488.77,78776.76,424.33035222
1,78776.75,78816.55,77312.14,77709.92,186.91844912
1,77705.87,78036.66,77375.79,77906.5,139.78660454
1,77899.83,77947.85,77475.31,77515.96,46.22339481
1,77512.6,77525.15,76866.82,77025.32,106.46117353
1,77033.83,77347.58,76982.47,77275.0,59.23148398
1,77270.48,77459.39,77182.73,77313.01,48.1099958
1,77311.0,77408.85,77063.56,77094.02,16.94117146
1,77098.56,77219.4,76968.37,77125.82,72.61172497
1,77125.82,77213.65,77104.4,77212.48,25.26356731
1,77212.48,77306.94,77200.79,77288.82,14.570669089999999
1,77282.05,77377.21,77245.21,77257.01,15.23445599
1,77257.01,77307.74,77207.66,77278.26,15.14898537
1,77264.45,77338.33,77230.82,77261.79,27.48601831
1,77261.79,77308.36,77215.62,77217.36,20.66746166
1,77217.36,77242.72,77160.82,77205.24,39.86221128
1,77205.24,77333.15,77188.51,77281.61,23.67464908
1,77281.6,77328.02,77255.18,77255.18,7.14734291
1,77255.18,77347.94,77242.95,77340.5,18.14274182
1,77340.49,77357.22,77312.21,77336.03,17.92277288
1,77336.02,77370.48,77297.87,77311.69,8.77853837
1,77311.7,77344.36,77283.0,77341.32,12.94207061
1,77341.32,77348.77,77273.73,77321.23,11.40028177
1,77321.22,77374.49,77245.91,77338.65,37.22971005
1,77338.65,77480.0,77338.65,77439.97,24.48771168
1,77445.94,77459.39,77362.01,77366.91,31.5656605
1,77366.91,77408.99,77329.38,77342.95,19.7049957
1,77344.64,77376.19,77165.0,77189.7,35.1910803
1,77189.7,77207.03,77109.78,77130.04,12.04385345
1,77130.03,77173.75,77060.0,77107.88,32.608290589999996
1,77110.1,77199.58,77110.1,77152.41,14.72126291
1,77152.41,77254.84,77136.25,77240.95,20.65932575
1,77240.94,77283.0,77181.06,77220.8,30.89564086
1,77220.8,77273.73,77220.79,77269.22,6.96769503
1,77269.21,77283.0,77149.73,77258.48,6.69058479
1,77258.47,77310.82,77226.78,77291.55,56.76587851
1,77291.54,77302.99,77222.85,77274.94,16.19502855
1,77274.94,77301.78,77171.81,77177.58,12.63994784
1,77177.57,77236.39,77177.41,77187.6,4.20787849
1,77187.6,77289.17,77187.59,77289.16,8.15895049
1,77289.17,77300.27,77055.0,77100.86,25.51746733
1,77104.1,77140.5,77066.1,77099.73,19.436505750000002
1,77093.2,77141.67,76737.8,76792.52,83.30552889
1,76792.52,76857.6,76540.0,76780.08,81.42405094
1,76774.06,76782.86,76609.0,76650.33,21.07093357
1,76659.11,76765.43,76480.0,76743.39,72.06744275
1,76748.82,76829.94,76651.78,76725.98,55.371471220000004
1,76725.97,76878.63,76529.75,76816.86,59.23229515
1,76819.7,77218.11,76819.33,77176.5,47.62887529
1,77176.49,77176.5,76984.53,77102.3,23.60987373
1,77102.29,77325.59,77102.29,77258.65,31.32419102
1,77258.65,77375.79,77215.7,77302.81,17.44015412
1,77296.67,77357.42,77275.25,77324.82,12.19091016
1,77324.82,77384.32,77198.16,77253.13,24.19115844
1,77255.17,77336.01,77223.91,77313.8,18.25485651
1,77313.79,77417.67,77281.64,77283.01,22.05493623
1,77283.0,77283.0,76645.78,76687.85,204.39605638999998
1,76685.11,76838.04,76601.94,76808.69,58.44917783
1,76804.19,77023.77,76370.36,76763.13,117.45035515
1,76745.83,77107.34,76609.0,77071.64,63.95653126
1,77077.81,77673.46,76978.24,77568.69,111.43073831
1,77568.69,77822.92,77464.48,77549.76,66.83195723
1,77558.59,77653.59,77497.87,77645.48,31.82445207
1,77645.48,77651.09,77449.77,77569.33,10.75374007
1,77580.57,77850.75,77347.96,77550.48,92.01448169
1,77553.91,77841.41,77496.11,77841.41,30.86941321
1,77841.41,77940.47,77628.33,77701.05,60.34909571
1,77702.0,78328.63,77571.01,78103.31,126.42917166000001
1,78119.17,78135.79,77869.44,77879.38,32.9046329
1,77878.08,77894.09,77664.15,77741.75,59.329263680000004
1,77740.74,78037.81,77587.79,77660.43,93.30022787
1,77660.43,78456.8,77431.52,78143.84,288.00990297
1,78136.4,78664.9,78136.4,78500.55,169.19959795
1,78495.09,78659.99,78278.56,78554.34,98.64487551
1,78554.34,78896.48,78402.86,78762.61,68.25883176
1,78762.61,79045.57,78709.81,78926.39,237.5748439
1,78939.94,79325.61,78838.42,79213.55,117.21854015
1,79210.01,79244.66,78957.17,78972.32,117.75866892
1,78977.8,79579.16,78966.69,79079.56,221.86138731
1,79080.71,79101.74,78730.12,78738.45,100.20924311
1,78738.45,78835.51,78493.55,78537.46,90.04682447
1,78537.47,78553.68,78123.47,78185.01,44.97992155
1,78185.01,78241.56,77934.87,77940.37,51.00362556
1,77940.38,78056.52,77748.06,77895.84,90.75954197
1,77895.83,78001.49,77777.12,77891.35,36.12906341
1,77888.12,77888.12,77636.19,77659.38,33.0470213
1,77657.08,77718.34,77524.48,77548.26,33.22428913
1,77547.55,77645.5,77292.2,77608.75,66.06087536
1,77608.75,77699.64,77181.06,77257.81,51.64366615
1,77266.5,77290.21,76839.15,76886.76,167.42802727
1,76890.64,76954.99,76657.59,76954.99,113.19315325
1,76954.99,77022.86,76825.33,76945.66,59.676084
1,76948.61,77125.5,76841.55,77015.42,77.95064094
1,77015.98,77171.8,76811.5,76896.93,85.90577508
1,76896.94,77094.42,76823.45,76930.74,83.935269
1,76925.56,77092.18,76076.0,76565.19,445.6244911
1,76572.23,76638.83,75560.0,75883.48,259.09589174
1,75877.89,76548.09,75773.84,76457.18,208.27260268999999
1,76460.48,76522.93,76208.72,76335.75,62.89905611
1,76327.44,77278.39,76137.55,76911.34,141.32057523
1,76911.33,77139.78,74913.43,75931.19,525.42705769
1,75931.19,76254.91,75758.28,76107.69,168.04907606
1,76117.6,76173.6,75548.88,75872.73,62.53659763
1,75872.74,75896.3,75226.36,75415.16,46.961573470000005
1,75389.49,75688.14,75098.13,75611.9,58.76320528
1,75611.9,75888.91,75513.02,75577.29,37.63605954
1,75577.29,75858.45,75523.4,75722.25,37.47435499
1,75717.91,75898.21,75401.32,75436.11,50.89966464
1,75431.71,76041.79,75429.17,75821.52,25.69829473
1,75821.52,76012.56,75701.24,75764.18,26.96153167
1,75764.18,75960.0,75738.06,75815.6,72.31678622
1,75805.64,75913.53,75622.61,75901.54,48.85535667
1,75905.34,75968.21,75753.94,75968.2,37.654525660000004
1,75968.2,76022.93,75677.07,75703.42,54.54386305
1,75688.1,75688.1,75287.62,75649.84,79.53958133
1,75658.9,75922.73,75658.29,75922.65,40.62420256
1,75922.65,75975.24,75839.74,75898.07,35.32856956
1,75901.24,76223.87,75812.91,76172.15,42.04008835
1,76172.14,76229.55,75740.66,75895.84,60.609547160000005
1,75893.78,75895.77,75522.87,75586.92,100.67034688
1,75586.92,75758.84,75360.01,75629.89,105.87912429000001
1,75632.67,75886.22,75496.94,75730.44,79.63408013
1,75730.45,75824.98,75595.76,75706.12,23.608804369999998
1,75706.12,75845.9,75298.0,75675.02,95.81490904
1,75688.84,76471.23,74962.49,75548.83,438.62637197
1,75560.84,76112.44,75197.32,76013.43,106.05491338
1,76004.64,76345.8,75947.81,76100.35,36.32536896
1,76100.35,76146.58,75865.01,75913.33,44.81247781
1,75913.34,75927.61,75590.0,75613.06,18.43675783
1,75613.06,76213.7,75585.83,76138.6,20.765256439999998
1,76138.6,76432.91,76120.87,76273.59,62.41230752
1,76270.09,76700.98,76150.25,76298.0,66.10705157
1,76298.01,76412.99,76006.42,76296.01,76.83136958
1,76300.33,76458.86,76300.33,76363.93,21.30215551
1,76363.93,76498.77,76113.85,76470.98,39.094356489999996
1,76466.28,76544.68,76235.11,76252.61,36.69284447
1,76248.26,76519.58,76234.24,76395.1,15.74926068
1,76395.1,76599.8,76353.78,76381.86,27.90879455
1,76385.68,76517.12,76311.02,76504.04,22.17669434
1,76504.04,76691.77,76407.03,76407.04,48.076782879999996
1,76407.03,76407.03,76200.0,76329.88,34.47372181
1,76329.88,76407.03,76105.08,76401.55,44.01236124
1,76400.03,77083.2,76337.03,76664.28,138.43586304
1,76664.28,76813.59,75949.99,76609.0,163.70929797
1,76616.74,76993.68,76324.57,76435.5,219.09422896
1,76434.54,76780.71,76200.01,76704.24,85.21055364
1,76704.25,76734.65,76454.48,76670.0,53.21607506
1,76684.48,76885.27,76514.1,76604.04,44.56434763
1,76604.05,76715.0,76406.93,76509.82,26.42322932
1,76509.82,76621.22,76433.24,76547.17,35.09253555
1,76528.33,76669.89,76440.0,76499.44,25.01848066
1,76499.65,76554.04,76352.04,76359.46,47.83237281
1,76352.04,76400.96,76205.59,76357.92,66.0127724
1,76357.92,76445.81,76323.73,76354.94,20.6090474
1,76354.93,76520.0,76235.9,76519.1,46.03133651
1,76520.0,76691.77,76457.43,76663.18,55.330537379999996
1,76663.18,76968.34,76578.43,76919.39,46.99042832
1,76914.77,77518.24,76908.53,77311.58,108.57920323
1,77314.85,77510.5,77150.0,77507.44,27.065965939999998
1,77515.18,77639.99,77372.96,77419.08,69.639732
1,77419.08,77601.45,77353.47,77539.8,37.79711597
1,77539.47,77775.0,77501.66,77726.54,75.90905694
1,77732.61,78188.0,77608.25,78188.0,118.01548615
1,78187.76,78396.2,77953.58,78139.9,105.45372255
1,78139.89,78291.03,78046.45,78212.33,46.96373205
1,78206.9,78369.62,77962.93,78001.02,70.99442583
1,78002.38,78113.89,77916.17,77973.62,26.68843097
1,77973.61,80425.1,77906.19,80000.0,312.7982076
1,80015.43,80934.67,80015.43,80908.69,386.19556832
1,80915.32,81113.48,80481.84,80683.12,196.28471694
1,80702.77,81237.96,80641.56,80824.21,71.42364973
1,80824.22,80982.38,80555.58,80982.38,40.71557077
1,80975.58,81123.0,80774.02,80909.43,32.66959799
1,80913.97,81376.86,80886.86,81186.71,63.82046812
1,81193.86,81221.58,80935.02,81096.49,82.04516471
1,81101.47,81285.26,81079.05,81219.72,52.68029276
1,81219.71,81360.67,81072.34,81127.9,26.06777365
1,81127.9,81189.21,80846.68,80878.77,29.63407222
1,80878.78,81649.08,80823.13,81649.08,110.06652709000001
1,81647.66,81710.04,81043.92,81247.38,124.77803471
1,81261.89,81414.29,81233.18,81262.02,17.47292222
1,81272.01,81376.86,81092.55,81109.46,37.19594243
1,81109.45,81205.0,80898.17,80987.84,39.75758304
1,80987.84,81117.74,80976.77,81012.47,41.84198805
1,81012.47,81072.33,80898.17,81010.34,31.94863465
1,81016.44,81209.4,80997.42,81072.97,30.2373571
1,81088.38,81369.07,81043.17,81297.43,29.6270196
1,81297.43,81497.59,81231.01,81306.41,22.21076984
1,81306.4,81306.4,81180.17,81187.48,64.8343972
1,81192.1,81353.33,81187.52,81288.65,14.94285416
1,81288.66,81336.24,81196.65,81312.85,18.27722934
1,81312.86,81330.45,81151.7,81326.05,22.63031092
1,81326.04,81593.62,81316.07,81559.96,46.307859719999996
1,81559.89,81913.69,81535.69,81622.2,70.57433403
1,81631.0,81888.0,81461.0,81819.98,78.90654025
1,81819.97,81820.43,81433.84,81439.89,47.09148719
1,81439.9,81513.98,81316.66,81418.82,31.89506435
1,81418.83,81442.12,81297.15,81332.6,11.92719641
1,81335.41,81412.33,81053.65,81128.55,35.35608823
1,81133.55,81205.49,80888.49,81071.2,48.10134913
1,81074.98,81235.29,80946.73,81235.29,42.64475956
1,81235.3,81336.18,81192.54,81235.14,28.40261411
1,81235.13,81299.2,81190.35,81263.07,16.33677805
1,81263.07,81268.15,81014.74,81081.05,23.489531239999998
1,81081.05,81131.19,80240.77,80305.09,116.38231325
1,80295.79,80481.84,80106.1,80463.59,109.94988541000001
1,80463.58,80500.0,80300.01,80401.53,19.095564200000002
1,80401.53,80605.83,80395.0,80468.33,24.1893485
1,80466.59,80575.92,80189.12,80276.61,19.94798833
1,80275.39,80396.16,80261.26,80283.99,8.43323299
1,80283.98,80433.49,80154.16,80241.32,24.794267089999998
1,80241.31,80538.45,80231.33,80445.06,33.56033883
1,80445.07,80489.31,80304.25,80304.25,20.69841293
1,80298.56,80462.53,80269.66,80435.04,18.91803886
1,80435.02,80501.15,80308.2,80463.25,19.97138634
1,80463.26,80602.28,80406.05,80535.2,34.96841589
1,80535.2,80741.21,80394.97,80646.47,69.52748266
1,80646.47,80937.01,80639.25,80883.99,27.7673402
1,80888.09,81452.45,80789.61,81295.84,57.96652665
1,81304.28,81424.06,81052.96,81132.87,21.67918559
1,81132.87,81299.11,81014.78,81021.2,31.23694004
1,81021.21,81278.36,81021.21,81157.26,14.082010559999999
1,81162.13,81214.03,81058.0,81077.53,11.29945229
1,81077.53,81077.53,80578.47,80912.22,45.53665825
1,80912.22,81267.89,80749.38,81199.99,62.08033895
1,81199.98,81301.3,81109.94,81151.65,17.41419314
1,81151.64,81815.82,81147.36,81599.52,91.44796602
1,81580.54,82061.62,80851.86,80984.11,164.44576808
1,80978.61,81482.71,80937.57,81284.62,80.08908013
1,81284.62,81541.39,81216.64,81403.68,24.49085786
1,81403.68,81485.55,81212.42,81371.68,17.79640787
1,81375.35,81765.22,81289.56,81533.83,36.51214034
1,81533.83,81855.09,81394.76,81628.17,64.05208057
1,81628.16,81706.67,81447.69,81695.22,19.80677819
1,81702.62,84257.28,81702.6,83750.44,452.70334194000003
1,83728.39,85248.38,83672.87,84635.09,350.11652682
1,84635.09,84793.39,84115.34,84423.79,78.73075669
1,84417.65,84897.22,84372.85,84862.99,71.71109374
1,84873.98,85420.0,84809.33,85302.94,186.9640221
1,85299.0,85797.32,84750.46,85414.96,180.68308746
1,85431.29,86100.0,85019.87,85798.27,218.31421017
1,85813.45,86332.28,85780.01,85938.94,111.37085973
1,85938.95,86110.27,85608.02,85962.83,44.57547789
1,85962.84,86109.88,85694.43,85904.18,68.71200287
1,85905.83,86084.81,85810.52,86058.63,46.97420627
1,86058.64,86876.27,85977.3,86480.3,150.80679028
1,86484.8,87373.64,86484.8,86983.49,230.82658649
1,86978.88,86978.88,86541.77,86561.84,156.16821955
1,86561.84,86727.96,86277.0,86426.69,144.1583272
1,86426.69,86681.7,86337.34,86586.52,46.06441025
1,86586.52,86601.53,85846.9,85878.17,109.76493044
1,85876.12,85962.01,85335.61,85599.99,108.94639437000001
1,85599.98,85848.8,85376.28,85700.22,78.73868335
1,85700.19,85734.98,85300.01,85673.05,89.58334027
1,85665.88,85704.71,85419.47,85419.48,46.05265181
1,85435.0,85570.05,85094.48,85372.08,93.12370342
1,85372.09,85542.32,85232.95,85355.73,57.3186993
1,85355.73,85480.22,85151.17,85315.21,48.760152059999996
1,85337.85,86344.69,85316.19,86199.73,152.78419945
1,86196.91,86241.15,85673.86,86222.33,112.47453853
1,86229.25,86233.59,85756.15,85883.44,48.26854987
1,85864.88,86114.7,85759.15,85967.81,34.166489229999996
1,85967.81,86152.96,85762.52,85992.94,47.84400612
1,86005.58,86342.45,85563.96,86313.33,196.38037606
1,86318.99,86437.99,85478.76,86248.84,376.31735206999997
1,86249.32,86700.0,86118.09,86412.08,93.7625221
1,86412.08,86595.42,86065.45,86447.39,109.63094570999999
1,86429.74,86645.68,86267.55,86575.99,102.50385018
1,86581.11,86645.68,86256.9,86474.33,82.46328788
1,86470.01,86599.07,85599.0,86204.28,101.35233664
1,86209.76,86392.33,86150.09,86254.3,40.55473591
1,86274.85,86348.32,86190.01,86193.4,18.37258981
1,86193.41,86290.43,86000.0,86127.07,22.98357717
1,86129.91,86500.0,86099.23,86201.35,30.41368893
1,86201.35,86573.76,86137.18,86452.29,57.15969569
1,86453.96,86822.6,86171.89,86364.82,82.05128828
1,86363.94,86604.1,86251.27,86537.12,34.78703231
1,86535.59,86937.27,86418.44,86699.59,52.97338894
1,86695.07,87271.74,86625.01,87159.93,39.26855278
1,87159.93,87159.93,86413.9,86491.55,63.01133737
1,86485.4,86594.75,86365.43,86457.05,25.90818232
1,86454.23,86457.29,85993.15,86112.03,52.49685354
1,86132.15,86265.9,85704.71,85896.99,51.30729931
1,85896.99,86017.2,85722.01,85844.5,33.30958733
1,85847.17,85909.8,85649.0,85907.61,32.33492132
1,85907.6,85952.43,85437.74,85634.14,52.99679954
1,85634.13,85653.31,85257.02,85476.47,84.51032035
1,85472.83,85848.81,85273.88,85779.38,94.77383828
1,85779.37,85910.63,83863.38,84513.23,323.43752961
1,84513.22,84779.63,83964.07,84012.03,104.40653462
1,84002.97,84347.79,83508.0,84026.5,104.88344183
1,84027.96,84380.0,83716.51,84311.5,41.24555771
1,84311.5,84406.7,84128.44,84304.93,42.65209908
1,84304.93,84559.52,84207.25,84508.13,18.79433209
1,84517.88,84558.89,84214.46,84228.19,25.38327172
1,84228.19,84502.73,84203.47,84404.96,29.87642465
1,84404.96,84649.63,84331.66,84555.55,25.942783759999998
1,84555.55,84557.58,84342.7,84384.54,29.18826258
1,84393.87,84483.57,84198.37,84312.72,42.89449932
1,84312.72,84438.94,84059.98,84096.44,64.62432907
1,84096.44,84357.92,83742.71,84351.37,83.09905011
1,84351.37,84459.08,83845.01,83924.56,54.90577564
1,83924.56,84024.55,83765.31,84023.24,40.79953544
1,84023.25,84378.16,83960.01,83972.96,65.68477346
1,83972.96,84202.05,83903.66,84101.47,32.73867951
1,84092.33,84589.27,83943.93,84521.6,54.31191073
1,84517.47,84601.2,83250.0,83619.15,117.74608114
1,83635.87,83692.49,82873.04,83236.23,161.90480525
1,83242.89,83538.92,83130.97,83489.38,67.20542775
1,83489.46,83585.32,83377.05,83463.63,32.4865243
1,83463.63,83642.28,83289.61,83585.0,43.74255496
1,83591.45,84307.23,83581.53,84237.91,128.98138329
1,84237.9,84900.0,83371.75,83653.19,202.17984883
1,83630.91,84454.66,83486.82,84397.91,111.29398946
1,84397.92,84896.11,84018.08,84473.52,109.75602977
1,84460.75,84542.25,84000.01,84103.18,73.16641992
1,84099.92,84519.67,83873.45,84445.84,73.54602761
1,84450.86,84628.32,84263.22,84400.81,64.54052002
1,84378.0,84462.52,84157.81,84346.24,44.00586543
1,84346.25,84474.58,84281.06,84324.41,13.61183513
1,84322.48,84347.01,83947.71,84256.18,24.16696052
1,84256.18,84447.89,84242.02,84383.03,10.38861983
1,84383.03,84682.46,84383.03,84566.16,46.0555382
1,84565.57,84763.79,84327.01,84591.04,23.35492631
1,84591.04,84859.35,84164.0,84199.61,76.69573654
1,84212.82,84357.32,84054.36,84212.34,37.66620321
1,84212.34,84274.79,84044.71,84189.1,19.38578895
1,84178.95,84330.91,84078.98,84182.33,15.35712561
1,84175.39,84263.32,83924.67,84034.41,31.37811378
1,84034.4,84074.97,83750.0,84018.75,72.99674967
1,84018.75,84479.48,84011.34,84406.71,44.13175354
1,84407.87,84831.43,84407.87,84567.92,66.29470806
1,84560.62,84845.2,84388.3,84700.04,65.64766321
1,84700.04,85238.37,84580.91,84580.91,103.80904615
1,84580.91,84688.61,83887.28,84441.4,134.39521003
1,84441.4,84542.12,83538.62,83902.24,205.38186874
1,83902.24,84014.46,83161.0,84004.71,300.14091737
1,84004.71,84084.23,83361.74,83779.6,106.30389105
1,83780.0,84094.99,83703.3,83732.18,75.94255074
1,83731.69,83963.63,83608.64,83760.43,21.73768445
1,83760.44,84056.25,83760.44,83948.74,14.38278684
1,83950.83,84059.9,83916.27,83995.9,26.22008581
1,83996.87,84180.48,83837.58,83881.42,25.33559852
1,83881.42,83910.36,83615.15,83781.74,27.80564902
1,83781.75,84115.34,83758.77,84064.75,19.605761870000002
1,84064.75,84098.59,84008.8,84089.54,20.65027931
1,84089.55,84125.42,83788.72,83903.52,41.41506336
1,83903.52,84054.8,83900.56,84049.56,21.371186
1,84049.56,84115.34,83977.19,84005.01,17.83577184
1,84005.01,84030.11,83915.0,83924.73,20.03606353
1,83924.73,84034.63,83850.01,83971.54,29.96821069
1,83972.17,83994.29,83891.81,83913.51,13.07761074
1,83914.01,83959.74,83873.46,83880.41,12.209535299999999
1,83881.79,84114.53,83881.79,84103.45,18.92153981
1,84103.45,84307.33,84021.28,84196.13,27.99124689
1,84196.12,84201.67,83956.15,83995.43,27.20712797
1,84000.01,84165.71,84000.01,84164.15,23.407839720000002
1,84164.15,84186.02,84120.88,84164.97,9.03510043
1,84164.97,84178.53,84034.63,84050.4,18.541593300000002
1,84040.26,84117.6,83853.32,83937.15,28.543864720000002
1,83929.08,84032.06,83911.45,84004.8,25.79451944
1,84004.79,84191.58,83991.58,84135.69,22.40918203
1,84135.68,84157.9,84085.34,84105.57,11.101726320000001
1,84105.57,84130.27,84034.63,84130.27,14.00648999
1,84130.27,84145.62,83974.17,83989.2,19.2290809
1,83989.2,84040.46,83964.08,84005.93,8.13574883
1,84005.93,84074.97,83825.01,84014.43,48.65100141
1,84014.44,84230.49,84014.43,84145.15,29.64516022
1,84145.15,84388.3,84145.15,84261.64,40.68962008
1,84261.65,84451.48,84261.65,84433.05,34.26060214
1,84433.05,84435.99,84256.76,84292.93,26.2704158
1,84292.92,84550.47,84280.13,84471.44,20.799493039999998
1,84471.44,84516.67,84422.98,84427.35,21.233348250000002
1,84427.36,84499.91,84355.27,84378.05,14.14602229
1,84373.21,84469.34,84287.1,84309.14,27.11283004
1,84309.13,84611.36,84299.29,84459.21,39.34976954
1,84459.22,84611.36,84459.22,84504.44,13.84091942
1,84504.43,84773.96,84471.52,84773.96,12.32818855
1,84773.96,84865.56,84685.97,84783.94,39.37779031
1,84783.94,84933.02,84582.06,84925.1,16.36901384
1,84918.88,85089.89,84791.7,84865.17,26.56202532
1,84858.1,84934.09,84819.11,84878.71,8.50015357
1,84878.71,85016.81,84794.32,84794.68,21.85591219
1,84794.67,85130.74,84625.01,85014.68,87.21369878
1,85014.68,85028.65,84444.0,84525.01,69.55974119
1,84525.01,84621.51,84357.92,84446.54,45.76002194
1,84456.87,84650.0,84350.0,84416.6,34.70870742
1,84416.59,84566.8,84276.98,84561.67,23.53689465
1,84560.57,84794.31,84550.0,84793.33,19.44038311
1,84793.32,84814.66,84645.41,84712.13,14.98180043
1,84712.12,84804.2,84540.32,84540.34,35.67903271
1,84540.33,84700.0,84457.81,84666.97,28.477240759999997
1,84672.77,84723.12,84125.44,84170.01,69.22436409
1,84174.58,84503.0,84120.0,84457.2,37.54524362
1,84455.38,84973.02,84135.53,84135.53,153.31574167
1,84135.0,84218.46,83621.07,83690.01,71.49047702
1,83690.0,83769.54,83390.76,83398.16,51.27206599
1,83415.39,83521.85,83191.87,83324.97,42.30382834
1,83324.96,83500.0,83227.46,83479.39,17.22066054
1,83473.31,83511.8,82697.79,83160.06,114.89045531
1,83160.06,83271.75,83032.3,83127.87,28.96832033
1,83127.87,83240.65,82873.04,82916.51,95.76033161
1,82914.58,83102.07,82738.96,82923.55,63.81802706
1,82923.55,82967.2,82557.0,82628.88,57.456043740000005
1,82637.96,83003.26,82637.96,82904.57,74.39430498
1,82904.57,83078.37,82904.57,83051.58,38.08513018
1,83051.57,83592.12,82990.0,83544.32,80.77124196
1,83554.86,83792.97,83280.01,83626.39,91.17079262
1,83626.4,83626.4,82555.44,82982.5,222.91792150999999
1,82992.46,83369.24,82778.04,83346.19,118.61215094
1,83336.31,84169.18,83226.28,83692.44,149.66619431
1,83690.66,84338.0,83542.0,83854.97,100.24874625
1,83854.97,84020.19,83773.09,84016.0,28.39016998
1,84016.01,84016.01,83092.1,83352.11,102.30214332
1,83349.95,83582.69,83233.02,83498.89,49.68820293
1,83498.89,83613.99,83172.83,83172.83,16.56912253
1,83172.84,83502.08,83062.21,83495.91,21.90135798
1,83495.91,83587.21,83404.34,83461.65,21.45899144
1,83466.13,83577.91,83151.97,83155.82,77.5313177
1,83151.95,83199.87,82743.87,83026.53,84.66966422
1,83026.53,83128.97,82864.54,82934.45,28.75849029
1,82929.16,83183.51,82827.74,83037.54,26.10997312
1,83037.54,83250.85,83000.0,83167.05,33.216856560000004
1,83168.07,83391.75,82946.54,83391.75,60.62975022
1,83391.75,83974.15,83377.73,83971.78,61.38252018
1,83971.77,84145.62,83837.62,83942.33,35.30336298
1,83945.12,84314.72,83772.87,83848.31,85.70797532
1,83848.3,84283.21,83742.71,84222.89,64.057151
1,84222.89,84297.2,83948.03,84000.49,38.66843873
1,84002.5,84456.31,83905.39,84320.9,55.55617509
1,84323.85,84459.19,84125.43,84306.3,52.94420589
1,84302.61,84540.31,83994.3,84180.01,107.54062703
1,84182.83,84258.91,83671.0,83715.35,92.80120619
1,83715.35,83718.58,82892.93,83045.38,118.37098626
1,83054.12,83275.26,82869.96,83036.28,63.47261968
1,83037.46,83188.62,82951.72,83046.84,28.82773434
1,83046.85,83667.76,83046.85,83614.1,94.27740324
1,83611.66,83669.37,83378.4,83565.8,29.56873028
1,83565.8,83622.67,83469.72,83586.5,38.49483968
1,83586.49,83586.51,83339.06,83457.91,15.6433304
1,83457.92,83678.44,83457.92,83576.61,20.12836663
1,83576.61,83816.76,83575.75,83629.41,36.5656012
1,83636.77,83699.38,83320.0,83417.31,62.30874981
1,83412.54,83508.39,83302.8,83404.19,35.31598091
1,83408.24,83572.05,83261.78,83334.73,37.456867450000004
1,83334.73,83386.61,83141.97,83271.24,18.669305
1,83269.49,83387.38,83160.77,83170.67,16.31768469
1,83170.68,83471.84,83156.48,83347.32,35.41779398
1,83336.14,83393.25,82943.96,83016.05,73.31281741000001
1,83016.05,83418.41,82922.8,83268.74,62.98588882
1,83268.71,83293.77,82992.47,83030.57,48.187565
1,83030.56,83769.71,83019.08,83597.02,97.22983977
1,83597.02,83923.78,83597.02,83888.08,40.426330910000004
1,83888.07,83943.92,83669.7,83886.72,29.13992976
1,83886.71,85468.51,83726.88,85254.26,219.42454845
1,85254.26,85600.0,84000.28,84596.16,307.21717589
1,84606.17,84607.59,83337.25,83755.73,233.33617668
1,83755.72,84233.68,83626.46,84077.1,78.70105629
1,84078.42,84436.0,84077.2,84292.94,52.03986429
1,84282.1,84391.56,83887.79,84004.89,89.40948147
1,83988.38,84038.95,83775.29,83920.0,39.88101674
1,83919.99,83935.18,83449.73,83558.08,85.30921358
1,83562.45,83717.46,83466.97,83612.74,83.72934881
1,83612.74,83760.4,83612.74,83703.86,17.64968236
1,83703.87,83798.11,83535.04,83629.36,18.71149485
1,83629.35,83772.16,83471.85,83562.58,37.18279728
1,83555.46,83600.52,83381.75,83449.24,21.6256508
1,83453.39,83630.87,83432.08,83467.61,41.01646925
1,83467.61,83602.15,83361.74,83445.12,55.43831284
1,83429.79,83712.57,83380.0,83696.68,44.443364689999996
1,83696.68,84139.22,83655.79,84041.15,57.85627001
1,84057.17,84307.33,83970.63,84237.99,25.05195788
1,84237.99,84357.92,84074.99,84081.59,39.00866866
1,84076.3,84171.99,83301.74,83380.0,121.98268561
1,83385.01,83524.68,83130.14,83509.15,82.41122102
1,83509.14,83853.32,83505.43,83734.04,35.84672392
1,83734.04,84052.18,83374.21,83917.58,31.960084900000002
1,83919.93,84005.97,83741.74,83881.65,21.10912621
1,83887.29,84032.21,83637.99,83701.59,30.10121259
1,83710.86,83984.23,83431.79,83925.75,111.43069883999999
1,83918.4,84287.1,83528.71,84018.47,138.82053363
1,84026.69,84285.26,83789.19,84117.04,107.01773078
1,84117.05,84583.98,84030.48,84154.26,77.75476427
1,84154.27,85049.04,84154.27,84872.63,119.20709539
1,84864.71,85232.94,84627.94,84761.96,69.35963944
1,84761.95,84861.17,84550.0,84613.01,54.64742135
1,84635.81,84825.96,84540.32,84600.93,27.12832153
1,84600.93,84651.43,84469.35,84516.5,51.701373
1,84513.23,84763.72,84513.23,84720.94,15.15722432
1,84720.95,84878.13,84616.87,84852.65,29.982749220000006
1,84851.22,84916.49,84677.3,84754.48,18.67497469
1,84758.16,84954.42,84500.01,84880.51,53.83544999
1,84885.86,85150.0,84834.02,85149.99,40.8356199
1,85150.0,85530.06,85146.45,85486.7,55.43886291
1,85496.71,86856.59,85423.18,86627.19,189.63869572000002
1,86641.0,86649.12,85875.21,85975.19,85.00361864999999
1,85975.19,86079.11,85859.11,85963.09,35.55864119
1,85962.22,86137.73,85746.12,86075.21,118.32611565
1,86075.21,86604.1,86056.83,86236.69,86.29893986
1,86236.68,86432.17,86103.16,86356.59,42.11349062
1,86356.59,86469.11,86162.12,86275.57,44.869346910000004
1,86275.58,86541.77,86258.99,86416.17,32.90560268
1,86416.16,87219.4,86301.41,86807.12,192.81088025
1,86807.12,87144.01,86455.31,86574.23,194.87889615
1,86567.57,86843.3,85386.5,85677.03,171.11217572
1,85681.04,85748.29,85143.24,85323.03,123.23673942
1,85321.13,85487.01,85010.5,85144.54,63.95355787
1,85144.53,85246.82,84492.02,84777.42,97.97584315
1,84769.56,84890.06,83841.27,84244.71,146.69422488
1,84241.28,84311.9,83964.07,84296.6,38.68082991
1,84296.61,84510.32,84201.08,84443.26,97.8232101
1,84431.72,84537.97,84408.56,84513.4,18.42450239
1,84513.41,84540.32,84440.9,84537.24,8.86517205
1,84537.24,84559.45,84467.87,84500.84,9.92328905
1,84500.85,84662.14,84433.06,84641.31,30.08073127
1,84642.29,84698.6,84586.96,84627.51,8.53372071
1,84627.52,84680.37,84591.04,84591.06,18.9278881
1,84591.06,84672.3,84508.76,84672.29,18.18656126
1,84672.3,84712.95,84516.27,84578.07,21.6856928
1,84578.07,84641.83,84543.35,84620.17,18.61281189
1,84622.47,84651.98,84544.17,84562.85,16.27896416
1,84571.02,84631.67,84550.47,84550.47,9.37389585
1,84550.48,84636.12,84550.47,84609.26,12.76792075
1,84604.93,84646.2,84573.14,84577.75,4.99596997
1,84577.75,84628.7,84570.73,84622.68,7.37394996
1,84622.68,84681.59,84612.68,84668.38,10.52259621
1,84668.37,84896.12,84660.18,84872.4,37.58491332
1,84879.47,84941.0,84773.96,84866.79,33.95865827
1,84866.78,84866.79,84747.43,84837.55,15.02527851
1,84837.54,84863.33,84763.88,84853.34,28.13837284
1,84853.34,84873.06,84782.41,84857.61,11.45734126
1,84857.61,84997.0,84833.22,84996.99,21.500275
1,84991.6,85008.25,84913.05,84927.15,10.67975919
1,84927.15,84927.15,84711.9,84834.01,23.12619289
1,84834.01,84885.93,84723.12,84744.29,25.54653563
1,84744.3,84764.87,84540.32,84707.27,38.672945659999996
1,84707.27,84793.95,84696.32,84768.73,11.43566261
1,84768.73,84793.86,84709.33,84746.87,19.84267979
1,84746.88,84855.37,84746.88,84783.18,16.260224700000002
1,84783.18,84801.72,84712.95,84793.12,5.53517922
1,84793.12,84855.38,84779.12,84791.03,5.23434851
1,84791.02,84866.44,84785.47,84834.09,5.15978582
1,84834.09,84838.16,84809.34,84809.35,5.75973606
1,84809.34,84910.78,84809.34,84903.21,9.45813859
1,84903.21,85049.06,84880.44,85012.62,28.2686199
1,85012.63,85086.22,84926.68,85086.22,22.35794107
1,85086.22,85171.61,85038.85,85102.97,23.80158976
1,85102.96,85304.57,85052.19,85218.78,22.33235723
1,85230.47,85406.99,85211.14,85263.94,19.86615389
1,85263.94,85315.82,85222.73,85293.22,20.27567361
1,85293.22,85363.34,85090.6,85109.61,20.20719052
1,85109.61,85294.34,85109.61,85232.55,17.54616155
1,85232.55,85262.28,85094.82,85262.26,26.31806946
1,85262.27,85458.25,85227.48,85253.41,31.662322800000002
1,85253.41,85417.24,85181.84,85368.2,25.38951154
1,85368.2,85451.24,85307.54,85309.51,34.14328156
1,85309.51,85354.41,85299.0,85333.48,16.0724814
1,85333.48,85560.86,85333.47,85428.07,31.58446152
1,85428.08,85848.81,85387.04,85817.05,41.75614907
1,85823.43,86044.75,85773.11,85833.82,62.59755108
1,85840.54,86666.0,85840.54,86410.44,174.6482253
1,86410.45,86770.5,86378.51,86510.16,82.41879942
1,86490.27,86687.28,86179.08,86630.8,79.29520713
1,86640.01,86968.58,86455.73,86605.54,68.04029786
1,86605.53,86720.2,86403.47,86493.33,50.03083845
1,86499.21,86510.2,86003.46,86054.92,65.00838177
1,86063.93,86114.13,85478.77,85503.49,90.26672819
1,85494.44,85745.86,85396.75,85735.05,38.61976556
1,85735.56,86334.8,85735.56,86228.81,69.58326294
1,86224.2,86448.35,86109.48,86226.8,94.33018006
1,86226.8,86467.78,86043.48,86206.26,65.53529203
1,86197.37,86201.12,85756.15,85957.37,60.33163348
1,85957.37,86179.08,85936.89,86097.72,49.01802394
1,86097.72,86246.97,85905.7,86206.62,69.4021233
1,86199.06,86199.06,85824.15,85875.7,57.641439670000004
1,85875.69,86458.74,85798.7,86403.27,114.19133479
1,86400.22,86697.37,85440.71,85624.68,178.73448159
1,85623.18,85661.71,85192.05,85258.56,92.62023567
1,85266.29,85316.95,84973.36,85297.79,80.5395132
1,85297.79,85427.49,85200.01,85427.48,26.8564075
1,85427.49,85659.37,85343.77,85656.87,58.20633469
1,85656.88,85776.73,85548.4,85705.19,27.94487122
1,85725.3,85848.81,85645.46,85771.64,18.90456973
1,85771.64,85968.63,85684.73,85933.27,21.64220742
1,85933.28,86013.78,85831.66,85920.11,20.90852306
1,85920.11,86044.75,85725.28,85756.06,30.14971323
1,85756.07,85951.83,85756.07,85895.27,22.590950969999998
1,85906.71,86117.05,85605.15,85636.36,63.69086118
1,85664.97,85735.57,85437.76,85516.76,58.70723537
1,85516.76,85585.35,85309.46,85484.07,22.33531263
1,85497.99,85601.93,85495.67,85601.93,34.035236929999996
1,85601.93,85725.27,85495.17,85500.01,29.75769927
1,85497.57,85497.57,85120.53,85290.47,59.50274487
1,85290.47,85601.93,85249.2,85538.18,45.61722703
1,85529.28,86024.11,85529.28,85996.18,50.99999112
1,85996.19,86189.42,85651.37,85961.81,81.37061107
1,85957.53,86230.8,85926.96,86134.36,21.99570579
1,86147.8,86353.64,86054.54,86233.88,34.78180512
1,86236.55,86386.14,86100.87,86205.11,35.33346865
1,86205.1,86465.55,85973.65,86305.66,119.22482039
1,86305.66,86604.1,85947.4,86587.91,126.24722925
1,86589.41,86676.87,85720.0,85731.7,103.89047686
1,85715.46,85849.4,85573.63,85590.0,36.621256
1,85588.01,85746.82,85480.01,85716.61,30.65613888
1,85716.61,85810.98,85500.0,85504.49,33.0112356
1,85504.49,85680.18,85417.42,85627.16,32.80697136
1,85630.41,85663.91,85572.07,85608.06,12.31166951
1,85608.06,85623.83,85494.26,85601.93,29.81798601
1,85601.92,85643.03,85478.76,85532.02,21.5838313
1,85531.42,85601.93,85335.29,85553.52,39.91424824
1,85544.34,85591.44,85401.54,85528.13,28.756491320000002
1,85525.65,85529.53,84376.06,84376.06,90.67336782
1,84375.97,84509.79,83562.04,83829.34,309.05042393
1,83838.5,84206.22,83838.5,84121.28,61.761836360000004
1,84121.29,84193.01,84010.77,84075.81,35.06621466
1,84075.81,84317.44,84060.01,84312.76,24.647185110000002
1,84307.75,84348.23,84128.9,84205.05,30.10968969
1,84199.99,84285.81,84075.95,84119.73,12.91357895
1,84104.7,84146.34,83925.73,83928.94,41.17500016
1,83928.95,83977.78,83632.25,83777.28,56.21693822
1,83777.28,83900.84,83404.49,83715.6,65.84415448
1,83715.6,83800.87,83511.86,83706.22,66.14267962
1,83706.21,83728.0,83387.55,83457.74,75.14444608
1,83457.75,83514.54,82733.94,83152.91,275.23294803
1,83152.91,83261.09,82902.88,82972.97,93.17600986000001
1,82972.97,83401.76,82785.0,83401.73,88.21772459
1,83401.73,83652.31,83310.69,83342.89,83.47771065
1,83342.9,83572.06,83012.39,83108.55,101.60953877
1,83093.58,83421.78,83093.58,83368.66,49.4824094
1,83368.66,83461.83,83266.38,83393.18,47.26548937
1,83393.18,83558.11,83288.83,83378.36,32.53084759
1,83378.36,83407.03,83082.14,83122.37,37.08604378
1,83122.36,83287.97,83108.42,83198.94,20.53091644
1,83199.1,83369.71,83085.01,83274.86,15.100226150000001
1,83274.87,83391.75,83166.09,83324.58,16.26258363
1,83324.57,83461.83,83042.52,83050.75,59.37679724
1,83050.75,83226.26,82860.33,83116.52,49.44788274
1,83116.52,83145.11,82607.82,82703.34,98.72347124
1,82705.73,82863.1,82179.86,82591.7,121.29517943
1,82584.26,82969.99,82520.01,82627.64,50.46963476
1,82625.64,82890.78,82456.45,82824.83,24.85475261
1,82813.8,83211.83,82658.11,82933.62,38.87942424
1,82933.62,83003.4,82732.15,82809.71,30.5930826
1,82809.71,83102.07,82773.66,83060.96,31.661657390000002
1,83060.97,83103.45,82536.43,82658.86,82.88347578
1,82658.86,82669.75,82260.01,82425.9,137.20512398
1,82413.4,82435.27,81847.9,82250.9,68.01593202
1,82250.9,82566.25,81707.51,82110.58,175.36889164
1,82107.99,82714.09,82059.55,82657.05,68.20243763
1,82644.29,82644.29,80898.17,80979.22,436.64157967
1,80984.09,81376.6,80713.95,80892.45,231.61751111
1,80889.15,80946.5,80307.83,80671.43,238.05260935
1,80675.37,81499.07,80467.73,81440.82,126.15896884
1,81435.23,81769.6,81369.22,81706.83,91.18259347
1,81716.3,81825.63,81629.56,81743.23,50.11242026
1,81739.07,81751.67,81537.38,81625.0,47.26833707
1,81670.17,81874.74,81611.26,81825.0,27.62359933
1,81824.99,81870.0,81627.71,81676.02,19.27562328
1,81676.03,81831.54,81640.45,81735.39,36.5460488
1,81736.55,81923.88,81546.39,81905.97,62.85333133
1,81905.99,82288.41,81847.16,82048.5,66.90215824
1,82053.58,82122.5,81990.01,82075.2,16.05503843
