investor,final_pnl_usd
1,-0.7573
2,-0.8524
3,-0.7654
4,-0.7917
5,-1.1222
6,-1.0615
7,-1.3760
8,-0.5223
9,-0.7353
10,-0.9485
11,-0.9458
12,-0.6711
13,-1.2176
14,-1.0021
15,-0.6515
16,-0.5319
17,-0.6390
18,-0.4373
19,-0.3579
20,-0.3598
21,-1.0154
22,-0.9970
23,-0.9333
24,-1.0957
25,-0.5870
26,-1.0560
27,-1.3640
28,-0.8633
29,-0.9438
30,-0.3870
31,-1.2051
32,-0.8465
33,-1.6138
34,-1.1591
35,-0.9325
36,-0.7860
37,-0.8395
38,-0.4094
39,-0.9361
40,-0.9952
41,-0.7336
42,-0.7862
43,-1.2381
44,-1.0493
45,-0.7366
46,-0.9292
47,-1.3012
48,-0.6330
49,-1.0818
50,-0.6413
51,-1.5260
52,-0.6579
53,-0.9094
54,-0.7480
55,-0.8246
56,-0.7114
57,-0.8282
58,-1.0979
59,-1.1298
60,-1.0969
61,-0.8144
62,-0.8460
63,-1.1557
64,-0.7426
65,-0.7902
66,-1.0010
67,-1.1050
68,-0.8999
69,-0.7298
70,-0.7347
71,-0.9467
72,-0.6935
73,-0.6957
74,-0.6587
75,-0.9432
76,-0.5425
77,-0.7830
78,-0.9286
79,-0.6410
80,-0.5790
81,-0.8735
82,-0.4524
83,-1.6397
84,-0.6794
85,-0.7513
86,-0.9158
87,-1.1063
88,-0.9484
89,-0.7330
90,-0.9065
91,-1.1213
92,-0.9089
93,-0.6596
94,-1.0186
95,-0.8593
96,-0.7738
97,-1.1063
98,-0.6139
99,-1.1347
100,-0.8297
101,-1.0924
102,-1.1812
103,-0.6124
104,-1.0705
105,-0.9581
106,-0.8534
107,-0.8831
108,-0.6626
109,-0.9532
110,-0.9857
111,-0.6165
112,-0.7160
113,-0.8651
114,-1.0341
115,-0.8212
116,-1.0466
117,-1.1717
118,-0.5121
119,-1.2293
120,-0.7310
121,-1.1089
122,-0.3570
123,-1.2671
124,-0.6687
125,-0.8242
126,-0.6315
127,-0.4151
128,-0.8734
129,-0.6219
130,-1.2644
131,-0.7719
132,-0.8842
133,-0.6554
134,-0.6943
135,-0.9300
136,-0.8133
137,-1.0539
138,-1.4318
139,-1.1940
140,-0.5788
141,-0.8047
142,-1.1046
143,-1.0111
144,-1.0418
145,-1.2841
146,-0.9253
147,-0.8673
148,-0.9631
149,-0.6749
150,-0.9221
151,-1.1777
152,-0.8558
153,-0.9876
154,-0.4052
155,-0.8056
156,-0.9411
157,-0.7274
158,-0.9906
159,-1.1798
160,-0.4210
161,-0.8039
162,-0.7601
163,-0.7295
164,-0.7301
165,-0.6223
166,-0.7474
167,-0.8477
168,-0.7190
169,-1.0964
170,-1.0657
171,-0.7371
172,-0.7083
173,-0.9077
174,-1.1327
175,-0.8966
176,-0.7310
177,-0.4716
178,-0.3755
179,-1.0452
180,-0.3071
181,-0.9070
182,-0.9962
183,-0.6075
184,-0.9772
185,-0.6031
186,-1.1386
187,-0.7406
188,-0.8625
189,-1.0320
190,-0.6678
191,-1.1030
192,-0.7882
193,-0.9278
194,-0.6447
195,-0.6162
196,-0.8249
197,-0.6286
198,-1.2460
199,-0.7453
200,-1.2729
201,-0.9616
202,-0.9412
203,-0.6015
204,-0.7294
205,-0.2677
206,-0.8611
207,-1.1139
208,-0.9802
209,-0.6750
210,-0.7715
211,-0.9716
212,-1.0126
213,-0.8189
214,-1.1869
215,-1.0258
216,-0.9231
217,-0.7675
218,-1.2887
219,-1.1239
220,-0.8662
221,-0.5833
222,-0.8269
223,-1.3292
224,-1.2856
225,-0.6786
226,-1.0667
227,-0.8732
228,-0.9993
229,-0.3885
230,-0.5495
231,-0.7916
232,-1.0159
233,-0.5020
234,-1.0343
235,-0.5780
236,-1.0549
237,-0.8271
238,-0.7898
239,-0.9754
240,-0.2145
241,-1.0919
242,-0.5436
243,-0.7272
244,-0.8026
245,-0.7907
246,-1.0559
247,-0.7685
248,-1.1090
249,-1.0247
250,-0.8836
251,-0.5337
252,-0.7350
253,-0.8303
254,-0.8827
255,-0.9509
256,-0.6104
257,-0.6424
258,-0.9089
259,-0.6851
260,-0.7810
261,-0.6673
262,-1.1873
263,-1.0264
264,-0.9165
265,-1.4134
266,-1.2582
267,-0.8165
268,-1.1298
269,-0.7468
270,-0.6742
271,-0.8395
272,-0.6128
273,-0.7417
274,-0.9125
275,-1.1152
276,-0.9219
277,-0.7846
278,-1.1528
279,-0.6678
280,-0.8558
281,-1.1128
282,-0.6581
283,-0.3831
284,-0.9543
285,-0.9651
286,-0.9450
287,-0.7948
288,-1.0126
289,-1.2151
290,-0.7354
291,-0.8301
292,-0.8796
293,-0.8044
294,-1.1094
295,-0.7043
296,-1.4628
297,-0.7867
298,-0.5696
299,-1.2036
300,-0.9788
301,-1.2146
302,-0.9178
303,-0.8801
304,-0.7349
305,-0.9784
306,-0.7821
307,-1.3475
308,-0.4773
309,-0.4906
310,-1.0046
311,-0.8528
312,-0.7897
313,-0.4946
314,-0.8779
315,-0.7760
316,-0.9403
317,-0.8937
318,-0.7298
319,-1.1038
320,-0.6930
321,-1.2383
322,-0.8852
323,-0.8182
324,-1.0744
325,-0.6996
326,-1.2601
327,-1.1311
328,-0.8896
329,-1.2276
330,-0.6559
331,-0.8084
332,-1.0518
333,-1.0486
334,-1.0670
335,-1.0999
336,-0.9849
337,-0.7094
338,-0.6807
339,-1.0546
340,-0.8983
341,-0.8256
342,-0.8000
343,-0.5976
344,-1.0140
345,-0.9723
346,-0.7332
347,-0.5565
348,-0.9038
349,-1.1392
350,-0.6246
351,-1.0331
352,-1.0821
353,-1.2067
354,-0.9117
355,-0.8605
356,-1.0064
357,-0.9862
358,-0.9233
359,-0.9692
360,-0.8568
361,-1.1011
362,-0.5793
363,-0.6194
364,-0.6749
365,-0.6014
366,-0.4406
367,-0.9773
368,-0.6625
369,-0.4606
370,-0.3740
371,-0.5541
372,-1.1543
373,-0.8249
374,-0.5946
375,-1.1786
376,-0.8494
377,-0.9630
378,-0.9051
379,-1.4569
380,-0.8453
381,-0.7728
382,-0.9220
383,-0.8582
384,-0.5047
385,-1.0873
386,-0.7497
387,-0.9570
388,-0.6833
389,-1.0349
390,-0.9664
391,-0.6935
392,-1.0664
393,-0.3258
394,-0.9878
395,-0.5816
396,-0.9666
397,-0.8520
398,-0.9958
399,-0.4817
400,-0.6622
401,-0.7996
402,-1.1529
403,-1.3423
404,-0.6213
405,-0.7963
406,-1.0270
407,-0.9910
408,-0.8269
409,-1.0480
410,-0.7407
411,-0.9168
412,-1.2567
413,-0.8042
414,-0.6317
415,-0.9422
416,-0.9118
417,-0.2763
418,-0.9759
419,-0.5671
420,-1.2845
421,-0.9658
422,-1.0848
423,-0.5834
424,-0.5048
425,-0.7117
426,-0.6840
427,-0.6188
428,-0.9583
429,-0.8745
430,-0.9059
431,-0.6802
432,-1.1916
433,-0.8134
434,-0.6120
435,-0.7525
436,-0.8995
437,-0.7845
438,-0.9541
439,-1.1939
440,-1.0165
441,-0.5061
442,-1.0755
443,-0.9410
444,-0.6240
445,-0.9368
446,-0.8620
447,-0.8637
448,-0.9393
449,-1.0191
450,-0.8077
451,-0.7373
452,-0.7512
453,-0.5059
454,-0.6346
455,-0.7419
456,-0.3600
457,-0.6134
458,-0.7726
459,-0.7239
460,-0.7512
461,-0.6538
462,-0.9616
463,-1.0522
464,-0.7776
465,-0.7489
466,-1.0380
467,-0.9525
468,-1.2621
469,-0.7903
470,-0.7505
471,-0.8275
472,-0.7705
473,-0.7959
474,-0.8894
475,-0.5582
476,-0.8083
477,-0.8757
478,-0.9096
479,-0.8511
480,-0.5861
481,-0.8755
482,-0.8364
483,-0.4044
484,-1.0104
485,-1.0749
486,-1.0123
487,-0.8628
488,-0.9312
489,-1.1108
490,-1.1718
491,-0.5328
492,-0.8043
493,-1.0898
494,-0.8702
495,-0.3672
496,-0.9458
497,-0.6848
498,-0.6121
499,-0.6058
500,-1.1282
501,-1.1727
502,-0.8723
503,-0.9683
504,-0.6445
505,-0.9889
506,-0.7408
507,-0.9794
508,-0.9171
509,-1.0502
510,-0.9692
511,-0.8990
512,-1.2996
513,-1.0132
514,-1.2211
515,-0.8452
516,-1.2951
517,-0.7375
518,-0.7058
519,-0.6224
520,-0.9030
521,-0.5056
522,-0.5435
523,-0.9576
524,-0.9205
525,-0.7031
526,-1.1960
527,-1.1180
528,-1.3046
529,-1.1740
530,-1.2930
531,-0.9392
532,-0.8263
533,-0.7589
534,-0.8392
535,-0.8807
536,-1.1178
537,-0.8563
538,-0.9010
539,-0.8181
540,-0.6665
541,-0.6283
542,-0.9330
543,-0.8013
544,-1.0210
545,-0.6896
546,-1.0744
547,-0.8193
548,-0.8748
549,-0.9223
550,-1.0456
551,-0.8260
552,-1.3643
553,-0.3122
554,-0.7218
555,-1.1964
556,-0.7569
557,-1.1402
558,-0.9035
559,-0.8284
560,-0.8827
561,-0.8766
562,-0.5313
563,-0.9943
564,-0.6726
565,-1.0183
566,-0.9003
567,-0.6952
568,-0.7745
569,-1.2911
570,-0.7008
571,-0.4559
572,-0.9189
573,-0.9940
574,-1.1172
575,-0.9617
576,-1.3253
577,-1.1924
578,-0.6280
579,-0.9220
580,-1.0906
581,-0.8586
582,-0.7403
583,-0.5543
584,-0.6388
585,-0.7603
586,-0.6818
587,-0.8630
588,-0.3551
589,-0.6493
590,-0.9302
591,-0.9652
592,-1.2136
593,-0.7970
594,-0.8926
595,-0.5968
596,-1.1569
597,-1.0381
598,-0.7505
599,-0.6202
600,-0.9512
601,-1.0202
602,-0.7985
603,-0.5539
604,-0.6436
605,-0.6717
606,-0.8847
607,-0.6079
608,-1.1943
609,-0.7868
610,-1.0341
611,-0.8258
612,-0.5906
613,-1.0059
614,-0.7449
615,-0.9839
616,-0.6445
617,-1.1976
618,-0.6490
619,-1.4244
620,-0.9602
621,-0.7411
622,-0.9004
623,-0.9315
624,-0.6938
625,-0.9540
626,-0.7021
627,-1.3422
628,-0.7941
629,-0.8113
630,-0.7914
631,-0.7422
632,-1.0926
633,-0.2321
634,-0.7936
635,-0.8246
636,-0.6714
637,-0.8151
638,-0.8548
639,-1.2326
640,-0.9201
641,-1.0102
642,-1.1029
643,-0.9249
644,-0.7870
645,-0.8579
646,-0.8509
647,-0.7749
648,-0.3700
649,-1.5562
650,-0.6422
651,-0.6069
652,-0.6239
653,-0.7914
654,-0.9969
655,-0.9883
656,-0.6785
657,-0.6946
658,-1.4278
659,-0.9318
660,-0.6129
661,-1.2286
662,-0.8097
663,-0.7083
664,-1.0922
665,-0.6307
666,-0.7117
667,-1.1226
668,-0.6904
669,-0.6489
670,-1.0621
671,-1.0543
672,-1.1925
673,-0.4698
674,-1.3081
675,-0.8910
676,-0.8660
677,-0.9156
678,-1.0623
679,-0.5569
680,-0.7163
681,-0.8087
682,-0.6272
683,-0.6969
684,-0.8973
685,-0.9180
686,-0.9381
687,-0.8071
688,-0.3156
689,-1.0633
690,-1.1695
691,-0.8221
692,-0.7938
693,-0.8830
694,-0.6369
695,-0.6738
696,-0.6620
697,-1.0438
698,-0.9489
699,-0.8011
700,-1.1176
701,-0.3794
702,-0.3731
703,-0.8267
704,-0.8316
705,-0.8398
706,-1.2433
707,-0.7310
708,-1.0354
709,-1.1693
710,-0.9771
711,-0.9360
712,-0.6988
713,-0.6263
714,-0.8518
715,-0.5376
716,-0.9570
717,-0.5658
718,-0.8876
719,-0.6359
720,-1.0002
721,-0.7081
722,-0.8744
723,-0.5324
724,-0.6830
725,-1.0630
726,-0.9016
727,-1.0000
728,-0.9978
729,-0.6262
730,-0.6458
731,-0.8802
732,-0.4982
733,-1.0975
734,-0.3842
735,-0.7387
736,-1.0132
737,-0.9574
738,-0.6836
739,-1.3685
740,-1.0211
741,-1.0120
742,-0.6909
743,-0.9136
744,-0.5465
745,-0.2839
746,-0.5762
747,-1.1758
748,-0.8660
749,-0.7475
750,-0.9513
751,-0.6955
752,-0.7872
753,-0.4847
754,-0.9097
755,-1.2905
756,-0.8861
757,-1.0180
758,-0.7847
759,-1.0901
760,-0.7696
761,-0.6516
762,-0.8199
763,-0.8874
764,-0.9949
765,-0.8219
766,-1.0375
767,-0.7259
768,-0.7222
769,-0.8723
770,-1.0227
771,-0.7190
772,-0.6497
773,-0.9480
774,-0.7715
775,-1.0066
776,-1.4899
777,-0.8607
778,-0.9824
779,-0.5689
780,-0.9291
781,-0.7469
782,-0.9331
783,-0.7474
784,-0.8141
785,-0.7644
786,-1.1409
787,-1.1323
788,-0.8615
789,-0.8106
790,-0.6729
791,-1.2160
792,-0.7053
793,-0.9011
794,-0.9014
795,-0.6695
796,-1.1909
797,-1.0148
798,-1.3372
799,-0.9364
800,-1.1734
801,-0.9511
802,-0.8649
803,-0.8179
804,-1.0691
805,-0.6820
806,-1.0170
807,-1.0153
808,-0.5644
809,-1.2514
810,-0.8405
811,-0.7974
812,-0.7585
813,-0.7654
814,-0.9727
815,-0.8339
816,-0.8837
817,-0.5460
818,-1.1039
819,-0.8555
820,-0.6515
821,-1.0795
822,-1.4100
823,-0.5143
824,-0.9561
825,-0.9259
826,-0.8324
827,-0.8403
828,-0.8998
829,-0.4500
830,-1.1286
831,-0.9296
832,-0.8963
833,-0.9758
834,-0.6754
835,-0.6934
836,-0.7358
837,-1.0036
838,-0.9473
839,-0.9529
840,-1.1212
841,-1.2915
842,-0.7802
843,-1.1757
844,-0.8818
845,-0.8790
846,-0.6465
847,-0.9223
848,-0.7999
849,-0.7890
850,-1.1986
851,-0.8000
852,-0.9190
853,-1.0793
854,-1.0441
855,-0.7557
856,-0.9668
857,-0.8251
858,-0.5575
859,-0.8251
860,-0.9677
861,-0.7237
862,-0.8435
863,-0.8582
864,-1.1705
865,-0.7387
866,-1.0041
867,-0.7908
868,-0.9541
869,-0.9213
870,-0.7055
871,-0.9184
872,-1.0006
873,-0.9680
874,-0.9537
875,-0.8338
876,-1.0397
877,-0.9257
878,-1.2387
879,-0.8823
880,-1.0108
881,-0.3728
882,-0.8732
883,-0.8975
884,-0.7379
885,-1.1981
886,-1.0013
887,-0.9122
888,-0.8238
889,-0.4526
890,-0.5947
891,-0.7077
892,-0.7602
893,-0.7483
894,-0.7676
895,-0.7832
896,-1.0067
897,-1.0253
898,-0.8018
899,-0.7919
900,-1.0481
901,-0.7496
902,-0.9979
903,-0.7372
904,-0.6817
905,-1.1283
906,-0.9402
907,-0.5868
908,-0.8340
909,-0.9864
910,-0.6644
911,-0.9773
912,-0.3772
913,-0.6481
914,-0.3443
915,-0.7700
916,-0.5801
917,-1.0198
918,-0.8270
919,-0.9712
920,-0.6716
921,-0.7109
922,-0.7014
923,-1.0928
924,-0.9071
925,-0.9712
926,-1.0025
927,-1.2654
928,-0.7479
929,-0.9108
930,-0.8580
931,-0.8765
932,-0.6380
933,-0.8488
934,-0.9461
935,-0.7720
936,-0.7937
937,-1.0729
938,-0.8464
939,-0.7552
940,-0.3587
941,-0.5763
942,-0.6054
943,-0.9294
944,-0.5816
945,-0.5721
946,-0.9410
947,-0.8757
948,-1.4051
949,-0.8875
950,-0.9036
951,-0.7305
952,-0.8248
953,-0.9668
954,-0.8847
955,-0.7431
956,-0.8857
957,-1.3261
958,-1.1615
959,-1.0052
960,-0.7636
961,-1.2366
962,-1.1604
963,-0.8896
964,-0.5581
965,-1.1781
966,-0.3703
967,-0.6467
968,-1.1396
969,-0.9467
970,-0.8565
971,-1.0693
972,-1.1279
973,-0.9661
974,-0.8153
975,-0.9864
976,-1.0961
977,-1.0580
978,-0.9029
979,-1.0253
980,-0.8166
981,-1.1398
982,-0.4566
983,-1.1560
984,-1.2034
985,-0.8331
986,-0.7499
987,-0.9079
988,-0.7423
989,-0.9517
990,-0.3343
991,-0.8592
992,-1.2002
993,-0.5686
994,-0.4319
995,-1.1283
996,-1.0428
997,-0.8326
998,-0.4951
999,-0.6309
1000,-0.5354
1001,-0.7076
1002,-1.2004
1003,-0.6973
1004,-0.8452
1005,-0.8305
1006,-0.6824
1007,-0.4944
1008,-0.4335
1009,-0.9982
1010,-0.9317
1011,-0.9667
1012,-1.1041
1013,-0.9254
1014,-0.6089
1015,-0.9078
1016,-0.9180
1017,-0.8168
1018,-0.5554
1019,-0.6534
1020,-0.8966
1021,-1.0809
1022,-0.9984
1023,-0.6818
1024,-0.7422
1025,-0.6647
1026,-0.8337
1027,-1.2171
1028,-0.7792
1029,-0.6433
1030,-0.7386
1031,-0.9871
1032,-0.8189
1033,-0.6651
1034,-0.8094
1035,-0.6909
1036,-0.5606
1037,-0.7408
1038,-1.0213
1039,-0.5565
1040,-1.0415
1041,-1.0947
1042,-1.1609
1043,-0.7586
1044,-0.5873
1045,-0.9173
1046,-0.7099
1047,-0.9835
1048,-0.3730
1049,-0.6346
1050,-1.1293
1051,-1.0307
1052,-0.9788
1053,-1.1730
1054,-0.4411
1055,-1.0504
1056,-1.1749
1057,-1.0993
1058,-0.7074
1059,-0.9984
1060,-0.7213
1061,-0.9265
1062,-0.9803
1063,-0.9217
1064,-0.8908
1065,-0.8684
1066,-0.9898
1067,-0.6794
1068,-0.9352
1069,-0.8567
1070,-0.1192
1071,-0.8222
1072,-0.7569
1073,-1.0881
1074,-1.1595
1075,-0.8516
1076,-0.7633
1077,-0.5843
1078,-0.5629
1079,-1.0976
1080,-0.9159
1081,-0.9504
1082,-0.9897
1083,-1.3870
1084,-0.7291
1085,-0.6368
1086,-1.3654
1087,-0.9520
1088,-0.6449
1089,-0.8884
1090,-0.6119
1091,-1.1456
1092,-0.9606
1093,-0.8330
1094,-0.3836
1095,-0.7405
1096,-0.7602
1097,-0.9332
1098,-1.1735
1099,-0.6499
1100,-1.0218
1101,-0.8076
1102,-1.3560
1103,-0.7823
1104,-0.9307
1105,-0.9555
1106,-0.7309
1107,-0.8649
1108,-1.1630
1109,-0.9951
1110,-1.0138
1111,-0.8132
1112,-0.9970
1113,-0.7820
1114,-0.5953
1115,-1.0532
1116,-1.0192
1117,-0.7490
1118,-0.9044
1119,-0.7655
1120,-0.9184
1121,-0.6600
1122,-1.0485
1123,-0.4241
1124,-0.8092
1125,-0.8846
1126,-0.8588
1127,-0.5448
1128,-1.1429
1129,-1.1125
1130,-0.9417
1131,-1.0256
1132,-0.9376
1133,-1.1716
1134,-0.8998
1135,-0.7038
1136,-0.9809
1137,-0.9489
1138,-0.8593
1139,-0.9210
1140,-1.0013
1141,-0.7702
1142,-0.9314
1143,-0.9183
1144,-0.8371
1145,-0.7632
1146,-0.7062
1147,-0.6938
1148,-0.9083
1149,-0.5949
1150,-0.7455
1151,-0.8754
1152,-0.6805
1153,-1.1408
1154,-0.8099
1155,-1.1924
1156,-0.9667
1157,-0.7885
1158,-0.8636
1159,-0.8960
1160,-0.6161
1161,-1.0062
1162,-0.6810
1163,-1.2761
1164,-0.9510
1165,-1.0174
1166,-1.1066
1167,-0.8899
1168,-0.7670
1169,-0.9901
1170,-1.0440
1171,-1.0199
1172,-0.8726
1173,-0.5970
1174,-1.2926
1175,-0.5025
1176,-0.9491
1177,-0.3374
1178,-1.2127
1179,-0.7657
1180,-0.6453
1181,-1.0959
1182,-0.4603
1183,-1.0113
1184,-0.9662
1185,-0.5164
1186,-0.3832
1187,-0.8246
1188,-0.7524
1189,-1.0956
1190,-0.8871
1191,-1.2043
1192,-0.7409
1193,-1.0711
1194,-0.6925
1195,-0.6448
1196,-0.4951
1197,-0.9982
1198,-0.4618
1199,-0.7528
1200,-0.4765
1201,-1.2154
1202,-0.8778
1203,-0.6536
1204,-1.3292
1205,-0.8085
1206,-0.9150
1207,-0.6407
1208,-0.8138
1209,-1.0301
1210,-0.7949
1211,-0.9305
1212,-1.2644
1213,-0.8475
1214,-0.3278
1215,-0.6757
1216,-0.9326
1217,-0.5427
1218,-1.2221
1219,-0.9950
1220,-0.7258
1221,-0.9179
1222,-0.2832
1223,-0.9489
1224,-1.0558
1225,-0.6919
1226,-1.0816
1227,-1.0681
1228,-0.9297
1229,-1.0172
1230,-0.6004
1231,-0.6555
1232,-0.4011
1233,-0.7476
1234,-0.6832
1235,-0.8803
1236,-0.9317
1237,-0.8665
1238,-0.9846
1239,-1.0188
1240,-0.6232
1241,-0.8378
1242,-1.0137
1243,-0.3944
1244,-0.9597
1245,-0.7550
1246,-1.0796
1247,-1.2702
1248,-0.7007
1249,-0.6553
1250,-1.2346
1251,-1.1848
1252,-0.5731
1253,-0.4368
1254,-0.6550
1255,-0.6029
1256,-0.9014
1257,-1.0762
1258,-0.6949
1259,-0.7914
1260,-0.9370
1261,-1.0026
1262,-0.8973
1263,-0.9004
1264,-0.9026
1265,-0.8264
1266,-0.7224
1267,-0.8453
1268,-0.2623
1269,-0.7105
1270,-0.8404
1271,-0.7079
1272,-1.1971
1273,-0.6628
1274,-0.8743
1275,-0.6768
1276,-0.8658
1277,-0.8467
1278,-0.9974
1279,-0.7372
1280,-0.9227
1281,-0.8417
1282,-0.7176
1283,-1.1293
1284,-0.9950
1285,-0.8591
1286,-0.8505
1287,-0.4773
1288,-0.4264
1289,-1.0005
1290,-0.9680
1291,-0.7420
1292,-1.1211
1293,-1.2795
1294,-1.0157
1295,-1.0731
1296,-1.0544
1297,-0.5124
1298,-0.8972
1299,-1.0133
1300,-0.8569
1301,-0.8569
1302,-1.0574
1303,-0.4669
1304,-0.8783
1305,-0.6268
1306,-0.8548
1307,-1.1138
1308,-0.9465
1309,-0.6888
1310,-1.2867
1311,-0.9799
1312,-0.7309
1313,-0.6356
1314,-1.2541
1315,-0.7583
1316,-0.9349
1317,-0.7630
1318,-0.8295
1319,-1.4170
1320,-0.8142
1321,-1.0290
1322,-1.1512
1323,-0.7674
1324,-0.6209
1325,-0.6213
1326,-0.6703
1327,-1.0903
1328,-0.9678
1329,-0.8183
1330,-0.4607
1331,-0.9385
1332,-1.1084
1333,-1.0091
1334,-0.6443
1335,-0.8292
1336,-0.3491
1337,-0.7700
1338,-1.0243
1339,-0.8278
1340,-0.7014
1341,-0.8282
1342,-0.8555
1343,-1.3562
1344,-1.1669
1345,-0.6725
1346,-0.7701
1347,-0.6439
1348,-1.0295
1349,-1.0807
1350,-0.6886
1351,-0.8175
1352,-0.9009
1353,-1.0809
1354,-1.1974
1355,-1.2260
1356,-1.2144
1357,-0.9550
1358,-0.9099
1359,-1.1074
1360,-0.4503
1361,-1.1462
1362,-0.4298
1363,-1.3554
1364,-0.6256
1365,-0.4504
1366,-0.7884
1367,-0.9152
1368,-0.6348
1369,-0.9971
1370,-0.5318
1371,-0.7729
1372,-1.0197
1373,-0.4105
1374,-1.0643
1375,-1.0103
1376,-0.8073
1377,-0.7436
1378,-0.8133
1379,-0.7578
1380,-0.7887
1381,-1.0276
1382,-1.2257
1383,-0.9222
1384,-0.8784
1385,-0.9098
1386,-0.5086
1387,-1.0029
1388,-0.7240
1389,-0.9760
1390,-0.9066
1391,-0.9013
1392,-0.5340
1393,-0.9825
1394,-0.7162
1395,-0.9011
1396,-0.4389
1397,-1.1031
1398,-0.8665
1399,-0.7635
1400,-1.2069
1401,-0.6762
1402,-1.1097
1403,-0.4489
1404,-0.9267
1405,-1.0560
1406,-0.8784
1407,-0.6934
1408,-0.7644
1409,-1.0180
1410,-1.1187
1411,-0.7275
1412,-1.2047
1413,-1.2360
1414,-1.0286
1415,-0.6793
1416,-0.5831
1417,-1.1834
1418,-0.8734
1419,-1.2570
1420,-0.9466
1421,-0.6812
1422,-1.0006
1423,-1.1630
1424,-0.5737
1425,-0.6058
1426,-0.9420
1427,-1.2152
1428,-0.8677
1429,-0.7916
1430,-1.1427
1431,-0.5500
1432,-0.8493
1433,-0.6052
1434,-0.7673
1435,-0.7136
1436,-0.9775
1437,-1.2573
1438,-0.8549
1439,-1.1239
1440,-1.0479
1441,-0.3367
1442,-1.3566
1443,-1.0746
1444,-0.6746
1445,-0.6166
1446,-0.9517
1447,-0.5202
1448,-1.0042
1449,-0.5493
1450,-0.5609
1451,-0.8721
1452,-0.8613
1453,-0.9807
1454,-0.6923
1455,-0.7416
1456,-0.8793
1457,-1.2369
1458,-0.5793
1459,-1.1789
1460,-0.9955
1461,-0.7964
1462,-0.8764
1463,-1.1054
1464,-1.1332
1465,-1.3546
1466,-1.0832
1467,-0.8937
1468,-0.6593
1469,-0.9121
1470,-1.0997
1471,-0.8647
1472,-0.7915
1473,-0.7134
1474,-0.5643
1475,-0.8275
1476,-0.8765
1477,-1.0508
1478,-1.0539
1479,-0.9163
1480,-0.9298
1481,-0.5981
1482,-0.7690
1483,-1.0619
1484,-0.8825
1485,-1.0615
1486,-0.7718
1487,-0.8674
1488,-1.3955
1489,-0.8482
1490,-1.2537
1491,-0.8670
1492,-0.7993
1493,-0.6839
1494,-0.6834
1495,-1.0911
1496,-0.9316
1497,-0.8788
1498,-0.9520
1499,-0.8349
1500,-1.1050
1501,-0.7959
1502,-0.4005
1503,-1.0095
1504,-0.9323
1505,-1.1703
1506,-0.6901
1507,-0.6270
1508,-0.7763
1509,-1.0989
1510,-0.5321
1511,-0.3767
1512,-0.8169
1513,-0.9659
1514,-1.0579
1515,-1.0308
1516,-0.4727
1517,-1.0998
1518,-1.3693
1519,-0.8610
1520,-1.2086
1521,-1.1754
1522,-1.0771
1523,-1.1915
1524,-0.7778
1525,-0.7780
1526,-0.8599
1527,-0.9050
1528,-1.0550
1529,-0.7600
1530,-1.3674
1531,-0.6570
1532,-1.1194
1533,-0.9552
1534,-0.6300
1535,-0.7391
1536,-1.0022
1537,-0.9316
1538,-1.1130
1539,-0.9576
1540,-0.7277
1541,-0.9959
1542,-1.1254
1543,-0.6071
1544,-0.5567
1545,-0.7716
1546,-0.9885
1547,-0.9231
1548,-1.1692
1549,-0.2603
1550,-1.1328
1551,-0.7824
1552,-0.9357
1553,-0.8281
1554,-0.8778
1555,-1.1337
1556,-0.8625
1557,-0.7533
1558,-0.3251
1559,-0.9420
1560,-1.0654
1561,-1.1436
1562,-1.1285
1563,-0.8625
1564,-0.9648
1565,-0.6813
1566,-0.7028
1567,-0.4640
1568,-0.6746
1569,-0.7138
1570,-1.0361
1571,-0.7773
1572,-1.0620
1573,-0.7845
1574,-0.7331
1575,-1.1446
1576,-0.9909
1577,-1.3616
1578,-0.9565
1579,-0.8156
1580,-0.3344
1581,-1.2246
1582,-0.6218
1583,-0.7029
1584,-0.9588
1585,-0.6288
1586,-1.1431
1587,-1.2626
1588,-0.8800
1589,-0.3839
1590,-0.6888
1591,-0.9769
1592,-0.6117
1593,-1.1742
1594,-1.0545
1595,-0.7528
1596,-0.9623
1597,-0.9640
1598,-0.7609
1599,-0.7069
1600,-0.9144
1601,-0.8917
1602,-0.6198
1603,-0.8777
1604,-1.2685
1605,-0.9888
1606,-0.8879
1607,-0.9446
1608,-0.7157
1609,-0.8779
1610,-0.9784
1611,-1.2086
1612,-0.8476
1613,-0.6719
1614,-0.7026
1615,-0.5686
1616,-0.8763
1617,-0.7402
1618,-0.7164
1619,-1.0636
1620,-0.8546
1621,-0.8831
1622,-1.1717
1623,-0.8877
1624,-0.7884
1625,-0.7304
1626,-0.5541
1627,-1.0245
1628,-1.4322
1629,-0.5108
1630,-0.9762
1631,-0.8990
1632,-1.1046
1633,-1.0845
1634,-0.8014
1635,-0.7692
1636,-0.6110
1637,-0.9228
1638,-0.7342
1639,-1.2336
1640,-0.7596
1641,-1.1161
1642,-1.2393
1643,-0.9402
1644,-0.7044
1645,-1.3791
1646,-1.0421
1647,-0.7145
1648,-0.7614
1649,-0.6911
1650,-0.7887
1651,-0.9045
1652,-0.7575
1653,-1.2036
1654,-1.2580
1655,-0.6281
1656,-0.9936
1657,-0.9029
1658,-0.6530
1659,-0.9377
1660,-0.4931
1661,-0.6479
1662,-0.6453
1663,-1.1495
1664,-0.5201
1665,-0.2801
1666,-0.4339
1667,-1.4984
1668,-0.8527
1669,-0.8337
1670,-1.2822
1671,-0.9137
1672,-0.7361
1673,-0.7060
1674,-0.4795
1675,-0.9812
1676,-0.7990
1677,-0.8749
1678,-0.7941
1679,-1.1340
1680,-1.0336
1681,-0.9495
1682,-0.7279
1683,-0.3102
1684,-0.5528
1685,-1.1299
1686,-0.6294
1687,-0.6224
1688,-0.8522
1689,-0.6970
1690,-0.7033
1691,-1.1906
1692,-0.8119
1693,-1.0995
1694,-0.6861
1695,-0.7816
1696,-0.8466
1697,-0.5946
1698,-0.9904
1699,-0.9893
1700,-0.8735
1701,-0.3691
1702,-0.8054
1703,-0.6891
1704,-0.6198
1705,-0.7799
1706,-0.6026
1707,-0.9483
1708,-1.1559
1709,-0.8766
1710,-0.8155
1711,-0.6263
1712,-1.0286
1713,-1.1221
1714,-0.7916
1715,-0.3829
1716,-0.7835
1717,-0.8864
1718,-0.4467
1719,-0.9465
1720,-0.9556
1721,-0.7796
1722,-1.0391
1723,-0.6953
1724,-0.6948
1725,-0.6414
1726,-0.7470
1727,-0.9268
1728,-0.8904
1729,-0.9725
1730,-1.2107
1731,-0.3888
1732,-0.9231
1733,-0.9093
1734,-0.4564
1735,-0.8231
1736,-0.7954
1737,-1.3911
1738,-0.7564
1739,-1.0813
1740,-1.1315
1741,-1.3763
1742,-1.0736
1743,-0.9501
1744,-1.0185
1745,-0.8535
1746,-1.1000
1747,-0.7112
1748,-0.5932
1749,-0.9193
1750,-0.6142
1751,-0.8766
1752,-1.1028
1753,-0.7695
1754,-0.7642
1755,-0.8871
1756,-1.4650
1757,-0.9196
1758,-1.0087
1759,-0.5513
1760,-0.9427
1761,-0.8882
1762,-1.0691
1763,-1.0964
1764,-0.7911
1765,-0.9720
1766,-0.5887
1767,-0.7566
1768,-1.2405
1769,-0.5732
1770,-1.0403
1771,-0.6591
1772,-1.0825
1773,-0.8970
1774,-0.8795
1775,-1.0790
1776,-1.0485
1777,-1.0704
1778,-1.0986
1779,-1.4872
1780,-0.5312
1781,-0.9470
1782,-1.5237
1783,-0.6089
1784,-0.5548
1785,-0.6981
1786,-0.8726
1787,-1.2940
1788,-0.8722
1789,-0.5559
1790,-0.7581
1791,-0.8587
1792,-0.7154
1793,-1.1701
1794,-0.8119
1795,-1.0919
1796,-0.6921
1797,-0.7516
1798,-0.7726
1799,-1.0101
1800,-0.9012
1801,-0.4354
1802,-0.6839
1803,-1.2223
1804,-0.9491
1805,-0.3172
1806,-0.5315
1807,-0.5838
1808,-1.0388
1809,-0.6761
1810,-0.6174
1811,-0.8929
1812,-0.8131
1813,-0.7611
1814,-0.4913
1815,-1.1700
1816,-0.8747
1817,-1.1725
1818,-0.7003
1819,-1.1788
1820,-0.9712
1821,-0.5960
1822,-1.0760
1823,-0.5760
1824,-0.7292
1825,-0.9078
1826,-0.4498
1827,-1.0001
1828,-0.9522
1829,-0.7016
1830,-1.2266
1831,-1.1774
1832,-0.6688
1833,-0.8122
1834,-1.1465
1835,-0.5331
1836,-0.6280
1837,-0.5035
1838,-0.6999
1839,-1.1586
1840,-0.8584
1841,-0.7837
1842,-0.9576
1843,-1.2914
1844,-1.1985
1845,-0.7944
1846,-0.9312
1847,-0.8925
1848,-0.7426
1849,-0.9830
1850,-0.7506
1851,-1.0039
1852,-1.0103
1853,-0.7183
1854,-1.4360
1855,-0.6739
1856,-1.0842
1857,-0.9638
1858,-0.9681
1859,-0.2840
1860,-0.5448
1861,-0.8204
1862,-0.7991
1863,-0.8506
1864,-0.9696
1865,-0.8794
1866,-0.5805
1867,-1.0485
1868,-1.0758
1869,-1.1300
1870,-1.2714
1871,-0.7980
1872,-1.1135
1873,-1.0237
1874,-0.8605
1875,-1.1779
1876,-0.7720
1877,-0.3926
1878,-0.9097
1879,-1.1956
1880,-0.7382
1881,-0.4853
1882,-0.9632
1883,-1.3415
1884,-0.9992
1885,-1.2825
1886,-0.5950
1887,-0.7481
1888,-0.8628
1889,-0.7825
1890,-0.9811
1891,-0.5236
1892,-0.9292
1893,-1.2473
1894,-1.0988
1895,-0.8292
1896,-0.8520
1897,-0.8597
1898,-0.9941
1899,-0.8090
1900,-0.9510
1901,-1.1398
1902,-0.3498
1903,-0.5831
1904,-0.7032
1905,-1.1118
1906,-0.9332
1907,-1.1131
1908,-0.6700
1909,-0.9147
1910,-0.7128
1911,-1.1496
1912,-0.2225
1913,-0.9904
1914,-0.5788
1915,-0.6696
1916,-0.9283
1917,-1.3305
1918,-1.1538
1919,-1.0157
1920,-0.7161
1921,-0.7285
1922,-0.7742
1923,-0.8984
1924,-1.1202
1925,-0.8419
1926,-1.1651
1927,-0.7075
1928,-0.6990
1929,-1.0206
1930,-0.5856
1931,-0.9415
1932,-1.0367
1933,-0.9666
1934,-0.8118
1935,-1.2147
1936,-0.8116
1937,-0.9506
1938,-0.7692
1939,-0.7837
1940,-1.2600
1941,-0.8162
1942,-1.0784
1943,-0.9211
1944,-0.5505
1945,-0.5666
1946,-1.0750
1947,-0.9870
1948,-0.6671
1949,-1.2243
1950,-1.0511
1951,-0.8378
1952,-1.1770
1953,-1.0373
1954,-0.7234
1955,-0.9886
1956,-0.8259
1957,-1.0003
1958,-0.9840
1959,-0.5044
1960,-0.7110
1961,-0.9878
1962,-0.7196
1963,-1.3203
1964,-0.7266
1965,-1.1253
1966,-0.7079
1967,-1.0154
1968,-0.9238
1969,-0.6213
1970,-0.9884
1971,-0.4956
1972,-0.4651
1973,-1.0178
1974,-0.9648
1975,-0.9953
1976,-0.7073
1977,-1.3203
1978,-0.8489
1979,-1.0820
1980,-0.4778
1981,-0.8311
1982,-1.3620
1983,-0.6984
1984,-0.7906
1985,-0.8001
1986,-0.8177
1987,-0.9866
1988,-0.5310
1989,-0.8276
1990,-0.8497
1991,-0.9943
1992,-0.7424
1993,-0.8551
1994,-1.0024
1995,-0.7341
1996,-0.5831
1997,-0.6892
1998,-0.6116
1999,-0.3534
2000,-1.0813
2001,-0.8024
2002,-0.8992
2003,-1.5215
2004,-0.7745
2005,-0.7414
2006,-1.1179
2007,-0.9943
2008,-1.1631
2009,-0.7896
2010,-0.3055
2011,-0.7358
2012,-1.0216
2013,-1.1138
2014,-0.8736
2015,-0.9621
2016,-0.5866
2017,-0.7659
2018,-1.2914
2019,-0.9430
2020,-0.9159
2021,-0.8123
2022,-0.8726
2023,-0.6758
2024,-0.8873
2025,-0.8595
2026,-0.3106
2027,-1.3249
2028,-1.1648
2029,-0.7412
2030,-0.8399
2031,-0.9118
2032,-0.9724
2033,-0.9340
2034,-0.7803
2035,-1.1106
2036,-0.6358
2037,-1.2350
2038,-0.9406
2039,-0.7148
2040,-0.8914
2041,-0.9964
2042,-0.6638
2043,-0.7628
2044,-1.0428
2045,-0.7125
2046,-0.8736
2047,-0.7182
2048,-0.8756
2049,-1.0904
2050,-1.2542
2051,-0.4472
2052,-0.3107
2053,-0.8667
2054,-0.8636
2055,-0.8783
2056,-0.7427
2057,-1.3990
2058,-0.9191
2059,-0.6101
2060,-1.1023
2061,-0.6963
2062,-0.9715
2063,-0.7463
2064,-0.8292
2065,-0.9512
2066,-1.1208
2067,-1.1365
2068,-0.9399
2069,-0.5890
2070,-0.7061
2071,-0.7858
2072,-0.6538
2073,-0.5535
2074,-0.7738
2075,-0.5709
2076,-1.1317
2077,-1.0723
2078,-0.8322
2079,-0.7306
2080,-0.9502
2081,-0.6303
2082,-0.8399
2083,-0.9783
2084,-0.8944
2085,-0.8821
2086,-0.9975
2087,-0.7721
2088,-1.0438
2089,-0.8572
2090,-0.9206
2091,-0.9788
2092,-1.0953
2093,-1.1098
2094,-0.5664
2095,-1.0315
2096,-1.1281
2097,-0.8634
2098,-0.8677
2099,-1.0451
2100,-0.5000
2101,-0.9768
2102,-0.7407
2103,-0.5618
2104,-0.9209
2105,-1.0865
2106,-0.7735
2107,-1.0481
2108,-0.8246
2109,-1.1121
2110,-0.8222
2111,-0.5732
2112,-0.9622
2113,-1.2247
2114,-1.0991
2115,-0.6366
2116,-1.1803
2117,-0.8310
2118,-1.0084
2119,-0.6890
2120,-1.0396
2121,-0.8604
2122,-0.9523
2123,-0.5081
2124,-0.9782
2125,-0.6914
2126,-1.0634
2127,-1.0259
2128,-0.5285
2129,-1.3508
2130,-0.8490
2131,-1.2140
2132,-0.8693
2133,-1.1762
2134,-1.1397
2135,-0.6996
2136,-0.9733
2137,-0.7665
2138,-1.1356
2139,-0.9591
2140,-0.6814
2141,-0.6333
2142,-0.9023
2143,-0.5496
2144,-0.7902
2145,-0.4503
2146,-0.8161
2147,-0.9719
2148,-0.8445
2149,-0.7335
2150,-0.9245
2151,-0.7816
2152,-0.5369
2153,-0.6844
2154,-0.8900
2155,-1.1055
2156,-1.0841
2157,-0.6206
2158,-0.9687
2159,-0.5978
2160,-0.9411
2161,-1.1784
2162,-0.5508
2163,-0.8368
2164,-0.5039
2165,-1.5107
2166,-1.3335
2167,-0.9103
2168,-1.0921
2169,-1.2231
2170,-0.8969
2171,-0.6800
2172,-0.8503
2173,-0.8782
2174,-0.5074
2175,-0.7057
2176,-0.5386
2177,-0.6579
2178,-1.2761
2179,-0.8290
2180,-0.8256
2181,-0.7474
2182,-1.0166
2183,-0.6991
2184,-1.2491
2185,-1.0596
2186,-0.5639
2187,-0.8129
2188,-0.5949
2189,-0.6165
2190,-0.3939
2191,-0.6987
2192,-1.0958
2193,-0.7149
2194,-0.7690
2195,-0.7483
2196,-0.5805
2197,-1.1209
2198,-1.1972
2199,-1.0502
2200,-0.8081
2201,-1.2266
2202,-0.9754
2203,-0.6669
2204,-0.7508
2205,-1.3497
2206,-1.0164
2207,-0.4704
2208,-1.2434
2209,-0.7667
2210,-0.8437
2211,-0.8734
2212,-0.9947
2213,-1.1555
2214,-0.9534
2215,-1.0403
2216,-0.8695
2217,-1.0481
2218,-0.7392
2219,-0.7996
2220,-0.4712
2221,-1.2456
2222,-0.6045
2223,-0.6125
2224,-0.7304
2225,-1.1391
2226,-0.7783
2227,-0.9462
2228,-1.0462
2229,-0.7950
2230,-0.9766
2231,-0.7086
2232,-0.6660
2233,-0.6967
2234,-1.1996
2235,-0.4164
2236,-0.9569
2237,-1.4255
2238,-0.4290
2239,-0.5243
2240,-1.2388
2241,-0.8391
2242,-0.9978
2243,-0.7009
2244,-0.7557
2245,-1.0044
2246,-0.9447
2247,-0.9977
2248,-0.2837
2249,-0.5337
2250,-1.0520
2251,-0.6305
2252,-1.0477
2253,-0.6568
2254,-0.9113
2255,-0.7863
2256,-1.1527
2257,-0.8755
2258,-0.3212
2259,-0.5840
2260,-0.9270
2261,-0.3141
2262,-1.1754
2263,-0.7092
2264,-0.9825
2265,-1.1392
2266,-1.3477
2267,-1.1256
2268,-0.5407
2269,-0.5547
2270,-0.6181
2271,-1.0154
2272,-0.7706
2273,-0.6965
2274,-0.8781
2275,-0.6573
2276,-0.7324
2277,-0.7262
2278,-0.8004
2279,-0.9023
2280,-1.0794
2281,-0.8854
2282,-0.7197
2283,-0.4896
2284,-0.6715
2285,-0.7724
2286,-1.0316
2287,-1.0278
2288,-0.9778
2289,-0.7927
2290,-0.7103
2291,-0.6688
2292,-1.2705
2293,-0.7230
2294,-1.1123
2295,-1.1749
2296,-0.9219
2297,-0.6201
2298,-1.0859
2299,-0.9479
2300,-0.9255
2301,-1.0629
2302,-0.7034
2303,-0.6712
2304,-0.7074
2305,-1.3028
2306,-0.7757
2307,-0.9962
2308,-0.8304
2309,-0.9706
2310,-0.9975
2311,-1.0127
2312,-0.7207
2313,-0.8270
2314,-1.1619
2315,-0.7914
2316,-0.7948
2317,-1.1565
2318,-0.7958
2319,-1.1537
2320,-0.6835
2321,-0.8590
2322,-1.0537
2323,-0.6027
2324,-0.9131
2325,-1.0060
2326,-1.0081
2327,-1.2925
2328,-0.7232
2329,-0.7653
2330,-0.7261
2331,-0.8515
2332,-0.7788
2333,-0.7612
2334,-0.9281
2335,-0.8729
2336,-0.9691
2337,-0.5759
2338,-1.2268
2339,-0.6197
2340,-1.1452
2341,-1.0372
2342,-0.6584
2343,-0.7976
2344,-0.7196
2345,-0.8111
2346,-1.0022
2347,-0.7656
2348,-0.5704
2349,-0.7180
2350,-1.0144
2351,-0.2372
2352,-1.0590
2353,-0.8420
2354,-0.7112
2355,-1.0387
2356,-0.7755
2357,-1.0686
2358,-0.6143
2359,-0.6319
2360,-0.8567
2361,-0.9495
2362,-0.9322
2363,-1.2096
2364,-1.3482
2365,-0.5248
2366,-0.6267
2367,-0.7719
2368,-1.1746
2369,-0.7936
2370,-0.9673
2371,-0.8376
2372,-0.8116
2373,-1.1939
2374,-0.7685
2375,-0.7775
2376,-0.7894
2377,-1.1728
2378,-1.0822
2379,-0.7970
2380,-0.8907
2381,-1.0220
2382,-0.8898
2383,-1.0713
2384,-0.9300
2385,-0.7554
2386,-0.7469
2387,-0.9680
2388,-0.8533
2389,-0.8216
2390,-0.9053
2391,-0.9119
2392,-1.0584
2393,-1.3014
2394,-0.9553
2395,-1.1088
2396,-0.8747
2397,-0.8814
2398,-0.6226
2399,-0.9623
2400,-1.3094
2401,-0.7786
2402,-1.0873
2403,-0.7508
2404,-0.7587
2405,-1.5543
2406,-1.1176
2407,-0.6880
2408,-1.1968
2409,-1.0468
2410,-0.8335
2411,-1.1837
2412,-0.7668
2413,-0.8847
2414,-0.7982
2415,-1.1334
2416,-1.0262
2417,-0.7950
2418,-0.7765
2419,-0.5529
2420,-0.6658
2421,-0.4338
2422,-0.7054
2423,-0.8307
2424,-0.7996
2425,-0.8472
2426,-0.9807
2427,-0.8279
2428,-0.9465
2429,-0.8432
2430,-1.0621
2431,-0.8369
2432,-0.7418
2433,-0.7584
2434,-0.9480
2435,-0.7521
2436,-1.0598
2437,-0.9567
2438,-1.0924
2439,-0.7930
2440,-0.9150
2441,-0.8188
2442,-1.1248
2443,-0.9913
2444,-0.5347
2445,-0.7892
2446,-1.0255
2447,-0.8868
2448,-0.8846
2449,-0.8202
2450,-0.7068
2451,-0.6463
2452,-0.9494
2453,-0.5401
2454,-0.8072
2455,-0.7761
2456,-0.8845
2457,-0.6444
2458,-1.1953
2459,-1.0732
2460,-0.3876
2461,-0.4995
2462,-0.9812
2463,-0.8675
2464,-1.1726
2465,-0.6585
2466,-0.8995
2467,-0.7580
2468,-1.0291
2469,-1.0396
2470,-0.7132
2471,-1.1317
2472,-0.8317
2473,-1.0865
2474,-1.0096
2475,-0.5561
2476,-1.1712
2477,-1.0792
2478,-0.9536
2479,-1.0206
2480,-0.7334
2481,-0.6996
2482,-1.2166
2483,-1.0465
2484,-0.9266
2485,-0.6155
2486,-0.9072
2487,-0.8551
2488,-0.9330
2489,-0.8979
2490,-0.6567
2491,-0.8569
2492,-1.1615
2493,-1.0712
2494,-0.6918
2495,-0.8912
2496,-0.6149
2497,-1.1487
2498,-0.7699
2499,-0.7816
2500,-0.5814
2501,-0.5692
2502,-0.9308
2503,-0.5894
2504,-0.6011
2505,-0.8037
2506,-1.0107
2507,-1.3115
2508,-0.6459
2509,-1.1091
2510,-0.4663
2511,-0.7723
2512,-1.3856
2513,-0.9494
2514,-1.1067
2515,-0.7373
2516,-0.6784
2517,-0.8312
2518,-0.7073
2519,-0.5800
2520,-1.0057
2521,-1.4145
2522,-0.3720
2523,-0.8576
2524,-0.7725
2525,-1.0234
2526,-1.0061
2527,-0.8147
2528,-0.7279
2529,-0.9393
2530,-0.6869
2531,-1.1965
2532,-0.7948
2533,-1.0416
2534,-1.1716
2535,-0.7607
2536,-0.7383
2537,-1.1460
2538,-1.0408
2539,-0.4745
2540,-1.4335
2541,-1.0873
2542,-1.0125
2543,-1.0131
2544,-1.2338
2545,-1.1274
2546,-0.9073
2547,-0.5761
2548,-0.8161
2549,-0.7615
2550,-1.0981
2551,-1.0425
2552,-1.0190
2553,-0.6642
2554,-0.7402
2555,-0.6558
2556,-0.9448
2557,-0.7539
2558,-0.8642
2559,-0.4959
2560,-0.8418
2561,-1.0111
2562,-1.0945
2563,-0.7942
2564,-0.7262
2565,-1.0668
2566,-0.9531
2567,-0.6420
2568,-1.1710
2569,-1.0122
2570,-1.2848
2571,-0.9640
2572,-0.6152
2573,-0.7996
2574,-0.6854
2575,-0.9665
2576,-1.1353
2577,-0.7305
2578,-0.5945
2579,-0.7724
2580,-0.9982
2581,-0.5239
2582,-0.8668
2583,-0.5692
2584,-0.9191
2585,-0.7816
2586,-0.3892
2587,-0.6769
2588,-0.7272
2589,-0.8939
2590,-0.8924
2591,-1.1664
2592,-0.4538
2593,-0.9823
2594,-0.9284
2595,-0.7496
2596,-0.8788
2597,-1.3239
2598,-1.2334
2599,-0.9623
2600,-0.8452
2601,-0.9683
2602,-0.7105
2603,-0.7947
2604,-0.8239
2605,-0.8635
2606,-0.5578
2607,-1.1905
2608,-0.6744
2609,-1.0299
2610,-0.9495
2611,-1.0397
2612,-0.3041
2613,-0.8345
2614,-0.9035
2615,-1.0286
2616,-1.2505
2617,-0.9314
2618,-0.9091
2619,-0.9459
2620,-0.9798
2621,-0.5892
2622,-0.6906
2623,-0.8385
2624,-0.9602
2625,-1.0274
2626,-0.8195
2627,-1.2526
2628,-0.9602
2629,-0.6791
2630,-0.7095
2631,-1.0710
2632,-0.6971
2633,-1.2985
2634,-1.0123
2635,-0.8966
2636,-1.0037
2637,-0.8139
2638,-0.6914
2639,-1.0833
2640,-0.8400
2641,-0.8093
2642,-1.0433
2643,-0.9727
2644,-0.8924
2645,-0.5476
2646,-0.7075
2647,-0.8945
2648,-0.8102
2649,-0.8678
2650,-0.8271
2651,-0.5157
2652,-0.9184
2653,-0.9780
2654,-0.8423
2655,-1.2447
2656,-0.8147
2657,-0.6052
2658,-1.0603
2659,-0.6131
2660,-0.8108
2661,-0.9061
2662,-0.9507
2663,-0.9318
2664,-0.8184
2665,-1.0471
2666,-0.8711
2667,-1.0048
2668,-1.1905
2669,-0.7440
2670,-0.8286
2671,-1.2775
2672,-0.7838
2673,-1.2513
2674,-1.0568
2675,-0.7904
2676,-1.0798
2677,-0.7996
2678,-0.8971
2679,-0.6055
2680,-0.8998
2681,-0.6956
2682,-0.7787
2683,-0.8510
2684,-0.7690
2685,-0.7576
2686,-1.1626
2687,-1.5096
2688,-0.5511
2689,-1.1933
2690,-0.8721
2691,-1.2885
2692,-1.1298
2693,-0.9665
2694,-1.0710
2695,-0.6722
2696,-0.8740
2697,-0.6452
2698,-1.1455
2699,-0.5344
2700,-0.4572
2701,-0.8492
2702,-0.8742
2703,-0.3222
2704,-1.1263
2705,-0.7540
2706,-0.8750
2707,-0.6895
2708,-0.6124
2709,-1.0053
2710,-0.9764
2711,-0.9794
2712,-0.8225
2713,-0.6924
2714,-0.7825
2715,-0.8756
2716,-1.2555
2717,-0.9143
2718,-0.5339
2719,-0.7903
2720,-1.0215
2721,-0.4656
2722,-0.8147
2723,-0.9039
2724,-0.5683
2725,-0.8161
2726,-0.8410
2727,-0.7078
2728,-0.7816
2729,-0.6565
2730,-0.8523
2731,-0.7289
2732,-0.8130
2733,-0.6045
2734,-0.8153
2735,-0.6048
2736,-0.7759
2737,-0.6261
2738,-1.2044
2739,-0.6692
2740,-0.8001
2741,-0.6494
2742,-1.1044
2743,-0.6552
2744,-1.1366
2745,-0.8822
2746,-1.4082
2747,-0.7294
2748,-1.1041
2749,-0.8904
2750,-1.0451
2751,-0.9486
2752,-0.6382
2753,-0.9451
2754,-0.5888
2755,-0.5967
2756,-0.6966
2757,-0.8423
2758,-0.8987
2759,-0.5880
2760,-1.1136
2761,-1.0176
2762,-1.0702
2763,-1.0519
2764,-1.2558
2765,-0.9552
2766,-1.3596
2767,-0.4187
2768,-0.9488
2769,-0.8865
2770,-1.0531
2771,-1.1781
2772,-0.9041
2773,-0.7448
2774,-0.9579
2775,-0.7086
2776,-1.0832
2777,-1.1459
2778,-0.4267
2779,-0.9093
2780,-1.0509
2781,-0.6378
2782,-1.0084
2783,-1.0047
2784,-0.9277
2785,-1.4183
2786,-0.7743
2787,-0.7352
2788,-0.7150
2789,-1.1377
2790,-0.7294
2791,-1.2913
2792,-0.4717
2793,-0.8842
2794,-1.0997
2795,-0.8439
2796,-0.4701
2797,-0.5300
2798,-0.3706
2799,-0.7162
2800,-0.5190
2801,-0.8949
2802,-1.0486
2803,-0.8666
2804,-0.5935
2805,-0.6242
2806,-0.9076
2807,-0.9763
2808,-0.4926
2809,-0.5292
2810,-0.8041
2811,-0.5115
2812,-0.7797
2813,-0.5461
2814,-0.7069
2815,-0.9923
2816,-1.2569
2817,-1.1377
2818,-0.5126
2819,-0.9528
2820,-1.2189
2821,-0.8163
2822,-0.8178
2823,-0.6270
2824,-1.0546
2825,-0.7853
2826,-1.0510
2827,-0.7037
2828,-1.0062
2829,-1.3968
2830,-0.7573
2831,-1.0511
2832,-0.7812
2833,-1.0975
2834,-0.9544
2835,-1.0723
2836,-0.6399
2837,-1.0407
2838,-0.7230
2839,-0.6684
2840,-0.9663
2841,-1.0633
2842,-0.8907
2843,-0.8594
2844,-1.3072
2845,-0.7113
2846,-0.9157
2847,-0.6708
2848,-0.8478
2849,-0.9939
2850,-0.9109
2851,-0.6411
2852,-0.8332
2853,-0.9745
2854,-1.1388
2855,-0.5031
2856,-0.5491
2857,-0.9484
2858,-0.7406
2859,-0.4030
2860,-0.7823
2861,-0.8034
2862,-0.7652
2863,-0.5412
2864,-0.9904
2865,-0.7379
2866,-0.7437
2867,-0.9929
2868,-0.8747
2869,-0.7019
2870,-0.6027
2871,-0.8550
2872,-0.7977
2873,-0.5869
2874,-0.9650
2875,-0.6763
2876,-0.5925
2877,-0.5329
2878,-1.0021
2879,-0.6603
2880,-0.8833
2881,-1.0956
2882,-0.8148
2883,-0.5979
2884,-0.7645
2885,-0.7002
2886,-0.7949
2887,-1.2432
2888,-0.8941
2889,-0.5802
2890,-0.5190
2891,-0.1600
2892,-0.9132
2893,-0.7486
2894,-0.6775
2895,-0.7383
2896,-0.7806
2897,-0.9219
2898,-1.1073
2899,-1.0517
2900,-1.0339
2901,-0.5789
2902,-0.6772
2903,-0.8019
2904,-0.7869
2905,-0.6042
2906,-0.7776
2907,-1.0325
2908,-0.8093
2909,-0.9227
2910,-1.0133
2911,-1.0889
2912,-0.7727
2913,-0.5582
2914,-0.8572
2915,-0.5381
2916,-1.0293
2917,-0.6964
2918,-0.9052
2919,-1.0353
2920,-1.0098
2921,-1.0758
2922,-0.9380
2923,-1.2204
2924,-1.0600
2925,-0.8158
2926,-0.7790
2927,-0.8849
2928,-0.8709
2929,-0.4644
2930,-0.7904
2931,-0.8062
2932,-1.1578
2933,-0.7150
2934,-1.0798
2935,-1.1570
2936,-0.6041
2937,-0.5962
2938,-0.8312
2939,-1.1911
2940,-0.8651
2941,-1.0450
2942,-0.8293
2943,-0.9493
2944,-1.1109
2945,-0.7458
2946,-0.6463
2947,-0.8237
2948,-0.9469
2949,-0.8837
2950,-0.4406
2951,-0.8024
2952,-1.0651
2953,-0.7086
2954,-0.8662
2955,-0.8068
2956,-1.1866
2957,-0.8756
2958,-0.4566
2959,-1.1479
2960,-0.9819
2961,-0.6370
2962,-0.9602
2963,-1.1207
2964,-1.1054
2965,-0.8181
2966,-1.0044
2967,-1.0304
2968,-1.4649
2969,-0.7114
2970,-0.7224
2971,-0.9871
2972,-0.7436
2973,-1.0030
2974,-0.9117
2975,-0.7982
2976,-0.9798
2977,-1.2792
2978,-1.0002
2979,-0.8339
2980,-1.3618
2981,-0.8553
2982,-0.8617
2983,-0.2610
2984,-1.1858
2985,-0.7521
2986,-0.8492
2987,-0.9036
2988,-0.8838
2989,-0.8342
2990,-1.0179
2991,-0.6317
2992,-0.8214
2993,-1.1032
2994,-1.0037
2995,-0.5444
2996,-0.8948
2997,-0.8033
2998,-0.9745
2999,-0.9462
3000,-0.7662
3001,-0.7020
3002,-0.5625
3003,-0.8801
3004,-0.9943
3005,-0.9831
3006,-1.1452
3007,-1.2396
3008,-0.7830
3009,-1.1137
3010,-0.6513
3011,-0.9087
3012,-1.3832
3013,-0.7376
3014,-0.4125
3015,-1.3427
3016,-1.0698
3017,-0.8819
3018,-1.1194
3019,-0.8736
3020,-0.6139
3021,-1.3014
3022,-0.7493
3023,-0.7984
3024,-0.8417
3025,-1.0690
3026,-0.8496
3027,-1.1090
3028,-0.8692
3029,-0.3617
3030,-0.4099
3031,-1.0828
3032,-0.6893
3033,-1.0454
3034,-1.5221
3035,-0.7118
3036,-0.6863
3037,-0.7746
3038,-0.9646
3039,-0.7529
3040,-1.0099
3041,-0.5513
3042,-0.6693
3043,-0.6405
3044,-1.0377
3045,-0.9862
3046,-1.0292
3047,-0.6137
3048,-1.3688
3049,-1.0676
3050,-0.8912
3051,-0.9288
3052,-0.6824
3053,-0.6491
3054,-1.0652
3055,-0.7384
3056,-0.9549
3057,-0.6112
3058,-0.8553
3059,-0.7808
3060,-0.4226
3061,-1.0189
3062,-0.9592
3063,-0.9611
3064,-0.8995
3065,-0.4420
3066,-0.7187
3067,-0.7898
3068,-0.8733
3069,-0.7165
3070,-0.9469
3071,-1.0072
3072,-0.9610
3073,-0.8497
3074,-1.1280
3075,-1.0118
3076,-0.9768
3077,-0.7064
3078,-0.7912
3079,-0.7173
3080,-1.1687
3081,-0.9153
3082,-1.0050
3083,-0.6417
3084,-0.7713
3085,-0.6501
3086,-1.0899
3087,-0.9446
3088,-0.8683
3089,-0.9435
3090,-0.7653
3091,-0.7756
3092,-0.7992
3093,-1.0473
3094,-1.5919
3095,-0.9294
3096,-0.6031
3097,-0.4613
3098,-0.8836
3099,-1.2510
3100,-0.3633
3101,-1.1361
3102,-0.9716
3103,-1.1103
3104,-1.0570
3105,-0.6391
3106,-0.7561
3107,-0.7112
3108,-1.3093
3109,-1.1289
3110,-0.4185
3111,-0.6167
3112,-0.5713
3113,-0.7415
3114,-0.7869
3115,-0.7467
3116,-0.8721
3117,-1.0607
3118,-0.6727
3119,-0.9216
3120,-1.3510
3121,-0.9495
3122,-0.8761
3123,-0.8458
3124,-0.9424
3125,-1.0839
3126,-0.8362
3127,-0.9562
3128,-0.8181
3129,-0.8542
3130,-0.7975
3131,-0.9647
3132,-1.3219
3133,-0.8252
3134,-0.9901
3135,-0.7426
3136,-0.3867
3137,-0.3524
3138,-1.0031
3139,-0.7001
3140,-1.0373
3141,-1.1351
3142,-1.0707
3143,-0.4091
3144,-0.9613
3145,-0.6155
3146,-0.8298
3147,-0.9890
3148,-0.7384
3149,-0.6682
3150,-1.1114
3151,-1.2471
3152,-0.9772
3153,-0.6722
3154,-0.8558
3155,-0.7718
3156,-1.1577
3157,-1.0421
3158,-1.0470
3159,-1.1270
3160,-0.8519
3161,-0.9865
3162,-0.8185
3163,-0.7985
3164,-1.0377
3165,-1.0083
3166,-0.7822
3167,-0.3452
3168,-0.7254
3169,-0.9676
3170,-0.5632
3171,-0.6643
3172,-0.7850
3173,-1.1307
3174,-0.4934
3175,-1.0462
3176,-0.7670
3177,-0.5085
3178,-0.7295
3179,-0.9615
3180,-1.2807
3181,-1.1267
3182,-0.5845
3183,-0.7078
3184,-1.1999
3185,-0.6331
3186,-0.8101
3187,-1.3015
3188,-0.4569
3189,-0.8175
3190,-0.8335
3191,-0.8883
3192,-1.1482
3193,-0.9759
3194,-0.8746
3195,-0.6666
3196,-0.5634
3197,-1.0523
3198,-0.6683
3199,-0.3286
3200,-0.4812
3201,-1.0681
3202,-0.5412
3203,-1.0935
3204,-0.5740
3205,-0.4150
3206,-0.9040
3207,-0.5137
3208,-1.3624
3209,-0.7055
3210,-0.8518
3211,-0.7461
3212,-0.7121
3213,-1.0646
3214,-0.9940
3215,-0.9273
3216,-1.1040
3217,-1.1071
3218,-0.3761
3219,-1.2414
3220,-0.5366
3221,-0.2814
3222,-0.8391
3223,-1.0272
3224,-0.8987
3225,-0.8018
3226,-0.8107
3227,-1.1039
3228,-0.6326
3229,-0.8611
3230,-0.9132
3231,-0.8407
3232,-1.2117
3233,-1.1677
3234,-0.8812
3235,-0.7837
3236,-0.8411
3237,-1.2829
3238,-1.1779
3239,-0.8694
3240,-0.7303
3241,-1.0345
3242,-0.3720
3243,-1.0165
3244,-0.8580
3245,-0.6720
3246,-0.9046
3247,-1.0182
3248,-1.0419
3249,-0.5706
3250,-1.0866
3251,-0.3087
3252,-1.0524
3253,-0.9497
3254,-1.0157
3255,-0.8486
3256,-0.6599
3257,-0.8146
3258,-0.6630
3259,-0.7208
3260,-1.0939
3261,-0.8093
3262,-1.2700
3263,-0.9012
3264,-0.8589
3265,-1.2201
3266,-0.7613
3267,-0.6975
3268,-0.7467
3269,-0.8051
3270,-1.0179
3271,-1.0632
3272,-0.4954
3273,-1.0925
3274,-0.1965
3275,-0.6654
3276,-1.3144
3277,-0.7592
3278,-0.5833
3279,-0.9542
3280,-0.8302
3281,-0.8155
3282,-0.6046
3283,-0.7994
3284,-1.0475
3285,-0.8269
3286,-0.7976
3287,-1.3879
3288,-0.8321
3289,-0.9545
3290,-1.0871
3291,-1.0481
3292,-0.7729
3293,-0.9088
3294,-0.8792
3295,-0.8240
3296,-0.7818
3297,-0.9093
3298,-1.1342
3299,-0.7740
3300,-1.0087
3301,-1.4776
3302,-1.1383
3303,-1.0344
3304,-0.9406
3305,-0.7990
3306,-0.9791
3307,-0.9275
3308,-0.7572
3309,-0.9361
3310,-1.0559
3311,-0.8974
3312,-0.8488
3313,-1.0713
3314,-0.5156
3315,-0.8281
3316,-1.0558
3317,-0.9208
3318,-0.6805
3319,-0.9697
3320,-0.8772
3321,-1.0053
3322,-0.9892
3323,-1.3489
3324,-0.9669
3325,-0.9118
3326,-1.0801
3327,-1.3371
3328,-1.0703
3329,-0.9187
3330,-0.9987
3331,-0.6149
3332,-0.5528
3333,-0.6069
3334,-0.9444
3335,-1.1394
3336,-0.5403
3337,-0.9954
3338,-1.0734
3339,-0.5479
3340,-0.8350
3341,-0.7547
3342,-1.1036
3343,-0.8716
3344,-0.7493
3345,-1.2570
3346,-1.1311
3347,-1.1442
3348,-1.1765
3349,-0.6149
3350,-1.2948
3351,-0.6521
3352,-0.6113
3353,-0.9186
3354,-1.0722
3355,-0.5183
3356,-0.7801
3357,-0.9841
3358,-0.9595
3359,-0.7499
3360,-0.8576
3361,-0.8250
3362,-0.9693
3363,-1.3226
3364,-0.4119
3365,-0.9743
3366,-0.7666
3367,-0.0620
3368,-0.6889
3369,-0.8745
3370,-1.0211
3371,-0.9998
3372,-0.8000
3373,-0.7411
3374,-0.9183
3375,-0.8734
3376,-0.8475
3377,-1.0164
3378,-0.5869
3379,-1.0225
3380,-0.7660
3381,-0.4610
3382,-1.0550
3383,-0.9829
3384,-1.0692
3385,-0.6707
3386,-0.7948
3387,-0.6299
3388,-1.0969
3389,-1.0021
3390,-0.8184
3391,-0.5029
3392,-0.9327
3393,-0.9801
3394,-0.9552
3395,-0.9681
3396,-0.8102
3397,-0.9322
3398,-0.9009
3399,-0.7459
3400,-1.1101
3401,-0.8606
3402,-1.1745
3403,-0.7034
3404,-0.9591
3405,-0.6021
3406,-0.9077
3407,-1.0816
3408,-0.9221
3409,-0.4202
3410,-1.1048
3411,-1.0138
3412,-0.4670
3413,-1.2462
3414,-0.8997
3415,-0.8490
3416,-1.0729
3417,-1.1113
3418,-0.8663
3419,-0.9576
3420,-0.6452
3421,-0.9883
3422,-1.2444
3423,-0.5652
3424,-0.8172
3425,-1.0733
3426,-0.6891
3427,-0.6253
3428,-0.9948
3429,-1.0057
3430,-1.1456
3431,-0.4962
3432,-0.9140
3433,-0.6624
3434,-0.9279
3435,-0.4761
3436,-0.7283
3437,-0.4771
3438,-0.6784
3439,-1.1515
3440,-1.0093
3441,-0.7476
3442,-0.7753
3443,-0.8115
3444,-1.0585
3445,-0.4226
3446,-0.9490
3447,-1.0765
3448,-0.7899
3449,-0.7798
3450,-1.0353
3451,-1.0328
3452,-0.8789
3453,-0.7856
3454,-0.7153
3455,-0.7576
3456,-0.5874
3457,-0.7202
3458,-0.5090
3459,-1.0026
3460,-1.2634
3461,-0.5733
3462,-0.8058
3463,-0.6163
3464,-0.9844
3465,-0.8096
3466,-0.8330
3467,-0.8783
3468,-1.1857
3469,-0.7498
3470,-0.8219
3471,-0.8226
3472,-0.3783
3473,-0.7482
3474,-0.8316
3475,-0.5321
3476,-1.0924
3477,-1.3180
3478,-1.0076
3479,-0.9714
3480,-1.1183
3481,-1.1448
3482,-0.9599
3483,-0.9572
3484,-0.7095
3485,-0.3424
3486,-0.8561
3487,-0.6902
3488,-0.6133
3489,-0.9008
3490,-0.7577
3491,-1.1790
3492,-1.0281
3493,-1.0561
3494,-0.8602
3495,-1.2477
3496,-0.7514
3497,-0.9260
3498,-1.2853
3499,-1.2503
3500,-0.9097
3501,-0.4614
3502,-0.8465
3503,-0.6520
3504,-0.5623
3505,-0.8764
3506,-0.5399
3507,-0.6548
3508,-0.9197
3509,-0.5366
3510,-0.8680
3511,-0.8148
3512,-0.7416
3513,-1.1903
3514,-0.8809
3515,-1.0738
3516,-0.6337
3517,-1.4005
3518,-0.8300
3519,-1.0521
3520,-0.9798
3521,-1.2085
3522,-1.0186
3523,-0.7934
3524,-1.0614
3525,-1.0791
3526,-1.0569
3527,-0.6805
3528,-1.1871
3529,-0.7719
3530,-0.7225
3531,-0.7712
3532,-0.9162
3533,-0.6854
3534,-1.2435
3535,-1.1236
3536,-1.1749
3537,-0.9920
3538,-0.9557
3539,-1.0783
3540,-1.0203
3541,-0.5907
3542,-0.6380
3543,-0.6958
3544,-0.4170
3545,-0.8406
3546,-1.2886
3547,-0.7515
3548,-0.8430
3549,-0.9738
3550,-0.3436
3551,-0.8399
3552,-0.8293
3553,-0.7725
3554,-0.9666
3555,-0.2704
3556,-0.9057
3557,-0.6505
3558,-0.9909
3559,-0.8032
3560,-0.7709
3561,-1.1840
3562,-0.8708
3563,-0.6421
3564,-0.7948
3565,-1.1266
3566,-1.0867
3567,-0.9690
3568,-1.0204
3569,-0.6198
3570,-0.9857
3571,-0.6581
3572,-0.8408
3573,-0.8059
3574,-0.8698
3575,-0.2699
3576,-0.7763
3577,-0.4726
3578,-0.9624
3579,-0.7721
3580,-1.0042
3581,-0.8396
3582,-0.8269
3583,-0.5886
3584,-1.1124
3585,-0.8475
3586,-0.7935
3587,-1.0255
3588,-0.7236
3589,-0.9489
3590,-1.1047
3591,-0.5980
3592,-0.6788
3593,-1.3168
3594,-0.7236
3595,-1.0591
3596,-0.7113
3597,-0.5340
3598,-0.7128
3599,-1.0341
3600,-0.6645
3601,-0.9417
3602,-1.0163
3603,-1.3074
3604,-0.8518
3605,-1.0047
3606,-0.5510
3607,-0.8112
3608,-1.0305
3609,-1.0812
3610,-0.5885
3611,-0.9253
3612,-1.0006
3613,-1.0288
3614,-0.6194
3615,-1.0028
3616,-0.7070
3617,-1.0931
3618,-1.1468
3619,-1.0583
3620,-0.8218
3621,-0.6634
3622,-1.0353
3623,-0.7919
3624,-0.9697
3625,-1.3852
3626,-1.0607
3627,-0.2956
3628,-0.8334
3629,-1.2520
3630,-0.8751
3631,-0.8736
3632,-0.4515
3633,-0.8830
3634,-0.6571
3635,-0.9813
3636,-1.0176
3637,-1.0241
3638,-1.0840
3639,-0.8647
3640,-0.8762
3641,-0.2487
3642,-1.1304
3643,-0.8363
3644,-1.1761
3645,-0.7725
3646,-0.8904
3647,-0.9776
3648,-0.7210
3649,-0.7779
3650,-1.0813
3651,-0.6653
3652,-0.7863
3653,-1.0321
3654,-1.2184
3655,-0.9120
3656,-0.8931
3657,-0.6916
3658,-0.9468
3659,-0.7876
3660,-0.4178
3661,-0.5115
3662,-0.5991
3663,-0.4433
3664,-0.6389
3665,-0.8856
3666,-0.9331
3667,-0.9359
3668,-1.0278
3669,-1.1139
3670,-1.0662
3671,-0.7361
3672,-0.4482
3673,-0.6129
3674,-0.6086
3675,-1.1002
3676,-1.2919
3677,-0.7916
3678,-0.7879
3679,-0.8457
3680,-0.7140
3681,-0.8438
3682,-0.9672
3683,-0.8955
3684,-0.9211
3685,-0.9004
3686,-1.0357
3687,-0.8494
3688,-0.9635
3689,-0.8344
3690,-0.8532
3691,-1.1545
3692,-0.6132
3693,-0.9241
3694,-0.7181
3695,-0.4401
3696,-1.0509
3697,-1.0057
3698,-0.8265
3699,-1.0874
3700,-0.7203
3701,-1.1959
3702,-1.0462
3703,-0.8641
3704,-1.4199
3705,-0.7081
3706,-0.6839
3707,-0.9049
3708,-1.0934
3709,-0.6531
3710,-0.7426
3711,-0.6940
3712,-0.9755
3713,-0.6663
3714,-1.0339
3715,-0.9119
3716,-0.8638
3717,-0.6082
3718,-0.9435
3719,-1.0805
3720,-0.9537
3721,-0.9238
3722,-0.4372
3723,-0.9703
3724,-1.2643
3725,-0.7094
3726,-1.0023
3727,-0.4230
3728,-0.5482
3729,-1.1816
3730,-0.9216
3731,-0.8561
3732,-0.6205
3733,-0.8593
3734,-0.9441
3735,-0.6803
3736,-1.0590
3737,-1.2441
3738,-0.9394
3739,-1.3550
3740,-0.6605
3741,-1.1407
3742,-1.2563
3743,-0.8924
3744,-0.8945
3745,-1.2226
3746,-0.9894
3747,-1.4577
3748,-0.8704
3749,-1.0731
3750,-0.4673
3751,-0.7829
3752,-1.1773
3753,-0.8238
3754,-0.7689
3755,-1.1971
3756,-0.7066
3757,-0.8438
3758,-1.0089
3759,-1.1261
3760,-0.8717
3761,-1.1088
3762,-0.6794
3763,-1.4707
3764,-1.1761
3765,-0.5731
3766,-0.9763
3767,-1.1030
3768,-1.1665
3769,-1.0970
3770,-0.9573
3771,-0.7368
3772,-0.8586
3773,-1.1855
3774,-0.5019
3775,-0.7402
3776,-0.5072
3777,-0.8405
3778,-0.9057
3779,-1.1563
3780,-0.6217
3781,-0.6459
3782,-1.1108
3783,-1.2598
3784,-1.2771
3785,-0.4187
3786,-0.8714
3787,-0.9015
3788,-0.5294
3789,-1.2243
3790,-0.5348
3791,-1.4950
3792,-0.9248
3793,-1.1421
3794,-0.5038
3795,-0.4328
3796,-1.0946
3797,-0.9725
3798,-0.8702
3799,-1.1524
3800,-1.1584
3801,-0.6356
3802,-0.7182
3803,-0.8386
3804,-0.5907
3805,-0.7757
3806,-1.0014
3807,-1.2067
3808,-0.8570
3809,-0.4804
3810,-1.2985
3811,-1.0726
3812,-0.9205
3813,-0.7681
3814,-0.9886
3815,-1.0737
3816,-1.0442
3817,-0.8753
3818,-0.8958
3819,-0.8428
3820,-0.3307
3821,-1.3945
3822,-0.7153
3823,-0.9234
3824,-1.0757
3825,-0.3671
3826,-0.5292
3827,-0.7765
3828,-0.7603
3829,-0.9523
3830,-0.6157
3831,-0.9149
3832,-1.2540
3833,-0.7822
3834,-0.7235
3835,-1.0096
3836,-0.5592
3837,-1.3016
3838,-0.8028
3839,-0.9677
3840,-1.0084
3841,-1.3025
3842,-1.1150
3843,-0.8925
3844,-0.6678
3845,-1.2796
3846,-1.3097
3847,-1.2678
3848,-0.9975
3849,-0.9792
3850,-1.1112
3851,-0.6553
3852,-1.0350
3853,-1.0998
3854,-1.0372
3855,-1.3177
3856,-0.9086
3857,-1.2676
3858,-0.9507
3859,-0.7067
3860,-0.7939
3861,-1.2886
3862,-0.8209
3863,-0.7134
3864,-1.1035
3865,-0.7813
3866,-0.7894
3867,-0.8003
3868,-0.5637
3869,-0.7503
3870,-0.8240
3871,-0.7428
3872,-1.2194
3873,-1.0464
3874,-0.9076
3875,-0.7559
3876,-0.8246
3877,-1.0705
3878,-0.8837
3879,-0.6550
3880,-0.4645
3881,-0.9513
3882,-0.7497
3883,-0.5133
3884,-0.6612
3885,-0.7752
3886,-0.9333
3887,-0.8139
3888,-0.8441
3889,-0.7411
3890,-1.0497
3891,-0.8202
3892,-0.8885
3893,-1.2565
3894,-1.2936
3895,-0.5498
3896,-0.9831
3897,-0.5864
3898,-0.8330
3899,-0.4982
3900,-0.9660
3901,-0.6859
3902,-0.7825
3903,-1.0776
3904,-1.3899
3905,-0.8898
3906,-0.8182
3907,-0.7433
3908,-0.6897
3909,-0.8844
3910,-1.0675
3911,-0.7093
3912,-0.6249
3913,-0.4578
3914,-0.6154
3915,-1.0496
3916,-1.0776
3917,-0.9249
3918,-0.9675
3919,-0.5685
3920,-0.7882
3921,-0.8626
3922,-1.1764
3923,-0.8849
3924,-0.9208
3925,-1.0433
3926,-0.8323
3927,-1.0036
3928,-0.9367
3929,-1.1816
3930,-0.7509
3931,-0.6646
3932,-0.6626
3933,-0.5935
3934,-0.4730
3935,-0.4194
3936,-0.1304
3937,-0.8169
3938,-0.7240
3939,-0.9338
3940,-0.6342
3941,-1.0924
3942,-0.7206
3943,-0.8698
3944,-0.7060
3945,-0.9002
3946,-0.9173
3947,-0.9357
3948,-0.8231
3949,-0.7891
3950,-0.6245
3951,-0.5169
3952,-0.3383
3953,-0.8859
3954,-0.9030
3955,-1.3868
3956,-1.0354
3957,-0.8477
3958,-0.5630
3959,-0.9578
3960,-0.9509
3961,-0.5570
3962,-0.7749
3963,-1.0225
3964,-0.6430
3965,-0.7046
3966,-0.5915
3967,-0.6210
3968,-0.6103
3969,-0.8449
3970,-0.5951
3971,-0.7322
3972,-1.0128
3973,-0.7174
3974,-0.9880
3975,-1.0194
3976,-1.0083
3977,-1.0708
3978,-0.8055
3979,-0.7382
3980,-0.5114
3981,-1.1224
3982,-1.0783
3983,-0.7739
3984,-0.6449
3985,-0.7914
3986,-0.9069
3987,-1.2956
3988,-0.9087
3989,-0.6738
3990,-0.8470
3991,-0.9202
3992,-0.7895
3993,-0.6854
3994,-0.8101
3995,-1.3686
3996,-0.9560
3997,-1.1371
3998,-1.0594
3999,-0.8477
4000,-1.1948
4001,-1.1706
4002,-1.0654
4003,-1.3985
4004,-1.3460
4005,-1.1761
4006,-0.8884
4007,-0.7271
4008,-0.7001
4009,-0.6886
4010,-1.0955
4011,-1.1500
4012,-0.8891
4013,-0.8681
4014,-0.8203
4015,-0.9102
4016,-1.0439
4017,-0.5805
4018,-0.6560
4019,-1.1076
4020,-0.4162
4021,-0.8769
4022,-1.3188
4023,-0.8813
4024,-0.7405
4025,-0.9850
4026,-0.6917
4027,-0.7552
4028,-0.7983
4029,-0.9230
4030,-1.2030
4031,-0.8909
4032,-0.8798
4033,-0.8638
4034,-0.8145
4035,-0.9909
4036,-1.0882
4037,-0.7978
4038,-0.9224
4039,-1.0222
4040,-0.9936
4041,-0.5841
4042,-0.8690
4043,-0.6409
4044,-0.8770
4045,-0.8090
4046,-0.5527
4047,-0.7098
4048,-0.7270
4049,-1.2529
4050,-0.9786
4051,-0.9600
4052,-1.1755
4053,-0.7903
4054,-1.0448
4055,-0.8557
4056,-0.9287
4057,-0.6964
4058,-0.6182
4059,-0.5354
4060,-0.4887
4061,-0.8692
4062,-0.9006
4063,-0.6180
4064,-1.0836
4065,-0.7508
4066,-0.9870
4067,-0.6651
4068,-0.8446
4069,-0.9565
4070,-0.8681
4071,-1.0610
4072,-1.1159
4073,-1.4465
4074,-0.4128
4075,-0.7026
4076,-1.3336
4077,-1.2070
4078,-0.7372
4079,-1.0631
4080,-0.9602
4081,-0.7420
4082,-0.8001
4083,-0.9017
4084,-1.1182
4085,-0.9431
4086,-0.9474
4087,-0.7652
4088,-1.1005
4089,-0.8203
4090,-0.6627
4091,-0.8428
4092,-0.8745
4093,-1.0839
4094,-0.4017
4095,-0.9789
4096,-0.5471
4097,-0.8275
4098,-0.7178
4099,-1.0572
4100,-1.0741
4101,-0.8365
4102,-1.1594
4103,-1.0347
4104,-1.3603
4105,-0.8771
4106,-1.1976
4107,-0.8396
4108,-0.9959
4109,-0.7055
4110,-1.1665
4111,-0.3150
4112,-0.7506
4113,-0.9226
4114,-0.9054
4115,-1.4715
4116,-0.9717
4117,-0.9221
4118,-1.2772
4119,-0.9025
4120,-0.3886
4121,-0.7700
4122,-0.5612
4123,-0.7115
4124,-0.7571
4125,-1.1401
4126,-0.8981
4127,-0.7530
4128,-0.9409
4129,-0.8075
4130,-0.6168
4131,-0.7731
4132,-0.6045
4133,-0.8505
4134,-0.8200
4135,-0.8437
4136,-1.1685
4137,-0.5998
4138,-0.7662
4139,-0.4953
4140,-0.9236
4141,-0.7267
4142,-1.3062
4143,-0.8758
4144,-0.7600
4145,-0.8860
4146,-1.1390
4147,-1.1426
4148,-0.6780
4149,-0.8501
4150,-0.7876
4151,-0.9256
4152,-1.1545
4153,-0.2965
4154,-0.7988
4155,-1.1971
4156,-0.5058
4157,-1.0798
4158,-1.1648
4159,-1.0163
4160,-0.9570
4161,-1.2130
4162,-0.6596
4163,-1.2159
4164,-0.8825
4165,-0.5629
4166,-0.7860
4167,-0.4664
4168,-0.6639
4169,-0.8455
4170,-1.0224
4171,-1.0046
4172,-0.4622
4173,-1.4464
4174,-0.7738
4175,-0.9671
4176,-0.5749
4177,-1.0269
4178,-0.7057
4179,-0.8837
4180,-0.7971
4181,-1.0129
4182,-1.2391
4183,-1.0395
4184,-0.4022
4185,-1.0881
4186,-1.0583
4187,-0.8537
4188,-0.6336
4189,-0.8463
4190,-0.7604
4191,-1.0277
4192,-0.7457
4193,-0.5570
4194,-1.0565
4195,-1.0687
4196,-0.8130
4197,-0.7281
4198,-0.8797
4199,-0.6335
4200,-0.8047
4201,-0.6799
4202,-0.5015
4203,-0.2580
4204,-0.9616
4205,-0.5535
4206,-0.8855
4207,-0.9205
4208,-0.7748
4209,-0.5131
4210,-0.6097
4211,-0.6812
4212,-0.7579
4213,-0.9094
4214,-0.8368
4215,-1.3210
4216,-0.9261
4217,-1.0469
4218,-0.9022
4219,-0.8840
4220,-1.0770
4221,-0.7809
4222,-1.1024
4223,-0.6828
4224,-0.8003
4225,-1.0042
4226,-0.7363
4227,-1.4528
4228,-0.4917
4229,-1.2925
4230,-1.0232
4231,-0.7653
4232,-1.2095
4233,-0.5131
4234,-0.7889
4235,-0.8793
4236,-0.6508
4237,-1.0275
4238,-0.7385
4239,-0.2864
4240,-1.1803
4241,-0.8526
4242,-1.0391
4243,-0.9543
4244,-0.5737
4245,-0.7801
4246,-0.7935
4247,-1.0426
4248,-0.8692
4249,-0.9512
4250,-0.7652
4251,-0.6675
4252,-0.5759
4253,-0.6505
4254,-1.0227
4255,-0.7643
4256,-0.6656
4257,-1.0337
4258,-1.0170
4259,-0.8438
4260,-1.4111
4261,-0.5813
4262,-0.9506
4263,-0.7393
4264,-0.7500
4265,-1.0926
4266,-0.8574
4267,-1.0946
4268,-0.8642
4269,-0.8665
4270,-0.5604
4271,-0.7686
4272,-0.6419
4273,-1.0049
4274,-0.6413
4275,-0.9684
4276,-1.1464
4277,-0.7528
4278,-1.1434
4279,-0.3162
4280,-0.9933
4281,-0.7547
4282,-0.8322
4283,-0.7484
4284,-0.8414
4285,-1.0392
4286,-0.6608
4287,-0.8275
4288,-0.1798
4289,-0.6461
4290,-0.8457
4291,-0.9481
4292,-0.9298
4293,-0.8635
4294,-0.6981
4295,-0.7841
4296,-0.8289
4297,-0.8829
4298,-0.8921
4299,-0.4412
4300,-0.9496
4301,-0.9615
4302,-0.5754
4303,-0.9731
4304,-1.2486
4305,-0.7918
4306,-1.0367
4307,-0.8526
4308,-0.6054
4309,-0.9877
4310,-0.7790
4311,-1.0520
4312,-0.8470
4313,-0.6481
4314,-1.1277
4315,-0.7099
4316,-1.0113
4317,-0.7030
4318,-0.7869
4319,-1.1873
4320,-1.0925
4321,-0.9082
4322,-1.2583
4323,-1.3831
4324,-0.5663
4325,-1.0063
4326,-1.1369
4327,-0.7524
4328,-0.6485
4329,-0.9660
4330,-0.9445
4331,-0.6898
4332,-0.2489
4333,-0.8880
4334,-0.8452
4335,-0.7772
4336,-0.3971
4337,-1.1131
4338,-0.7091
4339,-0.5808
4340,-0.9856
4341,-0.5806
4342,-0.6637
4343,-0.8653
4344,-1.0606
4345,-1.0408
4346,-1.0989
4347,-1.0967
4348,-0.7255
4349,-0.8919
4350,-1.2109
4351,-0.8152
4352,-0.8276
4353,-0.7776
4354,-1.4122
4355,-0.5104
4356,-1.2197
4357,-0.6716
4358,-1.1162
4359,-0.8862
4360,-0.8803
4361,-0.7370
4362,-0.9795
4363,-1.1670
4364,-1.0193
4365,-1.0145
4366,-0.7646
4367,-1.0803
4368,-0.2985
4369,-0.7906
4370,-0.9537
4371,-1.0709
4372,-1.0622
4373,-0.5780
4374,-0.8880
4375,-0.9831
4376,-0.8264
4377,-0.5284
4378,-1.2692
4379,-0.9493
4380,-1.3389
4381,-0.8661
4382,-0.6830
4383,-0.8114
4384,-0.5581
4385,-0.8032
4386,-0.6022
4387,-0.5711
4388,-0.9208
4389,-0.8287
4390,-1.2030
4391,-0.5027
4392,-1.0090
4393,-0.6189
4394,-0.7667
4395,-1.2982
4396,-0.2940
4397,-0.9326
4398,-0.9327
4399,-0.9970
4400,-1.1936
4401,-0.5845
4402,-1.0834
4403,-1.2864
4404,-0.8785
4405,-0.8995
4406,-0.8835
4407,-1.2109
4408,-1.2140
4409,-0.9624
4410,-0.6379
4411,-1.3390
4412,-0.8925
4413,-0.8172
4414,-0.7723
4415,-0.4918
4416,-0.5918
4417,-0.7169
4418,-0.9626
4419,-1.1946
4420,-0.9089
4421,-0.7684
4422,-0.8423
4423,-0.6207
4424,-0.8794
4425,-0.4562
4426,-1.0173
4427,-0.8281
4428,-0.6354
4429,-0.7072
4430,-1.1807
4431,-1.0171
4432,-0.7431
4433,-0.8600
4434,-0.7992
4435,-0.9275
4436,-1.0125
4437,-1.0301
4438,-0.7861
4439,-0.7133
4440,-0.7525
4441,-0.8983
4442,-0.6634
4443,-1.0088
4444,-1.1045
4445,-0.9644
4446,-1.1401
4447,-1.2370
4448,-1.0916
4449,-0.7638
4450,-0.5883
4451,-0.8613
4452,-0.5747
4453,-1.2234
4454,-0.7943
4455,-0.7402
4456,-0.4887
4457,-0.6760
4458,-1.0512
4459,-0.5658
4460,-0.7815
4461,-0.6045
4462,-0.5842
4463,-1.0590
4464,-1.0094
4465,-0.8211
4466,-1.0103
4467,-0.9648
4468,-1.2317
4469,-0.4741
4470,-0.8558
4471,-1.0198
4472,-0.5627
4473,-0.8596
4474,-0.9594
4475,-0.6636
4476,-0.9367
4477,-0.7048
4478,-0.8657
4479,-0.6458
4480,-0.7920
4481,-0.9142
4482,-0.7957
4483,-0.9383
4484,-0.9854
4485,-0.7150
4486,-1.2375
4487,-1.0821
4488,-0.8935
4489,-1.0897
4490,-0.5810
4491,-0.8953
4492,-0.5992
4493,-0.6690
4494,-0.9547
4495,-0.8446
4496,-0.8423
4497,-0.8016
4498,-1.0588
4499,-1.0689
4500,-0.6985
4501,-1.2907
4502,-0.7897
4503,-0.6198
4504,-0.6333
4505,-1.0911
4506,-0.9968
4507,-0.6769
4508,-0.7065
4509,-0.6917
4510,-1.0579
4511,-1.1634
4512,-0.6402
4513,-0.5341
4514,-0.8145
4515,-1.0169
4516,-1.0298
4517,-0.7836
4518,-0.9929
4519,-0.5105
4520,-0.7137
4521,-1.0373
4522,-1.1537
4523,-1.0625
4524,-1.0429
4525,-1.0354
4526,-0.9402
4527,-0.7400
4528,-0.8302
4529,-1.1504
4530,-0.5341
4531,-1.1416
4532,-0.8426
4533,-0.6309
4534,-0.8351
4535,-1.0080
4536,-0.4184
4537,-0.9466
4538,-0.8783
4539,-0.6275
4540,-0.6484
4541,-0.8781
4542,-0.6590
4543,-1.1917
4544,-1.1394
4545,-0.7094
4546,-0.8381
4547,-1.5489
4548,-1.2840
4549,-0.9937
4550,-0.5658
4551,-0.7587
4552,-0.6423
4553,-0.7726
4554,-0.9129
4555,-0.5226
4556,-0.8808
4557,-0.9450
4558,-0.8499
4559,-0.7401
4560,-0.8751
4561,-1.4567
4562,-0.5870
4563,-0.3002
4564,-0.4133
4565,-0.5077
4566,-0.4792
4567,-1.0095
4568,-0.7905
4569,-1.1003
4570,-0.6966
4571,-0.3991
4572,-0.8144
4573,-0.6912
4574,-0.4326
4575,-0.3681
4576,-0.7325
4577,-1.4623
4578,-1.1751
4579,-0.8585
4580,-0.5382
4581,-0.6765
4582,-0.9174
4583,-0.9603
4584,-0.6067
4585,-0.8729
4586,-0.6624
4587,-1.0186
4588,-0.8363
4589,-0.7675
4590,-0.6666
4591,-0.9774
4592,-0.8280
4593,-0.4830
4594,-1.4030
4595,-0.7985
4596,-0.9275
4597,-0.7005
4598,-0.9268
4599,-1.2870
4600,-1.1745
4601,-0.6771
4602,-0.7801
4603,-1.1054
4604,-0.9495
4605,-1.2130
4606,-0.4246
4607,-1.0398
4608,-0.7089
4609,-0.5731
4610,-0.7728
4611,-0.8200
4612,-0.5945
4613,-0.9158
4614,-1.0777
4615,-1.0922
4616,-0.9106
4617,-0.7844
4618,-1.1141
4619,-0.7901
4620,-0.7631
4621,-1.1429
4622,-0.9857
4623,-1.3139
4624,-0.4380
4625,-1.1558
4626,-0.8725
4627,-0.8145
4628,-0.6006
4629,-0.4953
4630,-1.0533
4631,-0.8636
4632,-0.6460
4633,-0.3233
4634,-1.2754
4635,-0.6702
4636,-1.2538
4637,-0.6941
4638,-0.8688
4639,-0.7826
4640,-0.9180
4641,-0.6220
4642,-1.2706
4643,-0.5482
4644,-1.1827
4645,-0.7301
4646,-0.5942
4647,-1.2616
4648,-0.6898
4649,-0.8691
4650,-1.2743
4651,-0.8461
4652,-0.7253
4653,-0.7806
4654,-0.8494
4655,-0.6949
4656,-0.7505
4657,-0.8175
4658,-0.6923
4659,-0.8057
4660,-0.6338
4661,-0.6877
4662,-0.9472
4663,-0.9932
4664,-0.7235
4665,-1.1340
4666,-1.3327
4667,-0.7397
4668,-0.8310
4669,-0.5772
4670,-0.8870
4671,-0.5452
4672,-0.7310
4673,-0.6695
4674,-0.3552
4675,-0.9642
4676,-0.9354
4677,-0.7758
4678,-0.8272
4679,-1.1034
4680,-0.6354
4681,-0.9522
4682,-1.2949
4683,-0.5769
4684,-0.7931
4685,-0.8862
4686,-0.7056
4687,-0.7256
4688,-0.9298
4689,-0.9040
4690,-1.0280
4691,-0.8839
4692,-0.9018
4693,-0.9772
4694,-0.8437
4695,-1.0280
4696,-1.1476
4697,-0.8612
4698,-0.8544
4699,-0.8488
4700,-0.7790
4701,-0.9156
4702,-0.7595
4703,-0.6942
4704,-0.7984
4705,-0.6026
4706,-0.9808
4707,-0.5926
4708,-0.3997
4709,-1.1010
4710,-0.7622
4711,-1.0394
4712,-0.6778
4713,-0.8557
4714,-0.8599
4715,-0.5572
4716,-0.8233
4717,-1.2423
4718,-0.4818
4719,-0.9984
4720,-0.7403
4721,-1.3015
4722,-1.0930
4723,-0.4793
4724,-0.8835
4725,-0.6685
4726,-0.8933
4727,-0.7310
4728,-1.0560
4729,-0.7887
4730,-0.8850
4731,-0.7596
4732,-1.1224
4733,-0.6990
4734,-0.8838
4735,-0.7754
4736,-1.4337
4737,-0.9274
4738,-0.8268
4739,-1.3721
4740,-0.9834
4741,-1.1690
4742,-0.8831
4743,-1.1223
4744,-0.6822
4745,-1.0091
4746,-0.4890
4747,-1.0918
4748,-0.9198
4749,-0.6620
4750,-0.5905
4751,-0.7450
4752,-0.8083
4753,-0.9778
4754,-0.5056
4755,-1.0114
4756,-0.4866
4757,-0.8306
4758,-0.7940
4759,-0.9432
4760,-0.4521
4761,-0.7821
4762,-0.7157
4763,-0.5758
4764,-0.8074
4765,-0.3733
4766,-0.7242
4767,-0.8174
4768,-0.4975
4769,-0.6343
4770,-0.6737
4771,-1.0138
4772,-1.0575
4773,-1.3198
4774,-0.4934
4775,-0.7973
4776,-0.6385
4777,-0.7931
4778,-0.9537
4779,-0.8970
4780,-0.8967
4781,-1.0189
4782,-1.0765
4783,-1.2484
4784,-1.1708
4785,-0.4793
4786,-0.7855
4787,-0.8106
4788,-0.7301
4789,-0.8526
4790,-1.2169
4791,-1.3422
4792,-1.1738
4793,-0.6889
4794,-0.8678
4795,-0.5445
4796,-0.7702
4797,-0.9122
4798,-1.1486
4799,-0.7827
4800,-0.9104
4801,-1.0254
4802,-0.6895
4803,-0.9797
4804,-0.7200
4805,-1.3433
4806,-1.1413
4807,-0.7425
4808,-0.8718
4809,-1.0286
4810,-0.8100
4811,-1.1146
4812,-0.9520
4813,-1.0075
4814,-0.8462
4815,-0.5101
4816,-0.6305
4817,-0.4693
4818,-0.7765
4819,-0.9651
4820,-0.7111
4821,-1.2652
4822,-0.9869
4823,-0.8617
4824,-0.7011
4825,-0.5151
4826,-0.9708
4827,-0.8363
4828,-0.7556
4829,-0.8108
4830,-1.1554
4831,-0.7697
4832,-0.6394
4833,-0.9652
4834,-0.9811
4835,-1.0893
4836,-1.1847
4837,-0.8126
4838,-1.1439
4839,-0.6572
4840,-0.9406
4841,-0.8709
4842,-0.8364
4843,-0.7874
4844,-1.0364
4845,-0.8217
4846,-0.5376
4847,-0.9031
4848,-0.7344
4849,-0.8543
4850,-1.0314
4851,-0.6196
4852,-0.7120
4853,-0.9661
4854,-1.1736
4855,-1.3477
4856,-1.1786
4857,-0.6983
4858,-0.7430
4859,-0.6498
4860,-0.6571
4861,-1.0696
4862,-0.4290
4863,-1.2783
4864,-0.7358
4865,-0.8420
4866,-0.5925
4867,-0.5874
4868,-0.4517
4869,-0.5250
4870,-0.6707
4871,-0.9441
4872,-0.9385
4873,-0.7869
4874,-0.7937
4875,-0.3968
4876,-0.5178
4877,-1.0411
4878,-0.9570
4879,-0.8745
4880,-0.9085
4881,-0.7171
4882,-0.9630
4883,-0.7380
4884,-0.9617
4885,-0.4534
4886,-1.4586
4887,-0.8674
4888,-1.0059
4889,-0.6710
4890,-0.8772
4891,-0.8010
4892,-1.2139
4893,-0.9993
4894,-1.3385
4895,-1.0209
4896,-0.7916
4897,-0.6737
4898,-1.5321
4899,-1.0290
4900,-1.1318
4901,-0.7986
4902,-0.2552
4903,-0.8463
4904,-1.2617
4905,-0.7008
4906,-1.0105
4907,-1.1135
4908,-1.2864
4909,-0.8112
4910,-0.6562
4911,-0.7595
4912,-0.8422
4913,-1.0403
4914,-0.4682
4915,-1.1037
4916,-1.0567
4917,-1.1637
4918,-0.7906
4919,-1.2990
4920,-0.7158
4921,-0.8042
4922,-0.6396
4923,-0.9116
4924,-1.0352
4925,-1.2118
4926,-0.7830
4927,-0.4002
4928,-0.8033
4929,-1.0528
4930,-0.7015
4931,-0.7381
4932,-1.2148
4933,-1.0574
4934,-0.9393
4935,-0.9667
4936,-0.8225
4937,-0.6794
4938,-1.2275
4939,-0.9330
4940,-0.6968
4941,-1.2260
4942,-0.9964
4943,-0.9161
4944,-0.8607
4945,-0.7376
4946,-1.2521
4947,-0.8113
4948,-0.8566
4949,-0.8987
4950,-0.6861
4951,-0.8581
4952,-0.8725
4953,-0.8170
4954,-1.1946
4955,-0.8737
4956,-1.0444
4957,-0.9794
4958,-1.3455
4959,-1.2398
4960,-0.7374
4961,-0.7764
4962,-1.1592
4963,-0.9569
4964,-0.8153
4965,-0.8817
4966,-0.7889
4967,-0.7783
4968,-0.6766
4969,-0.7405
4970,-1.2703
4971,-1.0380
4972,-0.8899
4973,-0.5410
4974,-0.8205
4975,-0.8295
4976,-0.7823
4977,-0.9552
4978,-0.6945
4979,-0.8977
4980,-0.9850
4981,-0.5593
4982,-0.4079
4983,-0.8010
4984,-1.1588
4985,-0.8695
4986,-1.0485
4987,-0.7703
4988,-0.8089
4989,-0.6887
4990,-0.8111
4991,-0.9218
4992,-0.7742
4993,-0.9697
4994,-1.1617
4995,-0.7859
4996,-0.8117
4997,-0.5612
4998,-1.2596
4999,-0.8056
5000,-0.9706
5001,-0.7483
5002,-0.7445
5003,-0.6488
5004,-1.1827
5005,-0.9577
5006,-0.5859
5007,-0.8185
5008,-0.9342
5009,-0.8999
5010,-0.8179
5011,-1.0684
5012,-0.8380
5013,-0.7329
5014,-0.8630
5015,-0.5567
5016,-0.5373
5017,-0.9035
5018,-0.5719
5019,-0.4718
5020,-1.0801
5021,-0.7888
5022,-0.6930
5023,-1.0039
5024,-0.6930
5025,-0.6889
5026,-0.6307
5027,-0.8158
5028,-0.6299
5029,-1.0184
5030,-0.2641
5031,-0.6609
5032,-1.1170
5033,-1.2428
5034,-0.9192
5035,-0.7433
5036,-0.8525
5037,-0.8710
5038,-0.8513
5039,-0.7664
5040,-0.6505
5041,-1.2359
5042,-1.4154
5043,-0.7236
5044,-0.8471
5045,-0.7553
5046,-0.9742
5047,-0.8227
5048,-0.9374
5049,-0.9829
5050,-0.6702
5051,-0.8246
5052,-1.0832
5053,-0.4754
5054,-0.6562
5055,-0.6384
5056,-0.6821
5057,-0.9024
5058,-1.3118
5059,-1.0278
5060,-0.6069
5061,-0.9244
5062,-0.5983
5063,-0.5909
5064,-1.3600
5065,-0.8305
5066,-0.8984
5067,-0.6450
5068,-1.0798
5069,-1.1123
5070,-1.0390
5071,-0.6258
5072,-1.0491
5073,-0.7921
5074,-0.9176
5075,-0.4439
5076,-1.1493
5077,-1.0643
5078,-0.4902
5079,-1.0371
5080,-0.9531
5081,-1.1447
5082,-1.0973
5083,-0.6030
5084,-0.5749
5085,-1.1654
5086,-1.0644
5087,-1.0615
5088,-1.2615
5089,-0.7389
5090,-0.7854
5091,-0.5316
5092,-0.8922
5093,-0.8540
5094,-0.7972
5095,-0.9408
5096,-0.6745
5097,-0.4954
5098,-0.6820
5099,-1.1059
5100,-1.0676
5101,-0.8074
5102,-0.7597
5103,-1.0404
5104,-1.0296
5105,-1.2674
5106,-1.4032
5107,-0.9380
5108,-0.8646
5109,-0.4465
5110,-0.6014
5111,-1.0977
5112,-0.7032
5113,-0.6352
5114,-0.6823
5115,-1.6942
5116,-0.5813
5117,-1.0920
5118,-0.7648
5119,-1.0670
5120,-0.9728
5121,-0.7676
5122,-1.1850
5123,-0.6481
5124,-0.6949
5125,-0.9319
5126,-0.6825
5127,-0.6924
5128,-0.7971
5129,-0.5311
5130,-1.1362
5131,-0.8524
5132,-0.7765
5133,-0.9741
5134,-1.0909
5135,-0.2133
5136,-0.5761
5137,-0.5922
5138,-1.0249
5139,-0.9424
5140,-1.0548
5141,-0.9663
5142,-0.5276
5143,-0.9535
5144,-0.9252
5145,-0.5052
5146,-1.1267
5147,-0.8744
5148,-1.1489
5149,-0.9465
5150,-1.2849
5151,-1.0171
5152,-1.2858
5153,-1.0595
5154,-0.6789
5155,-0.6692
5156,-0.3440
5157,-0.8843
5158,-1.0466
5159,-1.0296
5160,-0.8669
5161,-1.0104
5162,-0.5262
5163,-0.8538
5164,-0.8463
5165,-0.8167
5166,-1.4791
5167,-1.1042
5168,-0.9941
5169,-1.1331
5170,-1.1513
5171,-1.0987
5172,-1.1197
5173,-0.6367
5174,-1.0421
5175,-0.8276
5176,-1.1047
5177,-0.5539
5178,-0.7678
5179,-1.1696
5180,-0.7130
5181,-1.1036
5182,-0.8012
5183,-0.9611
5184,-0.5337
5185,-1.0820
5186,-0.8911
5187,-0.8301
5188,-0.8620
5189,-1.0808
5190,-0.7205
5191,-1.0747
5192,-0.3198
5193,-0.7638
5194,-0.8244
5195,-1.0116
5196,-0.5086
5197,-0.7503
5198,-0.8218
5199,-0.8915
5200,-0.8281
5201,-0.9677
5202,-1.4340
5203,-0.3975
5204,-0.4227
5205,-0.5249
5206,-1.0471
5207,-0.5824
5208,-1.1899
5209,-0.6601
5210,-0.6572
5211,-1.3396
5212,-0.4808
5213,-0.8173
5214,-0.7438
5215,-0.8869
5216,-0.8516
5217,-0.7350
5218,-0.8995
5219,-0.4078
5220,-0.9484
5221,-0.7963
5222,-0.8071
5223,-0.4718
5224,-0.2400
5225,-1.1630
5226,-1.0272
5227,-0.6333
5228,-1.0210
5229,-1.2838
5230,-0.8843
5231,-0.7702
5232,-0.8769
5233,-1.2465
5234,-0.8344
5235,-1.1039
5236,-0.7123
5237,-0.7814
5238,-1.1114
5239,-0.8653
5240,-1.0978
5241,-1.2535
5242,-0.8462
5243,-0.7552
5244,-1.0440
5245,-0.9941
5246,-0.9687
5247,-1.1791
5248,-0.4132
5249,-0.5502
5250,-0.4296
5251,-1.1319
5252,-1.1091
5253,-0.8766
5254,-0.6954
5255,-0.5710
5256,-0.9457
5257,-0.6909
5258,-0.8093
5259,-0.9128
5260,-0.6934
5261,-1.1670
5262,-0.8899
5263,-0.9517
5264,-0.9472
5265,-0.9542
5266,-0.9822
5267,-0.7801
5268,-1.0716
5269,-0.6898
5270,-0.9057
5271,-0.7636
5272,-1.1033
5273,-0.5224
5274,-1.0951
5275,-0.8063
5276,-0.2674
5277,-0.7720
5278,-0.9283
5279,-0.5484
5280,-0.5078
5281,-1.1430
5282,-0.8020
5283,-1.0038
5284,-1.0571
5285,-0.7672
5286,-0.9594
5287,-0.9264
5288,-0.7877
5289,-0.7136
5290,-0.8245
5291,-0.8827
5292,-0.9009
5293,-0.8801
5294,-0.4641
5295,-0.7043
5296,-0.3959
5297,-1.2738
5298,-0.6949
5299,-0.8577
5300,-0.6491
5301,-0.9576
5302,-1.0415
5303,-0.5526
5304,-0.9489
5305,-0.6276
5306,-1.0025
5307,-0.8773
5308,-0.7137
5309,-0.8850
5310,-1.0804
5311,-0.9875
5312,-1.0731
5313,-0.8495
5314,-0.9606
5315,-1.2398
5316,-0.7200
5317,-1.1792
5318,-0.8764
5319,-1.0714
5320,-0.6859
5321,-0.7220
5322,-1.0562
5323,-1.1250
5324,-0.5131
5325,-0.8233
5326,-0.3979
5327,-0.8914
5328,-0.9110
5329,-0.7811
5330,-1.1389
5331,-0.4778
5332,-1.1387
5333,-0.8580
5334,-1.2537
5335,-0.4971
5336,-0.5505
5337,-0.4936
5338,-0.8463
5339,-1.1194
5340,-0.8696
5341,-0.7166
5342,-0.7877
5343,-0.4210
5344,-0.8821
5345,-0.7994
5346,-1.0829
5347,-0.7427
5348,-1.2582
5349,-0.6101
5350,-1.0913
5351,-0.6741
5352,-0.7483
5353,-0.7357
5354,-0.7668
5355,-0.7438
5356,-1.2187
5357,-1.1196
5358,-0.8531
5359,-1.1313
5360,-0.7038
5361,-0.8412
5362,-0.9267
5363,-1.1095
5364,-0.7989
5365,-0.8701
5366,-0.5397
5367,-0.7055
5368,-0.7099
5369,-0.7926
5370,-0.6113
5371,-0.6321
5372,-0.8214
5373,-0.8364
5374,-0.9936
5375,-1.1048
5376,-1.1640
5377,-0.9256
5378,-0.4583
5379,-1.3794
5380,-0.6481
5381,-0.8262
5382,-0.5879
5383,-1.2165
5384,-0.7046
5385,-0.9133
5386,-0.3649
5387,-0.6947
5388,-0.5727
5389,-0.7454
5390,-1.0170
5391,-0.7374
5392,-0.7467
5393,-0.8254
5394,-0.7587
5395,-1.0993
5396,-0.8196
5397,-0.8129
5398,-0.5571
5399,-0.7744
5400,-0.8969
5401,-1.0496
5402,-0.7791
5403,-0.8574
5404,-1.0196
5405,-0.9819
5406,-0.9835
5407,-0.9565
5408,-1.1536
5409,-0.9727
5410,-0.9750
5411,-1.1257
5412,-0.8293
5413,-1.0383
5414,-1.2375
5415,-1.1239
5416,-0.5873
5417,-1.0139
5418,-0.8359
5419,-0.8894
5420,-0.9545
5421,-1.0299
5422,-0.8444
5423,-0.5435
5424,-1.0095
5425,-0.8657
5426,-0.8356
5427,-0.6606
5428,-1.2265
5429,-0.6202
5430,-1.3439
5431,-0.8079
5432,-1.1238
5433,-0.8645
5434,-0.9209
5435,-0.9952
5436,-0.7683
5437,-1.1176
5438,-1.0219
5439,-0.7816
5440,-0.1981
5441,-0.5796
5442,-0.8934
5443,-0.7630
5444,-1.0788
5445,-1.2341
5446,-1.4275
5447,-1.2115
5448,-0.9238
5449,-0.7647
5450,-1.1064
5451,-0.7782
5452,-1.0172
5453,-0.7322
5454,-0.8994
5455,-0.7543
5456,-1.0295
5457,-0.8900
5458,-0.8374
5459,-0.6275
5460,-0.7575
5461,-0.9610
5462,-0.9740
5463,-0.3456
5464,-0.7358
5465,-0.9631
5466,-0.6658
5467,-0.8272
5468,-1.3294
5469,-0.5460
5470,-0.9382
5471,-1.0456
5472,-1.1444
5473,-0.8658
5474,-0.6565
5475,-0.8392
5476,-1.2080
5477,-1.0417
5478,-0.7167
5479,-1.0411
5480,-0.9994
5481,-0.9097
5482,-0.7522
5483,-0.6196
5484,-0.4270
5485,-0.7078
5486,-0.7697
5487,-0.8887
5488,-1.0212
5489,-0.9349
5490,-1.0127
5491,-1.1836
5492,-0.7658
5493,-0.7087
5494,-1.1945
5495,-0.6871
5496,-0.4057
5497,-0.2816
5498,-0.7229
5499,-0.8570
5500,-1.0489
5501,-1.2757
5502,-0.9477
5503,-0.9856
5504,-1.2173
5505,-0.7792
5506,-0.6963
5507,-1.0301
5508,-0.8461
5509,-1.2502
5510,-1.0961
5511,-1.1531
5512,-0.6344
5513,-0.9076
5514,-0.8587
5515,-0.9165
5516,-0.8413
5517,-0.6699
5518,-0.7783
5519,-1.1580
5520,-0.9145
5521,-0.5088
5522,-0.6842
5523,-1.0294
5524,-0.6802
5525,-0.9218
5526,-0.4811
5527,-0.8908
5528,-0.8165
5529,-0.7913
5530,-0.5577
5531,-0.9916
5532,-0.6908
5533,-1.0555
5534,-0.9622
5535,-0.6469
5536,-0.9316
5537,-0.9492
5538,-0.6231
5539,-0.2386
5540,-0.5693
5541,-0.6704
5542,-0.9143
5543,-0.8472
5544,-0.7324
5545,-0.9896
5546,-0.8959
5547,-0.8784
5548,-0.8134
5549,-0.8474
5550,-0.8267
5551,-0.6074
5552,-1.2118
5553,-0.8234
5554,-0.4278
5555,-0.9833
5556,-0.8837
5557,-0.5646
5558,-1.0968
5559,-1.2301
5560,-0.8398
5561,-0.7586
5562,-0.8311
5563,-0.9565
5564,-1.0664
5565,-0.6848
5566,-0.9199
5567,-0.6902
5568,-0.9310
5569,-0.9590
5570,-1.0776
5571,-1.0906
5572,-0.6176
5573,-0.8197
5574,-0.6431
5575,-0.9592
5576,-0.9376
5577,-0.9986
5578,-0.8468
5579,-1.0038
5580,-0.2678
5581,-0.4007
5582,-0.6566
5583,-0.6813
5584,-0.8985
5585,-0.7737
5586,-1.0201
5587,-0.8120
5588,-1.0431
5589,-1.2042
5590,-0.8702
5591,-1.1587
5592,-0.6377
5593,-1.3417
5594,-0.9245
5595,-0.6231
5596,-0.5947
5597,-0.7511
5598,-1.1837
5599,-0.8613
5600,-1.1562
5601,-0.9975
5602,-0.8959
5603,-0.9564
5604,-0.6033
5605,-0.4669
5606,-0.8902
5607,-0.7813
5608,-1.0303
5609,-0.6856
5610,-0.5303
5611,-1.4537
5612,-0.7504
5613,-0.7828
5614,-0.5204
5615,-1.1698
5616,-0.8266
5617,-1.0888
5618,-1.0454
5619,-0.6621
5620,-0.5743
5621,-0.8720
5622,-0.8032
5623,-0.7152
5624,-1.2531
5625,-0.7006
5626,-1.1144
5627,-0.8710
5628,-0.5137
5629,-0.6193
5630,-1.2387
5631,-1.3162
5632,-1.3579
5633,-0.9026
5634,-0.7588
5635,-0.8230
5636,-1.1243
5637,-1.0915
5638,-0.8190
5639,-0.7820
5640,-1.0072
5641,-0.9368
5642,-0.3767
5643,-0.9596
5644,-0.7336
5645,-0.5925
5646,-0.7035
5647,-1.2356
5648,-0.7185
5649,-1.2386
5650,-1.0334
5651,-0.7939
5652,-0.6591
5653,-0.6098
5654,-0.5866
5655,-0.7564
5656,-0.8988
5657,-1.2348
5658,-0.7865
5659,-0.5939
5660,-0.7761
5661,-0.7136
5662,-1.2172
5663,-0.9658
5664,-0.4067
5665,-0.5170
5666,-0.8661
5667,-0.3666
5668,-1.4730
5669,-0.8247
5670,-0.9234
5671,-0.8118
5672,-1.0231
5673,-1.0769
5674,-0.8364
5675,-0.8848
5676,-0.3706
5677,-0.6475
5678,-1.1799
5679,-0.8718
5680,-0.9293
5681,-0.7722
5682,-1.1759
5683,-0.8693
5684,-0.7097
5685,-0.6103
5686,-0.7464
5687,-0.7878
5688,-0.7905
5689,-0.6739
5690,-0.6101
5691,-0.9754
5692,-0.5225
5693,-0.7459
5694,-1.3763
5695,-0.7115
5696,-0.5781
5697,-1.0737
5698,-1.2894
5699,-0.4899
5700,-0.6400
5701,-1.1402
5702,-0.8266
5703,-1.2931
5704,-0.9956
5705,-0.6469
5706,-1.0932
5707,-1.0619
5708,-0.8880
5709,-0.7555
5710,-0.8566
5711,-1.0146
5712,-0.9437
5713,-0.7363
5714,-1.0152
5715,-0.8971
5716,-0.8885
5717,-0.4652
5718,-0.9639
5719,-0.8832
5720,-0.8065
5721,-0.8029
5722,-0.8277
5723,-1.0169
5724,-0.5517
5725,-0.6741
5726,-1.2797
5727,-1.0632
5728,-0.7106
5729,-0.9403
5730,-1.0353
5731,-0.5094
5732,-0.6336
5733,-0.8248
5734,-0.8994
5735,-0.9175
5736,-0.7200
5737,-0.8636
5738,-0.5934
5739,-0.7803
5740,-0.9077
5741,-0.6673
5742,-0.8116
5743,-0.6768
5744,-0.7594
5745,-0.8057
5746,-0.9850
5747,-0.8395
5748,-1.2415
5749,-1.2036
5750,-0.9165
5751,-1.0224
5752,-0.8016
5753,-1.0864
5754,-1.3092
5755,-0.5522
5756,-0.8159
5757,-0.9929
5758,-0.6998
5759,-0.9356
5760,-0.3865
5761,-1.0120
5762,-0.9578
5763,-0.9796
5764,-1.3368
5765,-1.3426
5766,-1.0476
5767,-0.4595
5768,-0.7982
5769,-0.8708
5770,-0.8154
5771,-0.9530
5772,-0.7925
5773,-1.1783
5774,-0.8642
5775,-0.6816
5776,-0.5497
5777,-0.9345
5778,-0.5804
5779,-0.6948
5780,-0.7837
5781,-0.7308
5782,-0.8640
5783,-0.8432
5784,-0.7477
5785,-0.9543
5786,-0.8644
5787,-0.6904
5788,-1.0148
5789,-0.7449
5790,-0.5596
5791,-1.2994
5792,-1.3203
5793,-0.8197
5794,-0.6610
5795,-1.1154
5796,-0.7199
5797,-0.6934
5798,-0.4534
5799,-1.0542
5800,-1.0005
5801,-0.8307
5802,-1.0021
5803,-0.6760
5804,-0.9911
5805,-0.8489
5806,-0.9858
5807,-1.0849
5808,-0.7116
5809,-0.9802
5810,-1.2597
5811,-0.9364
5812,-0.9182
5813,-0.8930
5814,-1.1650
5815,-0.9282
5816,-1.1502
5817,-0.7958
5818,-0.6908
5819,-0.8644
5820,-0.2456
5821,-0.7916
5822,-1.2365
5823,-0.7823
5824,-0.5787
5825,-0.9581
5826,-0.6959
5827,-0.5301
5828,-0.9762
5829,-1.1499
5830,-0.6777
5831,-0.7084
5832,-0.7457
5833,-0.8119
5834,-1.2159
5835,-0.9390
5836,-1.0022
5837,-1.0748
5838,-1.0112
5839,-0.9297
5840,-0.4105
5841,-0.8477
5842,-0.8356
5843,-0.5352
5844,-1.0184
5845,-0.9402
5846,-0.7794
5847,-1.0197
5848,-0.7810
5849,-0.6347
5850,-0.8117
5851,-0.8042
5852,-1.0060
5853,-0.4164
5854,-0.5518
5855,-0.9134
5856,-0.5397
5857,-1.0740
5858,-0.6348
5859,-0.5735
5860,-1.2362
5861,-0.6606
5862,-0.7478
5863,-0.8209
5864,-0.7103
5865,-1.0159
5866,-1.1055
5867,-0.6197
5868,-1.3933
5869,-0.8911
5870,-0.4746
5871,-0.8237
5872,-0.7002
5873,-0.8847
5874,-0.9063
5875,-0.7540
5876,-0.6963
5877,-0.5397
5878,-0.6829
5879,-0.6721
5880,-1.1308
5881,-1.0027
5882,-0.9119
5883,-0.6828
5884,-1.1038
5885,-0.8832
5886,-0.4292
5887,-1.0407
5888,-0.8973
5889,-0.9507
5890,-0.7256
5891,-0.9632
5892,-1.2606
5893,-0.7396
5894,-0.8260
5895,-0.7324
5896,-0.4328
5897,-1.0493
5898,-1.0572
5899,-0.9580
5900,-0.7926
5901,-0.8965
5902,-0.7913
5903,-0.3489
5904,-0.6649
5905,-0.4086
5906,-0.8219
5907,-0.7126
5908,-0.9675
5909,-0.5418
5910,-1.2724
5911,-0.7739
5912,-0.5534
5913,-1.0540
5914,-0.8054
5915,-1.1056
5916,-0.7657
5917,-1.2160
5918,-1.1066
5919,-0.9428
5920,-0.7049
5921,-0.9666
5922,-0.7081
5923,-0.8060
5924,-0.7765
5925,-1.0931
5926,-1.5444
5927,-0.9663
5928,-0.4725
5929,-0.6915
5930,-1.1567
5931,-0.6677
5932,-0.8280
5933,-0.9409
5934,-0.4000
5935,-1.1289
5936,-0.8963
5937,-0.8493
5938,-1.0670
5939,-0.9588
5940,-1.2329
5941,-0.7988
5942,-1.1062
5943,-0.4484
5944,-0.9396
5945,-0.7398
5946,-1.0511
5947,-0.7428
5948,-0.6900
5949,-0.8044
5950,-0.9326
5951,-0.2872
5952,-1.1415
5953,-0.7176
5954,-0.7652
5955,-0.8187
5956,-0.8166
5957,-1.2765
5958,-1.0772
5959,-0.9214
5960,-0.8985
5961,-0.3940
5962,-0.8703
5963,-1.0758
5964,-1.0339
5965,-1.1236
5966,-0.9246
5967,-1.1350
5968,-0.7601
5969,-0.8548
5970,-0.8326
5971,-0.6459
5972,-1.0075
5973,-1.0206
5974,-0.7021
5975,-0.6370
5976,-0.9762
5977,-1.0264
5978,-0.7858
5979,-0.7700
5980,-0.7597
5981,-1.5754
5982,-1.2239
5983,-0.7297
5984,-0.8794
5985,-0.5376
5986,-0.5710
5987,-0.6890
5988,-0.8401
5989,-0.6681
5990,-0.8834
5991,-0.9418
5992,-1.0063
5993,-1.2417
5994,-0.6356
5995,-0.3623
5996,-0.6625
5997,-0.9320
5998,-1.0775
5999,-1.2261
6000,-0.9329
6001,-1.2409
6002,-0.4599
6003,-0.3850
6004,-0.6392
6005,-1.1187
6006,-0.9415
6007,-0.8577
6008,-0.7741
6009,-1.0943
6010,-1.1829
6011,-0.8839
6012,-0.7415
6013,-0.9725
6014,-0.7789
6015,-0.9401
6016,-0.8869
6017,-0.8668
6018,-0.7959
6019,-0.9842
6020,-0.7106
6021,-0.9233
6022,-0.5588
6023,-0.5506
6024,-0.5896
6025,-0.8916
6026,-1.0767
6027,-0.8781
6028,-0.8092
6029,-1.1664
6030,-0.9086
6031,-0.7207
6032,-0.6962
6033,-0.5850
6034,-0.6331
6035,-1.0008
6036,-0.6844
6037,-0.4225
6038,-0.4902
6039,-0.7542
6040,-1.1819
6041,-1.0500
6042,-0.8670
6043,-0.4637
6044,-0.9551
6045,-0.5396
6046,-0.5497
6047,-1.1368
6048,-0.3821
6049,-0.6064
6050,-0.6219
6051,-0.6625
6052,-0.7863
6053,-0.7824
6054,-0.9871
6055,-0.7420
6056,-0.7505
6057,-1.0498
6058,-0.9706
6059,-0.7516
6060,-1.0464
6061,-1.0132
6062,-0.6932
6063,-1.2570
6064,-0.7806
6065,-0.9545
6066,-0.8224
6067,-0.6133
6068,-0.7366
6069,-0.6998
6070,-0.6329
6071,-0.6399
6072,-1.2189
6073,-0.8341
6074,-0.9525
6075,-1.0109
6076,-1.1288
6077,-0.7965
6078,-0.6613
6079,-0.8295
6080,-0.7683
6081,-1.1752
6082,-0.6959
6083,-0.2670
6084,-1.1381
6085,-0.8443
6086,-0.7626
6087,-0.6732
6088,-0.6609
6089,-0.6231
6090,-0.7520
6091,-1.0523
6092,-0.9360
6093,-1.0937
6094,-0.4881
6095,-0.9663
6096,-0.7723
6097,-0.9248
6098,-0.5229
6099,-1.1053
6100,-0.7647
6101,-1.0675
6102,-0.9384
6103,-1.0166
6104,-0.7673
6105,-0.4490
6106,-1.0577
6107,-1.4477
6108,-0.5002
6109,-0.5040
6110,-0.6896
6111,-0.4165
6112,-1.0675
6113,-0.8134
6114,-0.8774
6115,-1.0597
6116,-0.6403
6117,-1.1018
6118,-0.3733
6119,-0.5992
6120,-0.9330
6121,-0.5549
6122,-1.0130
6123,-0.8610
6124,-0.8639
6125,-1.1652
6126,-0.8235
6127,-1.2157
6128,-0.8904
6129,-1.5203
6130,-0.5939
6131,-0.7921
6132,-0.7822
6133,-0.8215
6134,-1.0510
6135,-0.8361
6136,-1.1167
6137,-1.0026
6138,-0.5568
6139,-1.4376
6140,-0.6600
6141,-1.0819
6142,-1.2100
6143,-1.0853
6144,-0.7382
6145,-0.5700
6146,-0.9696
6147,-1.1730
6148,-1.0954
6149,-0.8895
6150,-1.0270
6151,-1.0212
6152,-0.8325
6153,-0.8132
6154,-0.7808
6155,-0.6743
6156,-0.8600
6157,-1.0800
6158,-0.7436
6159,-0.8121
6160,-1.0107
6161,-0.6997
6162,-1.2032
6163,-0.6665
6164,-0.8911
6165,-0.8004
6166,-0.9815
6167,-0.9477
6168,-0.7765
6169,-0.5355
6170,-0.3269
6171,-0.5978
6172,-0.8397
6173,-0.7070
6174,-0.7118
6175,-0.7479
6176,-0.8752
6177,-1.2274
6178,-0.8189
6179,-0.9968
6180,-1.0296
6181,-1.0782
6182,-1.0531
6183,-0.7220
6184,-1.1481
6185,-1.0245
6186,-0.7092
6187,-1.1127
6188,-0.7326
6189,-1.0040
6190,-0.4451
6191,-0.6956
6192,-0.8529
6193,-0.7699
6194,-0.6307
6195,-1.2404
6196,-0.9298
6197,-0.8789
6198,-1.0112
6199,-1.1446
6200,-0.7295
6201,-0.7103
6202,-0.8496
6203,-0.4885
6204,-1.2055
6205,-1.0896
6206,-1.0925
6207,-0.6994
6208,-1.0447
6209,-0.5702
6210,-0.9924
6211,-0.8187
6212,-0.3718
6213,-0.7955
6214,-0.8185
6215,-0.8137
6216,-1.0748
6217,-0.8175
6218,-0.7413
6219,-1.0957
6220,-0.9636
6221,-0.9304
6222,-0.6378
6223,-0.7640
6224,-0.9512
6225,-0.5860
6226,-0.6468
6227,-1.0136
6228,-1.0571
6229,-0.9168
6230,-0.9672
6231,-1.0665
6232,-0.8926
6233,-0.9444
6234,-1.3148
6235,-0.8771
6236,-0.5392
6237,-0.6489
6238,-0.7416
6239,-1.0982
6240,-0.7183
6241,-1.2430
6242,-0.9106
6243,-0.8366
6244,-0.8965
6245,-0.8155
6246,-0.6522
6247,-1.0954
6248,-0.6278
6249,-0.9803
6250,-0.5907
6251,-1.2444
6252,-0.8744
6253,-0.6026
6254,-0.6774
6255,-1.2054
6256,-0.3057
6257,-1.0809
6258,-1.0200
6259,-0.3917
6260,-0.7765
6261,-1.1991
6262,-0.9824
6263,-1.1246
6264,-1.0086
6265,-0.8190
6266,-1.0500
6267,-1.2536
6268,-0.5964
6269,-0.7679
6270,-0.7070
6271,-0.8017
6272,-1.1483
6273,-1.2961
6274,-0.7902
6275,-0.5078
6276,-0.9353
6277,-0.8999
6278,-0.9034
6279,-1.0467
6280,-0.8829
6281,-0.9760
6282,-0.6077
6283,-1.1491
6284,-0.6018
6285,-0.6638
6286,-0.9084
6287,-0.6034
6288,-1.1835
6289,-0.9024
6290,-0.7914
6291,-0.5316
6292,-0.5922
6293,-0.6504
6294,-0.7470
6295,-0.9612
6296,-1.3597
6297,-1.0873
6298,-1.4928
6299,-0.9195
6300,-1.0038
6301,-1.0409
6302,-0.9243
6303,-0.9401
6304,-0.9180
6305,-0.7705
6306,-0.5166
6307,-0.6758
6308,-0.8557
6309,-0.4153
6310,-1.0369
6311,-0.7578
6312,-0.9868
6313,-0.7581
6314,-0.6683
6315,-0.6753
6316,-0.7735
6317,-0.8771
6318,-0.6637
6319,-1.0581
6320,-1.1505
6321,-0.9865
6322,-0.6803
6323,-0.6036
6324,-0.6298
6325,-0.8406
6326,-1.0733
6327,-0.8451
6328,-0.7434
6329,-0.7305
6330,-1.1349
6331,-0.9148
6332,-0.7164
6333,-0.9096
6334,-0.9183
6335,-1.0502
6336,-1.0788
6337,-0.8505
6338,-0.8753
6339,-1.2452
6340,-1.2384
6341,-0.8508
6342,-0.7926
6343,-0.8288
6344,-0.7370
6345,-1.0848
6346,-1.1939
6347,-0.7076
6348,-1.1606
6349,-0.9965
6350,-0.8452
6351,-1.1416
6352,-0.8346
6353,-0.7733
6354,-1.0103
6355,-0.8388
6356,-0.7400
6357,-0.8646
6358,-0.8546
6359,-0.7509
6360,-0.6564
6361,-0.4838
6362,-0.9145
6363,-1.2216
6364,-0.9482
6365,-0.9076
6366,-0.7399
6367,-0.8267
6368,-0.6895
6369,-0.7362
6370,-0.7453
6371,-0.9736
6372,-0.7460
6373,-0.9245
6374,-0.6499
6375,-1.0900
6376,-0.6146
6377,-1.3083
6378,-0.8487
6379,-0.8705
6380,-0.6540
6381,-0.9678
6382,-1.1739
6383,-0.7646
6384,-0.8735
6385,-0.4966
6386,-0.6160
6387,-0.8922
6388,-0.8314
6389,-0.9790
6390,-0.5102
6391,-1.3954
6392,-0.7684
6393,-1.1179
6394,-0.9910
6395,-0.8421
6396,-0.8697
6397,-0.8747
6398,-0.5221
6399,-0.7633
6400,-0.8338
6401,-1.0222
6402,-0.7261
6403,-0.8294
6404,-0.5579
6405,-1.1637
6406,-1.3344
6407,-0.6866
6408,-0.8417
6409,-0.7991
6410,-0.6248
6411,-0.7822
6412,-0.9686
6413,-0.6740
6414,-1.0444
6415,-1.3555
6416,-0.7012
6417,-0.8292
6418,-0.7804
6419,-0.9053
6420,-0.9066
6421,-0.8653
6422,-0.8624
6423,-0.7067
6424,-0.9376
6425,-0.6439
6426,-1.3323
6427,-1.1627
6428,-1.1046
6429,-0.5885
6430,-0.5709
6431,-1.0664
6432,-0.8737
6433,-0.7231
6434,-1.3117
6435,-1.0997
6436,-0.8714
6437,-0.8073
6438,-1.3037
6439,-1.0095
6440,-0.9546
6441,-1.1302
6442,-0.5007
6443,-1.2110
6444,-0.7745
6445,-1.1620
6446,-0.7599
6447,-0.2689
6448,-0.7589
6449,-1.1572
6450,-1.0074
6451,-1.1860
6452,-0.9483
6453,-0.9039
6454,-0.2966
6455,-0.8905
6456,-0.6852
6457,-1.0094
6458,-0.5900
6459,-0.8845
6460,-0.9678
6461,-0.8532
6462,-1.0386
6463,-0.7116
6464,-0.2923
6465,-1.1234
6466,-0.9329
6467,-0.5210
6468,-1.0607
6469,-0.9833
6470,-0.8921
6471,-0.6702
6472,-1.0669
6473,-0.7029
6474,-0.5471
6475,-1.1092
6476,-0.7196
6477,-0.9667
6478,-0.9300
6479,-0.6296
6480,-0.6920
6481,-0.7180
6482,-0.5856
6483,-0.5086
6484,-0.9539
6485,-0.7647
6486,-0.8822
6487,-1.1759
6488,-0.5773
6489,-0.6832
6490,-0.9201
6491,-0.7396
6492,-0.9317
6493,-0.2968
6494,-0.6595
6495,-0.2835
6496,-0.6467
6497,-0.9684
6498,-0.8508
6499,-1.0736
6500,-1.0540
6501,-1.3270
6502,-0.7882
6503,-0.5746
6504,-0.8799
6505,-0.7091
6506,-1.1680
6507,-1.1956
6508,-1.1417
6509,-1.1153
6510,-0.8643
6511,-1.3040
6512,-0.1519
6513,-0.7886
6514,-0.7582
6515,-0.9373
6516,-1.0183
6517,-0.8613
6518,-1.1779
6519,-0.4510
6520,-1.0603
6521,-0.7489
6522,-0.7619
6523,-0.7440
6524,-0.4609
6525,-0.9258
6526,-0.8531
6527,-1.4512
6528,-0.8195
6529,-1.4036
6530,-0.6708
6531,-0.9306
6532,-0.7211
6533,-1.4886
6534,-0.7913
6535,-0.9670
6536,-1.3011
6537,-0.9815
6538,-0.9052
6539,-0.6642
6540,-0.8128
6541,-1.4237
6542,-0.8489
6543,-0.7857
6544,-1.3342
6545,-1.0295
6546,-0.9104
6547,-0.8825
6548,-0.8723
6549,-0.8543
6550,-1.3554
6551,-1.0597
6552,-0.5121
6553,-0.3628
6554,-0.8901
6555,-0.2753
6556,-0.3306
6557,-0.6662
6558,-0.5310
6559,-0.6857
6560,-0.8201
6561,-0.8062
6562,-0.9843
6563,-1.1001
6564,-1.1079
6565,-0.7669
6566,-0.4788
6567,-1.0188
6568,-0.5326
6569,-0.9373
6570,-0.9273
6571,-0.8355
6572,-0.4670
6573,-0.8111
6574,-0.9154
6575,-0.6144
6576,-0.6490
6577,-0.5441
6578,-0.9967
6579,-0.8589
6580,-0.4012
6581,-1.1541
6582,-1.2881
6583,-1.0004
6584,-0.5358
6585,-0.8229
6586,-0.9817
6587,-0.7228
6588,-0.5452
6589,-0.8491
6590,-1.0114
6591,-1.2112
6592,-1.2108
6593,-1.0614
6594,-0.8765
6595,-0.5094
6596,-0.8257
6597,-1.1111
6598,-0.8629
6599,-0.7735
6600,-1.1338
6601,-1.0490
6602,-1.1062
6603,-0.7096
6604,-0.9092
6605,-0.8051
6606,-0.8286
6607,-1.0436
6608,-1.0628
6609,-0.8224
6610,-0.7920
6611,-1.3402
6612,-1.0622
6613,-0.6919
6614,-1.4159
6615,-0.3851
6616,-1.0776
6617,-0.5316
6618,-0.7523
6619,-0.6058
6620,-1.1349
6621,-0.9807
6622,-0.9246
6623,-0.7470
6624,-1.0604
6625,-0.9756
6626,-0.8401
6627,-0.9192
6628,-0.9733
6629,-0.9907
6630,-0.8266
6631,-0.8594
6632,-0.6238
6633,-0.7860
6634,-0.9567
6635,-0.6496
6636,-0.2176
6637,-0.6010
6638,-0.8695
6639,-0.7357
6640,-0.8668
6641,-0.9485
6642,-1.2589
6643,-0.8389
6644,-0.9203
6645,-0.7927
6646,-0.3785
6647,-0.5482
6648,-0.5964
6649,-1.0662
6650,-0.7563
6651,-0.9706
6652,-0.5582
6653,-0.9660
6654,-1.1299
6655,-0.5411
6656,-0.4235
6657,-1.0411
6658,-0.9813
6659,-0.7877
6660,-0.8469
6661,-1.0327
6662,-0.9315
6663,-0.2624
6664,-0.6388
6665,-0.7543
6666,-1.1654
6667,-1.0684
6668,-0.8252
6669,-0.7279
6670,-0.9861
6671,-0.4510
6672,-1.2739
6673,-1.0767
6674,-0.5360
6675,-0.8926
6676,-0.8065
6677,-0.7877
6678,-0.6489
6679,-0.6698
6680,-0.6303
6681,-0.4373
6682,-0.6865
6683,-0.6820
6684,-0.9947
6685,-0.9881
6686,-1.0620
6687,-0.8121
6688,-0.6895
6689,-0.6724
6690,-0.6210
6691,-1.0239
6692,-0.6357
6693,-1.2573
6694,-1.0881
6695,-0.8134
6696,-0.9218
6697,-0.7441
6698,-1.0060
6699,-1.0453
6700,-0.7397
6701,-0.9319
6702,-1.1397
6703,-1.3168
6704,-0.7060
6705,-0.7106
6706,-0.8990
6707,-0.5062
6708,-0.7259
6709,-1.2218
6710,-0.7382
6711,-0.4738
6712,-0.6921
6713,-0.8587
6714,-1.0763
6715,-0.8092
6716,-1.0055
6717,-0.9094
6718,-0.9722
6719,-0.9888
6720,-1.4397
6721,-0.4715
6722,-1.2034
6723,-1.0542
6724,-1.0725
6725,-0.8230
6726,-0.5725
6727,-1.1623
6728,-0.8469
6729,-0.7370
6730,-1.0559
6731,-0.7902
6732,-0.7068
6733,-0.6999
6734,-1.0688
6735,-0.9398
6736,-0.8764
6737,-0.8277
6738,-1.0624
6739,-0.3837
6740,-1.1509
6741,-0.6436
6742,-0.6609
6743,-0.9489
6744,-0.9776
6745,-1.1555
6746,-1.0664
6747,-0.6183
6748,-0.6172
6749,-0.9541
6750,-0.9575
6751,-1.2724
6752,-0.7255
6753,-0.6064
6754,-0.8735
6755,-0.8529
6756,-1.1296
6757,-1.2398
6758,-0.7024
6759,-0.8749
6760,-0.9512
6761,-0.7349
6762,-1.3639
6763,-0.6201
6764,-0.8773
6765,-1.0206
6766,-0.8968
6767,-0.9844
6768,-1.0456
6769,-0.8477
6770,-0.7087
6771,-0.6749
6772,-0.7189
6773,-0.4840
6774,-0.3269
6775,-0.9136
6776,-1.2198
6777,-0.9042
6778,-1.0079
6779,-1.1628
6780,-1.0906
6781,-1.1300
6782,-0.7963
6783,-0.7149
6784,-0.8483
6785,-1.4004
6786,-0.9936
6787,-1.0585
6788,-0.8051
6789,-0.9002
6790,-1.1301
6791,-0.8332
6792,-1.0891
6793,-0.2555
6794,-1.0766
6795,-1.1650
6796,-0.8198
6797,-0.7095
6798,-0.6090
6799,-0.9079
6800,-1.0993
6801,-1.1760
6802,-0.9045
6803,-0.6890
6804,-0.9982
6805,-0.7587
6806,-0.6717
6807,-0.7891
6808,-0.8741
6809,-0.6071
6810,-0.8097
6811,-0.7791
6812,-1.0478
6813,-0.6382
6814,-1.0128
6815,-0.8769
6816,-0.7663
6817,-0.7594
6818,-1.0821
6819,-0.6143
6820,-1.1466
6821,-0.9583
6822,-0.9768
6823,-0.9905
6824,-0.9413
6825,-0.6326
6826,-0.5932
6827,-0.9154
6828,-0.9501
6829,-0.7647
6830,-1.0359
6831,-0.4076
6832,-1.2600
6833,-0.5948
6834,-0.8930
6835,-0.6289
6836,-1.1761
6837,-0.7565
6838,-0.7237
6839,-0.8872
6840,-0.8786
6841,-0.6580
6842,-0.8765
6843,-0.8578
6844,-0.6463
6845,-0.8211
6846,-0.7707
6847,-0.7432
6848,-0.8800
6849,-1.3416
6850,-0.6574
6851,-1.4369
6852,-0.8984
6853,-0.9233
6854,-0.8465
6855,-1.3558
6856,-0.4878
6857,-0.4909
6858,-1.2074
6859,-1.0375
6860,-0.7425
6861,-0.6337
6862,-0.9946
6863,-0.8332
6864,-1.1670
6865,-0.4119
6866,-0.7304
6867,-1.0296
6868,-0.9377
6869,-0.9395
6870,-0.8586
6871,-0.9052
6872,-0.9789
6873,-0.7987
6874,-1.1161
6875,-0.9224
6876,-1.1280
6877,-0.6942
6878,-1.0150
6879,-1.0909
6880,-1.4448
6881,-0.7315
6882,-1.0203
6883,-1.0533
6884,-0.9664
6885,-0.6392
6886,-0.7781
6887,-0.9074
6888,-0.9402
6889,-1.3635
6890,-0.9391
6891,-0.6549
6892,-0.5378
6893,-0.8417
6894,-1.0615
6895,-1.0035
6896,-1.0079
6897,-1.1335
6898,-0.9453
6899,-0.5990
6900,-1.2117
6901,-0.9858
6902,-0.5177
6903,-1.0320
6904,-1.3469
6905,-0.8368
6906,-1.0779
6907,-0.7896
6908,-1.3944
6909,-0.7669
6910,-0.7322
6911,-0.4582
6912,-0.8422
6913,-1.0268
6914,-0.5634
6915,-1.2638
6916,-1.0903
6917,-0.9397
6918,-0.6195
6919,-1.1913
6920,-0.9410
6921,-0.7802
6922,-0.0819
6923,-0.7579
6924,-0.8638
6925,-0.8824
6926,-1.1225
6927,-0.6287
6928,-0.5390
6929,-0.2565
6930,-0.8642
6931,-1.0803
6932,-1.2509
6933,-0.8580
6934,-0.5014
6935,-1.0727
6936,-0.9822
6937,-0.6697
6938,-0.8918
6939,-0.8263
6940,-0.8062
6941,-1.1533
6942,-0.5209
6943,-0.6324
6944,-0.4989
6945,-0.9485
6946,-0.9192
6947,-0.6662
6948,-0.8359
6949,-1.0000
6950,-0.4632
6951,-0.9411
6952,-0.9509
6953,-0.9008
6954,-1.2906
6955,-0.7791
6956,-1.2332
6957,-1.1633
6958,-0.6593
6959,-0.8741
6960,-0.9548
6961,-0.7961
6962,-0.9576
6963,-0.3996
6964,-0.7616
6965,-0.9302
6966,-0.9264
6967,-0.9010
6968,-0.9702
6969,-1.0189
6970,-1.0398
6971,-1.1074
6972,-1.0428
6973,-0.9233
6974,-0.6219
6975,-0.6300
6976,-0.8779
6977,-0.5935
6978,-1.0941
6979,-0.9737
6980,-0.9338
6981,-0.5431
6982,-0.9585
6983,-0.5647
6984,-0.9732
6985,-1.2696
6986,-1.2574
6987,-0.8246
6988,-0.6867
6989,-0.9566
6990,-0.8038
6991,-0.3172
6992,-0.9143
6993,-1.0727
6994,-1.0978
6995,-0.8277
6996,-0.6264
6997,-0.6276
6998,-0.6087
6999,-0.9375
7000,-1.0167
7001,-0.7866
7002,-0.8555
7003,-1.0296
7004,-1.1326
7005,-0.9228
7006,-0.6580
7007,-0.7512
7008,-0.4386
7009,-0.8707
7010,-0.7267
7011,-1.0088
7012,-0.6405
7013,-0.9514
7014,-0.7195
7015,-0.5890
7016,-0.7420
7017,-0.9387
7018,-0.7471
7019,-1.1317
7020,-0.9072
7021,-0.9273
7022,-0.7125
7023,-0.8017
7024,-0.8858
7025,-0.7081
7026,-0.7916
7027,-0.7326
7028,-0.9792
7029,-0.6414
7030,-1.1724
7031,-0.8123
7032,-1.0294
7033,-1.0175
7034,-0.8592
7035,-0.9442
7036,-1.0581
7037,-0.1375
7038,-0.7383
7039,-0.4995
7040,-0.5024
7041,-1.2595
7042,-0.7893
7043,-0.7600
7044,-0.6181
7045,-0.9181
7046,-0.9542
7047,-0.9815
7048,-0.9431
7049,-0.9191
7050,-1.4158
7051,-0.8439
7052,-0.7732
7053,-0.9954
7054,-0.8403
7055,-0.6745
7056,-0.5058
7057,-0.5863
7058,-0.7642
7059,-0.8578
7060,-1.0077
7061,-0.9345
7062,-0.8275
7063,-0.7318
7064,-0.4906
7065,-1.2522
7066,-0.7435
7067,-0.9907
7068,-1.0451
7069,-0.7006
7070,-0.3386
7071,-0.5311
7072,-1.3322
7073,-0.9314
7074,-0.7903
7075,-0.5657
7076,-0.7824
7077,-0.7523
7078,-0.4539
7079,-0.5987
7080,-0.8568
7081,-0.7312
7082,-0.8614
7083,-1.0383
7084,-0.8357
7085,-0.9188
7086,-1.0868
7087,-1.2723
7088,-0.4127
7089,-1.0547
7090,-0.7336
7091,-0.8668
7092,-0.9503
7093,-1.1344
7094,-0.8586
7095,-0.7692
7096,-0.7619
7097,-1.2916
7098,-0.9763
7099,-0.9505
7100,-0.8201
7101,-0.9074
7102,-0.4246
7103,-0.6267
7104,-0.8307
7105,-0.8709
7106,-1.0223
7107,-1.0709
7108,-0.8586
7109,-0.8101
7110,-0.9761
7111,-0.7935
7112,-0.7118
7113,-1.1498
7114,-0.8314
7115,-0.8611
7116,-0.8252
7117,-0.8001
7118,-1.0767
7119,-0.8642
7120,-0.6747
7121,-0.8753
7122,-0.9859
7123,-1.4380
7124,-0.6331
7125,-0.5233
7126,-1.1139
7127,-0.7722
7128,-0.8616
7129,-1.0547
7130,-1.1981
7131,-0.8019
7132,-0.3905
7133,-1.1324
7134,-0.8469
7135,-0.6372
7136,-1.0389
7137,-1.0460
7138,-0.3484
7139,-0.6243
7140,-0.9214
7141,-0.6193
7142,-0.7560
7143,-0.5186
7144,-0.7159
7145,-0.7159
7146,-1.0039
7147,-0.3327
7148,-1.1937
7149,-1.0151
7150,-0.8958
7151,-0.8060
7152,-1.1859
7153,-0.7859
7154,-0.8630
7155,-0.6577
7156,-0.4596
7157,-0.7284
7158,-0.6874
7159,-0.8420
7160,-0.7449
7161,-0.9212
7162,-0.8158
7163,-0.3366
7164,-0.8864
7165,-0.7461
7166,-0.6337
7167,-0.9908
7168,-0.7403
7169,-0.5274
7170,-0.4633
7171,-0.9810
7172,-0.8103
7173,-0.7263
7174,-0.9985
7175,-1.2424
7176,-0.5815
7177,-1.0478
7178,-0.8177
7179,-0.7716
7180,-0.4967
7181,-0.9705
7182,-0.8130
7183,-1.0324
7184,-0.9629
7185,-0.5968
7186,-0.6902
7187,-1.1825
7188,-1.0557
7189,-1.2534
7190,-1.0648
7191,-1.4311
7192,-0.8694
7193,-0.7464
7194,-0.8554
7195,-1.1765
7196,-0.9349
7197,-0.7086
7198,-0.8508
7199,-1.0626
7200,-0.6934
7201,-0.7676
7202,-1.0915
7203,-1.2484
7204,-0.7495
7205,-0.4167
7206,-1.0375
7207,-0.6617
7208,-1.1738
7209,-1.3018
7210,-0.6343
7211,-1.0564
7212,-1.0006
7213,-0.9809
7214,-0.5378
7215,-0.8071
7216,-0.6317
7217,-0.5639
7218,-0.6134
7219,-0.4421
7220,-1.0266
7221,-0.8617
7222,-0.7201
7223,-0.6595
7224,-0.9366
7225,-0.9779
7226,-0.6222
7227,-0.9029
7228,-0.9375
7229,-0.9221
7230,-1.1275
7231,-0.6051
7232,-0.8537
7233,-0.7238
7234,-0.4399
7235,-1.2093
7236,-1.0840
7237,-0.7594
7238,-0.6862
7239,-0.6884
7240,-0.6491
7241,-0.9361
7242,-0.6310
7243,-0.8577
7244,-1.1237
7245,-0.7462
7246,-0.2436
7247,-1.1636
7248,-0.7323
7249,-1.2033
7250,-0.5637
7251,-1.2321
7252,-0.9261
7253,-0.6855
7254,-0.8236
7255,-0.9040
7256,-0.6303
7257,-0.8313
7258,-0.8140
7259,-1.0165
7260,-1.0098
7261,-0.9880
7262,-0.9575
7263,-0.6775
7264,-0.5496
7265,-0.9942
7266,-0.7452
7267,-0.6649
7268,-1.1085
7269,-0.8049
7270,-0.8517
7271,-0.5669
7272,-0.5128
7273,-0.6550
7274,-1.0349
7275,-0.9883
7276,-0.6653
7277,-0.8434
7278,-0.9610
7279,-0.7595
7280,-0.5108
7281,-0.4864
7282,-0.8884
7283,-0.4918
7284,-1.0892
7285,-0.9350
7286,-0.7673
7287,-0.5730
7288,-1.3654
7289,-1.0052
7290,-0.2692
7291,-0.6649
7292,-0.6482
7293,-0.8624
7294,-0.9637
7295,-0.6472
7296,-1.0335
7297,-0.6333
7298,-0.8342
7299,-0.8833
7300,-1.3332
7301,-0.7614
7302,-1.6801
7303,-0.6609
7304,-1.0972
7305,-1.1566
7306,-0.8550
7307,-0.5107
7308,-0.8530
7309,-0.8384
7310,-0.7020
7311,-1.4671
7312,-1.2103
7313,-1.0370
7314,-0.8028
7315,-0.9584
7316,-0.9723
7317,-0.6336
7318,-0.5189
7319,-0.6135
7320,-0.7630
7321,-1.1346
7322,-0.7382
7323,-1.0857
7324,-0.8995
7325,-0.5651
7326,-0.4971
7327,-1.1066
7328,-0.5223
7329,-0.9398
7330,-1.2845
7331,-0.8434
7332,-0.6560
7333,-0.7738
7334,-0.7873
7335,-0.7190
7336,-1.1397
7337,-0.9342
7338,-1.0786
7339,-0.7429
7340,-0.8786
7341,-0.7459
7342,-1.1679
7343,-0.4192
7344,-1.0018
7345,-0.2111
7346,-0.8142
7347,-0.7102
7348,-0.4090
7349,-0.9635
7350,-1.1364
7351,-0.7510
7352,-0.5533
7353,-0.8585
7354,-0.7369
7355,-0.9280
7356,-0.8679
7357,-0.7598
7358,-1.1228
7359,-0.8138
7360,-1.0610
7361,-0.9656
7362,-0.7859
7363,-1.0031
7364,-0.6734
7365,-0.3774
7366,-0.8226
7367,-0.6671
7368,-0.8715
7369,-0.6993
7370,-0.9095
7371,-0.5463
7372,-1.0603
7373,-0.9580
7374,-0.8550
7375,-0.9962
7376,-0.8898
7377,-0.9305
7378,-0.9826
7379,-1.0431
7380,-0.8111
7381,-0.5449
7382,-0.9850
7383,-0.8385
7384,-0.9115
7385,-1.1109
7386,-1.0422
7387,-1.4368
7388,-0.9562
7389,-0.9772
7390,-0.8958
7391,-1.0533
7392,-0.4356
7393,-1.3346
7394,-1.2069
7395,-0.9117
7396,-1.2858
7397,-0.9070
7398,-0.9287
7399,-0.9653
7400,-0.7623
7401,-0.6075
7402,-1.4556
7403,-0.8661
7404,-1.0189
7405,-1.1012
7406,-0.8155
7407,-0.8675
7408,-0.8588
7409,-1.2681
7410,-0.7955
7411,-1.2117
7412,-1.0801
7413,-1.0362
7414,-0.7022
7415,-1.0658
7416,-0.8287
7417,-0.6006
7418,-0.9855
7419,-0.8504
7420,-0.7901
7421,-0.7237
7422,-0.8320
7423,-1.1574
7424,-0.6948
7425,-1.0554
7426,-0.7425
7427,-0.4901
7428,-0.5374
7429,-0.6350
7430,-1.2408
7431,-1.0249
7432,-0.6191
7433,-0.9001
7434,-0.8078
7435,-0.9837
7436,-0.7238
7437,-0.9609
7438,-0.8709
7439,-0.7995
7440,-0.8178
7441,-0.5932
7442,-0.5539
7443,-1.2288
7444,-0.8737
7445,-0.6136
7446,-1.0106
7447,-0.7987
7448,-0.6588
7449,-0.9438
7450,-0.9144
7451,-0.9112
7452,-0.7475
7453,-0.9455
7454,-0.4745
7455,-1.0112
7456,-1.0029
7457,-0.2503
7458,-1.3682
7459,-1.0855
7460,-0.6434
7461,-0.5763
7462,-1.1377
7463,-0.5969
7464,-0.7233
7465,-0.8084
7466,-0.6195
7467,-1.1565
7468,-1.1551
7469,-0.5191
7470,-0.7549
7471,-0.4552
7472,-0.8073
7473,-1.0015
7474,-0.6811
7475,-0.8075
7476,-0.9257
7477,-0.9692
7478,-0.7691
7479,-1.1775
7480,-0.9899
7481,-0.7077
7482,-0.6298
7483,-0.7735
7484,-0.8245
7485,-1.1357
7486,-0.6277
7487,-0.9447
7488,-1.1677
7489,-0.7061
7490,-0.8939
7491,-0.7091
7492,-0.8206
7493,-0.8353
7494,-1.0909
7495,-1.0406
7496,-1.0609
7497,-0.8630
7498,-0.9446
7499,-0.7333
7500,-0.8621
7501,-0.8564
7502,-1.0109
7503,-0.8641
7504,-0.9618
7505,-0.2004
7506,-1.2320
7507,-0.6475
7508,-0.9129
7509,-0.8526
7510,-0.9117
7511,-1.0686
7512,-1.0959
7513,-0.8349
7514,-1.0944
7515,-1.0501
7516,-0.9390
7517,-0.9440
7518,-0.7009
7519,-1.1189
7520,-1.4051
7521,-0.9615
7522,-0.7286
7523,-0.7384
7524,-0.8171
7525,-0.3668
7526,-1.0073
7527,-0.9783
7528,-0.7884
7529,-0.5008
7530,-0.7205
7531,-0.5872
7532,-0.9752
7533,-0.7843
7534,-0.7573
7535,-0.8648
7536,-0.7296
7537,-0.5121
7538,-0.9476
7539,-0.9091
7540,-0.5047
7541,-0.8483
7542,-0.8927
7543,-0.4845
7544,-0.9586
7545,-0.8267
7546,-0.4117
7547,-1.4007
7548,-0.6100
7549,-0.9035
7550,-0.7782
7551,-0.6503
7552,-0.1942
7553,-0.8564
7554,-1.0772
7555,-0.8611
7556,-1.0028
7557,-0.7853
7558,-0.8112
7559,-0.9872
7560,-0.6076
7561,-0.8161
7562,-0.7746
7563,-0.8309
7564,-0.7638
7565,-0.4842
7566,-0.9798
7567,-0.9489
7568,-0.7811
7569,-0.5337
7570,-0.9279
7571,-0.8628
7572,-0.9001
7573,-0.6649
7574,-1.2472
7575,-1.0273
7576,-0.8640
7577,-0.9315
7578,-1.0198
7579,-0.9722
7580,-0.9955
7581,-0.7235
7582,-0.7311
7583,-0.8989
7584,-0.8653
7585,-0.7181
7586,-1.0413
7587,-0.9963
7588,-0.9417
7589,-0.7229
7590,-1.2379
7591,-0.8272
7592,-0.5860
7593,-0.7327
7594,-0.8159
7595,-0.9825
7596,-1.2222
7597,-0.5046
7598,-0.8320
7599,-1.3797
7600,-0.9575
7601,-0.5405
7602,-0.4892
7603,-0.9547
7604,-1.1111
7605,-0.8831
7606,-0.6280
7607,-1.1893
7608,-0.8011
7609,-1.0133
7610,-0.4691
7611,-1.1109
7612,-1.0589
7613,-0.9995
7614,-0.7330
7615,-0.8958
7616,-0.9148
7617,-0.7162
7618,-1.0228
7619,-0.8841
7620,-1.3801
7621,-0.5723
7622,-1.3936
7623,-1.1825
7624,-1.0457
7625,-0.6716
7626,-0.9766
7627,-0.8977
7628,-1.0268
7629,-0.9783
7630,-1.2647
7631,-0.8931
7632,-1.3194
7633,-1.0711
7634,-0.7232
7635,-1.0325
7636,-0.7465
7637,-1.2188
7638,-1.0049
7639,-0.7177
7640,-0.6151
7641,-0.8100
7642,-1.0997
7643,-0.4252
7644,-1.1109
7645,-1.1539
7646,-1.0128
7647,-0.8542
7648,-0.6559
7649,-1.0701
7650,-0.4581
7651,-0.5567
7652,-1.0758
7653,-0.7655
7654,-0.7900
7655,-0.6407
7656,-1.1474
7657,-0.9050
7658,-0.5664
7659,-0.9044
7660,-0.6467
7661,-1.1187
7662,-0.5877
7663,-0.5310
7664,-0.3417
7665,-0.9183
7666,-1.0996
7667,-1.1303
7668,-0.9275
7669,-0.5095
7670,-1.1654
7671,-0.8132
7672,-0.7184
7673,-0.9454
7674,-0.7167
7675,-0.9293
7676,-1.0348
7677,-1.3926
7678,-0.8999
7679,-0.6616
7680,-0.9356
7681,-0.9976
7682,-0.7368
7683,-0.9497
7684,-0.6096
7685,-0.7378
7686,-0.9460
7687,-0.9858
7688,-1.1581
7689,-1.0417
7690,-1.1239
7691,-0.8717
7692,-0.9848
7693,-0.5319
7694,-0.6988
7695,-0.7976
7696,-0.4765
7697,-0.7998
7698,-0.9774
7699,-0.8453
7700,-0.7141
7701,-0.9048
7702,-0.7312
7703,-0.5426
7704,-0.8399
7705,-1.0145
7706,-0.8701
7707,-0.8268
7708,-0.8316
7709,-0.6233
7710,-1.1685
7711,-1.0226
7712,-0.9108
7713,-1.1754
7714,-1.1149
7715,-0.8394
7716,-0.6320
7717,-0.7353
7718,-1.1756
7719,-0.6236
7720,-0.8060
7721,-1.1573
7722,-1.1830
7723,-0.6452
7724,-0.7506
7725,-0.6285
7726,-0.9585
7727,-0.5504
7728,-1.0906
7729,-0.7698
7730,-0.9737
7731,-0.8890
7732,-0.8205
7733,-0.8845
7734,-0.9976
7735,-0.8717
7736,-1.0742
7737,-0.9069
7738,-1.0148
7739,-0.4425
7740,-0.6391
7741,-1.1130
7742,-0.7571
7743,-0.8143
7744,-0.7956
7745,-0.9644
7746,-0.7921
7747,-0.5986
7748,-0.7781
7749,-0.8715
7750,-0.9954
7751,-0.9239
7752,-1.1517
7753,-1.0915
7754,-1.2064
7755,-0.4889
7756,-1.0163
7757,-1.0295
7758,-0.7674
7759,-1.5321
7760,-0.8962
7761,-0.7642
7762,-0.6977
7763,-0.9902
7764,-1.1410
7765,-0.9998
7766,-0.8478
7767,-0.9813
7768,-0.7108
7769,-0.7723
7770,-0.8938
7771,-1.1958
7772,-1.1178
7773,-1.0062
7774,-0.7366
7775,-0.9597
7776,-1.0734
7777,-1.0682
7778,-0.6027
7779,-0.9223
7780,-0.9202
7781,-0.8652
7782,-0.5103
7783,-0.8234
7784,-0.7082
7785,-0.9373
7786,-1.2072
7787,-1.2463
7788,-0.8462
7789,-1.2699
7790,-1.0138
7791,-1.0714
7792,-0.5470
7793,-0.6055
7794,-1.3320
7795,-0.8906
7796,-0.9840
7797,-0.5356
7798,-0.8320
7799,-0.8534
7800,-1.1426
7801,-1.0256
7802,-1.1367
7803,-0.9653
7804,-1.0059
7805,-0.8238
7806,-0.8211
7807,-1.2798
7808,-0.8577
7809,-1.2666
7810,-0.7732
7811,-0.8966
7812,-1.1187
7813,-0.9691
7814,-0.5212
7815,-1.0529
7816,-0.8400
7817,-0.8108
7818,-0.4870
7819,-1.0680
7820,-0.4124
7821,-0.8094
7822,-0.4178
7823,-1.2065
7824,-0.7530
7825,-0.7664
7826,-0.6257
7827,-0.9166
7828,-0.7108
7829,-0.9441
7830,-1.2547
7831,-0.8908
7832,-0.9800
7833,-0.6855
7834,-0.8213
7835,-0.9373
7836,-0.8455
7837,-1.2268
7838,-1.5047
7839,-0.7199
7840,-0.5359
7841,-1.1161
7842,-0.8406
7843,-0.9211
7844,-0.6842
7845,-0.8103
7846,-0.9522
7847,-0.5650
7848,-0.6966
7849,-0.6856
7850,-0.8292
7851,-0.5919
7852,-0.2691
7853,-0.5936
7854,-1.0295
7855,-1.2569
7856,-0.9393
7857,-0.7384
7858,-0.5815
7859,-1.2908
7860,-1.0243
7861,-0.2938
7862,-1.1373
7863,-1.2849
7864,-1.2322
7865,-0.5855
7866,-0.8515
7867,-0.9604
7868,-0.9022
7869,-1.0629
7870,-0.5022
7871,-0.9992
7872,-0.9806
7873,-0.8179
7874,-1.1821
7875,-0.7512
7876,-0.6955
7877,-1.0143
7878,-0.9233
7879,-0.5856
7880,-1.3232
7881,-0.5790
7882,-0.5990
7883,-0.9059
7884,-0.7833
7885,-0.9460
7886,-0.6066
7887,-0.4001
7888,-0.7435
7889,-0.5920
7890,-0.4347
7891,-0.7404
7892,-1.1899
7893,-0.7605
7894,-1.2103
7895,-0.8500
7896,-0.6912
7897,-0.9107
7898,-0.9575
7899,-0.9936
7900,-1.2131
7901,-0.7728
7902,-1.0173
7903,-0.9241
7904,-0.5329
7905,-0.6911
7906,-0.8097
7907,-0.7950
7908,-0.9627
7909,-0.8338
7910,-1.1267
7911,-0.8504
7912,-0.7578
7913,-0.8257
7914,-1.3171
7915,-1.1509
7916,-0.5556
7917,-0.9824
7918,-0.6419
7919,-0.9536
7920,-0.6996
7921,-1.4187
7922,-0.9433
7923,-0.7395
7924,-0.4820
7925,-0.5593
7926,-0.8248
7927,-0.6721
7928,-1.2335
7929,-0.5680
7930,-0.6784
7931,-0.9254
7932,-0.9990
7933,-1.0090
7934,-0.5037
7935,-0.8599
7936,-1.1746
7937,-1.0964
7938,-0.6951
7939,-1.3426
7940,-0.7174
7941,-0.9652
7942,-0.8076
7943,-1.1678
7944,-0.6699
7945,-1.1567
7946,-0.6821
7947,-1.3120
7948,-0.6686
7949,-1.2328
7950,-0.6851
7951,-1.0296
7952,-0.5612
7953,-0.6751
7954,-0.7028
7955,-0.8428
7956,-0.7044
7957,-0.8689
7958,-1.2258
7959,-0.7489
7960,-0.8108
7961,-1.0799
7962,-0.7715
7963,-1.0426
7964,-0.8776
7965,-0.7578
7966,-0.4075
7967,-0.7830
7968,-0.7945
7969,-0.8492
7970,-1.1084
7971,-1.1968
7972,-1.1569
7973,-0.5216
7974,-0.7519
7975,-0.9735
7976,-0.9868
7977,-0.5623
7978,-1.3586
7979,-1.1080
7980,-0.7576
7981,-0.9453
7982,-0.4338
7983,-0.6857
7984,-0.6430
7985,-0.6944
7986,-1.2403
7987,-0.5818
7988,-0.8579
7989,-0.5055
7990,-1.1378
7991,-0.6813
7992,-1.0880
7993,-0.8866
7994,-1.1095
7995,-0.6474
7996,-1.3786
7997,-0.8904
7998,-1.0460
7999,-0.4184
8000,-1.0122
8001,-0.9870
8002,-0.8004
8003,-1.0357
8004,-0.8731
8005,-0.2545
8006,-0.7184
8007,-0.6259
8008,-0.6590
8009,-0.8407
8010,-0.6577
8011,-0.9034
8012,-0.7624
8013,-0.8643
8014,-0.5988
8015,-1.2546
8016,-0.7262
8017,-0.9755
8018,-0.7253
8019,-0.6950
8020,-0.6112
8021,-0.9128
8022,-0.7557
8023,-0.6494
8024,-0.6958
8025,-0.7515
8026,-0.5483
8027,-0.9991
8028,-0.8467
8029,-0.7547
8030,-0.7070
8031,-0.8064
8032,-0.7288
8033,-0.7902
8034,-0.6283
8035,-1.0260
8036,-0.7437
8037,-0.4985
8038,-0.8318
8039,-0.8836
8040,-1.0803
8041,-1.3154
8042,-0.6665
8043,-0.6390
8044,-0.6202
8045,-1.0250
8046,-0.9918
8047,-0.7118
8048,-1.0645
8049,-1.1146
8050,-0.9019
8051,-0.7519
8052,-1.3386
8053,-0.6354
8054,-0.7836
8055,-0.8021
8056,-1.3135
8057,-0.6068
8058,-0.7939
8059,-1.0149
8060,-0.7941
8061,-1.2227
8062,-0.7184
8063,-0.6129
8064,-0.9358
8065,-0.7735
8066,-0.9328
8067,-0.5029
8068,-0.5641
8069,-1.0359
8070,-1.0663
8071,-0.7790
8072,-0.9484
8073,-1.1288
8074,-0.7896
8075,-1.0558
8076,-1.1039
8077,-0.7133
8078,-0.5860
8079,-0.8133
8080,-0.6419
8081,-0.8716
8082,-1.2552
8083,-0.6803
8084,-0.8774
8085,-0.8928
8086,-0.6493
8087,-1.0829
8088,-0.8873
8089,-1.3302
8090,-0.8366
8091,-0.5880
8092,-0.9115
8093,-1.0583
8094,-0.7079
8095,-0.8401
8096,-0.7972
8097,-0.9414
8098,-0.6891
8099,-0.7479
8100,-0.9864
8101,-0.8569
8102,-1.1162
8103,-0.9085
8104,-0.9285
8105,-1.0059
8106,-0.9514
8107,-1.0885
8108,-0.9632
8109,-0.6571
8110,-0.5922
8111,-0.7436
8112,-0.7581
8113,-0.7400
8114,-0.5213
8115,-0.8226
8116,-0.8015
8117,-0.4929
8118,-1.1337
8119,-1.2885
8120,-1.3896
8121,-1.0066
8122,-0.7257
8123,-0.9772
8124,-0.8256
8125,-1.1860
8126,-0.8339
8127,-0.8194
8128,-0.9040
8129,-1.1637
8130,-0.9261
8131,-0.8107
8132,-0.8374
8133,-1.0718
8134,-0.6989
8135,-0.6917
8136,-0.4934
8137,-0.5770
8138,-0.7024
8139,-1.1955
8140,-1.1423
8141,-0.6298
8142,-0.6082
8143,-1.0746
8144,-0.6100
8145,-1.3026
8146,-0.5675
8147,-0.9009
8148,-0.9458
8149,-0.5268
8150,-1.0106
8151,-0.8916
8152,-0.6795
8153,-0.9214
8154,-1.2206
8155,-0.7236
8156,-0.4069
8157,-0.3415
8158,-0.8627
8159,-0.7598
8160,-1.1040
8161,-1.0113
8162,-0.7370
8163,-0.7803
8164,-1.0081
8165,-0.7648
8166,-0.8277
8167,-0.6233
8168,-0.9861
8169,-0.6837
8170,-1.1640
8171,-0.5492
8172,-0.6973
8173,-0.7784
8174,-0.4289
8175,-0.7169
8176,-0.7289
8177,-0.7741
8178,-0.6048
8179,-0.4331
8180,-0.6317
8181,-0.9736
8182,-1.1936
8183,-1.4178
8184,-1.3034
8185,-0.5561
8186,-0.5294
8187,-0.9744
8188,-0.9762
8189,-1.0105
8190,-0.9647
8191,-0.7551
8192,-1.1549
8193,-1.0195
8194,-1.0260
8195,-0.3782
8196,-1.0641
8197,-0.7808
8198,-0.5539
8199,-1.2924
8200,-0.7211
8201,-0.8944
8202,-0.9053
8203,-0.8064
8204,-0.7510
8205,-0.8677
8206,-0.6589
8207,-0.9192
8208,-0.7316
8209,-1.1522
8210,-1.0666
8211,-0.7463
8212,-0.5169
8213,-0.9661
8214,-0.8943
8215,-0.9824
8216,-0.7267
8217,-0.6316
8218,-0.5845
8219,-0.6318
8220,-1.0126
8221,-0.4921
8222,-0.8337
8223,-0.8815
8224,-0.8854
8225,-1.1414
8226,-0.9323
8227,-0.8246
8228,-0.4087
8229,-0.9322
8230,-1.0670
8231,-0.7624
8232,-0.9419
8233,-1.0170
8234,-0.9948
8235,-0.9585
8236,-0.9720
8237,-1.0757
8238,-0.8370
8239,-0.7436
8240,-0.8215
8241,-0.7737
8242,-0.7812
8243,-0.9254
8244,-0.8580
8245,-0.7544
8246,-0.8702
8247,-0.8290
8248,-0.9472
8249,-1.1845
8250,-1.0198
8251,-0.4806
8252,-0.6518
8253,-0.8174
8254,-0.9930
8255,-1.0462
8256,-0.8397
8257,-1.0574
8258,-0.8762
8259,-0.6316
8260,-0.5562
8261,-0.8072
8262,-0.8400
8263,-1.0075
8264,-0.9440
8265,-0.9371
8266,-1.1064
8267,-0.6676
8268,-0.8758
8269,-0.7057
8270,-1.1848
8271,-0.7524
8272,-0.9057
8273,-1.0389
8274,-0.6974
8275,-0.8624
8276,-0.5936
8277,-0.8345
8278,-0.8671
8279,-1.0449
8280,-1.0761
8281,-0.6692
8282,-1.1685
8283,-0.7093
8284,-1.0792
8285,-0.4112
8286,-1.0512
8287,-1.0301
8288,-0.9311
8289,-1.0798
8290,-0.7325
8291,-1.1811
8292,-1.2782
8293,-0.6829
8294,-0.7367
8295,-0.7751
8296,-0.7360
8297,-0.7589
8298,-0.5877
8299,-0.6125
8300,-0.8094
8301,-1.1006
8302,-0.7499
8303,-0.9784
8304,-0.6453
8305,-0.7590
8306,-0.5456
8307,-0.6878
8308,-1.0607
8309,-0.8053
8310,-1.0603
8311,-0.5866
8312,-1.0894
8313,-0.8676
8314,-0.7443
8315,-0.6200
8316,-1.1145
8317,-0.4238
8318,-0.6263
8319,-0.8011
8320,-0.9788
8321,-0.9912
8322,-0.9203
8323,-0.7501
8324,-0.8736
8325,-0.9401
8326,-0.6455
8327,-1.0255
8328,-0.8526
8329,-0.5355
8330,-0.2549
8331,-1.3168
8332,-1.3338
8333,-1.0859
8334,-0.3770
8335,-1.0041
8336,-0.5068
8337,-0.5339
8338,-0.9125
8339,-0.8683
8340,-0.9712
8341,-0.7660
8342,-0.6298
8343,-0.7887
8344,-0.9172
8345,-1.2129
8346,-0.6905
8347,-0.3503
8348,-0.6745
8349,-1.0940
8350,-0.9393
8351,-0.7754
8352,-0.6914
8353,-1.1870
8354,-0.8543
8355,-0.4770
8356,-1.1540
8357,-0.9106
8358,-1.1562
8359,-0.8467
8360,-0.6891
8361,-0.6925
8362,-0.7458
8363,-1.1809
8364,-0.8193
8365,-0.9542
8366,-0.9655
8367,-1.0240
8368,-1.0041
8369,-1.2840
8370,-1.0745
8371,-1.1095
8372,-0.8702
8373,-0.9223
8374,-0.9934
8375,-1.0605
8376,-1.3623
8377,-0.8414
8378,-1.1837
8379,-1.0015
8380,-0.8360
8381,-0.5606
8382,-1.1435
8383,-0.5505
8384,-0.9264
8385,-0.5112
8386,-0.5360
8387,-0.9603
8388,-0.9117
8389,-1.0255
8390,-1.4245
8391,-0.9299
8392,-1.0108
8393,-0.7304
8394,-1.0935
8395,-0.7139
8396,-0.9305
8397,-0.8087
8398,-0.9641
8399,-0.6822
8400,-0.8710
8401,-0.8269
8402,-0.7182
8403,-0.6042
8404,-1.0917
8405,-0.5541
8406,-0.9436
8407,-1.1648
8408,-0.9423
8409,-0.8367
8410,-0.7257
8411,-0.5870
8412,-1.0482
8413,-1.0001
8414,-0.6843
8415,-0.9456
8416,-1.0036
8417,-0.9257
8418,-0.6183
8419,-0.5102
8420,-0.8676
8421,-0.7559
8422,-1.1800
8423,-0.8597
8424,-0.5186
8425,-0.2984
8426,-0.8431
8427,-0.7607
8428,-1.0508
8429,-1.0295
8430,-0.7490
8431,-0.7796
8432,-1.2733
8433,-1.0819
8434,-0.9929
8435,-1.0521
8436,-0.7341
8437,-0.8946
8438,-1.0920
8439,-0.2558
8440,-0.7845
8441,-0.7103
8442,-0.8920
8443,-0.9957
8444,-1.2093
8445,-0.9059
8446,-0.8597
8447,-0.9982
8448,-0.5350
8449,-0.9512
8450,-0.7846
8451,-1.1589
8452,-1.0578
8453,-0.9991
8454,-1.0703
8455,-0.8039
8456,-0.9490
8457,-0.6767
8458,-0.6645
8459,-0.9216
8460,-0.6560
8461,-0.7753
8462,-0.7357
8463,-1.1604
8464,-0.8625
8465,-1.1895
8466,-1.1273
8467,-0.5800
8468,-1.1110
8469,-0.8920
8470,-0.7482
8471,-1.0199
8472,-1.1650
8473,-0.7200
8474,-0.9739
8475,-1.0698
8476,-0.5149
8477,-1.0434
8478,-0.8564
8479,-0.5491
8480,-0.7457
8481,-0.6183
8482,-0.7091
8483,-1.2302
8484,-1.2523
8485,-1.0642
8486,-0.7200
8487,-0.8426
8488,-0.7533
8489,-1.1523
8490,-0.8740
8491,-1.0238
8492,-0.9289
8493,-0.8790
8494,-0.6527
8495,-0.5166
8496,-0.8923
8497,-1.0303
8498,-0.6217
8499,-1.0362
8500,-0.8550
8501,-0.7996
8502,-0.8397
8503,-0.6131
8504,-1.2483
8505,-0.5636
8506,-0.6292
8507,-0.6515
8508,-0.7326
8509,-0.6894
8510,-0.7911
8511,-0.6154
8512,-0.8689
8513,-0.6904
8514,-1.2137
8515,-0.7374
8516,-0.8208
8517,-0.9842
8518,-0.6786
8519,-0.7652
8520,-0.7779
8521,-0.7829
8522,-1.1266
8523,-0.6598
8524,-0.9510
8525,-1.0536
8526,-1.0171
8527,-0.8948
8528,-0.7989
8529,-0.5270
8530,-1.0207
8531,-0.6185
8532,-0.7243
8533,-0.8598
8534,-0.6586
8535,-0.7875
8536,-1.0371
8537,-0.8454
8538,-0.9875
8539,-0.6470
8540,-0.6522
8541,-1.1834
8542,-0.6376
8543,-0.8762
8544,-0.9506
8545,-1.1641
8546,-1.0808
8547,-0.8938
8548,-0.9984
8549,-0.9202
8550,-0.5842
8551,-1.2817
8552,-0.9025
8553,-0.4982
8554,-0.9382
8555,-1.0115
8556,-0.7189
8557,-1.0194
8558,-0.8752
8559,-0.8270
8560,-0.8895
8561,-0.5381
8562,-0.9135
8563,-0.6189
8564,-0.9847
8565,-1.0164
8566,-0.5612
8567,-1.2857
8568,-0.7293
8569,-0.9714
8570,-0.4956
8571,-0.9164
8572,-1.0045
8573,-0.6344
8574,-0.9579
8575,-0.9906
8576,-0.9045
8577,-0.7251
8578,-0.8874
8579,-0.8098
8580,-1.0721
8581,-1.0241
8582,-1.0556
8583,-0.8608
8584,-0.8306
8585,-0.6769
8586,-0.2546
8587,-1.2038
8588,-0.5668
8589,-1.0170
8590,-0.5051
8591,-0.6004
8592,-0.8651
8593,-0.5158
8594,-1.2280
8595,-0.4197
8596,-0.8367
8597,-1.1332
8598,-0.9573
8599,-1.3448
8600,-1.2827
8601,-0.5567
8602,-0.6931
8603,-1.0786
8604,-0.7112
8605,-0.8867
8606,-0.6794
8607,-0.9850
8608,-0.7681
8609,-0.8605
8610,-1.0978
8611,-0.9464
8612,-0.7319
8613,-0.9910
8614,-1.0087
8615,-0.8261
8616,-0.9027
8617,-0.6752
8618,-0.3670
8619,-0.8637
8620,-0.8164
8621,-0.7777
8622,-0.7249
8623,-0.7917
8624,-0.9555
8625,-1.0428
8626,-0.6123
8627,-1.5186
8628,-1.1642
8629,-1.1133
8630,-1.3629
8631,-0.9760
8632,-0.8441
8633,-0.7774
8634,-0.8847
8635,-0.9361
8636,-0.8313
8637,-0.8418
8638,-0.8586
8639,-0.9529
8640,-0.8479
8641,-1.0200
8642,-0.8862
8643,-1.3009
8644,-0.9617
8645,-1.0160
8646,-0.5429
8647,-0.8321
8648,-1.3202
8649,-0.7031
8650,-1.1390
8651,-1.2252
8652,-0.8919
8653,-1.3092
8654,-0.8934
8655,-0.7763
8656,-1.0614
8657,-1.0305
8658,-0.9073
8659,-0.5852
8660,-0.8877
8661,-0.4356
8662,-1.2808
8663,-1.0849
8664,-0.9496
8665,-1.1220
8666,-0.8805
8667,-0.8288
8668,-0.9572
8669,-1.0211
8670,-0.6807
8671,-0.8797
8672,-1.1775
8673,-0.6623
8674,-0.7005
8675,-0.8724
8676,-0.6699
8677,-1.2475
8678,-0.7984
8679,-0.9001
8680,-0.9580
8681,-0.5723
8682,-0.9466
8683,-0.9454
8684,-0.8694
8685,-0.7916
8686,-0.7684
8687,-0.8888
8688,-0.7410
8689,-0.8780
8690,-0.5836
8691,-0.4459
8692,-0.7671
8693,-0.7786
8694,-0.7463
8695,-0.7471
8696,-1.1586
8697,-0.8596
8698,-0.8444
8699,-0.5903
8700,-0.5470
8701,-0.8572
8702,-0.9241
8703,-0.8323
8704,-0.6065
8705,-0.9461
8706,-0.7777
8707,-0.9539
8708,-1.0697
8709,-1.0758
8710,-0.9451
8711,-0.8867
8712,-0.8759
8713,-1.1401
8714,-0.8737
8715,-0.9597
8716,-0.5601
8717,-1.0229
8718,-0.9159
8719,-1.0779
8720,-0.7574
8721,-0.9820
8722,-0.8833
8723,-0.6181
8724,-1.2842
8725,-0.5809
8726,-0.6448
8727,-0.9169
8728,-1.2808
8729,-0.7999
8730,-0.7536
8731,-1.2932
8732,-0.3835
8733,-0.6756
8734,-0.9520
8735,-0.7856
8736,-1.0309
8737,-0.8930
8738,-0.8133
8739,-0.8102
8740,-0.8537
8741,-1.0342
8742,-0.8625
8743,-0.9321
8744,-1.1141
8745,-0.8905
8746,-0.8392
8747,-0.5833
8748,-0.6794
8749,-1.3047
8750,-0.6365
8751,-0.8059
8752,-0.5704
8753,-0.7686
8754,-1.0398
8755,-1.2361
8756,-0.7754
8757,-0.9836
8758,-0.7174
8759,-0.8586
8760,-1.1365
8761,-0.9442
8762,-0.1506
8763,-1.0301
8764,-0.7469
8765,-0.8966
8766,-0.7822
8767,-0.9646
8768,-0.8132
8769,-0.7475
8770,-1.0332
8771,-0.5084
8772,-0.9080
8773,-0.9843
8774,-0.7414
8775,-0.8878
8776,-0.9810
8777,-1.1836
8778,-0.3475
8779,-1.1202
8780,-1.3344
8781,-0.8373
8782,-1.3528
8783,-1.0022
8784,-0.9949
8785,-0.9051
8786,-1.3449
8787,-0.8074
8788,-0.9593
8789,-1.0035
8790,-0.7656
8791,-0.9845
8792,-0.6524
8793,-0.9499
8794,-0.8540
8795,-1.0212
8796,-0.9841
8797,-1.1053
8798,-0.9449
8799,-0.9956
8800,-0.6804
8801,-0.6990
8802,-0.8149
8803,-1.2104
8804,-0.9490
8805,-0.6815
8806,-0.8372
8807,-1.1132
8808,-0.6763
8809,-0.8430
8810,-0.7326
8811,-1.0637
8812,-1.2903
8813,-1.2026
8814,-1.4260
8815,-1.6327
8816,-1.1829
8817,-1.0096
8818,-0.7445
8819,-0.7894
8820,-0.9626
8821,-0.8504
8822,-0.6121
8823,-1.0654
8824,-0.6084
8825,-0.7161
8826,-0.9914
8827,-1.1816
8828,-1.0168
8829,-0.7695
8830,-1.3865
8831,-0.6427
8832,-1.1726
8833,-0.5888
8834,-1.1699
8835,-0.8786
8836,-0.9366
8837,-0.5439
8838,-0.7070
8839,-1.0881
8840,-0.6211
8841,-0.8782
8842,-1.1950
8843,-0.9809
8844,-0.9274
8845,-0.6755
8846,-0.6896
8847,-0.9201
8848,-1.0540
8849,-0.9185
8850,-0.4929
8851,-1.0385
8852,-0.6645
8853,-0.9821
8854,-0.5410
8855,-0.9280
8856,-0.9390
8857,-0.8308
8858,-0.7914
8859,-1.2312
8860,-1.1583
8861,-0.6097
8862,-0.4760
8863,-0.6298
8864,-0.7705
8865,-1.1305
8866,-0.8100
8867,-0.5977
8868,-1.0638
8869,-0.9819
8870,-0.8683
8871,-1.0625
8872,-1.1205
8873,-1.3989
8874,-0.6507
8875,-0.7652
8876,-0.7684
8877,-0.8997
8878,-0.4863
8879,-0.5562
8880,-1.0371
8881,-0.6521
8882,-1.0135
8883,-0.7483
8884,-0.8220
8885,-1.1342
8886,-0.6687
8887,-0.9740
8888,-1.0254
8889,-0.6999
8890,-1.1403
8891,-1.1435
8892,-0.7008
8893,-0.4655
8894,-0.7452
8895,-1.1011
8896,-1.2391
8897,-0.9990
8898,-0.6537
8899,-1.0314
8900,-0.6035
8901,-0.8814
8902,-0.9281
8903,-0.8828
8904,-0.5662
8905,-1.0113
8906,-0.6754
8907,-1.2466
8908,-0.7607
8909,-0.6157
8910,-1.1801
8911,-1.0928
8912,-1.0399
8913,-0.9966
8914,-0.7163
8915,-1.2093
8916,-0.8909
8917,-0.6295
8918,-1.0955
8919,-0.4689
8920,-1.0225
8921,-0.4066
8922,-1.0185
8923,-0.6900
8924,-0.8782
8925,-1.0122
8926,-0.7634
8927,-1.0399
8928,-0.5805
8929,-1.3088
8930,-0.5500
8931,-1.1808
8932,-0.9871
8933,-0.7799
8934,-0.6267
8935,-0.8101
8936,-1.0343
8937,-1.0812
8938,-1.3459
8939,-0.8494
8940,-1.1310
8941,-0.7639
8942,-1.3457
8943,-0.6537
8944,-1.0613
8945,-1.2761
8946,-0.8843
8947,-0.6839
8948,-0.7912
8949,-0.9238
8950,-1.0421
8951,-1.1715
8952,-0.4777
8953,-0.5868
8954,-1.1006
8955,-0.8330
8956,-0.8820
8957,-1.0794
8958,-0.5607
8959,-1.1239
8960,-0.7477
8961,-0.8141
8962,-1.0200
8963,-0.9183
8964,-0.7495
8965,-0.8762
8966,-0.9742
8967,-1.2080
8968,-0.6993
8969,-0.9670
8970,-0.9830
8971,-0.7550
8972,-0.6194
8973,-0.8690
8974,-0.9544
8975,-1.1552
8976,-0.9271
8977,-0.9370
8978,-0.7819
8979,-0.8016
8980,-0.6134
8981,-1.1170
8982,-0.1574
8983,-1.4101
8984,-0.5827
8985,-0.6571
8986,-0.5454
8987,-0.8117
8988,-0.9609
8989,-0.5785
8990,-0.4896
8991,-0.7848
8992,-0.4959
8993,-0.9571
8994,-0.6550
8995,-0.9643
8996,-0.7647
8997,-0.7789
8998,-0.9101
8999,-0.7287
9000,-0.7317
9001,-0.7516
9002,-1.0260
9003,-0.5091
9004,-0.5538
9005,-0.9544
9006,-1.1322
9007,-1.0158
9008,-1.0673
9009,-0.5885
9010,-1.0137
9011,-0.9665
9012,-1.2815
9013,-0.9701
9014,-0.9109
9015,-0.9786
9016,-0.8635
9017,-0.9091
9018,-0.8756
9019,-0.9628
9020,-0.9783
9021,-0.9113
9022,-0.7405
9023,-0.7472
9024,-0.8999
9025,-0.7976
9026,-1.0112
9027,-0.9498
9028,-1.0110
9029,-0.6298
9030,-0.7325
9031,-0.8918
9032,-0.8435
9033,-0.9593
9034,-0.6352
9035,-0.5619
9036,-1.0418
9037,-0.8542
9038,-0.8538
9039,-1.4013
9040,-0.7650
9041,-1.0639
9042,-1.1350
9043,-0.5663
9044,-0.7814
9045,-0.9084
9046,-0.8801
9047,-0.5496
9048,-0.8434
9049,-0.5350
9050,-0.6975
9051,-0.7141
9052,-0.9683
9053,-0.9328
9054,-0.6268
9055,-0.8753
9056,-0.6965
9057,-0.9227
9058,-0.9578
9059,-0.6286
9060,-0.8564
9061,-1.1663
9062,-1.4131
9063,-0.7286
9064,-0.5831
9065,-0.6375
9066,-0.7304
9067,-0.6306
9068,-1.0565
9069,-1.0099
9070,-0.8037
9071,-0.9428
9072,-0.7177
9073,-1.0136
9074,-1.1553
9075,-1.3236
9076,-0.4923
9077,-0.8593
9078,-0.5679
9079,-0.5646
9080,-1.1634
9081,-0.9093
9082,-0.8218
9083,-0.9289
9084,-1.1770
9085,-1.0400
9086,-1.2862
9087,-0.6854
9088,-0.5758
9089,-0.5366
9090,-0.7923
9091,-0.8941
9092,-0.6776
9093,-0.7054
9094,-1.0171
9095,-1.2092
9096,-1.0223
9097,-0.8597
9098,-0.6760
9099,-0.7584
9100,-0.9443
9101,-0.7556
9102,-0.9789
9103,-1.0411
9104,-0.7385
9105,-0.8582
9106,-0.6099
9107,-1.1985
9108,-0.4995
9109,-0.6844
9110,-1.2220
9111,-1.1532
9112,-1.1841
9113,-0.9286
9114,-1.1121
9115,-0.9807
9116,-0.7819
9117,-0.6190
9118,-1.3138
9119,-0.9168
9120,-0.7304
9121,-0.7493
9122,-0.9811
9123,-1.0002
9124,-0.7164
9125,-0.7115
9126,-0.6542
9127,-0.6990
9128,-0.8322
9129,-0.8623
9130,-0.3672
9131,-0.6314
9132,-0.1584
9133,-0.6138
9134,-0.7995
9135,-1.0401
9136,-0.9544
9137,-0.5260
9138,-0.3060
9139,-0.8330
9140,-1.0102
9141,-1.0351
9142,-0.5724
9143,-1.1546
9144,-0.6352
9145,-0.8147
9146,-0.6254
9147,-0.3983
9148,-1.0690
9149,-1.1455
9150,-1.1710
9151,-1.0302
9152,-1.0407
9153,-1.0523
9154,-0.8805
9155,-0.8996
9156,-1.0390
9157,-0.7465
9158,-1.0628
9159,-1.3701
9160,-0.6303
9161,-0.8678
9162,-1.1515
9163,-1.1769
9164,-0.5761
9165,-0.9306
9166,-0.9880
9167,-1.0581
9168,-1.1189
9169,-0.8568
9170,-1.2818
9171,-0.8416
9172,-0.8329
9173,-0.8171
9174,-0.9188
9175,-1.3383
9176,-1.0734
9177,-0.8015
9178,-0.5572
9179,-1.5268
9180,-0.8646
9181,-1.0593
9182,-0.9140
9183,-1.5221
9184,-1.2772
9185,-0.8796
9186,-0.7736
9187,-1.0127
9188,-0.9350
9189,-1.0968
9190,-0.7113
9191,-0.7948
9192,-0.8848
9193,-0.9721
9194,-0.5749
9195,-1.2142
9196,-0.4696
9197,-0.8167
9198,-0.8987
9199,-1.1388
9200,-1.0833
9201,-0.7002
9202,-1.0467
9203,-0.8512
9204,-0.8683
9205,-0.8989
9206,-0.8635
9207,-0.5389
9208,-0.7367
9209,-0.7703
9210,-0.9143
9211,-0.9359
9212,-0.9246
9213,-0.8143
9214,-0.8047
9215,-0.8409
9216,-0.6344
9217,-0.7398
9218,-1.0329
9219,-0.9923
9220,-0.7689
9221,-1.1789
9222,-0.5761
9223,-0.9813
9224,-1.0199
9225,-0.8332
9226,-0.7682
9227,-1.0923
9228,-1.2788
9229,-0.9739
9230,-0.9476
9231,-0.5123
9232,-0.8673
9233,-0.7934
9234,-0.8011
9235,-0.7761
9236,-0.9277
9237,-1.0934
9238,-0.9590
9239,-0.9670
9240,-0.8112
9241,-0.3630
9242,-0.8390
9243,-0.6701
9244,-0.5168
9245,-1.1232
9246,-0.5893
9247,-1.1619
9248,-0.5152
9249,-1.0806
9250,-1.0338
9251,-0.8357
9252,-0.9107
9253,-0.7098
9254,-0.9835
9255,-0.9357
9256,-1.0823
9257,-0.7262
9258,-0.7040
9259,-0.6233
9260,-0.8767
9261,-0.6609
9262,-0.7487
9263,-0.9030
9264,-0.8361
9265,-1.1965
9266,-0.7410
9267,-0.6872
9268,-0.6386
9269,-0.7455
9270,-1.1966
9271,-0.6994
9272,-0.9764
9273,-0.7520
9274,-1.1403
9275,-1.5510
9276,-0.9736
9277,-1.2044
9278,-1.0454
9279,-0.7321
9280,-0.9124
9281,-0.4950
9282,-0.6280
9283,-0.8983
9284,-0.5074
9285,-0.8693
9286,-0.7006
9287,-0.9131
9288,-0.8682
9289,-1.1177
9290,-0.9328
9291,-0.9462
9292,-0.8462
9293,-1.0043
9294,-0.6582
9295,-0.9150
9296,-0.6571
9297,-0.7227
9298,-1.0308
9299,-0.4264
9300,-1.0713
9301,-1.1209
9302,-1.1011
9303,-0.5650
9304,-1.0479
9305,-0.7875
9306,-0.6523
9307,-0.9013
9308,-0.8768
9309,-0.5866
9310,-0.7044
9311,-0.3171
9312,-0.5838
9313,-1.4928
9314,-0.9531
9315,-0.7534
9316,-0.8379
9317,-0.2138
9318,-0.7356
9319,-1.0306
9320,-1.2537
9321,-0.8464
9322,-0.9574
9323,-1.1695
9324,-0.6955
9325,-0.6304
9326,-0.5385
9327,-0.4624
9328,-1.0108
9329,-0.9049
9330,-0.7556
9331,-0.7185
9332,-1.1475
9333,-1.1882
9334,-0.9605
9335,-1.1308
9336,-0.9631
9337,-0.5685
9338,-0.6554
9339,-0.4214
9340,-0.9364
9341,-1.0543
9342,-1.2628
9343,-0.9638
9344,-1.5566
9345,-0.6948
9346,-0.9319
9347,-0.8105
9348,-0.7495
9349,-0.8320
9350,-0.6153
9351,-0.9382
9352,-1.0613
9353,-0.9444
9354,-1.2230
9355,-0.9113
9356,-1.1138
9357,-0.7070
9358,-0.7620
9359,-1.0585
9360,-0.6662
9361,-0.6734
9362,-0.8487
9363,-0.6869
9364,-0.9638
9365,-0.4536
9366,-0.9757
9367,-0.7934
9368,-0.6813
9369,-1.0382
9370,-0.8679
9371,-0.9046
9372,-0.6362
9373,-1.3940
9374,-0.6535
9375,-0.5320
9376,-0.9970
9377,-0.7692
9378,-0.6334
9379,-0.8896
9380,-0.6622
9381,-0.7332
9382,-0.8470
9383,-0.4993
9384,-1.3599
9385,-0.9924
9386,-1.3017
9387,-1.0247
9388,-0.8297
9389,-0.9538
9390,-1.2270
9391,-0.4651
9392,-0.5468
9393,-1.1767
9394,-0.7257
9395,-0.7599
9396,-0.8051
9397,-0.8670
9398,-0.4569
9399,-1.0620
9400,-0.8226
9401,-0.7159
9402,-1.0795
9403,-1.3045
9404,-1.1666
9405,-1.2076
9406,-1.1413
9407,-1.2537
9408,-1.0769
9409,-0.5880
9410,-1.0037
9411,-0.7624
9412,-0.7250
9413,-1.1141
9414,-0.9487
9415,-0.8132
9416,-0.8994
9417,-1.0124
9418,-1.0161
9419,-1.1582
9420,-0.7329
9421,-0.9018
9422,-0.6165
9423,-0.5119
9424,-0.5642
9425,-1.0061
9426,-0.8101
9427,-0.9573
9428,-0.8999
9429,-0.7128
9430,-1.2268
9431,-0.5805
9432,-1.3414
9433,-0.8306
9434,-0.8867
9435,-0.5089
9436,-0.8071
9437,-1.2182
9438,-0.7849
9439,-0.8944
9440,-1.1570
9441,-0.5999
9442,-1.2667
9443,-1.1829
9444,-0.8228
9445,-0.7892
9446,-1.1488
9447,-0.6506
9448,-1.0776
9449,-0.9394
9450,-0.6908
9451,-0.7031
9452,-0.3623
9453,-0.7326
9454,-0.4631
9455,-1.1587
9456,-1.0598
9457,-1.1521
9458,-1.0241
9459,-0.7879
9460,-0.7379
9461,-1.0031
9462,-0.5530
9463,-0.4493
9464,-0.8790
9465,-0.6555
9466,-1.2272
9467,-0.3460
9468,-1.0082
9469,-1.2700
9470,-0.9476
9471,-0.9920
9472,-0.8030
9473,-0.9715
9474,-0.8118
9475,-0.7193
9476,-0.9004
9477,-0.8140
9478,-0.6882
9479,-1.1057
9480,-0.9838
9481,-0.5824
9482,-0.8602
9483,-1.0191
9484,-0.5555
9485,-0.6759
9486,-0.7700
9487,-0.8006
9488,-0.5883
9489,-0.6930
9490,-0.7606
9491,-1.2083
9492,-0.6050
9493,-0.9200
9494,-0.7840
9495,-1.0353
9496,-1.1538
9497,-1.2172
9498,-0.3988
9499,-0.9547
9500,-0.8314
9501,-0.8144
9502,-0.8161
9503,-1.2058
9504,-1.0168
9505,-0.5417
9506,-0.6397
9507,-0.7947
9508,-0.8322
9509,-0.6982
9510,-0.6666
9511,-0.6389
9512,-0.8439
9513,-1.0067
9514,-0.8941
9515,-0.7788
9516,-0.8905
9517,-0.7005
9518,-0.6714
9519,-0.5507
9520,-1.1990
9521,-0.7494
9522,-0.6499
9523,-0.1509
9524,-0.8790
9525,-1.2463
9526,-1.0704
9527,-1.0488
9528,-0.4161
9529,-0.8217
9530,-1.0895
9531,-0.8459
9532,-1.3053
9533,-0.8441
9534,-0.7245
9535,-1.0336
9536,-0.8746
9537,-0.7633
9538,-0.9750
9539,-0.8889
9540,-0.7859
9541,-0.4762
9542,-0.7385
9543,-1.2760
9544,-0.8959
9545,-0.6442
9546,-0.7138
9547,-1.0694
9548,-0.6649
9549,-1.0233
9550,-0.8967
9551,-0.5571
9552,-0.8563
9553,-0.5635
9554,-1.2234
9555,-0.5686
9556,-0.4792
9557,-0.9006
9558,-0.9430
9559,-0.8264
9560,-0.6006
9561,-1.2171
9562,-1.2755
9563,-1.1296
9564,-1.0207
9565,-0.5485
9566,-0.9169
9567,-1.1080
9568,-0.9842
9569,-1.0878
9570,-0.4552
9571,-0.6289
9572,-1.3295
9573,-1.1428
9574,-0.7513
9575,-0.8269
9576,-1.1396
9577,-0.7956
9578,-1.0618
9579,-0.8350
9580,-1.2815
9581,-0.6840
9582,-0.7907
9583,-0.8898
9584,-0.9174
9585,-0.8613
9586,-0.7502
9587,-1.1168
9588,-0.6722
9589,-0.8792
9590,-1.3688
9591,-0.8459
9592,-1.0763
9593,-1.0830
9594,-0.7585
9595,-0.7736
9596,-0.5946
9597,-0.6793
9598,-0.7456
9599,-1.3459
9600,-0.7161
9601,-0.8303
9602,-0.8177
9603,-1.0447
9604,-1.0706
9605,-0.5856
9606,-1.3774
9607,-1.0481
9608,-0.7306
9609,-1.0473
9610,-0.8943
9611,-1.0348
9612,-0.8643
9613,-1.0406
9614,-0.8717
9615,-0.9760
9616,-0.7276
9617,-0.9052
9618,-0.9575
9619,-1.0562
9620,-0.8633
9621,-1.0068
9622,-0.5346
9623,-1.0880
9624,-1.0172
9625,-0.4012
9626,-0.5349
9627,-1.0342
9628,-0.6811
9629,-0.5919
9630,-0.5517
9631,-0.8458
9632,-1.1635
9633,-0.6499
9634,-0.5386
9635,-0.4649
9636,-0.7348
9637,-1.4001
9638,-0.3807
9639,-0.6832
9640,-0.9680
9641,-0.8510
9642,-0.8692
9643,-0.7003
9644,-0.7969
9645,-0.9152
9646,-1.3990
9647,-0.8487
9648,-0.8229
9649,-0.8505
9650,-0.8912
9651,-0.6779
9652,-0.6707
9653,-1.0413
9654,-0.5576
9655,-0.9249
9656,-0.9382
9657,-0.5689
9658,-1.1330
9659,-1.1983
9660,-0.6653
9661,-0.9156
9662,-0.8456
9663,-0.6894
9664,-0.8874
9665,-1.1379
9666,-0.2242
9667,-1.1262
9668,-0.9352
9669,-1.0231
9670,-0.5177
9671,-1.2167
9672,-0.9604
9673,-0.8157
9674,-1.0664
9675,-0.9201
9676,-1.0841
9677,-1.2607
9678,-0.9438
9679,-0.3088
9680,-1.3881
9681,-0.2668
9682,-0.9970
9683,-0.7437
9684,-0.7144
9685,-0.8075
9686,-0.9996
9687,-0.8827
9688,-0.8016
9689,-1.2503
9690,-0.5609
9691,-0.8434
9692,-1.0718
9693,-0.7573
9694,-0.8473
9695,-1.0829
9696,-0.9918
9697,-0.9271
9698,-0.7402
9699,-0.8700
9700,-0.8819
9701,-0.5068
9702,-0.8723
9703,-0.7604
9704,-0.7603
9705,-0.8550
9706,-0.5481
9707,-0.7834
9708,-0.8576
9709,-0.5888
9710,-0.6294
9711,-0.9113
9712,-0.9928
9713,-0.9128
9714,-0.7946
9715,-0.8552
9716,-1.1737
9717,-1.1178
9718,-0.7315
9719,-0.5722
9720,-0.8910
9721,-0.8481
9722,-1.4827
9723,-0.8164
9724,-0.9594
9725,-0.2929
9726,-0.5320
9727,-0.9045
9728,-0.7415
9729,-0.8846
9730,-0.5830
9731,-1.0325
9732,-0.8550
9733,-0.5961
9734,-0.8982
9735,-0.6393
9736,-0.6839
9737,-1.2341
9738,-1.2564
9739,-1.3735
9740,-0.8044
9741,-1.0111
9742,-0.8989
9743,-0.7649
9744,-1.3725
9745,-1.0202
9746,-1.0694
9747,-0.7241
9748,-0.9243
9749,-0.6946
9750,-0.7682
9751,-1.3245
9752,-0.8286
9753,-0.6024
9754,-0.8682
9755,-0.2889
9756,-0.6974
9757,-0.6244
9758,-0.5295
9759,-1.0662
9760,-0.9791
9761,-1.0943
9762,-0.5286
9763,-0.6707
9764,-1.2452
9765,-0.9375
9766,-0.5652
9767,-0.9234
9768,-0.8160
9769,-1.7563
9770,-0.8923
9771,-1.1008
9772,-1.0417
9773,-0.6819
9774,-0.8805
9775,-1.3222
9776,-0.9751
9777,-0.7580
9778,-0.7601
9779,-0.9313
9780,-1.1555
9781,-0.3737
9782,-0.9855
9783,-0.5590
9784,-0.4104
9785,-0.8742
9786,-0.7902
9787,-1.2925
9788,-0.5774
9789,-0.6420
9790,-0.9668
9791,-0.5178
9792,-0.6898
9793,-0.6851
9794,-0.6292
9795,-0.7002
9796,-0.2729
9797,-0.9689
9798,-1.1348
9799,-0.7862
9800,-1.0914
9801,-0.9324
9802,-0.6645
9803,-1.0871
9804,-0.9520
9805,-1.1616
9806,-0.1138
9807,-1.0431
9808,-0.7643
9809,-1.1633
9810,-1.0246
9811,-0.9454
9812,-0.7527
9813,-0.7303
9814,-0.9946
9815,-1.5462
9816,-0.7822
9817,-1.1072
9818,-0.5710
9819,-0.7603
9820,-0.9533
9821,-0.9726
9822,-0.9395
9823,-0.9254
9824,-0.8897
9825,-0.9226
9826,-1.2353
9827,-0.8678
9828,-1.1960
9829,-0.4496
9830,-1.3878
9831,-1.0082
9832,-0.6541
9833,-1.1394
9834,-1.0048
9835,-0.9815
9836,-0.9514
9837,-0.5971
9838,-1.0391
9839,-0.4828
9840,-0.8564
9841,-0.8843
9842,-0.7043
9843,-1.1491
9844,-0.7624
9845,-0.7187
9846,-0.7520
9847,-0.9375
9848,-1.0147
9849,-0.7045
9850,-1.1525
9851,-1.1888
9852,-0.6612
9853,-1.1773
9854,-0.7140
9855,-0.9728
9856,-0.7807
9857,-0.7384
9858,-1.2041
9859,-0.8325
9860,-0.5818
9861,-1.0660
9862,-0.6130
9863,-0.6784
9864,-0.5060
9865,-0.9901
9866,-0.9523
9867,-0.9135
9868,-0.8692
9869,-1.0675
9870,-0.8616
9871,-0.6222
9872,-0.7942
9873,-0.7036
9874,-0.8651
9875,-0.5839
9876,-0.9015
9877,-0.5792
9878,-1.0197
9879,-0.6547
9880,-0.9188
9881,-1.1313
9882,-0.7691
9883,-0.7886
9884,-1.3861
9885,-0.7821
9886,-0.9551
9887,-0.8871
9888,-1.1173
9889,-1.1173
9890,-0.8922
9891,-1.2429
9892,-0.8150
9893,-0.6097
9894,-0.9276
9895,-0.7851
9896,-0.8637
9897,-0.9639
9898,-0.5033
9899,-0.9675
9900,-0.6883
9901,-0.7410
9902,-1.0120
9903,-0.9719
9904,-1.0122
9905,-0.5074
9906,-1.0644
9907,-0.9834
9908,-0.8841
9909,-0.9509
9910,-0.5310
9911,-0.6365
9912,-1.0296
9913,-1.1697
9914,-0.8696
9915,-1.0352
9916,-0.6710
9917,-1.0883
9918,-0.9131
9919,-1.2832
9920,-0.6647
9921,-0.4253
9922,-0.7423
9923,-0.9628
9924,-1.1218
9925,-0.7638
9926,-1.0768
9927,-0.8392
9928,-1.0113
9929,-0.9692
9930,-0.6772
9931,-0.4026
9932,-0.6183
9933,-0.6592
9934,-0.8765
9935,-0.7882
9936,-1.0456
9937,-0.8430
9938,-0.8082
9939,-1.1709
9940,-0.6656
9941,-0.8398
9942,-0.7331
9943,-0.9253
9944,-0.6455
9945,-0.8207
9946,-0.8278
9947,-0.5283
9948,-0.7936
9949,-1.0297
9950,-0.9333
9951,-0.9194
9952,-0.8297
9953,-0.5317
9954,-0.8435
9955,-1.0310
9956,-1.0832
9957,-0.8399
9958,-0.9450
9959,-0.7433
9960,-1.0332
9961,-1.1066
9962,-1.0267
9963,-0.6966
9964,-0.6728
9965,-0.7930
9966,-1.1746
9967,-0.9654
9968,-0.9433
9969,-1.2843
9970,-0.8784
9971,-0.5486
9972,-0.6233
9973,-1.0561
9974,-0.7688
9975,-0.6097
9976,-0.7576
9977,-0.6994
9978,-1.0819
9979,-1.1299
9980,-0.7931
9981,-0.8071
9982,-1.2260
9983,-0.6879
9984,-1.0690
9985,-1.0591
9986,-0.9248
9987,-0.7969
9988,-0.8274
9989,-0.5244
9990,-0.6922
9991,-1.2441
9992,-0.2660
9993,-1.0468
9994,-1.2531
9995,-1.1046
9996,-0.9550
9997,-0.5060
9998,-1.0757
9999,-0.5529
10000,-1.0221
