investor,final_pnl_usd
1,-1.0371
2,-0.8251
3,-1.4542
4,-1.0752
5,-1.1952
6,-1.8123
7,-1.2380
8,-1.1762
9,-1.3630
10,-1.3972
11,-0.8064
12,-0.7980
13,-1.6466
14,-0.8648
15,-0.8873
16,-0.4976
17,-0.5548
18,-0.8101
19,-1.1480
20,-0.3696
21,-1.2720
22,-1.2173
23,-1.3694
24,-1.0616
25,-1.3346
26,-1.3022
27,-1.8222
28,-1.1205
29,-0.9488
30,-0.9368
31,-1.7040
32,-0.9346
33,-1.6758
34,-1.0793
35,-0.9193
36,-0.9475
37,-1.2646
38,-0.4168
39,-0.8829
40,-1.0016
41,-0.6759
42,-0.9760
43,-2.2818
44,-1.4146
45,-1.6276
46,-1.3495
47,-0.9994
48,-0.8734
49,-2.0400
50,-0.5751
51,-1.8846
52,-1.2676
53,-1.4363
54,-0.8493
55,-1.4174
56,-0.8162
57,-1.2909
58,-1.0986
59,-1.2126
60,-0.8990
61,-0.7169
62,-1.6301
63,-1.7729
64,-1.0545
65,-1.0253
66,-1.4651
67,-1.5788
68,-1.0632
69,-0.8633
70,-1.1945
71,-1.2491
72,-1.1936
73,-1.0594
74,-0.7326
75,-1.5088
76,-0.5392
77,-0.9562
78,-0.8374
79,-1.3639
80,-0.7535
81,-1.1578
82,-1.1522
83,-1.6893
84,-0.9486
85,-1.7294
86,-1.0606
87,-1.5827
88,-0.9117
89,-0.8027
90,-1.1879
91,-1.4515
92,-1.0619
93,-0.8386
94,-1.1210
95,-1.1471
96,-0.7184
97,-1.0727
98,-1.1024
99,-1.3852
100,-1.0322
101,-1.3958
102,-1.1190
103,-0.9077
104,-1.1842
105,-0.8136
106,-0.9043
107,-0.9289
108,-1.0495
109,-1.0162
110,-1.0556
111,-0.5214
112,-1.9371
113,-1.3775
114,-1.7974
115,-1.2645
116,-1.6663
117,-0.9849
118,-0.6713
119,-1.0603
120,-0.8066
121,-1.0640
122,-0.4444
123,-1.1107
124,-0.9012
125,-0.5747
126,-1.4886
127,-0.5722
128,-1.7451
129,-1.8055
130,-1.3505
131,-1.1892
132,-1.3020
133,-0.5965
134,-0.7146
135,-0.7419
136,-0.9515
137,-1.0609
138,-1.3045
139,-1.4245
140,-0.6284
141,-0.9023
142,-1.1413
143,-0.9886
144,-0.9591
145,-1.1303
146,-1.2852
147,-1.0200
148,-1.3578
149,-0.9833
150,-1.1020
151,-1.2040
152,-1.8071
153,-1.7159
154,-0.3523
155,-2.4129
156,-1.6056
157,-1.8565
158,-1.3877
159,-1.7952
160,-0.8998
161,-1.2449
162,-0.5203
163,-0.7533
164,-0.8341
165,-1.0112
166,-0.8897
167,-1.2989
168,-0.5702
169,-1.2535
170,-1.0688
171,-1.1503
172,-0.7616
173,-1.2316
174,-1.5661
175,-1.0251
176,-0.7447
177,-0.2837
178,-0.5974
179,-1.4147
180,-0.2955
181,-0.9553
182,-0.8540
183,-1.0306
184,-1.8591
185,-0.6375
186,-1.5116
187,-1.5022
188,-1.4028
189,-1.2121
190,-1.4548
191,-1.8584
192,-0.7723
193,-1.5253
194,-0.9684
195,-0.5317
196,-1.4083
197,-0.6899
198,-2.1115
199,-0.9689
200,-2.0866
201,-1.0370
202,-0.8572
203,-0.5856
204,-0.5915
205,-0.3483
206,-0.9791
207,-1.1151
208,-1.0640
209,-0.6668
210,-0.9106
211,-1.4083
212,-1.4081
213,-1.6724
214,-1.6458
215,-0.9509
216,-1.5638
217,-0.7975
218,-1.3962
219,-1.9166
220,-1.5137
221,-0.8446
222,-1.7706
223,-1.9612
224,-1.6193
225,-0.6759
226,-1.3665
227,-1.0544
228,-1.4999
229,-0.5767
230,-1.1043
231,-1.3815
232,-1.3084
233,-0.8803
234,-1.1670
235,-0.9580
236,-1.7112
237,-0.8305
238,-0.7577
239,-1.0458
240,-0.2588
241,-1.8598
242,-0.4104
243,-1.3693
244,-0.6122
245,-1.1573
246,-0.9899
247,-0.9956
248,-1.6041
249,-1.7448
250,-0.9835
251,-0.5870
252,-0.8187
253,-0.8539
254,-1.6372
255,-1.0196
256,-1.1166
257,-0.5582
258,-1.4082
259,-0.9303
260,-0.6712
261,-0.8136
262,-1.6691
263,-1.3321
264,-0.8883
265,-1.2942
266,-1.4871
267,-1.7620
268,-1.8094
269,-0.9959
270,-0.9185
271,-1.1271
272,-1.5459
273,-1.2447
274,-0.8489
275,-1.5542
276,-1.3219
277,-1.8189
278,-1.2517
279,-1.1127
280,-0.9460
281,-1.7234
282,-1.6744
283,-0.4378
284,-1.5710
285,-1.1612
286,-0.8101
287,-0.8201
288,-0.8710
289,-1.4457
290,-0.7129
291,-1.0592
292,-1.3696
293,-1.6805
294,-1.0382
295,-0.9346
296,-2.0033
297,-0.9427
298,-0.6148
299,-1.5624
300,-1.6289
301,-1.1372
302,-1.5180
303,-0.9877
304,-0.7640
305,-0.6621
306,-1.5171
307,-1.8369
308,-1.2813
309,-0.5568
310,-1.8115
311,-0.9406
312,-1.0611
313,-0.6807
314,-0.6497
315,-1.0017
316,-1.2732
317,-1.0531
318,-0.7807
319,-0.9285
320,-1.9758
321,-1.2655
322,-1.2175
323,-0.7705
324,-1.1342
325,-0.5646
326,-1.2153
327,-1.4416
328,-0.8098
329,-2.0514
330,-0.5820
331,-0.7488
332,-1.3775
333,-1.6853
334,-1.1611
335,-1.2669
336,-1.1361
337,-1.2902
338,-0.6891
339,-1.6380
340,-2.0654
341,-1.5798
342,-0.8632
343,-0.4247
344,-1.1167
345,-1.1151
346,-1.8031
347,-0.9174
348,-1.1244
349,-1.6093
350,-1.0698
351,-1.3920
352,-0.8212
353,-1.5020
354,-1.4156
355,-1.4044
356,-0.8301
357,-1.3175
358,-0.9487
359,-0.9029
360,-1.0165
361,-1.3476
362,-0.6192
363,-0.8720
364,-0.9290
365,-0.6436
366,-0.6690
367,-1.3002
368,-1.0553
369,-0.7032
370,-0.7591
371,-0.6945
372,-1.1151
373,-0.9933
374,-0.8387
375,-1.3066
376,-0.9327
377,-2.1058
378,-1.8437
379,-2.5154
380,-0.6857
381,-1.3298
382,-1.5140
383,-1.1116
384,-1.0857
385,-1.3394
386,-1.0334
387,-1.3393
388,-1.6010
389,-0.9029
390,-1.2378
391,-1.5762
392,-1.4024
393,-0.7603
394,-1.8184
395,-0.7107
396,-0.9716
397,-1.3365
398,-1.0025
399,-1.2570
400,-0.5826
401,-0.7173
402,-1.7588
403,-1.5175
404,-0.6961
405,-1.2020
406,-0.9132
407,-1.7794
408,-1.2342
409,-1.1204
410,-1.2205
411,-0.8003
412,-1.6671
413,-1.1891
414,-0.9059
415,-1.2712
416,-0.8986
417,-0.4812
418,-1.1565
419,-0.3022
420,-1.5569
421,-1.6319
422,-1.1190
423,-0.6743
424,-0.4471
425,-0.9480
426,-0.6999
427,-0.7822
428,-0.9582
429,-0.8436
430,-0.9243
431,-1.3982
432,-1.1060
433,-1.0991
434,-0.8982
435,-0.8982
436,-0.8418
437,-0.9543
438,-1.1453
439,-1.1921
440,-2.1687
441,-0.8139
442,-1.0393
443,-0.9414
444,-0.5597
445,-1.4019
446,-1.9498
447,-1.0053
448,-1.0950
449,-1.0380
450,-1.1305
451,-0.6963
452,-1.2664
453,-0.6834
454,-0.6726
455,-0.8914
456,-0.3089
457,-2.1702
458,-0.7630
459,-1.1376
460,-1.6604
461,-1.0817
462,-1.8442
463,-1.1832
464,-1.1013
465,-1.2854
466,-1.3814
467,-1.3308
468,-1.9766
469,-1.5678
470,-0.5816
471,-0.8170
472,-0.8091
473,-0.7896
474,-1.6227
475,-0.5238
476,-1.5910
477,-0.9971
478,-2.3111
479,-0.8187
480,-1.2407
481,-0.9763
482,-0.8982
483,-0.5192
484,-0.8083
485,-1.2573
486,-1.2341
487,-1.1042
488,-1.2248
489,-1.5388
490,-1.6285
491,-0.5570
492,-0.8854
493,-1.1625
494,-1.3725
495,-0.2602
496,-1.7119
497,-0.9302
498,-0.6383
499,-0.5746
500,-1.2866
501,-1.1737
502,-1.4097
503,-1.1028
504,-1.8621
505,-1.1313
506,-1.6721
507,-1.8342
508,-1.8386
509,-1.1696
510,-1.2361
511,-2.2074
512,-1.7664
513,-0.9718
514,-1.4204
515,-0.9837
516,-1.9695
517,-1.0985
518,-0.9120
519,-0.7374
520,-0.9869
521,-0.4171
522,-0.8404
523,-1.3282
524,-0.9407
525,-1.2789
526,-1.3953
527,-1.3297
528,-1.5466
529,-1.5684
530,-1.3293
531,-1.3095
532,-1.2871
533,-0.9514
534,-0.9549
535,-1.1674
536,-1.3272
537,-1.3776
538,-1.1131
539,-1.5384
540,-0.5551
541,-0.9909
542,-0.9822
543,-1.0465
544,-1.2020
545,-0.7054
546,-2.4344
547,-0.6162
548,-1.4804
549,-1.1897
550,-1.2642
551,-1.4754
552,-1.3230
553,-0.6105
554,-1.2253
555,-1.2876
556,-1.5705
557,-1.1108
558,-1.2760
559,-1.0166
560,-1.0246
561,-1.0870
562,-0.7036
563,-1.1138
564,-0.9942
565,-1.6546
566,-1.6788
567,-1.2812
568,-1.0949
569,-1.6851
570,-0.8344
571,-0.6901
572,-1.4638
573,-1.2207
574,-1.8215
575,-1.5019
576,-1.3821
577,-2.3866
578,-1.0492
579,-1.6839
580,-1.4719
581,-0.5918
582,-1.6764
583,-0.8708
584,-0.5660
585,-0.7333
586,-0.7096
587,-0.8500
588,-0.4103
589,-0.7494
590,-1.3738
591,-1.8817
592,-1.7029
593,-1.2276
594,-0.9461
595,-0.5227
596,-1.0232
597,-1.0655
598,-1.1910
599,-1.5412
600,-0.8412
601,-1.6909
602,-0.8384
603,-0.4282
604,-0.8460
605,-1.0685
606,-1.5269
607,-0.8820
608,-1.4465
609,-0.7786
610,-1.6683
611,-1.2985
612,-1.2456
613,-1.1339
614,-0.7838
615,-0.7272
616,-0.6107
617,-1.6284
618,-0.8094
619,-1.4330
620,-1.3511
621,-0.7698
622,-0.9904
623,-2.0299
624,-0.6591
625,-1.6241
626,-0.9392
627,-1.5297
628,-1.7055
629,-0.8888
630,-0.7192
631,-1.4682
632,-1.4276
633,-0.2480
634,-2.0286
635,-0.7335
636,-0.7173
637,-0.9604
638,-1.1718
639,-1.6817
640,-0.8819
641,-0.9746
642,-1.1042
643,-1.2245
644,-0.6905
645,-1.5876
646,-1.4232
647,-1.9868
648,-0.3871
649,-1.6465
650,-1.5600
651,-0.7697
652,-0.9283
653,-1.1551
654,-1.0173
655,-1.2682
656,-0.7217
657,-1.0576
658,-1.1764
659,-1.0748
660,-0.8022
661,-1.0874
662,-0.8308
663,-0.6535
664,-1.0074
665,-0.6506
666,-0.6815
667,-1.9576
668,-0.7729
669,-0.4411
670,-1.2326
671,-1.9856
672,-1.3437
673,-1.1610
674,-2.1403
675,-1.0226
676,-1.2386
677,-1.3377
678,-1.0012
679,-0.8984
680,-2.1558
681,-1.1019
682,-0.7225
683,-0.7811
684,-1.3927
685,-1.0473
686,-1.4645
687,-0.8016
688,-0.3965
689,-1.9150
690,-1.6690
691,-1.1731
692,-1.1547
693,-0.8241
694,-0.9893
695,-1.0794
696,-0.5527
697,-2.3306
698,-1.3043
699,-0.5646
700,-1.0322
701,-0.7013
702,-0.2775
703,-1.0620
704,-0.8382
705,-1.2467
706,-1.2871
707,-1.4717
708,-0.9768
709,-1.5170
710,-1.1406
711,-0.8201
712,-1.1369
713,-0.5768
714,-1.0733
715,-1.2725
716,-1.5001
717,-0.6481
718,-2.2045
719,-0.5410
720,-1.0371
721,-0.6818
722,-0.8149
723,-1.0220
724,-0.4823
725,-1.1598
726,-0.8875
727,-1.5297
728,-0.7987
729,-0.7120
730,-0.8485
731,-0.8967
732,-0.9457
733,-1.1244
734,-0.4153
735,-2.0304
736,-0.9733
737,-1.3619
738,-0.7538
739,-1.7006
740,-0.9304
741,-1.7727
742,-1.0510
743,-1.4993
744,-0.6298
745,-0.7763
746,-1.2672
747,-1.1661
748,-0.8594
749,-1.1453
750,-1.2170
751,-0.9953
752,-1.0818
753,-0.6541
754,-0.8493
755,-1.4683
756,-1.0467
757,-1.0836
758,-1.0165
759,-0.9808
760,-1.1088
761,-1.0760
762,-1.0421
763,-1.3308
764,-1.8494
765,-0.8950
766,-0.9598
767,-1.1485
768,-0.6094
769,-1.1718
770,-1.2005
771,-0.9559
772,-0.6730
773,-0.8773
774,-0.7207
775,-1.2315
776,-1.4525
777,-1.3454
778,-0.8538
779,-1.0199
780,-1.5502
781,-0.8076
782,-1.7319
783,-0.7252
784,-1.9907
785,-1.2922
786,-2.0163
787,-1.5437
788,-1.0253
789,-1.0985
790,-1.5573
791,-1.2317
792,-0.6642
793,-0.9615
794,-1.2222
795,-0.7961
796,-1.3011
797,-1.0436
798,-1.4153
799,-2.1090
800,-1.0133
801,-1.1521
802,-0.9056
803,-0.7120
804,-1.0901
805,-0.9095
806,-0.8939
807,-1.4134
808,-0.6673
809,-1.3955
810,-1.0516
811,-1.2589
812,-0.7360
813,-1.5276
814,-1.8127
815,-1.6536
816,-1.5809
817,-0.6184
818,-1.4513
819,-0.6199
820,-1.1738
821,-1.6415
822,-1.8088
823,-0.8813
824,-0.8408
825,-1.2381
826,-2.3539
827,-1.2851
828,-1.2471
829,-0.4332
830,-1.2449
831,-1.1323
832,-1.6221
833,-1.6471
834,-1.0986
835,-1.4403
836,-0.9035
837,-1.0636
838,-2.3942
839,-0.6818
840,-1.5858
841,-1.6470
842,-1.3469
843,-1.1534
844,-1.2346
845,-0.7862
846,-1.0384
847,-1.0206
848,-0.8382
849,-0.9932
850,-1.7984
851,-1.6853
852,-0.8537
853,-1.6578
854,-1.5295
855,-1.2795
856,-1.0144
857,-1.6300
858,-0.4511
859,-1.0505
860,-0.9511
861,-1.3550
862,-1.3237
863,-1.1087
864,-1.2877
865,-1.0928
866,-1.0110
867,-1.8583
868,-1.2322
869,-1.5790
870,-0.6247
871,-1.1422
872,-1.1090
873,-1.2683
874,-1.0059
875,-1.2833
876,-1.1864
877,-1.3767
878,-1.5014
879,-1.9012
880,-1.5235
881,-0.6393
882,-0.8273
883,-1.5550
884,-0.9046
885,-1.0308
886,-1.3177
887,-0.8857
888,-0.8089
889,-0.4985
890,-0.8108
891,-0.8167
892,-0.8921
893,-1.2738
894,-1.6567
895,-0.8112
896,-1.3413
897,-1.0570
898,-0.9885
899,-1.3646
900,-1.3830
901,-0.7611
902,-1.4102
903,-0.8474
904,-0.6110
905,-1.6026
906,-1.0969
907,-0.9235
908,-0.8950
909,-0.7803
910,-0.7047
911,-0.7497
912,-0.3615
913,-0.6315
914,-0.6036
915,-1.0320
916,-1.2268
917,-1.4893
918,-1.2576
919,-0.8916
920,-0.6779
921,-0.9678
922,-1.1216
923,-1.3667
924,-0.7553
925,-1.2596
926,-1.2172
927,-1.3999
928,-1.5374
929,-2.0548
930,-1.0831
931,-1.2437
932,-1.1042
933,-0.8562
934,-1.2000
935,-0.8405
936,-1.0343
937,-1.5906
938,-1.8492
939,-1.1883
940,-0.3731
941,-0.5269
942,-0.7720
943,-0.7454
944,-0.8163
945,-0.9529
946,-1.5573
947,-0.8466
948,-1.5490
949,-1.0703
950,-1.1248
951,-1.0211
952,-0.6458
953,-1.3903
954,-1.0518
955,-1.0410
956,-1.3484
957,-1.1747
958,-1.3736
959,-0.9014
960,-0.9966
961,-1.6254
962,-1.5879
963,-1.2230
964,-1.0339
965,-1.1944
966,-0.5233
967,-1.2632
968,-0.9890
969,-1.2843
970,-0.9006
971,-0.9773
972,-1.6008
973,-1.1349
974,-1.2919
975,-1.4881
976,-1.9366
977,-0.9774
978,-1.2220
979,-1.3413
980,-1.0270
981,-1.0211
982,-0.5493
983,-1.2728
984,-1.5737
985,-0.8080
986,-1.2664
987,-0.9451
988,-0.6234
989,-1.0874
990,-0.3380
991,-1.6706
992,-1.6095
993,-0.5545
994,-0.7597
995,-1.3747
996,-1.7528
997,-1.3257
998,-1.1458
999,-0.6021
1000,-0.7185
1001,-0.9930
1002,-1.6327
1003,-0.9439
1004,-1.1309
1005,-1.6669
1006,-0.5712
1007,-1.1607
1008,-0.5143
1009,-1.5039
1010,-1.3105
1011,-0.9791
1012,-1.4503
1013,-1.5685
1014,-0.6631
1015,-1.1678
1016,-1.9785
1017,-1.9270
1018,-0.9504
1019,-0.8941
1020,-0.7774
1021,-0.8742
1022,-0.9835
1023,-0.6816
1024,-0.6071
1025,-0.9222
1026,-0.6898
1027,-1.7383
1028,-0.8730
1029,-0.7067
1030,-0.9935
1031,-1.4070
1032,-0.8365
1033,-0.6309
1034,-1.0010
1035,-0.9982
1036,-0.4436
1037,-0.7155
1038,-0.9015
1039,-1.3994
1040,-1.7126
1041,-1.1596
1042,-1.0682
1043,-0.7362
1044,-0.8376
1045,-0.9351
1046,-1.2079
1047,-1.2835
1048,-0.5648
1049,-0.8068
1050,-1.3232
1051,-1.0636
1052,-1.0284
1053,-1.7078
1054,-0.7764
1055,-1.1456
1056,-0.8853
1057,-1.2056
1058,-0.7649
1059,-1.2393
1060,-0.9355
1061,-1.7419
1062,-1.5767
1063,-1.2947
1064,-0.9647
1065,-1.9092
1066,-0.9524
1067,-0.8420
1068,-0.6987
1069,-1.3899
1070,-0.0688
1071,-1.1769
1072,-0.7071
1073,-1.6754
1074,-1.1278
1075,-0.7224
1076,-1.2140
1077,-0.8372
1078,-0.7777
1079,-1.1404
1080,-1.4203
1081,-1.7566
1082,-1.2571
1083,-1.7326
1084,-0.9324
1085,-0.6294
1086,-2.1408
1087,-1.7137
1088,-1.6006
1089,-1.7946
1090,-0.6170
1091,-1.6462
1092,-0.6631
1093,-1.0436
1094,-0.4482
1095,-1.4325
1096,-0.6889
1097,-1.4127
1098,-1.3861
1099,-1.0238
1100,-1.1976
1101,-0.9488
1102,-1.5885
1103,-1.3224
1104,-1.1239
1105,-1.8901
1106,-0.8737
1107,-1.5839
1108,-1.9233
1109,-2.0561
1110,-1.6773
1111,-0.6568
1112,-1.4896
1113,-1.0420
1114,-0.7272
1115,-1.6124
1116,-0.7922
1117,-1.0752
1118,-0.8359
1119,-1.2626
1120,-1.1337
1121,-0.6130
1122,-1.5821
1123,-0.3843
1124,-1.2256
1125,-1.2992
1126,-1.8333
1127,-0.6236
1128,-1.1535
1129,-1.6542
1130,-1.1026
1131,-0.9575
1132,-1.3579
1133,-1.1535
1134,-0.8531
1135,-0.6127
1136,-1.4942
1137,-1.2891
1138,-0.7647
1139,-1.7106
1140,-1.3715
1141,-0.6997
1142,-1.2927
1143,-1.2725
1144,-1.1838
1145,-0.6949
1146,-1.8156
1147,-1.0507
1148,-1.5605
1149,-0.8252
1150,-0.6728
1151,-0.9014
1152,-0.7189
1153,-1.0651
1154,-1.0986
1155,-1.1788
1156,-0.8768
1157,-0.9611
1158,-0.8812
1159,-1.7278
1160,-0.5821
1161,-1.4053
1162,-1.4159
1163,-1.5028
1164,-1.6049
1165,-0.9688
1166,-1.3874
1167,-1.7433
1168,-0.9690
1169,-0.8790
1170,-1.9230
1171,-2.2183
1172,-1.2079
1173,-0.8142
1174,-1.2938
1175,-0.4505
1176,-1.8431
1177,-0.6970
1178,-1.2917
1179,-2.1881
1180,-1.4488
1181,-1.4794
1182,-0.3128
1183,-1.7732
1184,-1.0683
1185,-0.3390
1186,-0.3894
1187,-1.6872
1188,-0.9273
1189,-1.4179
1190,-1.2985
1191,-1.1627
1192,-0.7253
1193,-1.0614
1194,-1.1901
1195,-0.5927
1196,-0.7618
1197,-1.1392
1198,-0.3176
1199,-1.0875
1200,-1.3710
1201,-1.6567
1202,-0.6613
1203,-0.9514
1204,-1.5620
1205,-1.1534
1206,-1.2494
1207,-2.1397
1208,-1.0639
1209,-1.0113
1210,-1.4312
1211,-1.1648
1212,-1.8908
1213,-0.8913
1214,-0.4769
1215,-0.9695
1216,-1.0657
1217,-0.7799
1218,-1.8227
1219,-1.0943
1220,-1.7178
1221,-1.7786
1222,-0.3403
1223,-0.8287
1224,-1.3271
1225,-0.6451
1226,-1.5442
1227,-1.3559
1228,-1.3053
1229,-0.8546
1230,-1.0509
1231,-0.7229
1232,-0.4244
1233,-1.0416
1234,-0.6627
1235,-0.7907
1236,-1.0559
1237,-1.3970
1238,-0.8877
1239,-1.3923
1240,-0.4985
1241,-1.0019
1242,-1.3538
1243,-0.3115
1244,-1.6175
1245,-0.6105
1246,-1.2298
1247,-1.6518
1248,-1.4523
1249,-0.3928
1250,-1.4891
1251,-1.3196
1252,-0.7387
1253,-0.8694
1254,-0.4507
1255,-1.0101
1256,-1.4059
1257,-1.2956
1258,-0.8974
1259,-1.0968
1260,-0.9587
1261,-0.7440
1262,-1.4517
1263,-1.8393
1264,-1.6703
1265,-0.7218
1266,-1.0728
1267,-1.2327
1268,-0.3487
1269,-1.0863
1270,-1.0358
1271,-0.6294
1272,-1.4078
1273,-0.8237
1274,-1.0327
1275,-0.9301
1276,-1.3111
1277,-1.2191
1278,-1.4232
1279,-0.8592
1280,-1.2570
1281,-1.1215
1282,-0.6545
1283,-2.1255
1284,-1.3881
1285,-1.1871
1286,-0.7528
1287,-1.0046
1288,-0.5153
1289,-1.3863
1290,-0.9009
1291,-1.1043
1292,-1.4884
1293,-1.2864
1294,-0.7855
1295,-1.4198
1296,-1.2615
1297,-0.4379
1298,-1.0631
1299,-1.9710
1300,-1.7559
1301,-2.3012
1302,-2.1485
1303,-2.0357
1304,-1.3414
1305,-0.7228
1306,-1.1491
1307,-1.2006
1308,-1.5582
1309,-1.1782
1310,-1.1652
1311,-0.8554
1312,-0.6960
1313,-0.8628
1314,-1.1824
1315,-1.2024
1316,-1.6404
1317,-0.9763
1318,-1.1904
1319,-1.5780
1320,-0.8128
1321,-1.4714
1322,-1.9054
1323,-0.6143
1324,-1.3961
1325,-1.4614
1326,-0.5992
1327,-1.3082
1328,-1.0328
1329,-0.8687
1330,-0.4422
1331,-1.0102
1332,-1.2375
1333,-1.5308
1334,-0.6419
1335,-0.8489
1336,-0.4370
1337,-1.3414
1338,-0.7653
1339,-0.8033
1340,-2.2485
1341,-0.7666
1342,-0.8519
1343,-1.6692
1344,-1.8683
1345,-1.2594
1346,-0.7839
1347,-1.0607
1348,-1.1096
1349,-1.5327
1350,-1.0662
1351,-1.3806
1352,-0.6894
1353,-1.3132
1354,-0.9997
1355,-1.3131
1356,-1.6045
1357,-0.9905
1358,-1.7464
1359,-1.0627
1360,-0.4327
1361,-1.4061
1362,-0.5810
1363,-1.5335
1364,-0.7489
1365,-0.5095
1366,-0.9422
1367,-1.8133
1368,-1.4929
1369,-1.5160
1370,-0.5102
1371,-0.9744
1372,-1.6342
1373,-0.4470
1374,-1.4662
1375,-1.0878
1376,-1.4087
1377,-0.9011
1378,-1.8848
1379,-0.7397
1380,-0.8911
1381,-1.2386
1382,-1.1299
1383,-1.2708
1384,-2.0064
1385,-1.2517
1386,-0.4125
1387,-1.3743
1388,-0.7036
1389,-0.7462
1390,-1.3951
1391,-1.5541
1392,-0.4281
1393,-1.7630
1394,-0.7560
1395,-1.0283
1396,-0.4985
1397,-1.1670
1398,-1.3848
1399,-1.0696
1400,-1.8801
1401,-1.3075
1402,-1.4362
1403,-0.3597
1404,-1.9498
1405,-1.3362
1406,-1.0462
1407,-1.4045
1408,-2.1259
1409,-1.2029
1410,-1.2477
1411,-0.5305
1412,-1.3250
1413,-1.0258
1414,-1.7294
1415,-0.9223
1416,-0.5054
1417,-1.9987
1418,-0.7303
1419,-1.5362
1420,-0.9644
1421,-1.6064
1422,-1.3010
1423,-1.7555
1424,-0.9702
1425,-0.7050
1426,-1.0758
1427,-1.4240
1428,-0.8899
1429,-0.9801
1430,-1.5627
1431,-0.5083
1432,-0.8368
1433,-0.7310
1434,-1.1799
1435,-0.8660
1436,-1.2755
1437,-1.4186
1438,-1.1015
1439,-1.7682
1440,-1.2063
1441,-0.4142
1442,-1.2720
1443,-1.2677
1444,-0.8110
1445,-1.4091
1446,-0.9205
1447,-0.3556
1448,-1.1769
1449,-0.9734
1450,-0.9607
1451,-1.4161
1452,-1.2571
1453,-1.6293
1454,-0.7903
1455,-1.4198
1456,-1.6162
1457,-1.4744
1458,-0.6564
1459,-1.3591
1460,-0.9458
1461,-0.8276
1462,-1.3181
1463,-1.5940
1464,-1.8647
1465,-1.3735
1466,-1.1081
1467,-2.0304
1468,-1.6065
1469,-0.9139
1470,-1.4440
1471,-1.6083
1472,-0.6211
1473,-1.0377
1474,-0.9815
1475,-0.7857
1476,-1.3643
1477,-1.4421
1478,-0.9708
1479,-1.4238
1480,-1.2839
1481,-1.6990
1482,-1.3810
1483,-1.1394
1484,-1.7646
1485,-0.8944
1486,-1.0714
1487,-1.1081
1488,-1.5967
1489,-1.4522
1490,-0.9540
1491,-1.1356
1492,-1.0336
1493,-0.7059
1494,-0.8768
1495,-1.0809
1496,-1.1659
1497,-1.1059
1498,-0.8285
1499,-1.5349
1500,-1.0853
1501,-1.2635
1502,-1.0523
1503,-1.6921
1504,-1.2946
1505,-1.4675
1506,-0.5890
1507,-1.0375
1508,-1.0077
1509,-1.1797
1510,-1.0595
1511,-1.3524
1512,-1.6497
1513,-0.9484
1514,-1.1543
1515,-1.3291
1516,-0.3942
1517,-1.5503
1518,-1.7730
1519,-1.3113
1520,-1.6172
1521,-1.9522
1522,-1.6581
1523,-1.1069
1524,-0.9582
1525,-0.9623
1526,-1.6388
1527,-0.9482
1528,-1.0206
1529,-0.6899
1530,-1.3639
1531,-0.7418
1532,-1.8834
1533,-1.5832
1534,-0.6037
1535,-0.6776
1536,-1.3387
1537,-0.8392
1538,-1.2786
1539,-1.1199
1540,-0.8656
1541,-1.8333
1542,-1.6461
1543,-0.9967
1544,-0.6780
1545,-2.1666
1546,-0.9506
1547,-1.0260
1548,-1.6512
1549,-0.1952
1550,-2.0550
1551,-1.1411
1552,-0.9270
1553,-0.9120
1554,-1.4009
1555,-1.6059
1556,-1.1331
1557,-1.0472
1558,-0.3817
1559,-0.8190
1560,-1.1205
1561,-1.7235
1562,-1.4639
1563,-1.1114
1564,-1.6463
1565,-0.8320
1566,-0.6628
1567,-1.0430
1568,-1.0197
1569,-0.7902
1570,-0.9348
1571,-0.7995
1572,-1.5801
1573,-1.2046
1574,-1.2080
1575,-0.9182
1576,-1.0969
1577,-1.7583
1578,-0.9385
1579,-0.6740
1580,-0.3348
1581,-1.2756
1582,-0.5746
1583,-0.8879
1584,-1.3799
1585,-1.1937
1586,-1.1024
1587,-1.5605
1588,-0.7557
1589,-0.3892
1590,-0.8380
1591,-0.9435
1592,-0.5598
1593,-1.2971
1594,-1.4932
1595,-0.5906
1596,-1.3243
1597,-1.3628
1598,-1.3472
1599,-1.0913
1600,-1.3291
1601,-1.3104
1602,-1.5348
1603,-1.4403
1604,-1.1079
1605,-1.4308
1606,-1.4170
1607,-1.1170
1608,-1.0395
1609,-1.2686
1610,-1.4689
1611,-1.3305
1612,-1.0936
1613,-0.9556
1614,-0.6380
1615,-0.9586
1616,-0.8007
1617,-0.8215
1618,-0.7445
1619,-1.1634
1620,-0.9099
1621,-0.8753
1622,-1.7137
1623,-0.9308
1624,-0.9803
1625,-1.4601
1626,-0.6535
1627,-1.1136
1628,-1.8425
1629,-0.4086
1630,-1.6223
1631,-1.0892
1632,-2.3565
1633,-1.1813
1634,-0.8791
1635,-0.7211
1636,-1.1206
1637,-0.9216
1638,-1.6175
1639,-1.1599
1640,-1.5686
1641,-1.9013
1642,-1.1805
1643,-1.2738
1644,-0.7701
1645,-1.4221
1646,-1.3048
1647,-0.4737
1648,-1.4652
1649,-1.9570
1650,-1.1232
1651,-1.4947
1652,-0.7646
1653,-1.2526
1654,-1.1846
1655,-0.7476
1656,-0.9715
1657,-1.1570
1658,-0.5195
1659,-0.7795
1660,-1.0028
1661,-0.7622
1662,-0.8938
1663,-1.4416
1664,-1.1950
1665,-0.4132
1666,-0.7161
1667,-1.5205
1668,-1.0217
1669,-1.7253
1670,-1.2466
1671,-1.6342
1672,-1.8667
1673,-0.7292
1674,-0.5851
1675,-1.1600
1676,-0.9474
1677,-1.1556
1678,-1.6103
1679,-1.4481
1680,-1.2292
1681,-1.3187
1682,-1.2886
1683,-0.6147
1684,-0.6497
1685,-1.1010
1686,-1.4800
1687,-0.4818
1688,-1.1543
1689,-1.2741
1690,-0.7276
1691,-0.9512
1692,-1.2067
1693,-0.9645
1694,-0.9079
1695,-0.8532
1696,-0.9119
1697,-0.8431
1698,-1.2894
1699,-1.4220
1700,-1.1665
1701,-0.6435
1702,-1.2071
1703,-0.9078
1704,-0.8140
1705,-1.4234
1706,-1.3517
1707,-0.9591
1708,-1.5291
1709,-0.6000
1710,-1.1813
1711,-0.6684
1712,-1.1680
1713,-1.4094
1714,-1.0378
1715,-0.2641
1716,-1.5489
1717,-1.1135
1718,-0.6345
1719,-1.4586
1720,-1.3223
1721,-1.0954
1722,-0.8645
1723,-1.2083
1724,-0.7570
1725,-0.7284
1726,-0.9843
1727,-0.8176
1728,-1.1938
1729,-1.1205
1730,-1.0217
1731,-0.3476
1732,-0.9405
1733,-0.8188
1734,-1.0129
1735,-1.4450
1736,-0.5933
1737,-1.4449
1738,-1.0272
1739,-1.8407
1740,-1.3750
1741,-1.1786
1742,-1.4594
1743,-1.0127
1744,-1.1896
1745,-0.9602
1746,-1.1276
1747,-0.6134
1748,-0.6233
1749,-1.0452
1750,-0.6967
1751,-0.8835
1752,-1.0572
1753,-1.0662
1754,-0.8346
1755,-1.5161
1756,-2.0940
1757,-2.0344
1758,-1.8912
1759,-0.5928
1760,-1.2874
1761,-1.4931
1762,-1.8493
1763,-1.5663
1764,-1.1778
1765,-1.0277
1766,-1.1044
1767,-0.9681
1768,-1.4165
1769,-0.7575
1770,-0.8858
1771,-1.1482
1772,-1.6165
1773,-1.8532
1774,-1.4481
1775,-1.3531
1776,-0.7437
1777,-1.7695
1778,-1.9178
1779,-1.5592
1780,-0.7062
1781,-1.8519
1782,-1.6341
1783,-1.2217
1784,-0.8844
1785,-0.8456
1786,-0.7750
1787,-1.7433
1788,-0.9313
1789,-0.8171
1790,-1.0727
1791,-1.2159
1792,-0.7424
1793,-1.0010
1794,-1.7092
1795,-0.8582
1796,-0.5415
1797,-1.6136
1798,-1.6702
1799,-1.2056
1800,-0.9785
1801,-1.0849
1802,-0.7885
1803,-1.3336
1804,-0.8963
1805,-0.3295
1806,-0.5379
1807,-0.8597
1808,-1.7045
1809,-0.9938
1810,-0.5739
1811,-2.0218
1812,-1.9130
1813,-0.9913
1814,-0.4345
1815,-1.1625
1816,-1.1413
1817,-1.1404
1818,-0.7799
1819,-1.0448
1820,-1.1579
1821,-0.9502
1822,-1.6049
1823,-0.8215
1824,-0.7732
1825,-0.8687
1826,-0.5985
1827,-1.4603
1828,-1.1076
1829,-0.8096
1830,-1.9038
1831,-1.0730
1832,-0.7495
1833,-0.6823
1834,-1.4972
1835,-1.2690
1836,-1.6314
1837,-0.8903
1838,-0.6107
1839,-1.3480
1840,-1.3615
1841,-1.2602
1842,-1.1920
1843,-1.4994
1844,-1.7714
1845,-1.0826
1846,-0.9316
1847,-1.4843
1848,-1.0764
1849,-1.3965
1850,-2.3887
1851,-1.0918
1852,-1.3462
1853,-1.3696
1854,-1.8044
1855,-1.0580
1856,-2.3461
1857,-0.9364
1858,-0.8762
1859,-0.4360
1860,-0.5405
1861,-0.8442
1862,-0.8178
1863,-1.7898
1864,-1.6183
1865,-0.7859
1866,-0.6225
1867,-1.2573
1868,-1.4537
1869,-1.2328
1870,-1.1251
1871,-0.6588
1872,-0.9899
1873,-1.2964
1874,-1.1449
1875,-1.3175
1876,-0.8112
1877,-0.3819
1878,-1.6347
1879,-1.1432
1880,-1.0041
1881,-1.0743
1882,-1.0138
1883,-1.4493
1884,-1.6145
1885,-1.3143
1886,-0.9140
1887,-0.7596
1888,-1.5019
1889,-0.7865
1890,-0.8038
1891,-1.6140
1892,-2.2919
1893,-1.3982
1894,-1.1001
1895,-1.1976
1896,-1.1217
1897,-1.0043
1898,-1.0002
1899,-1.5932
1900,-1.0030
1901,-1.6879
1902,-0.7804
1903,-1.0835
1904,-1.4413
1905,-1.4468
1906,-0.9945
1907,-1.1645
1908,-1.1708
1909,-1.3118
1910,-0.8266
1911,-1.2626
1912,-0.3896
1913,-1.6473
1914,-0.8607
1915,-0.7039
1916,-0.9052
1917,-1.1031
1918,-1.2374
1919,-1.0934
1920,-0.7628
1921,-0.8332
1922,-1.1559
1923,-1.2261
1924,-1.4231
1925,-1.1991
1926,-1.0120
1927,-0.8278
1928,-1.1203
1929,-0.9006
1930,-0.7616
1931,-1.2875
1932,-1.3382
1933,-1.1696
1934,-1.6490
1935,-1.9289
1936,-1.5326
1937,-1.5776
1938,-0.6510
1939,-0.7290
1940,-1.0071
1941,-1.2476
1942,-1.4333
1943,-1.2638
1944,-0.8797
1945,-1.2958
1946,-1.2787
1947,-1.6147
1948,-0.6721
1949,-1.1905
1950,-1.2276
1951,-1.0050
1952,-1.6781
1953,-0.8982
1954,-1.0303
1955,-1.4777
1956,-1.1321
1957,-0.8639
1958,-0.8469
1959,-0.7187
1960,-0.8280
1961,-1.1589
1962,-1.2953
1963,-1.3793
1964,-0.8367
1965,-1.2645
1966,-1.3754
1967,-0.9022
1968,-0.8504
1969,-1.1483
1970,-1.1539
1971,-0.3768
1972,-0.9876
1973,-1.2466
1974,-1.1851
1975,-1.2435
1976,-1.1770
1977,-1.2511
1978,-1.0953
1979,-0.9994
1980,-0.7446
1981,-1.5683
1982,-1.2227
1983,-1.0188
1984,-0.6978
1985,-1.0830
1986,-0.7029
1987,-1.1732
1988,-0.6042
1989,-1.0564
1990,-0.9465
1991,-2.0131
1992,-0.9451
1993,-1.0334
1994,-0.7562
1995,-1.4210
1996,-0.5536
1997,-1.2635
1998,-0.7914
1999,-0.7701
2000,-1.6662
2001,-1.2891
2002,-1.4425
2003,-1.8611
2004,-1.8814
2005,-2.1234
2006,-2.0109
2007,-1.0317
2008,-1.3535
2009,-1.2755
2010,-0.2654
2011,-0.8872
2012,-0.8526
2013,-1.8962
2014,-1.0863
2015,-1.9740
2016,-0.5691
2017,-1.0250
2018,-1.6014
2019,-1.1469
2020,-1.4418
2021,-0.9960
2022,-1.2639
2023,-1.2048
2024,-1.0944
2025,-1.1422
2026,-0.4191
2027,-2.0341
2028,-1.1950
2029,-1.3666
2030,-1.0506
2031,-1.4185
2032,-1.5627
2033,-0.8234
2034,-0.8164
2035,-1.3506
2036,-0.5557
2037,-1.4018
2038,-1.1153
2039,-1.3270
2040,-1.7967
2041,-1.0382
2042,-0.9930
2043,-1.1735
2044,-1.5483
2045,-1.7869
2046,-1.1581
2047,-0.6563
2048,-0.8301
2049,-2.0763
2050,-1.6373
2051,-0.5366
2052,-0.4594
2053,-1.5149
2054,-0.8328
2055,-1.1611
2056,-0.8975
2057,-1.2377
2058,-0.7696
2059,-0.5567
2060,-1.5282
2061,-0.8247
2062,-0.9008
2063,-1.1262
2064,-1.4040
2065,-1.8070
2066,-1.3875
2067,-1.6453
2068,-1.3142
2069,-1.0566
2070,-0.8030
2071,-1.5296
2072,-0.5968
2073,-0.7751
2074,-1.0290
2075,-0.6584
2076,-1.4594
2077,-0.9465
2078,-0.9040
2079,-0.6004
2080,-1.8148
2081,-0.7772
2082,-0.9899
2083,-1.2167
2084,-1.1836
2085,-0.9145
2086,-1.1213
2087,-0.7734
2088,-1.0368
2089,-1.7571
2090,-0.9899
2091,-1.1830
2092,-1.6159
2093,-1.4146
2094,-0.6337
2095,-1.0860
2096,-0.9756
2097,-1.2426
2098,-1.6692
2099,-1.5632
2100,-0.7425
2101,-1.5096
2102,-0.8764
2103,-1.2803
2104,-0.7870
2105,-1.6467
2106,-1.1311
2107,-1.8855
2108,-0.8252
2109,-1.8951
2110,-1.7187
2111,-0.8425
2112,-1.4051
2113,-1.5095
2114,-2.3615
2115,-0.7775
2116,-2.0378
2117,-0.7596
2118,-1.7273
2119,-1.1530
2120,-1.1516
2121,-0.9028
2122,-1.5378
2123,-0.3734
2124,-0.9647
2125,-0.9588
2126,-1.7556
2127,-1.5219
2128,-1.2008
2129,-1.3700
2130,-1.1033
2131,-1.1307
2132,-0.9183
2133,-1.7669
2134,-1.2815
2135,-0.7576
2136,-1.1946
2137,-1.0437
2138,-1.7133
2139,-1.4153
2140,-0.7990
2141,-0.9368
2142,-1.1905
2143,-0.7741
2144,-1.0646
2145,-0.5921
2146,-1.5268
2147,-1.2654
2148,-1.1339
2149,-2.0553
2150,-1.2284
2151,-1.4140
2152,-0.9143
2153,-1.0720
2154,-1.8127
2155,-1.1868
2156,-0.9500
2157,-0.4435
2158,-1.4491
2159,-0.8001
2160,-1.7078
2161,-1.0237
2162,-0.9396
2163,-1.5104
2164,-0.4375
2165,-2.3705
2166,-1.5448
2167,-1.3556
2168,-1.6490
2169,-1.3014
2170,-1.0114
2171,-1.7180
2172,-1.4346
2173,-0.7948
2174,-0.7248
2175,-0.8070
2176,-0.5856
2177,-0.8261
2178,-1.2524
2179,-0.9021
2180,-0.8269
2181,-0.4540
2182,-0.8985
2183,-0.9037
2184,-1.7822
2185,-1.5714
2186,-0.8858
2187,-1.4516
2188,-0.5982
2189,-0.5274
2190,-0.5507
2191,-0.6521
2192,-1.4996
2193,-0.7885
2194,-1.6291
2195,-1.3532
2196,-1.6012
2197,-1.2267
2198,-1.4170
2199,-1.7439
2200,-0.9208
2201,-1.1651
2202,-1.8360
2203,-1.2300
2204,-0.5709
2205,-1.2684
2206,-1.5525
2207,-0.7721
2208,-1.7030
2209,-1.4891
2210,-1.4798
2211,-1.3090
2212,-1.7697
2213,-1.1967
2214,-1.0610
2215,-2.1716
2216,-0.7216
2217,-1.5957
2218,-1.6949
2219,-1.0387
2220,-0.5141
2221,-1.0669
2222,-1.2883
2223,-0.5543
2224,-1.1418
2225,-1.2730
2226,-0.8622
2227,-1.0009
2228,-1.1805
2229,-0.7795
2230,-1.4014
2231,-0.6057
2232,-1.0353
2233,-1.7738
2234,-1.1996
2235,-0.6736
2236,-1.6093
2237,-1.1614
2238,-0.6263
2239,-0.3734
2240,-1.0680
2241,-1.8887
2242,-1.0876
2243,-0.7840
2244,-0.8017
2245,-1.0041
2246,-1.0331
2247,-1.5597
2248,-0.4309
2249,-0.8345
2250,-1.1842
2251,-1.0090
2252,-1.3508
2253,-0.7702
2254,-1.5102
2255,-0.8894
2256,-1.2814
2257,-0.6410
2258,-0.6664
2259,-0.5669
2260,-1.0751
2261,-0.5775
2262,-1.7776
2263,-1.3006
2264,-1.0700
2265,-0.9755
2266,-1.4786
2267,-1.2729
2268,-0.8440
2269,-0.5588
2270,-0.6268
2271,-1.5511
2272,-1.6238
2273,-1.0904
2274,-0.7808
2275,-0.9970
2276,-0.9802
2277,-1.6405
2278,-1.8374
2279,-1.6521
2280,-1.6261
2281,-0.8851
2282,-1.5667
2283,-0.8956
2284,-1.4226
2285,-0.7441
2286,-1.1735
2287,-1.4975
2288,-0.9908
2289,-0.8137
2290,-0.7583
2291,-1.2623
2292,-1.6757
2293,-0.7947
2294,-1.5785
2295,-1.4355
2296,-2.1104
2297,-1.0291
2298,-1.6559
2299,-2.1260
2300,-1.1340
2301,-0.9122
2302,-1.1050
2303,-1.0910
2304,-0.8350
2305,-1.2858
2306,-1.1658
2307,-1.0696
2308,-1.8337
2309,-1.4171
2310,-0.9076
2311,-2.1269
2312,-0.8891
2313,-1.4628
2314,-1.6983
2315,-0.9093
2316,-0.9138
2317,-1.4446
2318,-1.8551
2319,-1.3116
2320,-0.6714
2321,-1.1501
2322,-1.6983
2323,-0.8651
2324,-1.6158
2325,-0.9799
2326,-1.0791
2327,-1.2330
2328,-0.5728
2329,-0.9451
2330,-1.5596
2331,-1.0774
2332,-0.7314
2333,-1.3613
2334,-1.5916
2335,-1.6562
2336,-1.4671
2337,-0.5986
2338,-1.1644
2339,-1.1551
2340,-1.6758
2341,-1.5403
2342,-0.7789
2343,-1.5274
2344,-0.8472
2345,-1.7322
2346,-0.8284
2347,-1.1542
2348,-0.5477
2349,-1.1743
2350,-1.0728
2351,-0.2147
2352,-1.7343
2353,-1.4731
2354,-1.6666
2355,-1.1491
2356,-1.6674
2357,-1.7894
2358,-1.2657
2359,-0.7744
2360,-1.8995
2361,-0.8068
2362,-0.9037
2363,-1.4529
2364,-1.9296
2365,-0.6950
2366,-0.6226
2367,-0.8355
2368,-1.4946
2369,-0.7565
2370,-1.6666
2371,-2.1870
2372,-1.1343
2373,-1.5163
2374,-0.6296
2375,-1.2148
2376,-1.6236
2377,-1.1594
2378,-1.8400
2379,-1.6015
2380,-0.6475
2381,-1.5033
2382,-0.5851
2383,-1.8449
2384,-1.0827
2385,-1.3589
2386,-1.8398
2387,-1.0150
2388,-1.2614
2389,-0.8385
2390,-1.3822
2391,-0.6313
2392,-0.8125
2393,-1.8899
2394,-1.1249
2395,-0.9889
2396,-1.3243
2397,-1.3079
2398,-1.0295
2399,-1.4865
2400,-1.6987
2401,-1.2308
2402,-1.3224
2403,-1.6784
2404,-0.8287
2405,-1.5785
2406,-1.6916
2407,-0.6936
2408,-1.4729
2409,-1.1590
2410,-1.5301
2411,-1.5368
2412,-0.7494
2413,-1.1257
2414,-1.1270
2415,-1.2134
2416,-1.9627
2417,-1.4499
2418,-2.0527
2419,-0.7388
2420,-1.4309
2421,-0.5691
2422,-0.8128
2423,-1.0261
2424,-1.3049
2425,-1.4691
2426,-1.3646
2427,-1.3278
2428,-2.1199
2429,-1.2343
2430,-1.1142
2431,-0.5594
2432,-0.7719
2433,-1.2202
2434,-2.2795
2435,-0.8010
2436,-1.2422
2437,-1.2735
2438,-0.9890
2439,-0.6184
2440,-1.3075
2441,-0.8620
2442,-1.7718
2443,-0.8835
2444,-1.0424
2445,-0.8502
2446,-1.1348
2447,-1.4441
2448,-0.7012
2449,-1.0439
2450,-0.9570
2451,-0.9573
2452,-1.4649
2453,-0.9024
2454,-1.5748
2455,-1.5970
2456,-1.1759
2457,-0.4951
2458,-1.0388
2459,-1.9968
2460,-1.0638
2461,-0.4999
2462,-1.4628
2463,-1.8387
2464,-1.7919
2465,-1.2936
2466,-1.5966
2467,-0.6645
2468,-1.1571
2469,-1.0991
2470,-0.7458
2471,-1.4779
2472,-0.6567
2473,-1.4274
2474,-1.5980
2475,-1.1458
2476,-2.1691
2477,-1.7318
2478,-0.9155
2479,-1.2540
2480,-1.0940
2481,-0.6480
2482,-1.4484
2483,-1.3569
2484,-1.1488
2485,-1.2381
2486,-1.6957
2487,-1.5353
2488,-1.5455
2489,-1.2154
2490,-0.9410
2491,-1.5134
2492,-0.9974
2493,-1.9112
2494,-1.0369
2495,-1.0777
2496,-0.6056
2497,-1.1521
2498,-0.7272
2499,-0.8829
2500,-0.5609
2501,-1.2883
2502,-0.9594
2503,-0.5424
2504,-0.8159
2505,-1.3105
2506,-1.1118
2507,-1.4584
2508,-0.7892
2509,-1.4562
2510,-0.4969
2511,-0.6754
2512,-1.4736
2513,-1.3704
2514,-1.5230
2515,-1.0074
2516,-0.6559
2517,-1.5513
2518,-0.9085
2519,-0.5615
2520,-1.9130
2521,-1.5113
2522,-0.2721
2523,-2.4983
2524,-1.0512
2525,-1.0906
2526,-1.5518
2527,-0.8634
2528,-1.2555
2529,-1.1807
2530,-1.1823
2531,-1.8870
2532,-1.4357
2533,-1.1357
2534,-0.9048
2535,-1.0869
2536,-1.0814
2537,-1.4057
2538,-1.6030
2539,-0.8194
2540,-1.5121
2541,-2.0402
2542,-1.4164
2543,-0.7775
2544,-1.8190
2545,-1.7886
2546,-1.3729
2547,-0.5621
2548,-1.0372
2549,-0.6428
2550,-1.9104
2551,-1.3970
2552,-1.5674
2553,-0.7338
2554,-1.2260
2555,-1.2255
2556,-0.9170
2557,-0.8074
2558,-0.7777
2559,-0.6265
2560,-0.8453
2561,-1.3604
2562,-1.0806
2563,-0.7902
2564,-1.2179
2565,-1.3991
2566,-1.2838
2567,-1.5222
2568,-0.8853
2569,-0.9646
2570,-1.4266
2571,-1.5187
2572,-0.6239
2573,-1.3588
2574,-0.8416
2575,-1.7534
2576,-1.4598
2577,-1.6136
2578,-0.6341
2579,-1.5444
2580,-1.0932
2581,-0.6207
2582,-1.1000
2583,-0.6396
2584,-0.9251
2585,-0.7669
2586,-0.3802
2587,-1.9297
2588,-0.8580
2589,-1.0884
2590,-0.8744
2591,-1.6613
2592,-0.5056
2593,-1.0134
2594,-1.2050
2595,-0.7179
2596,-1.3671
2597,-1.3252
2598,-1.3121
2599,-1.3381
2600,-1.8104
2601,-1.1459
2602,-0.6064
2603,-1.1726
2604,-0.7731
2605,-1.0174
2606,-1.0110
2607,-0.9644
2608,-1.2643
2609,-0.9552
2610,-1.0838
2611,-2.0803
2612,-0.7491
2613,-0.8912
2614,-1.6670
2615,-1.0755
2616,-2.1176
2617,-1.4067
2618,-1.0450
2619,-0.9404
2620,-1.1854
2621,-0.6908
2622,-1.5387
2623,-0.8502
2624,-1.1026
2625,-0.9044
2626,-0.8000
2627,-1.2804
2628,-1.0488
2629,-0.7962
2630,-1.5208
2631,-1.1838
2632,-0.6291
2633,-2.0960
2634,-1.9805
2635,-0.7629
2636,-1.1308
2637,-1.1434
2638,-0.4533
2639,-1.7366
2640,-1.2176
2641,-0.7774
2642,-1.1171
2643,-1.0087
2644,-1.3378
2645,-0.4190
2646,-1.3177
2647,-0.8029
2648,-1.2530
2649,-0.9483
2650,-1.3834
2651,-0.6846
2652,-1.5902
2653,-1.2635
2654,-0.7578
2655,-1.2301
2656,-0.9666
2657,-1.0164
2658,-1.1327
2659,-1.2090
2660,-1.5580
2661,-1.0606
2662,-1.9437
2663,-1.1581
2664,-1.0305
2665,-1.4727
2666,-0.8952
2667,-1.1920
2668,-1.8405
2669,-0.6252
2670,-0.8217
2671,-1.4557
2672,-1.2204
2673,-1.5665
2674,-1.0972
2675,-1.3031
2676,-1.4073
2677,-0.7967
2678,-1.0684
2679,-0.6510
2680,-0.8749
2681,-0.5669
2682,-0.9350
2683,-1.3485
2684,-1.2427
2685,-1.2424
2686,-2.1475
2687,-1.7623
2688,-0.7218
2689,-1.7461
2690,-1.0204
2691,-2.1007
2692,-2.0508
2693,-1.8348
2694,-1.2520
2695,-0.8927
2696,-1.2006
2697,-0.9372
2698,-1.1327
2699,-0.6049
2700,-0.5878
2701,-1.4743
2702,-0.8565
2703,-0.3141
2704,-1.1287
2705,-0.9959
2706,-0.8840
2707,-0.7048
2708,-0.7578
2709,-1.3059
2710,-1.6869
2711,-0.9063
2712,-0.8636
2713,-0.9608
2714,-1.6571
2715,-1.4653
2716,-1.2455
2717,-1.1509
2718,-0.3658
2719,-1.0249
2720,-0.9630
2721,-0.4965
2722,-1.3951
2723,-0.8656
2724,-0.5256
2725,-1.1122
2726,-0.7756
2727,-1.4275
2728,-1.1249
2729,-0.7472
2730,-0.7411
2731,-1.0467
2732,-0.9784
2733,-0.5426
2734,-1.2122
2735,-0.4782
2736,-1.0672
2737,-1.2234
2738,-2.3070
2739,-0.9380
2740,-0.6884
2741,-1.1530
2742,-1.2120
2743,-0.7369
2744,-1.1524
2745,-2.1923
2746,-1.9768
2747,-1.0879
2748,-1.0745
2749,-0.8281
2750,-1.9356
2751,-0.7669
2752,-0.9184
2753,-1.0404
2754,-1.1256
2755,-1.0748
2756,-0.7175
2757,-1.5448
2758,-0.9505
2759,-0.5543
2760,-1.0240
2761,-1.0570
2762,-1.5523
2763,-1.5319
2764,-1.6593
2765,-0.9715
2766,-1.5789
2767,-1.0721
2768,-1.7435
2769,-0.9092
2770,-1.5053
2771,-1.1917
2772,-0.9464
2773,-0.6345
2774,-1.1119
2775,-0.7944
2776,-1.3247
2777,-0.9918
2778,-0.6324
2779,-1.6507
2780,-1.5026
2781,-1.5942
2782,-1.2275
2783,-1.7270
2784,-1.2215
2785,-1.7374
2786,-0.7149
2787,-0.8073
2788,-1.7636
2789,-1.8850
2790,-1.8619
2791,-1.8194
2792,-1.0863
2793,-1.0977
2794,-2.1284
2795,-1.8948
2796,-0.9557
2797,-1.2526
2798,-0.3112
2799,-0.5790
2800,-0.9154
2801,-1.2015
2802,-1.2539
2803,-1.8011
2804,-1.3768
2805,-0.6453
2806,-1.7514
2807,-0.8950
2808,-0.9827
2809,-1.0338
2810,-0.6355
2811,-0.5504
2812,-1.1668
2813,-0.5490
2814,-0.5954
2815,-0.8752
2816,-2.0340
2817,-1.6846
2818,-0.7441
2819,-1.8351
2820,-1.6313
2821,-1.0502
2822,-0.8898
2823,-0.9036
2824,-1.0917
2825,-1.0564
2826,-1.5026
2827,-0.8303
2828,-2.3678
2829,-1.5312
2830,-0.8705
2831,-0.7753
2832,-1.2984
2833,-2.1870
2834,-1.3318
2835,-1.4322
2836,-1.9633
2837,-1.1597
2838,-0.9876
2839,-0.5431
2840,-1.2188
2841,-1.1771
2842,-1.5492
2843,-1.3596
2844,-1.7763
2845,-1.0412
2846,-1.7707
2847,-0.7463
2848,-0.8904
2849,-1.4436
2850,-1.3942
2851,-1.6483
2852,-1.4067
2853,-1.4810
2854,-0.9951
2855,-0.8065
2856,-1.2811
2857,-1.5612
2858,-0.8920
2859,-0.3613
2860,-1.2859
2861,-1.2272
2862,-0.6501
2863,-1.3674
2864,-1.2000
2865,-1.3402
2866,-1.1551
2867,-1.1329
2868,-1.3016
2869,-0.5808
2870,-0.6313
2871,-0.9593
2872,-1.6154
2873,-0.4931
2874,-1.4928
2875,-2.0039
2876,-0.5215
2877,-0.4131
2878,-1.3447
2879,-0.5942
2880,-1.0184
2881,-1.7395
2882,-1.1290
2883,-0.5502
2884,-0.8035
2885,-0.7915
2886,-1.0492
2887,-1.6196
2888,-1.1719
2889,-0.4330
2890,-0.6617
2891,-0.5086
2892,-1.9372
2893,-1.0412
2894,-0.7669
2895,-0.9091
2896,-1.7275
2897,-0.8273
2898,-1.7338
2899,-1.4896
2900,-1.4664
2901,-1.2359
2902,-1.0946
2903,-0.6481
2904,-0.8925
2905,-1.0399
2906,-0.9820
2907,-1.4145
2908,-1.0527
2909,-1.0249
2910,-1.2213
2911,-1.3276
2912,-0.6937
2913,-0.6887
2914,-1.6019
2915,-1.2133
2916,-1.0103
2917,-1.0576
2918,-1.1289
2919,-1.5987
2920,-1.1681
2921,-1.1535
2922,-1.4566
2923,-1.6063
2924,-0.9926
2925,-1.3372
2926,-1.6371
2927,-1.5108
2928,-2.3656
2929,-0.4439
2930,-0.6956
2931,-1.5657
2932,-1.3770
2933,-0.7438
2934,-1.1542
2935,-1.0100
2936,-0.4546
2937,-0.6094
2938,-1.3665
2939,-1.6641
2940,-0.8481
2941,-1.1571
2942,-1.1752
2943,-1.0717
2944,-1.4854
2945,-1.0031
2946,-0.7160
2947,-0.9447
2948,-1.0000
2949,-0.9429
2950,-0.5764
2951,-0.5715
2952,-1.5501
2953,-1.2735
2954,-1.0435
2955,-0.8572
2956,-2.0971
2957,-1.0126
2958,-0.3696
2959,-1.3571
2960,-0.8233
2961,-1.3253
2962,-0.9786
2963,-1.4434
2964,-1.2509
2965,-0.6278
2966,-1.3389
2967,-1.6994
2968,-1.1963
2969,-1.1970
2970,-0.8963
2971,-1.6398
2972,-0.8933
2973,-1.3978
2974,-0.9507
2975,-0.7615
2976,-1.0179
2977,-1.0377
2978,-1.0439
2979,-1.4728
2980,-1.7661
2981,-0.7344
2982,-1.4893
2983,-0.7424
2984,-2.1140
2985,-1.5684
2986,-0.7271
2987,-1.6789
2988,-1.2487
2989,-1.6731
2990,-1.2622
2991,-0.6697
2992,-1.0028
2993,-1.6621
2994,-1.6223
2995,-0.9631
2996,-1.3831
2997,-0.8162
2998,-2.3183
2999,-0.9884
3000,-1.1820
3001,-1.3726
3002,-1.0412
3003,-0.8609
3004,-1.4673
3005,-0.8490
3006,-1.2830
3007,-1.9863
3008,-1.3691
3009,-1.6980
3010,-0.6935
3011,-0.9023
3012,-1.3188
3013,-1.3073
3014,-0.5241
3015,-1.6765
3016,-1.0200
3017,-0.9382
3018,-1.4029
3019,-0.9964
3020,-0.5727
3021,-1.8195
3022,-0.8843
3023,-1.3182
3024,-0.6964
3025,-1.3225
3026,-1.5923
3027,-1.3229
3028,-1.3963
3029,-0.3537
3030,-0.4041
3031,-1.0780
3032,-1.2007
3033,-1.7903
3034,-1.5757
3035,-0.6242
3036,-0.6178
3037,-0.7069
3038,-1.4905
3039,-0.7725
3040,-1.8440
3041,-1.3441
3042,-1.0327
3043,-0.7325
3044,-0.9335
3045,-1.3572
3046,-1.5602
3047,-1.6698
3048,-1.6287
3049,-1.5795
3050,-1.6434
3051,-0.6043
3052,-0.6791
3053,-1.5900
3054,-1.7188
3055,-0.6591
3056,-1.5651
3057,-0.9415
3058,-1.0021
3059,-1.3359
3060,-0.4851
3061,-1.5923
3062,-1.4757
3063,-0.9484
3064,-1.5195
3065,-0.4104
3066,-0.9163
3067,-1.2284
3068,-1.2859
3069,-0.6002
3070,-1.5929
3071,-2.0012
3072,-1.1420
3073,-1.0989
3074,-0.8556
3075,-0.8107
3076,-1.1018
3077,-0.8339
3078,-0.5979
3079,-1.0521
3080,-1.3331
3081,-1.3362
3082,-1.3673
3083,-1.0164
3084,-1.4096
3085,-1.5409
3086,-1.9687
3087,-1.2373
3088,-1.1458
3089,-1.4768
3090,-0.7561
3091,-0.9737
3092,-0.7720
3093,-1.6592
3094,-1.6231
3095,-0.9817
3096,-1.0785
3097,-0.4095
3098,-0.8951
3099,-1.4595
3100,-0.2856
3101,-1.6001
3102,-1.0549
3103,-1.0974
3104,-2.0328
3105,-0.7990
3106,-1.1044
3107,-1.1763
3108,-1.6576
3109,-1.0619
3110,-0.4066
3111,-0.6644
3112,-0.6570
3113,-1.0137
3114,-0.8013
3115,-1.3063
3116,-1.0625
3117,-1.0378
3118,-0.6554
3119,-1.1041
3120,-1.4247
3121,-1.0084
3122,-1.3439
3123,-1.0395
3124,-1.3363
3125,-1.2738
3126,-0.9139
3127,-1.8253
3128,-0.9066
3129,-0.8753
3130,-0.6593
3131,-2.0114
3132,-1.1313
3133,-0.8274
3134,-0.8360
3135,-0.6520
3136,-0.2378
3137,-0.3913
3138,-0.9787
3139,-0.6406
3140,-0.9694
3141,-0.9742
3142,-1.6957
3143,-0.5254
3144,-1.9172
3145,-1.0115
3146,-1.4838
3147,-1.7595
3148,-1.0494
3149,-0.6439
3150,-1.4349
3151,-2.0327
3152,-1.9472
3153,-0.8524
3154,-0.9155
3155,-0.6447
3156,-1.6375
3157,-1.2845
3158,-1.1613
3159,-1.2187
3160,-1.0376
3161,-1.0690
3162,-0.6211
3163,-0.7115
3164,-0.7886
3165,-1.2955
3166,-1.2914
3167,-0.8713
3168,-0.8605
3169,-1.3226
3170,-1.2374
3171,-0.9867
3172,-1.1385
3173,-1.0656
3174,-0.5697
3175,-0.7068
3176,-0.7452
3177,-1.5931
3178,-1.5764
3179,-0.9448
3180,-1.4434
3181,-1.2630
3182,-0.9763
3183,-0.6207
3184,-1.6993
3185,-0.6875
3186,-1.2400
3187,-1.3365
3188,-0.7716
3189,-0.6843
3190,-0.7032
3191,-1.2063
3192,-1.5990
3193,-1.1142
3194,-1.2158
3195,-0.6079
3196,-0.8904
3197,-0.9922
3198,-0.5558
3199,-0.4550
3200,-0.4786
3201,-0.8732
3202,-0.7682
3203,-1.4484
3204,-0.7607
3205,-0.3572
3206,-0.7993
3207,-1.1593
3208,-1.6422
3209,-0.5936
3210,-1.2829
3211,-0.7872
3212,-0.7954
3213,-1.2843
3214,-1.0855
3215,-1.1576
3216,-1.0709
3217,-1.1331
3218,-0.9355
3219,-1.6896
3220,-0.5958
3221,-0.2763
3222,-1.7460
3223,-1.1201
3224,-1.3164
3225,-1.2551
3226,-0.9896
3227,-1.5771
3228,-0.9917
3229,-1.0711
3230,-0.7669
3231,-0.9324
3232,-1.4339
3233,-1.0815
3234,-1.9813
3235,-1.0986
3236,-1.2481
3237,-1.6389
3238,-1.0423
3239,-1.2669
3240,-1.0936
3241,-1.8510
3242,-0.4165
3243,-1.0745
3244,-1.1792
3245,-0.6718
3246,-1.0410
3247,-1.7366
3248,-0.9847
3249,-1.2550
3250,-1.2886
3251,-0.2768
3252,-1.2952
3253,-1.3173
3254,-1.6058
3255,-0.9743
3256,-0.9792
3257,-0.7211
3258,-0.6128
3259,-0.7039
3260,-0.8856
3261,-0.6353
3262,-2.0616
3263,-0.9462
3264,-1.4106
3265,-1.1712
3266,-1.0622
3267,-1.5393
3268,-0.6549
3269,-1.0741
3270,-1.7962
3271,-1.0657
3272,-0.8420
3273,-1.0205
3274,-0.3140
3275,-0.7508
3276,-1.2820
3277,-0.5904
3278,-0.9540
3279,-1.0595
3280,-1.3077
3281,-1.4273
3282,-0.7500
3283,-1.1763
3284,-1.6195
3285,-1.0161
3286,-1.4517
3287,-1.4989
3288,-1.4627
3289,-1.5925
3290,-1.3154
3291,-1.4424
3292,-1.5838
3293,-1.2187
3294,-0.8412
3295,-1.6467
3296,-1.3282
3297,-1.0114
3298,-1.6650
3299,-1.5887
3300,-1.0346
3301,-1.7875
3302,-1.7393
3303,-1.1265
3304,-1.0977
3305,-1.3698
3306,-0.9363
3307,-0.8024
3308,-1.6744
3309,-1.4045
3310,-1.6400
3311,-1.4266
3312,-0.9340
3313,-2.0849
3314,-0.4263
3315,-1.1596
3316,-1.0055
3317,-0.8789
3318,-1.2497
3319,-1.0080
3320,-0.8654
3321,-1.6102
3322,-1.1507
3323,-1.3150
3324,-1.3722
3325,-1.9833
3326,-1.4727
3327,-1.4815
3328,-1.4181
3329,-1.2555
3330,-1.7953
3331,-0.5328
3332,-0.6410
3333,-0.6476
3334,-0.9713
3335,-1.4990
3336,-0.8627
3337,-1.0816
3338,-1.2853
3339,-0.9023
3340,-0.6808
3341,-1.0448
3342,-1.8911
3343,-1.1505
3344,-0.7237
3345,-1.3405
3346,-1.4553
3347,-1.7814
3348,-1.0321
3349,-1.8625
3350,-1.8078
3351,-0.6251
3352,-1.2611
3353,-1.2540
3354,-1.7762
3355,-0.8457
3356,-1.4677
3357,-1.1892
3358,-1.0321
3359,-2.3955
3360,-0.7645
3361,-1.1556
3362,-0.9229
3363,-1.6029
3364,-0.3669
3365,-0.8010
3366,-0.6567
3367,-0.3620
3368,-0.8813
3369,-1.9049
3370,-1.0003
3371,-0.9342
3372,-1.7932
3373,-0.8182
3374,-1.0392
3375,-0.6826
3376,-1.1538
3377,-1.6952
3378,-0.6198
3379,-0.9194
3380,-1.4795
3381,-0.7260
3382,-1.0364
3383,-0.7785
3384,-1.0387
3385,-0.9107
3386,-1.5555
3387,-1.0975
3388,-1.2739
3389,-1.3470
3390,-0.8158
3391,-0.7698
3392,-1.2410
3393,-0.8559
3394,-1.0038
3395,-0.7533
3396,-1.3559
3397,-1.5247
3398,-1.3177
3399,-0.7915
3400,-1.4272
3401,-0.5709
3402,-1.1896
3403,-1.6843
3404,-1.3102
3405,-1.1323
3406,-0.9609
3407,-1.0672
3408,-0.9347
3409,-0.7078
3410,-1.0845
3411,-1.2233
3412,-0.6543
3413,-1.2190
3414,-2.0916
3415,-2.1402
3416,-1.1076
3417,-1.4624
3418,-0.9423
3419,-1.1800
3420,-0.8608
3421,-0.9832
3422,-2.0091
3423,-0.3931
3424,-1.5418
3425,-0.9529
3426,-0.6452
3427,-1.2303
3428,-2.0348
3429,-2.1202
3430,-0.9875
3431,-0.5081
3432,-1.3420
3433,-0.6062
3434,-0.7853
3435,-0.6214
3436,-0.5541
3437,-0.5560
3438,-1.4863
3439,-1.2119
3440,-1.3401
3441,-0.8523
3442,-0.9099
3443,-0.7512
3444,-1.0004
3445,-0.9380
3446,-1.5368
3447,-1.4165
3448,-1.5729
3449,-1.0924
3450,-1.4555
3451,-1.0303
3452,-1.3146
3453,-1.5676
3454,-0.7473
3455,-1.8268
3456,-0.9038
3457,-1.4002
3458,-0.4786
3459,-1.6407
3460,-1.5159
3461,-0.6237
3462,-0.8115
3463,-0.8087
3464,-1.3661
3465,-0.8239
3466,-1.0571
3467,-0.7933
3468,-1.8346
3469,-1.2326
3470,-0.9066
3471,-1.7948
3472,-0.8027
3473,-0.6035
3474,-0.6381
3475,-0.8326
3476,-1.7915
3477,-1.5194
3478,-1.4282
3479,-1.5626
3480,-2.3280
3481,-1.1263
3482,-0.9769
3483,-1.9733
3484,-0.7188
3485,-0.3141
3486,-1.2299
3487,-1.1455
3488,-0.5208
3489,-1.2865
3490,-0.7181
3491,-1.6217
3492,-1.5465
3493,-1.1853
3494,-1.1181
3495,-1.3816
3496,-0.7318
3497,-1.3461
3498,-1.4200
3499,-1.2699
3500,-1.8419
3501,-0.5987
3502,-1.1141
3503,-0.7599
3504,-0.6349
3505,-1.2671
3506,-0.8369
3507,-0.5645
3508,-2.0438
3509,-0.5230
3510,-0.9286
3511,-0.9005
3512,-0.6923
3513,-1.3597
3514,-1.1707
3515,-1.1213
3516,-1.1475
3517,-1.5205
3518,-0.7877
3519,-1.8086
3520,-1.1668
3521,-1.2798
3522,-0.8830
3523,-0.6050
3524,-1.2538
3525,-0.9151
3526,-1.3530
3527,-1.0487
3528,-1.9646
3529,-1.2623
3530,-0.7542
3531,-1.3044
3532,-2.0275
3533,-1.1408
3534,-1.1870
3535,-1.0703
3536,-1.8083
3537,-1.0857
3538,-0.8495
3539,-1.7316
3540,-1.0594
3541,-0.5620
3542,-1.5711
3543,-0.7825
3544,-1.0093
3545,-1.7063
3546,-1.9833
3547,-1.0211
3548,-1.3891
3549,-0.9845
3550,-0.3804
3551,-1.0636
3552,-1.1367
3553,-0.8706
3554,-1.2095
3555,-0.3688
3556,-0.8762
3557,-1.3112
3558,-0.9234
3559,-1.6471
3560,-1.1205
3561,-2.0839
3562,-1.0603
3563,-1.2298
3564,-1.0862
3565,-1.0192
3566,-1.1070
3567,-1.0010
3568,-1.1158
3569,-0.5522
3570,-1.1822
3571,-0.6124
3572,-1.2563
3573,-1.6658
3574,-1.6791
3575,-0.3671
3576,-0.7459
3577,-1.2324
3578,-1.6877
3579,-1.2644
3580,-0.7910
3581,-1.1401
3582,-0.8682
3583,-0.8161
3584,-1.5944
3585,-1.2462
3586,-0.8209
3587,-1.9490
3588,-1.6581
3589,-1.1129
3590,-1.0023
3591,-0.7226
3592,-0.4268
3593,-1.1053
3594,-0.6192
3595,-1.0440
3596,-1.0772
3597,-0.6935
3598,-1.3152
3599,-1.5520
3600,-0.8157
3601,-1.2766
3602,-0.9080
3603,-1.3784
3604,-0.8087
3605,-1.1902
3606,-0.8773
3607,-1.5615
3608,-1.3742
3609,-2.0220
3610,-0.9833
3611,-1.7351
3612,-1.6086
3613,-1.0346
3614,-1.0559
3615,-0.9868
3616,-0.7394
3617,-1.3966
3618,-1.6568
3619,-1.1721
3620,-2.3154
3621,-0.7910
3622,-0.9134
3623,-0.9724
3624,-1.5720
3625,-1.1601
3626,-2.0707
3627,-0.8387
3628,-0.9714
3629,-1.6023
3630,-1.1370
3631,-0.9556
3632,-0.4817
3633,-1.0521
3634,-1.2731
3635,-1.0820
3636,-1.6589
3637,-1.7603
3638,-1.3094
3639,-0.7675
3640,-0.9940
3641,-0.6043
3642,-0.9408
3643,-0.7812
3644,-1.5247
3645,-1.7909
3646,-0.9860
3647,-1.0644
3648,-0.7059
3649,-0.9049
3650,-1.1719
3651,-0.5201
3652,-1.0899
3653,-1.1958
3654,-1.1367
3655,-1.4469
3656,-1.4324
3657,-0.6343
3658,-1.3425
3659,-0.7801
3660,-0.4737
3661,-0.4690
3662,-1.9490
3663,-0.4013
3664,-0.6768
3665,-0.9112
3666,-1.9817
3667,-0.9938
3668,-1.2431
3669,-1.5359
3670,-1.4868
3671,-0.8436
3672,-0.8005
3673,-0.7089
3674,-0.5383
3675,-1.1838
3676,-1.8863
3677,-1.4391
3678,-0.6379
3679,-0.7670
3680,-2.2917
3681,-1.5966
3682,-1.1385
3683,-1.2005
3684,-1.2071
3685,-1.1671
3686,-1.8380
3687,-1.0829
3688,-1.4803
3689,-0.8047
3690,-0.8109
3691,-1.1355
3692,-1.1315
3693,-0.8739
3694,-0.7542
3695,-0.3979
3696,-1.0782
3697,-1.5425
3698,-1.2379
3699,-1.3414
3700,-1.1162
3701,-1.4480
3702,-1.2670
3703,-1.4216
3704,-1.3522
3705,-1.3435
3706,-0.7423
3707,-1.6816
3708,-1.5344
3709,-0.6570
3710,-1.1952
3711,-1.3557
3712,-1.4828
3713,-0.9424
3714,-1.1058
3715,-1.2091
3716,-1.4266
3717,-0.4901
3718,-0.9005
3719,-1.2473
3720,-1.2532
3721,-1.0332
3722,-0.9432
3723,-1.9327
3724,-1.7256
3725,-0.6438
3726,-0.9624
3727,-1.0092
3728,-1.4894
3729,-1.4651
3730,-0.8826
3731,-1.6224
3732,-1.1817
3733,-1.7247
3734,-0.7938
3735,-1.0372
3736,-1.0743
3737,-1.1263
3738,-1.3595
3739,-1.6845
3740,-0.6948
3741,-1.6866
3742,-1.0539
3743,-0.8698
3744,-1.4381
3745,-2.1230
3746,-0.9065
3747,-1.8604
3748,-0.9178
3749,-1.0289
3750,-0.8124
3751,-1.0691
3752,-0.9446
3753,-0.7368
3754,-0.8073
3755,-1.0131
3756,-0.7294
3757,-0.6409
3758,-1.0846
3759,-1.1369
3760,-0.8917
3761,-1.5054
3762,-0.4744
3763,-1.7750
3764,-1.2794
3765,-0.4565
3766,-1.7590
3767,-0.8394
3768,-0.9946
3769,-2.1817
3770,-1.3093
3771,-1.4468
3772,-1.2042
3773,-2.0009
3774,-0.5061
3775,-0.5401
3776,-0.5469
3777,-0.7420
3778,-1.4170
3779,-1.3767
3780,-1.5091
3781,-0.7956
3782,-1.8023
3783,-1.3911
3784,-1.9327
3785,-1.0205
3786,-1.3369
3787,-0.9999
3788,-0.9425
3789,-1.2439
3790,-0.6311
3791,-1.3216
3792,-0.7442
3793,-1.2894
3794,-0.7180
3795,-0.5439
3796,-1.5268
3797,-0.7971
3798,-1.8241
3799,-1.4836
3800,-1.9516
3801,-0.6886
3802,-1.1951
3803,-1.7074
3804,-1.0226
3805,-1.3129
3806,-0.9657
3807,-0.8778
3808,-1.2486
3809,-0.7520
3810,-1.3210
3811,-1.2103
3812,-1.0104
3813,-0.8025
3814,-0.8443
3815,-1.1118
3816,-1.2561
3817,-1.7873
3818,-0.8881
3819,-1.7317
3820,-0.4224
3821,-1.2690
3822,-0.8482
3823,-0.8176
3824,-1.1407
3825,-0.8093
3826,-0.4948
3827,-1.1809
3828,-0.8668
3829,-1.5346
3830,-1.0078
3831,-0.7821
3832,-1.7320
3833,-1.0196
3834,-0.7968
3835,-0.9509
3836,-0.5663
3837,-1.4825
3838,-1.6124
3839,-1.3696
3840,-1.4050
3841,-1.2948
3842,-0.9074
3843,-0.9578
3844,-0.7282
3845,-1.3579
3846,-1.5012
3847,-1.5817
3848,-1.2439
3849,-0.9967
3850,-0.8736
3851,-0.4969
3852,-1.2601
3853,-1.6724
3854,-1.0955
3855,-1.4803
3856,-1.8398
3857,-1.1840
3858,-1.4977
3859,-0.7322
3860,-0.9619
3861,-1.6774
3862,-1.2077
3863,-0.7172
3864,-1.5958
3865,-1.7352
3866,-1.3690
3867,-1.0993
3868,-0.7398
3869,-0.7377
3870,-1.0763
3871,-0.6243
3872,-1.6540
3873,-0.8226
3874,-1.3785
3875,-0.6502
3876,-1.6391
3877,-1.4018
3878,-0.7922
3879,-1.7431
3880,-0.5665
3881,-1.1833
3882,-0.9749
3883,-0.5770
3884,-1.1618
3885,-0.8473
3886,-1.3065
3887,-1.1234
3888,-1.4138
3889,-0.9394
3890,-1.1397
3891,-1.0102
3892,-1.4386
3893,-1.0435
3894,-1.7391
3895,-0.8780
3896,-0.8089
3897,-0.5825
3898,-0.9326
3899,-1.1879
3900,-0.9403
3901,-0.7382
3902,-0.8813
3903,-1.8117
3904,-1.5249
3905,-0.8972
3906,-1.2207
3907,-1.2478
3908,-0.6217
3909,-1.0439
3910,-1.0470
3911,-0.8116
3912,-0.8674
3913,-0.3472
3914,-0.9715
3915,-1.8565
3916,-1.9850
3917,-0.8021
3918,-0.8710
3919,-0.4414
3920,-2.3112
3921,-0.9363
3922,-1.4246
3923,-0.9195
3924,-1.4378
3925,-1.0576
3926,-0.8243
3927,-1.5103
3928,-1.1677
3929,-1.9021
3930,-1.8085
3931,-0.8913
3932,-0.6879
3933,-1.3900
3934,-0.5849
3935,-0.3956
3936,-0.2171
3937,-1.2111
3938,-1.1531
3939,-0.9208
3940,-1.6201
3941,-1.5064
3942,-0.9269
3943,-1.0678
3944,-1.0168
3945,-1.0803
3946,-2.0251
3947,-2.0096
3948,-1.9419
3949,-1.1599
3950,-0.8832
3951,-0.7575
3952,-0.4330
3953,-1.0407
3954,-1.0950
3955,-1.3667
3956,-1.3719
3957,-0.7662
3958,-0.8081
3959,-0.9183
3960,-1.0688
3961,-0.5498
3962,-0.7523
3963,-1.4922
3964,-0.7741
3965,-1.1047
3966,-1.1344
3967,-0.9442
3968,-0.4976
3969,-0.8705
3970,-0.9644
3971,-1.3400
3972,-1.1878
3973,-0.7872
3974,-1.4949
3975,-1.4432
3976,-1.3611
3977,-1.3321
3978,-1.1257
3979,-0.8061
3980,-0.9810
3981,-1.5043
3982,-1.3108
3983,-1.1854
3984,-0.6431
3985,-1.1930
3986,-1.2435
3987,-1.7661
3988,-0.9913
3989,-1.0065
3990,-1.0943
3991,-1.7020
3992,-0.7895
3993,-0.9822
3994,-1.7370
3995,-1.9538
3996,-1.3144
3997,-1.8899
3998,-1.4980
3999,-1.8875
4000,-2.4667
4001,-1.5352
4002,-1.1131
4003,-1.3142
4004,-1.9307
4005,-1.8166
4006,-1.0649
4007,-1.0854
4008,-0.5174
4009,-0.7204
4010,-1.7035
4011,-1.8216
4012,-1.3746
4013,-1.2164
4014,-0.8403
4015,-1.3008
4016,-1.3940
4017,-0.5484
4018,-1.9388
4019,-0.9098
4020,-0.7988
4021,-0.9896
4022,-1.5059
4023,-1.4456
4024,-0.9800
4025,-1.0976
4026,-1.2261
4027,-2.0997
4028,-1.1108
4029,-0.8287
4030,-1.7835
4031,-1.1660
4032,-0.7852
4033,-1.1008
4034,-0.9866
4035,-1.7559
4036,-2.0698
4037,-1.6177
4038,-0.9141
4039,-1.7179
4040,-1.0197
4041,-0.5119
4042,-0.9759
4043,-0.7286
4044,-1.1781
4045,-0.9163
4046,-0.5069
4047,-0.8032
4048,-1.2129
4049,-2.1423
4050,-1.2370
4051,-1.0517
4052,-1.8303
4053,-1.5419
4054,-1.4553
4055,-1.8452
4056,-1.0268
4057,-1.6932
4058,-0.7237
4059,-0.8956
4060,-0.8245
4061,-1.4199
4062,-0.8412
4063,-1.2088
4064,-1.6930
4065,-0.6652
4066,-0.8010
4067,-0.8191
4068,-1.8229
4069,-0.8723
4070,-1.1084
4071,-1.4545
4072,-1.8151
4073,-1.4109
4074,-0.4362
4075,-1.0371
4076,-1.2873
4077,-1.0931
4078,-1.3600
4079,-1.1634
4080,-1.0517
4081,-0.9565
4082,-0.8366
4083,-1.2869
4084,-1.3001
4085,-0.9693
4086,-0.8984
4087,-0.8991
4088,-1.7743
4089,-2.1391
4090,-1.0328
4091,-0.9094
4092,-0.9621
4093,-0.7860
4094,-0.5394
4095,-1.4045
4096,-1.4933
4097,-1.5361
4098,-0.7535
4099,-1.2957
4100,-1.7266
4101,-0.8283
4102,-1.5246
4103,-1.1800
4104,-1.2878
4105,-0.9451
4106,-1.6612
4107,-0.7772
4108,-1.3872
4109,-0.7036
4110,-0.9964
4111,-0.5315
4112,-0.8718
4113,-1.3368
4114,-1.1382
4115,-1.3372
4116,-0.9758
4117,-1.2289
4118,-1.3030
4119,-1.4387
4120,-0.5026
4121,-1.0541
4122,-0.6987
4123,-0.9083
4124,-0.6879
4125,-1.1234
4126,-0.8628
4127,-0.6433
4128,-2.1653
4129,-1.4121
4130,-0.6661
4131,-1.5731
4132,-0.5401
4133,-1.4212
4134,-1.4229
4135,-1.1227
4136,-1.2960
4137,-1.2239
4138,-1.8571
4139,-0.7234
4140,-1.0145
4141,-0.6684
4142,-1.7843
4143,-0.8756
4144,-0.9740
4145,-1.9826
4146,-1.0974
4147,-0.9446
4148,-1.0930
4149,-1.0142
4150,-0.8596
4151,-1.1489
4152,-1.0402
4153,-0.3589
4154,-0.9179
4155,-1.2383
4156,-0.3990
4157,-1.8152
4158,-1.8074
4159,-1.7015
4160,-1.9354
4161,-1.6317
4162,-0.8116
4163,-1.3693
4164,-1.2997
4165,-0.6521
4166,-1.1577
4167,-0.3770
4168,-0.6407
4169,-1.2253
4170,-1.8393
4171,-1.2603
4172,-0.9619
4173,-1.6702
4174,-1.1046
4175,-1.3151
4176,-1.6769
4177,-1.4875
4178,-0.9304
4179,-1.1302
4180,-0.7501
4181,-1.6863
4182,-1.4654
4183,-1.4249
4184,-0.6040
4185,-1.0133
4186,-1.2059
4187,-1.3657
4188,-0.5583
4189,-0.7535
4190,-0.7480
4191,-1.0259
4192,-0.6410
4193,-1.0519
4194,-1.1560
4195,-1.6928
4196,-0.7325
4197,-1.0536
4198,-0.8088
4199,-1.0731
4200,-1.2931
4201,-0.7720
4202,-0.7891
4203,-0.4865
4204,-0.9810
4205,-0.9844
4206,-1.3443
4207,-0.9641
4208,-0.8387
4209,-1.1377
4210,-1.0595
4211,-1.0618
4212,-0.8061
4213,-1.4447
4214,-2.0913
4215,-1.4328
4216,-1.3433
4217,-0.9429
4218,-1.3905
4219,-1.0108
4220,-1.5964
4221,-0.8704
4222,-1.3058
4223,-1.1061
4224,-1.1734
4225,-1.4796
4226,-0.6064
4227,-1.9513
4228,-1.3220
4229,-1.3918
4230,-1.1356
4231,-0.9067
4232,-2.1112
4233,-0.3315
4234,-0.9825
4235,-1.0541
4236,-0.5860
4237,-1.4490
4238,-0.7208
4239,-1.0789
4240,-1.1405
4241,-0.8413
4242,-1.2975
4243,-1.4741
4244,-1.6897
4245,-1.2448
4246,-0.8242
4247,-1.0209
4248,-1.2574
4249,-1.6112
4250,-1.4420
4251,-0.6779
4252,-1.1028
4253,-0.8188
4254,-1.1852
4255,-1.0276
4256,-1.2249
4257,-0.8560
4258,-0.9424
4259,-1.3176
4260,-1.0240
4261,-0.7351
4262,-1.4026
4263,-0.8839
4264,-0.8415
4265,-1.4369
4266,-1.0893
4267,-1.7418
4268,-1.1717
4269,-0.7855
4270,-0.7873
4271,-0.7388
4272,-0.5139
4273,-2.0221
4274,-0.7728
4275,-1.1422
4276,-1.5384
4277,-0.8271
4278,-1.3836
4279,-0.4696
4280,-1.4387
4281,-0.7878
4282,-1.1324
4283,-1.1790
4284,-0.7578
4285,-1.0515
4286,-0.7121
4287,-0.7179
4288,-0.2838
4289,-1.5926
4290,-1.0086
4291,-2.2045
4292,-1.3903
4293,-1.3781
4294,-1.3544
4295,-1.1447
4296,-1.1298
4297,-1.1971
4298,-1.5412
4299,-1.2503
4300,-0.9888
4301,-1.1200
4302,-0.6087
4303,-1.1416
4304,-1.0478
4305,-1.4948
4306,-0.8898
4307,-1.3186
4308,-1.4668
4309,-1.1999
4310,-0.9743
4311,-1.1369
4312,-0.8032
4313,-0.6592
4314,-1.2959
4315,-0.8939
4316,-1.1763
4317,-1.0121
4318,-1.1320
4319,-1.3585
4320,-1.0978
4321,-1.8111
4322,-1.0821
4323,-1.6084
4324,-1.2133
4325,-1.4137
4326,-1.3737
4327,-1.0692
4328,-0.6421
4329,-1.1011
4330,-1.5056
4331,-0.6747
4332,-0.2462
4333,-1.0570
4334,-0.7011
4335,-1.2601
4336,-0.4760
4337,-1.8193
4338,-0.5485
4339,-0.6457
4340,-1.5996
4341,-0.8422
4342,-0.5843
4343,-0.9837
4344,-1.9012
4345,-1.1975
4346,-2.2922
4347,-1.0981
4348,-0.9356
4349,-1.0912
4350,-1.9538
4351,-0.8187
4352,-1.6589
4353,-1.4385
4354,-1.2380
4355,-0.5565
4356,-1.5992
4357,-0.6928
4358,-1.7547
4359,-1.4346
4360,-1.0727
4361,-0.7125
4362,-1.0795
4363,-1.8988
4364,-0.9475
4365,-0.9652
4366,-0.7722
4367,-1.5018
4368,-0.2706
4369,-0.9994
4370,-0.8626
4371,-1.3922
4372,-1.6324
4373,-1.0648
4374,-1.9584
4375,-1.5985
4376,-1.0751
4377,-0.5911
4378,-1.5960
4379,-1.2833
4380,-1.8854
4381,-0.8099
4382,-0.8142
4383,-0.7010
4384,-0.6019
4385,-0.8045
4386,-1.0782
4387,-0.7970
4388,-1.3784
4389,-1.6749
4390,-1.4417
4391,-0.9686
4392,-1.5052
4393,-0.8684
4394,-0.6885
4395,-0.8239
4396,-1.1527
4397,-0.8859
4398,-1.3138
4399,-1.7478
4400,-1.7911
4401,-0.7062
4402,-1.3156
4403,-1.0949
4404,-1.2929
4405,-0.6826
4406,-1.9719
4407,-1.2176
4408,-1.2896
4409,-1.1073
4410,-0.7171
4411,-2.0910
4412,-1.2246
4413,-0.8834
4414,-1.2593
4415,-0.8604
4416,-1.3487
4417,-1.0968
4418,-0.8101
4419,-1.1644
4420,-1.0306
4421,-0.8466
4422,-0.8142
4423,-0.5254
4424,-0.6786
4425,-1.0300
4426,-1.6683
4427,-1.5987
4428,-0.5740
4429,-0.9864
4430,-2.0849
4431,-1.2212
4432,-1.0129
4433,-1.8368
4434,-0.6566
4435,-1.7774
4436,-1.6370
4437,-1.6569
4438,-1.2009
4439,-1.2588
4440,-0.9846
4441,-1.7806
4442,-0.7116
4443,-0.9616
4444,-1.0258
4445,-1.5612
4446,-1.8111
4447,-1.4120
4448,-1.3294
4449,-0.5946
4450,-0.5550
4451,-0.9330
4452,-0.4555
4453,-1.2272
4454,-1.0290
4455,-1.4348
4456,-1.5388
4457,-0.9654
4458,-1.7942
4459,-0.6240
4460,-0.8486
4461,-0.7160
4462,-1.4960
4463,-0.8647
4464,-1.7589
4465,-0.5777
4466,-1.3579
4467,-1.5666
4468,-1.3657
4469,-1.1981
4470,-0.7193
4471,-1.6706
4472,-0.9350
4473,-1.4569
4474,-1.8291
4475,-0.8645
4476,-0.9309
4477,-1.1813
4478,-0.8843
4479,-0.7823
4480,-1.0208
4481,-0.7597
4482,-1.1732
4483,-1.1407
4484,-1.5366
4485,-0.7895
4486,-1.3776
4487,-1.8794
4488,-0.8428
4489,-1.3105
4490,-0.4889
4491,-1.1239
4492,-1.3310
4493,-0.7581
4494,-0.8980
4495,-1.1714
4496,-0.7737
4497,-0.8935
4498,-1.1700
4499,-1.6147
4500,-0.7257
4501,-1.5313
4502,-1.3509
4503,-0.8074
4504,-1.3258
4505,-1.9079
4506,-0.9359
4507,-1.1690
4508,-0.7350
4509,-0.8745
4510,-1.0811
4511,-1.1211
4512,-1.4713
4513,-1.0651
4514,-1.5602
4515,-0.9877
4516,-0.9833
4517,-2.1039
4518,-1.7847
4519,-0.5192
4520,-1.2676
4521,-1.7555
4522,-1.2065
4523,-1.2848
4524,-0.7701
4525,-1.5890
4526,-0.7298
4527,-0.4416
4528,-1.1422
4529,-2.1487
4530,-0.6624
4531,-1.4591
4532,-0.8142
4533,-0.8407
4534,-1.2465
4535,-0.8892
4536,-0.4750
4537,-1.2422
4538,-0.9363
4539,-1.3130
4540,-0.8291
4541,-1.0689
4542,-1.0770
4543,-1.4410
4544,-1.0109
4545,-0.5237
4546,-1.4007
4547,-1.6055
4548,-1.6196
4549,-0.9587
4550,-1.5091
4551,-0.7057
4552,-1.0348
4553,-0.8006
4554,-1.0435
4555,-0.7457
4556,-1.2791
4557,-1.3687
4558,-1.3461
4559,-1.4289
4560,-1.8321
4561,-1.3680
4562,-0.5710
4563,-0.4101
4564,-0.5586
4565,-0.5318
4566,-0.9669
4567,-0.9657
4568,-1.1036
4569,-1.0850
4570,-0.7240
4571,-0.9532
4572,-0.7960
4573,-1.0368
4574,-0.4618
4575,-0.7697
4576,-1.2632
4577,-1.4036
4578,-1.7632
4579,-0.8379
4580,-1.0039
4581,-0.7621
4582,-1.2880
4583,-0.9375
4584,-0.9639
4585,-1.0327
4586,-1.0455
4587,-0.8510
4588,-1.1791
4589,-1.6763
4590,-1.2880
4591,-1.4702
4592,-1.1869
4593,-0.4284
4594,-1.4817
4595,-0.9420
4596,-1.2301
4597,-0.6919
4598,-1.5352
4599,-1.8582
4600,-1.1925
4601,-0.6613
4602,-1.5383
4603,-1.3802
4604,-1.8018
4605,-1.7913
4606,-0.2591
4607,-1.4641
4608,-1.7717
4609,-0.9785
4610,-0.7891
4611,-0.8013
4612,-0.5160
4613,-1.5914
4614,-1.5799
4615,-0.9577
4616,-1.7002
4617,-0.8942
4618,-1.5804
4619,-0.7385
4620,-0.9670
4621,-1.5811
4622,-1.4941
4623,-1.6936
4624,-0.4557
4625,-1.2780
4626,-1.2259
4627,-0.7550
4628,-1.6632
4629,-0.5513
4630,-1.4416
4631,-1.7428
4632,-0.6692
4633,-0.5647
4634,-2.0619
4635,-0.7836
4636,-1.1360
4637,-1.3186
4638,-1.1640
4639,-0.6814
4640,-1.0539
4641,-0.8002
4642,-1.9044
4643,-0.3416
4644,-1.2177
4645,-1.2243
4646,-0.5596
4647,-1.6755
4648,-0.6533
4649,-1.5222
4650,-1.4725
4651,-1.4580
4652,-0.7547
4653,-0.7457
4654,-0.7421
4655,-0.5453
4656,-0.5865
4657,-1.5151
4658,-1.2009
4659,-0.8114
4660,-0.8441
4661,-0.5549
4662,-1.4841
4663,-0.9400
4664,-0.9746
4665,-1.2901
4666,-1.4496
4667,-0.7322
4668,-1.7979
4669,-1.0213
4670,-1.1524
4671,-0.6037
4672,-1.2174
4673,-0.6060
4674,-0.4512
4675,-1.2991
4676,-1.0826
4677,-1.4918
4678,-1.2066
4679,-1.7790
4680,-1.4928
4681,-1.6292
4682,-1.7701
4683,-0.4780
4684,-1.0921
4685,-1.3503
4686,-1.1461
4687,-0.6885
4688,-0.9003
4689,-1.3977
4690,-1.2767
4691,-1.6934
4692,-0.7776
4693,-1.0027
4694,-1.4771
4695,-1.7578
4696,-1.6117
4697,-0.7393
4698,-1.5591
4699,-0.5606
4700,-1.8546
4701,-1.9211
4702,-0.9113
4703,-0.9520
4704,-0.6311
4705,-0.4421
4706,-1.0374
4707,-0.5847
4708,-0.7581
4709,-1.3741
4710,-0.9655
4711,-1.0659
4712,-0.8656
4713,-1.0754
4714,-0.6588
4715,-1.4654
4716,-0.6574
4717,-1.2391
4718,-1.1544
4719,-0.6513
4720,-1.3152
4721,-1.4853
4722,-1.3369
4723,-0.6814
4724,-1.1680
4725,-1.4973
4726,-1.3235
4727,-1.1809
4728,-1.8629
4729,-1.2846
4730,-0.8450
4731,-1.4118
4732,-1.1918
4733,-0.9759
4734,-1.8643
4735,-1.0373
4736,-1.9824
4737,-0.8442
4738,-1.7930
4739,-1.6827
4740,-1.3686
4741,-2.2022
4742,-1.3418
4743,-1.6427
4744,-0.5962
4745,-1.6168
4746,-0.4418
4747,-1.5615
4748,-0.9326
4749,-0.9401
4750,-0.5655
4751,-2.0517
4752,-1.0927
4753,-1.1411
4754,-0.6436
4755,-1.6834
4756,-0.9012
4757,-1.4801
4758,-1.0183
4759,-1.1372
4760,-0.3995
4761,-0.8393
4762,-0.8073
4763,-1.2914
4764,-1.0276
4765,-0.3502
4766,-0.5396
4767,-1.1412
4768,-0.6642
4769,-1.2741
4770,-0.8771
4771,-0.8082
4772,-0.9589
4773,-1.5103
4774,-0.4799
4775,-1.3950
4776,-0.7866
4777,-1.5245
4778,-1.4971
4779,-1.5494
4780,-1.3343
4781,-1.4469
4782,-1.0134
4783,-1.8062
4784,-1.2743
4785,-0.3964
4786,-0.6145
4787,-0.9867
4788,-0.7747
4789,-1.0814
4790,-1.6744
4791,-1.5641
4792,-1.6967
4793,-1.2775
4794,-1.4216
4795,-1.4605
4796,-0.6576
4797,-0.9864
4798,-1.7562
4799,-0.9094
4800,-1.1567
4801,-1.6899
4802,-1.0335
4803,-1.0305
4804,-1.0896
4805,-1.3191
4806,-1.5687
4807,-1.5185
4808,-1.2261
4809,-1.0330
4810,-1.2129
4811,-0.9596
4812,-1.6257
4813,-1.2685
4814,-1.2790
4815,-1.2163
4816,-1.0861
4817,-0.4084
4818,-0.9843
4819,-1.1169
4820,-0.7461
4821,-2.0268
4822,-1.1069
4823,-1.6422
4824,-0.7061
4825,-0.7549
4826,-1.9205
4827,-1.1300
4828,-0.7966
4829,-1.9773
4830,-1.6492
4831,-1.0738
4832,-0.7876
4833,-0.6954
4834,-1.0177
4835,-1.6373
4836,-1.4715
4837,-1.2279
4838,-1.2949
4839,-0.9294
4840,-1.2676
4841,-1.1347
4842,-0.8454
4843,-0.6695
4844,-0.9567
4845,-1.2179
4846,-1.1483
4847,-2.4940
4848,-1.4615
4849,-0.8422
4850,-1.1599
4851,-1.4614
4852,-1.2318
4853,-1.1986
4854,-1.6577
4855,-2.2529
4856,-1.9584
4857,-0.7752
4858,-1.1099
4859,-0.7981
4860,-1.0771
4861,-1.8475
4862,-0.8875
4863,-1.6530
4864,-0.6501
4865,-2.1713
4866,-1.9347
4867,-0.8521
4868,-0.8408
4869,-0.5462
4870,-0.9619
4871,-1.0356
4872,-1.2847
4873,-1.0843
4874,-1.1433
4875,-0.3571
4876,-0.6676
4877,-1.9699
4878,-0.6921
4879,-0.9309
4880,-1.9268
4881,-0.6662
4882,-1.0638
4883,-1.1092
4884,-1.2152
4885,-0.6897
4886,-2.1637
4887,-1.4941
4888,-1.7159
4889,-1.4568
4890,-1.3212
4891,-0.6656
4892,-1.5660
4893,-1.4712
4894,-1.1632
4895,-1.0208
4896,-1.1180
4897,-0.5785
4898,-1.8893
4899,-1.0777
4900,-1.5097
4901,-1.1987
4902,-0.2354
4903,-1.3427
4904,-1.7567
4905,-0.9980
4906,-1.1630
4907,-0.8904
4908,-1.2736
4909,-1.5681
4910,-1.5635
4911,-1.3306
4912,-1.1578
4913,-1.7968
4914,-1.6948
4915,-0.9545
4916,-1.3433
4917,-1.1712
4918,-0.8420
4919,-1.8152
4920,-1.1506
4921,-0.9385
4922,-1.5969
4923,-1.3965
4924,-1.2832
4925,-1.4206
4926,-0.9481
4927,-1.0122
4928,-0.9742
4929,-1.5946
4930,-0.6206
4931,-2.1796
4932,-1.3170
4933,-1.5850
4934,-1.2690
4935,-1.7102
4936,-0.8166
4937,-0.9444
4938,-1.5811
4939,-0.7531
4940,-1.3821
4941,-2.1730
4942,-1.2683
4943,-1.2550
4944,-0.5854
4945,-1.3397
4946,-1.2796
4947,-1.7383
4948,-0.8462
4949,-1.1419
4950,-0.7394
4951,-1.3251
4952,-1.4853
4953,-0.9564
4954,-1.1689
4955,-1.3852
4956,-1.2401
4957,-1.5831
4958,-1.4233
4959,-1.1908
4960,-1.0672
4961,-1.3629
4962,-0.9068
4963,-1.2413
4964,-0.7808
4965,-0.9049
4966,-1.3236
4967,-1.5251
4968,-0.6283
4969,-1.8088
4970,-1.3803
4971,-0.9004
4972,-1.3046
4973,-0.5024
4974,-1.0523
4975,-1.8731
4976,-1.9059
4977,-1.5042
4978,-0.9780
4979,-0.9826
4980,-1.5963
4981,-0.6232
4982,-0.4771
4983,-0.7220
4984,-1.4971
4985,-0.6073
4986,-0.9264
4987,-0.7536
4988,-0.7160
4989,-1.3526
4990,-1.8579
4991,-2.0453
4992,-0.8300
4993,-1.5455
4994,-0.9633
4995,-0.8883
4996,-1.5136
4997,-1.2574
4998,-1.6582
4999,-0.8979
5000,-1.5162
5001,-1.4884
5002,-0.7496
5003,-1.4157
5004,-1.0884
5005,-1.5139
5006,-1.8178
5007,-0.9071
5008,-1.0968
5009,-1.4098
5010,-0.8800
5011,-0.8838
5012,-1.4186
5013,-0.9207
5014,-0.9775
5015,-0.6361
5016,-0.9860
5017,-0.8662
5018,-1.3240
5019,-0.5764
5020,-1.1658
5021,-0.9476
5022,-0.9477
5023,-1.1575
5024,-0.7670
5025,-0.8003
5026,-1.2486
5027,-0.8466
5028,-1.0810
5029,-0.9076
5030,-0.4364
5031,-0.5860
5032,-1.0315
5033,-1.3910
5034,-1.3162
5035,-1.1693
5036,-2.4383
5037,-1.4704
5038,-1.4303
5039,-0.7585
5040,-0.9840
5041,-1.6676
5042,-1.6342
5043,-1.3406
5044,-1.2223
5045,-1.4302
5046,-0.9050
5047,-0.6169
5048,-1.2214
5049,-1.3176
5050,-0.5661
5051,-1.1143
5052,-1.9988
5053,-0.4918
5054,-0.8968
5055,-0.4576
5056,-1.2055
5057,-1.0179
5058,-1.4000
5059,-1.1097
5060,-0.7455
5061,-1.1747
5062,-1.6482
5063,-0.7274
5064,-1.8047
5065,-1.6164
5066,-1.0583
5067,-0.5837
5068,-1.4747
5069,-1.8087
5070,-1.4573
5071,-0.5213
5072,-1.1253
5073,-1.3546
5074,-1.1764
5075,-0.4967
5076,-1.0173
5077,-1.6192
5078,-0.5684
5079,-1.0309
5080,-1.3994
5081,-2.1695
5082,-1.3976
5083,-0.9893
5084,-0.5271
5085,-1.7024
5086,-1.2209
5087,-1.3352
5088,-1.8967
5089,-1.8102
5090,-0.9195
5091,-0.4457
5092,-0.9843
5093,-1.3847
5094,-1.0472
5095,-1.0070
5096,-0.6669
5097,-0.9965
5098,-1.1226
5099,-1.9809
5100,-1.1986
5101,-1.0195
5102,-1.1320
5103,-1.6427
5104,-0.7904
5105,-1.3309
5106,-1.9080
5107,-1.3092
5108,-1.1935
5109,-0.4220
5110,-1.1481
5111,-1.3244
5112,-0.5908
5113,-0.9616
5114,-0.9510
5115,-1.4031
5116,-1.0666
5117,-1.2451
5118,-1.1242
5119,-1.0596
5120,-1.5516
5121,-1.0651
5122,-1.1650
5123,-0.7744
5124,-0.7152
5125,-1.1047
5126,-1.6553
5127,-0.8645
5128,-0.6681
5129,-0.3913
5130,-1.0610
5131,-1.7188
5132,-1.4905
5133,-1.3070
5134,-1.6042
5135,-0.2031
5136,-0.4105
5137,-0.9265
5138,-2.1283
5139,-1.1655
5140,-1.7142
5141,-0.8952
5142,-0.8841
5143,-1.0229
5144,-1.4866
5145,-0.9019
5146,-1.7979
5147,-1.3501
5148,-1.2854
5149,-1.3420
5150,-1.3483
5151,-1.3759
5152,-1.2158
5153,-1.7796
5154,-0.7363
5155,-0.9352
5156,-0.5793
5157,-1.0804
5158,-1.4623
5159,-1.7085
5160,-1.1603
5161,-1.2164
5162,-0.9206
5163,-1.1040
5164,-1.7717
5165,-1.9572
5166,-1.4101
5167,-1.2626
5168,-1.1640
5169,-1.8193
5170,-1.0155
5171,-1.4964
5172,-1.4750
5173,-0.6417
5174,-1.0094
5175,-0.7173
5176,-1.4062
5177,-0.5657
5178,-1.9183
5179,-1.2087
5180,-1.2077
5181,-1.5571
5182,-1.1264
5183,-0.9825
5184,-0.6217
5185,-1.3569
5186,-1.9203
5187,-1.3499
5188,-0.9741
5189,-1.1158
5190,-0.7844
5191,-1.7178
5192,-0.5010
5193,-1.1506
5194,-1.0144
5195,-0.9348
5196,-0.4442
5197,-0.6054
5198,-0.8833
5199,-0.9725
5200,-1.3528
5201,-1.3731
5202,-1.4883
5203,-0.6058
5204,-0.7322
5205,-0.5511
5206,-1.1094
5207,-0.4702
5208,-1.1442
5209,-0.8352
5210,-0.6486
5211,-1.6262
5212,-0.8676
5213,-0.6397
5214,-0.6736
5215,-1.4789
5216,-1.5870
5217,-0.7040
5218,-1.0753
5219,-0.2856
5220,-1.1069
5221,-1.0942
5222,-0.8252
5223,-0.5624
5224,-0.3462
5225,-1.0603
5226,-1.2876
5227,-1.1449
5228,-0.8155
5229,-1.4334
5230,-1.9119
5231,-1.9759
5232,-1.2987
5233,-1.2117
5234,-0.9057
5235,-1.0164
5236,-0.8908
5237,-0.8040
5238,-1.3670
5239,-1.1699
5240,-0.8498
5241,-1.4430
5242,-1.5790
5243,-0.9410
5244,-0.9155
5245,-1.0136
5246,-1.0995
5247,-1.3432
5248,-0.5755
5249,-0.9008
5250,-0.6937
5251,-1.2295
5252,-1.8064
5253,-0.6520
5254,-1.6632
5255,-1.1197
5256,-1.4216
5257,-0.7213
5258,-0.8668
5259,-0.8803
5260,-1.2856
5261,-1.1716
5262,-1.2557
5263,-1.5176
5264,-1.4571
5265,-1.8194
5266,-1.3744
5267,-1.3491
5268,-1.3941
5269,-1.0058
5270,-0.6832
5271,-1.3601
5272,-1.1963
5273,-0.6184
5274,-1.4864
5275,-0.7687
5276,-0.5493
5277,-1.0721
5278,-0.8244
5279,-0.7170
5280,-0.6259
5281,-1.3691
5282,-0.9311
5283,-1.9148
5284,-1.1408
5285,-0.8710
5286,-1.6133
5287,-0.8943
5288,-1.0081
5289,-0.8963
5290,-0.6756
5291,-1.6831
5292,-0.7834
5293,-1.4405
5294,-0.2917
5295,-1.4849
5296,-0.4803
5297,-1.1857
5298,-0.6863
5299,-1.2836
5300,-1.1148
5301,-0.8347
5302,-1.8692
5303,-0.9212
5304,-1.2103
5305,-1.0027
5306,-1.6521
5307,-1.2266
5308,-0.7317
5309,-1.1324
5310,-1.1007
5311,-1.4964
5312,-1.7890
5313,-0.9504
5314,-1.4211
5315,-0.9315
5316,-1.5633
5317,-1.1903
5318,-1.4717
5319,-2.0070
5320,-0.8044
5321,-1.5757
5322,-2.0151
5323,-1.6315
5324,-0.9877
5325,-1.0986
5326,-0.6610
5327,-0.8760
5328,-1.0072
5329,-1.3472
5330,-1.9702
5331,-0.9176
5332,-1.6542
5333,-1.4107
5334,-1.4206
5335,-1.3862
5336,-0.5159
5337,-0.2862
5338,-1.1237
5339,-1.7152
5340,-0.9492
5341,-1.0539
5342,-0.8652
5343,-0.4786
5344,-0.8434
5345,-0.6842
5346,-1.0874
5347,-0.7311
5348,-1.3508
5349,-1.0993
5350,-1.2281
5351,-0.7242
5352,-1.0512
5353,-1.4105
5354,-1.6849
5355,-0.8391
5356,-1.9276
5357,-1.1798
5358,-0.8458
5359,-1.8047
5360,-1.2965
5361,-0.8792
5362,-1.2571
5363,-0.8669
5364,-0.9917
5365,-0.7735
5366,-1.9232
5367,-0.4931
5368,-1.2767
5369,-0.9143
5370,-0.7192
5371,-0.6090
5372,-0.8825
5373,-0.7988
5374,-1.1738
5375,-1.9977
5376,-0.9711
5377,-1.0599
5378,-0.8446
5379,-1.4975
5380,-0.9412
5381,-0.9886
5382,-1.0402
5383,-1.1815
5384,-1.0212
5385,-1.0955
5386,-0.5106
5387,-0.5938
5388,-0.7639
5389,-0.7923
5390,-1.1458
5391,-1.1989
5392,-1.3147
5393,-0.5866
5394,-0.8329
5395,-1.1692
5396,-0.9126
5397,-0.7692
5398,-1.3411
5399,-1.0581
5400,-0.9537
5401,-0.9754
5402,-1.1309
5403,-0.7801
5404,-1.0173
5405,-1.8630
5406,-1.8103
5407,-1.3962
5408,-1.2777
5409,-0.9461
5410,-1.0062
5411,-1.0007
5412,-1.3093
5413,-1.0851
5414,-1.2375
5415,-1.8851
5416,-1.3075
5417,-1.1361
5418,-0.9985
5419,-1.1860
5420,-2.0724
5421,-1.4874
5422,-0.7143
5423,-0.5935
5424,-1.1059
5425,-0.7174
5426,-0.8061
5427,-1.1445
5428,-1.0803
5429,-0.8799
5430,-1.3788
5431,-1.6693
5432,-1.2188
5433,-1.0221
5434,-0.8543
5435,-1.0695
5436,-1.2349
5437,-1.8042
5438,-1.1167
5439,-0.5722
5440,-0.6238
5441,-0.5558
5442,-0.8411
5443,-1.3537
5444,-0.9713
5445,-1.6211
5446,-1.5452
5447,-1.4633
5448,-1.3413
5449,-1.5359
5450,-1.2361
5451,-0.9966
5452,-1.0837
5453,-0.6919
5454,-1.6850
5455,-1.1942
5456,-1.8169
5457,-0.8921
5458,-1.0030
5459,-0.8297
5460,-0.5929
5461,-1.1973
5462,-1.0932
5463,-0.3743
5464,-1.1163
5465,-1.2615
5466,-0.5952
5467,-1.0109
5468,-1.5663
5469,-0.5794
5470,-1.1230
5471,-1.4780
5472,-1.3192
5473,-0.8337
5474,-1.3609
5475,-1.3008
5476,-1.6112
5477,-1.6960
5478,-0.7959
5479,-2.3860
5480,-1.1585
5481,-1.1369
5482,-0.6609
5483,-0.4220
5484,-0.2850
5485,-1.0347
5486,-1.0601
5487,-1.4332
5488,-0.7261
5489,-0.9489
5490,-1.0868
5491,-1.4988
5492,-0.7519
5493,-1.4256
5494,-1.5149
5495,-0.6957
5496,-0.3255
5497,-0.2323
5498,-0.6253
5499,-0.9850
5500,-1.2927
5501,-1.8516
5502,-1.1295
5503,-1.4470
5504,-1.1512
5505,-0.8897
5506,-0.9780
5507,-1.7952
5508,-0.9152
5509,-1.2268
5510,-0.9573
5511,-1.4242
5512,-0.6705
5513,-0.8274
5514,-1.1898
5515,-1.1074
5516,-1.4767
5517,-1.1171
5518,-1.6834
5519,-1.0663
5520,-0.9588
5521,-0.4961
5522,-1.0755
5523,-1.0240
5524,-1.0619
5525,-1.7250
5526,-1.3965
5527,-2.0439
5528,-1.5920
5529,-0.7263
5530,-1.2599
5531,-0.8135
5532,-1.3069
5533,-1.6721
5534,-2.1513
5535,-1.2164
5536,-1.2366
5537,-0.8896
5538,-1.2324
5539,-0.5487
5540,-0.6437
5541,-0.6637
5542,-1.3953
5543,-0.8435
5544,-1.1352
5545,-1.1193
5546,-0.7409
5547,-1.6253
5548,-1.1324
5549,-0.7266
5550,-1.0514
5551,-0.8174
5552,-1.7667
5553,-0.9634
5554,-0.5550
5555,-0.9645
5556,-0.7757
5557,-0.8408
5558,-1.6725
5559,-2.0205
5560,-0.8399
5561,-0.9751
5562,-1.2331
5563,-1.2077
5564,-1.2201
5565,-1.1676
5566,-1.1272
5567,-1.3582
5568,-1.2265
5569,-0.9664
5570,-1.6283
5571,-1.7288
5572,-1.0437
5573,-0.8038
5574,-0.5358
5575,-1.6373
5576,-1.3098
5577,-1.9326
5578,-0.8585
5579,-1.7784
5580,-0.4169
5581,-0.4548
5582,-1.1340
5583,-0.8653
5584,-0.9263
5585,-0.7976
5586,-1.2040
5587,-1.1520
5588,-1.3021
5589,-1.7971
5590,-1.1382
5591,-1.4314
5592,-0.7021
5593,-1.4722
5594,-1.1969
5595,-0.9770
5596,-1.0136
5597,-1.6754
5598,-0.9409
5599,-1.1136
5600,-1.7533
5601,-1.1096
5602,-0.8891
5603,-1.0704
5604,-0.6894
5605,-1.2126
5606,-1.2009
5607,-1.0016
5608,-0.9205
5609,-0.5961
5610,-0.9763
5611,-1.4428
5612,-0.7157
5613,-0.8760
5614,-0.5256
5615,-1.4102
5616,-0.6149
5617,-1.9125
5618,-0.7991
5619,-0.9497
5620,-0.9341
5621,-0.9719
5622,-1.1203
5623,-0.5492
5624,-1.6239
5625,-1.2205
5626,-1.5013
5627,-1.4309
5628,-0.7007
5629,-0.5244
5630,-1.5963
5631,-2.3285
5632,-1.1484
5633,-1.1204
5634,-0.7618
5635,-1.5896
5636,-0.9937
5637,-1.7778
5638,-0.8052
5639,-0.5690
5640,-1.8088
5641,-2.1932
5642,-0.9343
5643,-1.3440
5644,-0.9231
5645,-1.1543
5646,-0.6361
5647,-1.1888
5648,-0.7716
5649,-1.8050
5650,-1.2810
5651,-1.4902
5652,-0.7103
5653,-1.0543
5654,-0.9431
5655,-1.4446
5656,-1.0980
5657,-1.9376
5658,-1.3918
5659,-0.6982
5660,-0.7399
5661,-0.7414
5662,-1.5516
5663,-1.9552
5664,-1.1383
5665,-0.6464
5666,-0.7524
5667,-0.2787
5668,-1.8371
5669,-0.7950
5670,-1.0578
5671,-1.2634
5672,-1.4125
5673,-1.6291
5674,-0.8170
5675,-1.7138
5676,-0.5629
5677,-1.7095
5678,-0.8876
5679,-1.1256
5680,-1.2147
5681,-0.7797
5682,-1.5171
5683,-0.9424
5684,-0.6679
5685,-0.7521
5686,-0.9125
5687,-1.5111
5688,-0.7604
5689,-1.0790
5690,-2.0259
5691,-2.1047
5692,-0.5585
5693,-0.7478
5694,-1.4720
5695,-0.6326
5696,-0.8048
5697,-1.4751
5698,-1.5527
5699,-0.4095
5700,-0.5874
5701,-1.9329
5702,-1.1700
5703,-1.3263
5704,-0.9350
5705,-0.7514
5706,-0.9288
5707,-1.3447
5708,-1.9608
5709,-1.2419
5710,-1.1616
5711,-1.3486
5712,-0.8067
5713,-1.3494
5714,-2.0721
5715,-1.2811
5716,-1.3534
5717,-0.7268
5718,-1.0008
5719,-1.6461
5720,-0.7957
5721,-1.3271
5722,-1.0580
5723,-1.6299
5724,-0.8304
5725,-0.7996
5726,-1.2171
5727,-1.2833
5728,-1.3511
5729,-1.3750
5730,-1.3689
5731,-0.6281
5732,-1.2971
5733,-0.9003
5734,-1.8436
5735,-1.7433
5736,-0.6753
5737,-0.9236
5738,-0.4062
5739,-1.5582
5740,-0.7870
5741,-0.6588
5742,-1.1841
5743,-0.9335
5744,-1.7687
5745,-1.4189
5746,-1.8100
5747,-1.5576
5748,-1.4386
5749,-1.3685
5750,-1.4378
5751,-1.3174
5752,-1.2451
5753,-1.3590
5754,-2.1579
5755,-0.6767
5756,-1.5500
5757,-1.7399
5758,-1.0803
5759,-1.4739
5760,-0.6209
5761,-1.4640
5762,-1.7064
5763,-1.1387
5764,-1.7480
5765,-1.7549
5766,-1.2093
5767,-1.2231
5768,-1.2935
5769,-1.4936
5770,-0.8817
5771,-1.3663
5772,-1.8246
5773,-1.4151
5774,-1.4262
5775,-0.7838
5776,-0.5325
5777,-1.6394
5778,-0.3939
5779,-0.5562
5780,-1.9311
5781,-1.6733
5782,-1.0939
5783,-1.7400
5784,-1.0582
5785,-1.1272
5786,-1.4983
5787,-0.8983
5788,-1.0207
5789,-1.2493
5790,-0.5821
5791,-1.1260
5792,-1.8535
5793,-1.0176
5794,-0.9134
5795,-2.0212
5796,-0.7510
5797,-1.2934
5798,-0.4779
5799,-1.1939
5800,-1.4064
5801,-0.8481
5802,-1.1928
5803,-1.0973
5804,-1.4027
5805,-0.8627
5806,-1.0998
5807,-1.0097
5808,-1.4322
5809,-1.4268
5810,-1.9798
5811,-1.6474
5812,-1.5996
5813,-1.1209
5814,-1.3696
5815,-1.3052
5816,-1.2457
5817,-0.7029
5818,-1.2882
5819,-1.2437
5820,-0.2503
5821,-0.7018
5822,-1.1837
5823,-0.8689
5824,-0.6918
5825,-0.9436
5826,-1.2914
5827,-1.0958
5828,-1.1713
5829,-1.7661
5830,-0.9188
5831,-0.5774
5832,-0.8375
5833,-1.2660
5834,-1.0103
5835,-1.8645
5836,-1.3903
5837,-1.4323
5838,-1.2074
5839,-1.0663
5840,-0.6134
5841,-1.2448
5842,-0.7692
5843,-0.7401
5844,-0.7773
5845,-1.6147
5846,-0.8660
5847,-0.9195
5848,-0.8623
5849,-0.5882
5850,-1.1548
5851,-0.9246
5852,-1.1248
5853,-0.5815
5854,-0.4492
5855,-1.3679
5856,-1.4685
5857,-1.7213
5858,-0.5754
5859,-0.6145
5860,-1.5911
5861,-0.5849
5862,-1.2235
5863,-0.7037
5864,-0.5858
5865,-1.6460
5866,-1.0950
5867,-0.6375
5868,-1.7579
5869,-1.0477
5870,-0.8490
5871,-1.0603
5872,-1.1464
5873,-1.5548
5874,-1.9887
5875,-0.9731
5876,-0.6353
5877,-0.7415
5878,-1.7573
5879,-1.0515
5880,-1.2477
5881,-0.9946
5882,-1.9644
5883,-0.9160
5884,-1.7069
5885,-1.1230
5886,-0.5007
5887,-0.7282
5888,-0.7358
5889,-1.2705
5890,-1.4320
5891,-2.0593
5892,-1.0903
5893,-0.7476
5894,-0.6673
5895,-1.2658
5896,-0.8198
5897,-0.9016
5898,-1.0824
5899,-1.5128
5900,-1.1463
5901,-0.7969
5902,-0.9665
5903,-0.7490
5904,-0.6906
5905,-0.4767
5906,-1.5694
5907,-1.4285
5908,-1.4794
5909,-0.7044
5910,-1.5740
5911,-0.7087
5912,-0.8966
5913,-1.7005
5914,-1.1427
5915,-0.9888
5916,-1.6317
5917,-1.2695
5918,-1.1156
5919,-1.2757
5920,-0.9127
5921,-1.6724
5922,-0.6014
5923,-1.4629
5924,-1.2669
5925,-0.9352
5926,-1.6766
5927,-1.2792
5928,-0.4684
5929,-1.3147
5930,-1.6471
5931,-1.0323
5932,-0.9455
5933,-1.3206
5934,-0.4347
5935,-2.0607
5936,-0.7397
5937,-1.3775
5938,-1.0901
5939,-1.6704
5940,-1.2269
5941,-1.2836
5942,-0.8405
5943,-1.1930
5944,-1.6062
5945,-0.7095
5946,-0.9755
5947,-1.3051
5948,-1.1220
5949,-0.8979
5950,-1.9982
5951,-0.3983
5952,-1.9507
5953,-1.5358
5954,-0.5854
5955,-1.2581
5956,-1.2306
5957,-2.1788
5958,-1.0077
5959,-1.4442
5960,-1.0242
5961,-1.1633
5962,-1.6548
5963,-1.2038
5964,-1.4258
5965,-1.7545
5966,-0.8607
5967,-1.8641
5968,-0.8896
5969,-0.8511
5970,-1.7519
5971,-0.5916
5972,-1.0748
5973,-1.7237
5974,-0.7089
5975,-1.0776
5976,-1.1225
5977,-1.5623
5978,-1.8344
5979,-0.6274
5980,-0.7506
5981,-1.8915
5982,-1.2992
5983,-1.1615
5984,-1.8304
5985,-0.5809
5986,-0.5919
5987,-1.6754
5988,-1.1400
5989,-0.9473
5990,-1.0756
5991,-1.2510
5992,-2.1389
5993,-1.8638
5994,-0.8568
5995,-0.6853
5996,-0.5789
5997,-1.0660
5998,-1.3140
5999,-1.5173
6000,-1.4501
6001,-2.0072
6002,-1.1795
6003,-0.8065
6004,-0.4667
6005,-1.6865
6006,-1.2729
6007,-0.7533
6008,-1.5076
6009,-1.3368
6010,-1.1366
6011,-1.5654
6012,-1.2809
6013,-0.9509
6014,-1.0797
6015,-1.6007
6016,-1.1850
6017,-1.5831
6018,-1.2628
6019,-1.5319
6020,-0.8849
6021,-0.8397
6022,-0.8034
6023,-1.0695
6024,-1.0965
6025,-0.8195
6026,-1.6987
6027,-1.4618
6028,-1.3868
6029,-1.1702
6030,-0.8690
6031,-0.7869
6032,-0.7335
6033,-1.1843
6034,-0.7992
6035,-1.1572
6036,-1.3044
6037,-0.7926
6038,-1.4970
6039,-0.7558
6040,-1.6303
6041,-1.1025
6042,-1.5094
6043,-0.6495
6044,-1.3602
6045,-0.5217
6046,-0.6424
6047,-1.2809
6048,-0.6735
6049,-0.9846
6050,-0.7103
6051,-1.1005
6052,-1.1841
6053,-0.8680
6054,-1.7779
6055,-1.4011
6056,-1.0236
6057,-0.9080
6058,-1.2841
6059,-0.5914
6060,-1.3225
6061,-1.4975
6062,-1.3413
6063,-1.7655
6064,-0.6774
6065,-0.9976
6066,-0.9103
6067,-0.4928
6068,-0.6667
6069,-0.7307
6070,-0.6880
6071,-0.8002
6072,-1.2906
6073,-1.0460
6074,-0.8966
6075,-1.4283
6076,-1.3366
6077,-1.0663
6078,-0.6295
6079,-0.7310
6080,-0.8056
6081,-1.2221
6082,-0.9866
6083,-0.3821
6084,-1.3282
6085,-0.8295
6086,-1.1894
6087,-1.4910
6088,-1.5047
6089,-1.2083
6090,-1.1679
6091,-1.3301
6092,-1.1229
6093,-1.4341
6094,-0.6024
6095,-1.5899
6096,-0.7545
6097,-1.2745
6098,-0.5259
6099,-1.4012
6100,-0.7437
6101,-1.1019
6102,-1.8102
6103,-1.5923
6104,-1.2025
6105,-0.6766
6106,-2.1794
6107,-1.2226
6108,-0.8530
6109,-0.6318
6110,-0.5627
6111,-0.7486
6112,-0.9049
6113,-0.6798
6114,-0.7841
6115,-0.7486
6116,-0.6841
6117,-1.2870
6118,-0.7001
6119,-0.4069
6120,-1.5679
6121,-0.5638
6122,-1.7062
6123,-0.7052
6124,-0.9931
6125,-1.1325
6126,-1.0009
6127,-1.1098
6128,-0.7967
6129,-1.4184
6130,-0.6899
6131,-1.2126
6132,-0.6411
6133,-1.2551
6134,-1.1534
6135,-1.6342
6136,-1.7253
6137,-1.1772
6138,-0.4438
6139,-1.6712
6140,-1.2951
6141,-1.6014
6142,-1.8548
6143,-0.8819
6144,-1.0216
6145,-0.8179
6146,-0.7327
6147,-1.6535
6148,-0.9275
6149,-0.8171
6150,-1.1309
6151,-1.2447
6152,-1.8106
6153,-0.7388
6154,-1.2346
6155,-1.6755
6156,-1.1344
6157,-1.3892
6158,-0.6220
6159,-1.0402
6160,-1.4856
6161,-1.4658
6162,-1.0357
6163,-1.4219
6164,-1.2793
6165,-0.8959
6166,-1.6284
6167,-1.1126
6168,-0.7968
6169,-1.3763
6170,-0.3984
6171,-0.6278
6172,-0.9248
6173,-1.3645
6174,-0.7483
6175,-0.8504
6176,-1.0433
6177,-1.1345
6178,-1.4486
6179,-1.2669
6180,-1.1080
6181,-1.7875
6182,-1.4928
6183,-1.4869
6184,-1.5462
6185,-1.1866
6186,-0.9306
6187,-1.1633
6188,-0.6277
6189,-0.8421
6190,-0.8621
6191,-0.5089
6192,-1.0974
6193,-1.0679
6194,-1.2123
6195,-1.8801
6196,-1.2096
6197,-0.7166
6198,-1.4781
6199,-0.7695
6200,-0.6957
6201,-1.1655
6202,-1.0955
6203,-0.5446
6204,-1.4821
6205,-1.8611
6206,-1.1834
6207,-1.1515
6208,-1.3375
6209,-0.5309
6210,-0.8217
6211,-1.0739
6212,-0.5436
6213,-1.2207
6214,-1.4343
6215,-1.1968
6216,-1.4700
6217,-1.2685
6218,-1.0648
6219,-2.0896
6220,-1.1702
6221,-1.4950
6222,-1.3225
6223,-0.6824
6224,-0.8773
6225,-0.6967
6226,-0.6982
6227,-0.9877
6228,-1.2570
6229,-1.3524
6230,-1.3015
6231,-1.0996
6232,-0.7629
6233,-1.5201
6234,-1.2425
6235,-0.8501
6236,-0.6970
6237,-0.9621
6238,-0.7033
6239,-1.4448
6240,-1.9020
6241,-1.5192
6242,-0.9433
6243,-1.4798
6244,-0.9952
6245,-0.7163
6246,-1.1530
6247,-1.7327
6248,-0.6176
6249,-1.5937
6250,-0.7915
6251,-1.6868
6252,-1.0356
6253,-0.8205
6254,-1.3368
6255,-1.4766
6256,-0.5106
6257,-1.3015
6258,-1.0848
6259,-0.5166
6260,-0.7792
6261,-1.4850
6262,-1.6262
6263,-1.1002
6264,-0.9340
6265,-1.7660
6266,-0.8262
6267,-1.0816
6268,-0.5598
6269,-0.9664
6270,-1.1956
6271,-0.9568
6272,-1.6156
6273,-1.4080
6274,-0.9874
6275,-0.6192
6276,-0.9910
6277,-0.8600
6278,-0.7658
6279,-1.7360
6280,-1.6452
6281,-1.5746
6282,-0.9953
6283,-1.0972
6284,-1.1765
6285,-0.9411
6286,-2.0753
6287,-0.5965
6288,-1.6608
6289,-1.4842
6290,-0.8752
6291,-0.6287
6292,-0.8500
6293,-0.6170
6294,-0.8876
6295,-0.9812
6296,-1.7060
6297,-1.6537
6298,-1.8068
6299,-1.6787
6300,-1.1668
6301,-1.3861
6302,-1.0660
6303,-0.8242
6304,-1.3201
6305,-1.2587
6306,-0.4322
6307,-0.6973
6308,-0.9825
6309,-1.1769
6310,-0.9454
6311,-0.8280
6312,-1.3539
6313,-1.2108
6314,-0.6591
6315,-0.7430
6316,-1.0134
6317,-0.8243
6318,-0.8383
6319,-1.1009
6320,-1.3450
6321,-1.5088
6322,-1.4653
6323,-1.0187
6324,-0.9597
6325,-1.2531
6326,-0.9171
6327,-1.2866
6328,-0.7249
6329,-1.4572
6330,-1.8519
6331,-1.7688
6332,-1.5397
6333,-1.1263
6334,-0.9562
6335,-1.0660
6336,-1.3059
6337,-1.1189
6338,-1.6421
6339,-1.2097
6340,-1.3179
6341,-0.9751
6342,-1.0290
6343,-0.9639
6344,-1.7157
6345,-1.9693
6346,-1.4739
6347,-0.8037
6348,-1.4371
6349,-1.4380
6350,-1.7872
6351,-1.1201
6352,-0.7483
6353,-2.2799
6354,-1.2372
6355,-0.9859
6356,-1.0470
6357,-0.9923
6358,-1.5626
6359,-0.7152
6360,-0.7081
6361,-0.4240
6362,-2.0086
6363,-0.9143
6364,-0.9961
6365,-1.4005
6366,-1.2828
6367,-1.0911
6368,-0.9073
6369,-1.4060
6370,-1.2535
6371,-1.4616
6372,-1.2631
6373,-1.0507
6374,-1.1712
6375,-1.0097
6376,-1.2337
6377,-1.5758
6378,-0.7124
6379,-1.4580
6380,-0.9135
6381,-1.2942
6382,-1.0864
6383,-1.1117
6384,-0.8124
6385,-0.9275
6386,-1.4317
6387,-0.7382
6388,-1.6005
6389,-0.7276
6390,-0.4120
6391,-1.3167
6392,-1.0202
6393,-1.4377
6394,-1.2539
6395,-1.2299
6396,-0.8663
6397,-1.0039
6398,-1.3595
6399,-0.6665
6400,-0.8405
6401,-1.8470
6402,-0.8923
6403,-1.1748
6404,-0.5283
6405,-1.4437
6406,-1.6271
6407,-0.4982
6408,-0.8741
6409,-1.5586
6410,-1.1322
6411,-0.9246
6412,-0.9314
6413,-0.8542
6414,-1.2936
6415,-1.3937
6416,-1.1097
6417,-1.4738
6418,-0.7498
6419,-1.0586
6420,-1.3990
6421,-1.1547
6422,-1.9824
6423,-1.1505
6424,-1.2478
6425,-0.8374
6426,-1.7356
6427,-1.2894
6428,-1.3018
6429,-0.5179
6430,-0.7210
6431,-1.4420
6432,-1.7069
6433,-1.4739
6434,-1.3865
6435,-0.9314
6436,-1.6127
6437,-0.9300
6438,-1.8617
6439,-1.3419
6440,-0.9854
6441,-1.8651
6442,-0.6280
6443,-1.2320
6444,-1.1376
6445,-1.0299
6446,-1.5092
6447,-0.3404
6448,-0.6142
6449,-1.1731
6450,-1.0285
6451,-1.3775
6452,-1.3868
6453,-1.5808
6454,-0.2747
6455,-1.5486
6456,-0.7260
6457,-1.6437
6458,-0.8148
6459,-1.1103
6460,-1.1245
6461,-0.9689
6462,-0.9671
6463,-0.8731
6464,-0.4569
6465,-2.0457
6466,-0.9541
6467,-0.5133
6468,-1.1174
6469,-1.1386
6470,-0.7994
6471,-1.1335
6472,-1.1156
6473,-0.6330
6474,-1.0043
6475,-1.2085
6476,-1.0584
6477,-1.4761
6478,-1.4283
6479,-1.6079
6480,-0.8959
6481,-1.4252
6482,-0.9879
6483,-0.7270
6484,-1.1739
6485,-0.6361
6486,-1.0366
6487,-1.7410
6488,-0.8931
6489,-1.0003
6490,-1.0016
6491,-0.7718
6492,-1.6256
6493,-0.3655
6494,-0.7125
6495,-0.3539
6496,-0.6056
6497,-2.0380
6498,-1.0168
6499,-1.3742
6500,-1.0716
6501,-1.0441
6502,-1.2866
6503,-0.6652
6504,-1.1092
6505,-0.9800
6506,-1.4107
6507,-1.1705
6508,-1.1525
6509,-1.8434
6510,-1.4957
6511,-1.5648
6512,-0.8041
6513,-1.0399
6514,-0.9215
6515,-1.5889
6516,-1.3598
6517,-0.9032
6518,-1.3940
6519,-0.9443
6520,-0.8969
6521,-1.9931
6522,-0.9474
6523,-0.6373
6524,-0.3831
6525,-1.6404
6526,-1.4992
6527,-1.4918
6528,-1.0890
6529,-1.5859
6530,-0.6742
6531,-1.0869
6532,-1.0399
6533,-2.0039
6534,-0.9046
6535,-0.9363
6536,-1.0829
6537,-1.3735
6538,-1.0283
6539,-0.7920
6540,-1.0728
6541,-1.4937
6542,-0.8776
6543,-0.8802
6544,-2.0121
6545,-1.4271
6546,-0.9004
6547,-0.6429
6548,-1.1553
6549,-1.1002
6550,-1.5733
6551,-1.0806
6552,-0.9995
6553,-0.3725
6554,-2.2930
6555,-0.4254
6556,-0.5384
6557,-0.6150
6558,-0.6610
6559,-0.9182
6560,-1.3577
6561,-0.9641
6562,-1.7215
6563,-1.5640
6564,-0.8166
6565,-1.9717
6566,-0.5361
6567,-1.1487
6568,-0.6897
6569,-0.9656
6570,-1.3102
6571,-1.5998
6572,-0.4736
6573,-0.7667
6574,-1.1469
6575,-0.6799
6576,-0.7312
6577,-0.4994
6578,-0.9056
6579,-1.4920
6580,-0.4419
6581,-1.1432
6582,-1.2178
6583,-0.9809
6584,-0.6307
6585,-1.4598
6586,-1.4211
6587,-0.8535
6588,-0.7720
6589,-1.1162
6590,-1.0927
6591,-1.5933
6592,-1.3281
6593,-1.0893
6594,-1.4106
6595,-1.5156
6596,-0.7215
6597,-1.5132
6598,-1.4897
6599,-1.1705
6600,-1.2688
6601,-1.6554
6602,-1.7771
6603,-1.6366
6604,-1.9199
6605,-0.8539
6606,-1.7124
6607,-1.3104
6608,-1.7372
6609,-1.1225
6610,-0.7522
6611,-1.5642
6612,-1.6169
6613,-1.7422
6614,-1.6477
6615,-0.8465
6616,-1.2223
6617,-0.7960
6618,-1.4626
6619,-0.8044
6620,-1.0745
6621,-1.7656
6622,-0.8077
6623,-0.6720
6624,-1.7005
6625,-2.1930
6626,-1.0845
6627,-1.5625
6628,-0.9839
6629,-0.9252
6630,-0.8747
6631,-1.5281
6632,-0.6543
6633,-1.0135
6634,-0.9388
6635,-0.6691
6636,-0.5320
6637,-0.6610
6638,-1.2527
6639,-0.7133
6640,-1.0243
6641,-1.6234
6642,-1.5104
6643,-1.1231
6644,-1.0060
6645,-0.7918
6646,-0.5820
6647,-0.6838
6648,-0.7215
6649,-1.4833
6650,-1.0809
6651,-1.4092
6652,-1.3761
6653,-1.3436
6654,-1.1161
6655,-0.8308
6656,-0.7690
6657,-1.1237
6658,-1.3302
6659,-1.0028
6660,-1.1545
6661,-1.1721
6662,-1.3756
6663,-0.6912
6664,-0.7597
6665,-1.4353
6666,-1.3912
6667,-0.9042
6668,-0.7255
6669,-0.7054
6670,-1.3021
6671,-0.5569
6672,-1.2812
6673,-1.2878
6674,-1.1156
6675,-1.9635
6676,-1.3789
6677,-1.1600
6678,-0.5822
6679,-1.2672
6680,-1.1585
6681,-0.6386
6682,-1.0296
6683,-1.5928
6684,-1.2606
6685,-1.9324
6686,-1.1988
6687,-1.5522
6688,-0.9837
6689,-1.2024
6690,-0.8674
6691,-0.8781
6692,-0.6390
6693,-1.0139
6694,-1.5748
6695,-1.0874
6696,-1.2482
6697,-1.4377
6698,-1.6855
6699,-1.2854
6700,-0.6252
6701,-1.6669
6702,-1.2579
6703,-1.6122
6704,-1.2517
6705,-1.0043
6706,-1.2457
6707,-0.4048
6708,-0.7393
6709,-1.6144
6710,-1.6368
6711,-0.7890
6712,-2.1519
6713,-1.4516
6714,-1.4240
6715,-0.9029
6716,-1.8016
6717,-1.3474
6718,-1.2536
6719,-1.7968
6720,-1.7950
6721,-0.7775
6722,-1.2423
6723,-0.9836
6724,-1.4526
6725,-1.1508
6726,-0.9222
6727,-1.6324
6728,-1.4128
6729,-0.8113
6730,-1.2272
6731,-0.9674
6732,-0.8967
6733,-0.8325
6734,-1.0630
6735,-0.9411
6736,-0.9273
6737,-0.8281
6738,-1.0940
6739,-0.5388
6740,-1.6298
6741,-1.4032
6742,-0.7154
6743,-0.9202
6744,-1.4656
6745,-1.3131
6746,-0.9873
6747,-0.6284
6748,-0.6326
6749,-1.5230
6750,-0.9369
6751,-1.5602
6752,-0.9973
6753,-1.6910
6754,-1.5780
6755,-0.7088
6756,-1.3689
6757,-1.3940
6758,-0.7636
6759,-1.1688
6760,-0.8493
6761,-0.7757
6762,-1.7387
6763,-1.0094
6764,-1.3187
6765,-1.3148
6766,-0.6752
6767,-1.0297
6768,-0.9493
6769,-1.1436
6770,-0.8659
6771,-1.0439
6772,-1.2191
6773,-0.4238
6774,-0.7467
6775,-0.9812
6776,-1.9361
6777,-1.0251
6778,-1.5399
6779,-2.0910
6780,-1.0794
6781,-1.6702
6782,-0.8702
6783,-1.4424
6784,-1.4210
6785,-1.8054
6786,-1.7208
6787,-1.4760
6788,-1.4172
6789,-1.3074
6790,-1.0730
6791,-0.6542
6792,-1.0938
6793,-0.1387
6794,-0.9438
6795,-0.7688
6796,-0.6798
6797,-1.8201
6798,-0.7797
6799,-1.1775
6800,-1.6865
6801,-0.9613
6802,-1.2133
6803,-1.0221
6804,-1.3545
6805,-0.8147
6806,-1.3800
6807,-1.7896
6808,-1.8146
6809,-0.6953
6810,-0.8056
6811,-1.0592
6812,-1.4061
6813,-1.3262
6814,-1.1573
6815,-0.5922
6816,-1.2893
6817,-0.8072
6818,-1.6467
6819,-0.8310
6820,-0.9143
6821,-0.9290
6822,-1.7209
6823,-1.1693
6824,-1.3191
6825,-0.9814
6826,-1.2970
6827,-1.1177
6828,-1.2773
6829,-1.5613
6830,-2.0410
6831,-0.8178
6832,-1.5572
6833,-0.6982
6834,-1.1008
6835,-0.5762
6836,-1.5490
6837,-1.0825
6838,-1.0515
6839,-0.9890
6840,-0.9579
6841,-1.4373
6842,-1.7656
6843,-0.8317
6844,-0.8212
6845,-1.4533
6846,-1.6360
6847,-1.0361
6848,-0.9699
6849,-1.9328
6850,-1.3135
6851,-1.5584
6852,-0.8133
6853,-1.4615
6854,-0.8373
6855,-1.2716
6856,-0.6067
6857,-0.5180
6858,-1.2804
6859,-0.7452
6860,-1.1174
6861,-1.4632
6862,-2.0421
6863,-1.3592
6864,-1.4215
6865,-0.5066
6866,-1.5409
6867,-0.9179
6868,-1.8293
6869,-1.1155
6870,-0.9565
6871,-1.0307
6872,-1.9461
6873,-0.7082
6874,-1.4842
6875,-1.5660
6876,-1.3201
6877,-1.3632
6878,-1.1620
6879,-0.9177
6880,-1.4293
6881,-1.5431
6882,-0.9916
6883,-0.9239
6884,-1.5090
6885,-0.7197
6886,-0.9236
6887,-2.1323
6888,-1.1053
6889,-1.4144
6890,-0.9696
6891,-1.0505
6892,-0.9174
6893,-1.1992
6894,-1.0991
6895,-2.2128
6896,-1.0767
6897,-1.6351
6898,-0.9788
6899,-1.1372
6900,-1.0388
6901,-1.5379
6902,-0.9740
6903,-1.2264
6904,-1.2035
6905,-1.7677
6906,-0.9896
6907,-1.3701
6908,-1.6759
6909,-1.2211
6910,-1.0349
6911,-0.4828
6912,-1.3169
6913,-1.3772
6914,-0.9817
6915,-1.9267
6916,-2.2829
6917,-1.2118
6918,-1.4362
6919,-1.1716
6920,-1.4659
6921,-0.9042
6922,-0.0894
6923,-0.6069
6924,-1.7347
6925,-1.4134
6926,-1.9175
6927,-0.5877
6928,-0.8067
6929,-0.3740
6930,-1.7484
6931,-1.0008
6932,-1.7934
6933,-0.8936
6934,-0.6075
6935,-1.1936
6936,-1.1395
6937,-1.1366
6938,-1.2266
6939,-0.9578
6940,-1.0051
6941,-1.5503
6942,-0.5517
6943,-0.9166
6944,-0.5602
6945,-1.1454
6946,-0.8226
6947,-0.8884
6948,-1.2380
6949,-1.2922
6950,-0.2804
6951,-0.9677
6952,-1.1080
6953,-1.5885
6954,-1.0756
6955,-1.0944
6956,-1.8776
6957,-1.2206
6958,-0.8488
6959,-1.3281
6960,-0.8080
6961,-1.1529
6962,-0.8967
6963,-0.6561
6964,-0.9610
6965,-1.4232
6966,-1.4405
6967,-1.3502
6968,-1.3540
6969,-1.1977
6970,-1.3762
6971,-1.2986
6972,-0.9982
6973,-1.1056
6974,-1.3304
6975,-0.5510
6976,-1.0821
6977,-0.7527
6978,-1.4931
6979,-1.1846
6980,-1.3665
6981,-0.7134
6982,-0.9195
6983,-0.5979
6984,-1.2085
6985,-1.6842
6986,-1.4115
6987,-0.8481
6988,-0.5348
6989,-1.7865
6990,-2.2541
6991,-0.7316
6992,-1.0592
6993,-1.7339
6994,-0.9385
6995,-0.6820
6996,-0.8377
6997,-0.6713
6998,-0.7508
6999,-1.1389
7000,-1.0643
7001,-0.6947
7002,-0.8090
7003,-1.3068
7004,-1.3902
7005,-1.3957
7006,-0.9969
7007,-1.0220
7008,-0.6384
7009,-0.9863
7010,-0.7950
7011,-2.0254
7012,-0.7880
7013,-1.6972
7014,-1.1873
7015,-0.7574
7016,-0.6900
7017,-1.4561
7018,-1.5106
7019,-1.7778
7020,-1.2601
7021,-1.1395
7022,-0.8901
7023,-1.2309
7024,-1.7838
7025,-1.5686
7026,-0.6926
7027,-0.4624
7028,-1.0880
7029,-1.1370
7030,-1.1993
7031,-1.4106
7032,-0.9556
7033,-1.5453
7034,-0.7302
7035,-1.9733
7036,-1.4627
7037,-0.1277
7038,-1.1242
7039,-1.0231
7040,-0.6760
7041,-1.0845
7042,-1.3396
7043,-0.7162
7044,-0.7894
7045,-0.9709
7046,-0.8812
7047,-0.9037
7048,-0.7915
7049,-1.7021
7050,-1.9430
7051,-1.6744
7052,-0.8808
7053,-1.3178
7054,-1.2004
7055,-1.4396
7056,-0.4551
7057,-1.0623
7058,-1.0342
7059,-1.0812
7060,-1.3464
7061,-1.6587
7062,-0.7723
7063,-1.5424
7064,-0.6037
7065,-1.2484
7066,-0.7588
7067,-1.2101
7068,-1.1083
7069,-0.8234
7070,-0.8276
7071,-0.6850
7072,-1.8233
7073,-1.4103
7074,-0.8507
7075,-1.6560
7076,-0.7700
7077,-0.8993
7078,-0.9425
7079,-0.9886
7080,-1.1653
7081,-0.7451
7082,-0.8245
7083,-1.2188
7084,-1.3498
7085,-0.6164
7086,-0.9931
7087,-1.5078
7088,-0.8621
7089,-0.9141
7090,-1.0149
7091,-1.1885
7092,-0.8461
7093,-1.2278
7094,-1.6181
7095,-0.6134
7096,-1.3564
7097,-0.9957
7098,-1.3859
7099,-1.6797
7100,-1.0727
7101,-0.8960
7102,-0.4537
7103,-1.0114
7104,-1.1579
7105,-1.8046
7106,-1.3417
7107,-1.3490
7108,-0.6364
7109,-0.6652
7110,-1.5270
7111,-0.8353
7112,-1.0209
7113,-1.4392
7114,-1.1480
7115,-1.2730
7116,-0.9567
7117,-0.6424
7118,-1.6852
7119,-1.3845
7120,-1.1257
7121,-0.6334
7122,-0.8516
7123,-1.8158
7124,-1.1848
7125,-0.9227
7126,-1.1755
7127,-0.9039
7128,-1.3170
7129,-1.1240
7130,-1.1161
7131,-1.1983
7132,-1.3225
7133,-1.5009
7134,-0.8055
7135,-0.6431
7136,-1.3115
7137,-1.9022
7138,-0.7589
7139,-0.6996
7140,-0.9783
7141,-1.5063
7142,-1.3123
7143,-0.3710
7144,-1.3632
7145,-0.6885
7146,-1.1450
7147,-0.9543
7148,-1.8030
7149,-0.9536
7150,-0.8124
7151,-0.8374
7152,-1.6773
7153,-0.8276
7154,-0.8067
7155,-0.8226
7156,-0.5400
7157,-0.5456
7158,-0.6779
7159,-1.0095
7160,-1.7112
7161,-0.8542
7162,-0.8952
7163,-1.0355
7164,-1.1961
7165,-0.6881
7166,-0.6217
7167,-1.4128
7168,-0.8541
7169,-0.9242
7170,-0.6495
7171,-1.7000
7172,-1.3596
7173,-0.7161
7174,-1.0528
7175,-1.9616
7176,-0.5716
7177,-1.1588
7178,-0.6772
7179,-0.8387
7180,-0.4805
7181,-1.3096
7182,-1.3902
7183,-1.3041
7184,-0.8924
7185,-1.0300
7186,-1.0570
7187,-1.0940
7188,-0.9468
7189,-1.3207
7190,-0.8174
7191,-1.5847
7192,-1.5230
7193,-0.8216
7194,-1.4989
7195,-1.4406
7196,-1.5892
7197,-0.6648
7198,-0.6902
7199,-1.8299
7200,-2.0851
7201,-0.5934
7202,-1.5640
7203,-1.8102
7204,-1.5427
7205,-0.3953
7206,-1.5976
7207,-1.5269
7208,-1.8029
7209,-1.4990
7210,-0.8094
7211,-1.2977
7212,-1.0621
7213,-1.3425
7214,-0.6502
7215,-0.9970
7216,-1.1063
7217,-0.6490
7218,-0.9362
7219,-0.5037
7220,-2.0200
7221,-0.8265
7222,-0.9390
7223,-0.6297
7224,-1.2322
7225,-1.1313
7226,-0.7151
7227,-1.6070
7228,-1.2081
7229,-1.2472
7230,-0.9019
7231,-1.6464
7232,-1.3026
7233,-1.4824
7234,-0.4522
7235,-1.8625
7236,-1.5411
7237,-1.2901
7238,-0.7549
7239,-0.5646
7240,-0.9465
7241,-1.0857
7242,-1.5764
7243,-1.2674
7244,-1.1741
7245,-0.7401
7246,-0.4716
7247,-2.1213
7248,-1.2810
7249,-1.8034
7250,-0.9084
7251,-1.3676
7252,-1.1104
7253,-0.8262
7254,-1.2504
7255,-0.9103
7256,-0.9320
7257,-0.9399
7258,-1.9158
7259,-1.1825
7260,-1.0014
7261,-0.9592
7262,-1.4088
7263,-0.7802
7264,-0.5631
7265,-1.4069
7266,-0.7416
7267,-1.3797
7268,-1.0488
7269,-1.3359
7270,-1.1329
7271,-1.2722
7272,-0.6312
7273,-0.7868
7274,-1.2827
7275,-0.9091
7276,-0.6787
7277,-1.3179
7278,-1.1964
7279,-1.1932
7280,-0.3715
7281,-0.5392
7282,-1.1755
7283,-1.4243
7284,-1.6564
7285,-1.8207
7286,-1.3753
7287,-0.9727
7288,-1.8593
7289,-1.2064
7290,-0.3602
7291,-0.6987
7292,-0.5708
7293,-1.6369
7294,-1.6049
7295,-0.9946
7296,-1.2677
7297,-0.7413
7298,-1.0112
7299,-0.9278
7300,-1.6359
7301,-0.7316
7302,-1.5837
7303,-1.4831
7304,-1.2799
7305,-1.1010
7306,-1.2147
7307,-0.7798
7308,-1.4471
7309,-0.9373
7310,-0.6276
7311,-1.9383
7312,-1.4958
7313,-1.3140
7314,-1.7722
7315,-0.7027
7316,-0.9694
7317,-0.5928
7318,-0.6381
7319,-0.7582
7320,-1.3492
7321,-1.4351
7322,-1.7980
7323,-1.5164
7324,-2.0237
7325,-0.6850
7326,-1.1205
7327,-0.9722
7328,-0.4882
7329,-2.0993
7330,-1.4331
7331,-0.6407
7332,-0.6963
7333,-0.8065
7334,-0.7293
7335,-0.9171
7336,-1.0616
7337,-1.3290
7338,-1.1268
7339,-1.3078
7340,-0.6146
7341,-1.1556
7342,-1.6462
7343,-0.6634
7344,-1.5345
7345,-0.2487
7346,-1.5354
7347,-0.6050
7348,-0.3880
7349,-1.2103
7350,-1.7939
7351,-1.1976
7352,-0.6153
7353,-0.6827
7354,-0.7229
7355,-1.4464
7356,-1.2687
7357,-0.8380
7358,-1.2236
7359,-2.1364
7360,-1.7313
7361,-1.0483
7362,-0.6912
7363,-1.2531
7364,-1.3438
7365,-0.6127
7366,-0.8844
7367,-0.5652
7368,-0.6565
7369,-0.8739
7370,-0.8883
7371,-0.9575
7372,-1.3863
7373,-1.2038
7374,-1.0900
7375,-0.8326
7376,-1.2869
7377,-1.9115
7378,-1.0283
7379,-1.0850
7380,-0.7381
7381,-1.2093
7382,-1.1203
7383,-1.3289
7384,-1.1922
7385,-1.2390
7386,-1.0236
7387,-1.7957
7388,-1.5023
7389,-1.5852
7390,-0.8033
7391,-1.4472
7392,-1.1612
7393,-1.8730
7394,-1.2435
7395,-1.5694
7396,-1.1265
7397,-1.1282
7398,-1.5586
7399,-0.8481
7400,-1.3491
7401,-0.6639
7402,-1.0823
7403,-1.4247
7404,-1.1148
7405,-1.2500
7406,-0.8690
7407,-1.3755
7408,-1.0451
7409,-1.2914
7410,-0.7118
7411,-1.3684
7412,-1.1330
7413,-0.8188
7414,-0.5868
7415,-1.1344
7416,-1.3763
7417,-0.6646
7418,-1.4729
7419,-1.7100
7420,-1.2971
7421,-1.0065
7422,-0.9379
7423,-1.2278
7424,-1.3197
7425,-0.8393
7426,-0.7823
7427,-0.6221
7428,-1.4651
7429,-0.6631
7430,-1.0820
7431,-1.3218
7432,-0.7504
7433,-0.6501
7434,-0.9025
7435,-1.3161
7436,-1.0644
7437,-0.9708
7438,-1.4444
7439,-0.6853
7440,-1.0468
7441,-0.7402
7442,-0.7904
7443,-1.2188
7444,-0.7894
7445,-0.8921
7446,-1.3304
7447,-1.0328
7448,-0.8591
7449,-1.3773
7450,-1.6693
7451,-0.8546
7452,-1.5618
7453,-0.9277
7454,-0.6623
7455,-0.7310
7456,-1.0096
7457,-0.1775
7458,-1.6004
7459,-1.4916
7460,-0.7225
7461,-1.1466
7462,-1.7760
7463,-0.6839
7464,-0.9388
7465,-0.9507
7466,-0.5734
7467,-1.1434
7468,-1.1335
7469,-0.4441
7470,-0.9321
7471,-0.8074
7472,-0.7573
7473,-1.3321
7474,-0.8902
7475,-0.7569
7476,-0.9127
7477,-1.0040
7478,-1.5306
7479,-1.7893
7480,-0.9959
7481,-0.7019
7482,-0.7565
7483,-1.8788
7484,-1.9941
7485,-1.4049
7486,-1.0738
7487,-1.1145
7488,-1.4876
7489,-0.8316
7490,-1.3921
7491,-0.8119
7492,-1.2152
7493,-1.3590
7494,-1.5412
7495,-1.0835
7496,-1.0291
7497,-1.0346
7498,-1.4610
7499,-1.0782
7500,-1.2651
7501,-1.2445
7502,-2.0757
7503,-1.5334
7504,-0.7550
7505,-0.5545
7506,-1.9777
7507,-0.6565
7508,-1.5375
7509,-1.4152
7510,-1.7694
7511,-1.5758
7512,-0.8508
7513,-1.1547
7514,-1.6370
7515,-1.5363
7516,-1.4510
7517,-1.2069
7518,-1.4123
7519,-1.3359
7520,-1.2723
7521,-1.2745
7522,-0.8528
7523,-1.2019
7524,-1.6196
7525,-0.5524
7526,-1.0129
7527,-1.2828
7528,-0.7150
7529,-0.4177
7530,-1.6868
7531,-1.0460
7532,-1.2157
7533,-1.3608
7534,-1.7635
7535,-1.0386
7536,-1.1875
7537,-0.6206
7538,-1.0974
7539,-1.2493
7540,-1.1188
7541,-0.7675
7542,-1.2803
7543,-0.5203
7544,-1.6406
7545,-0.8300
7546,-0.8485
7547,-1.2291
7548,-0.5374
7549,-1.4410
7550,-0.7180
7551,-0.5019
7552,-0.2076
7553,-0.8765
7554,-1.2762
7555,-1.3508
7556,-1.5453
7557,-1.2085
7558,-1.1729
7559,-1.3697
7560,-1.0230
7561,-1.0971
7562,-0.8959
7563,-1.1480
7564,-1.1967
7565,-0.6201
7566,-0.8900
7567,-0.6721
7568,-0.7847
7569,-0.8105
7570,-0.9024
7571,-1.2949
7572,-1.4213
7573,-1.0443
7574,-1.5941
7575,-1.6470
7576,-1.1708
7577,-0.8338
7578,-1.4376
7579,-1.1128
7580,-0.9702
7581,-1.0962
7582,-1.0055
7583,-1.1890
7584,-1.2212
7585,-0.7744
7586,-1.3141
7587,-1.7818
7588,-1.3844
7589,-1.0846
7590,-1.1854
7591,-1.6058
7592,-0.9179
7593,-0.8688
7594,-0.7627
7595,-1.1521
7596,-1.4326
7597,-0.5822
7598,-1.3664
7599,-2.0961
7600,-0.9230
7601,-0.4457
7602,-0.6211
7603,-1.8187
7604,-1.1831
7605,-1.3866
7606,-0.7966
7607,-1.6497
7608,-1.3351
7609,-1.5708
7610,-0.5642
7611,-0.7301
7612,-0.9231
7613,-1.9244
7614,-0.9810
7615,-1.4331
7616,-1.7501
7617,-0.7570
7618,-1.7982
7619,-1.2311
7620,-1.4148
7621,-0.8931
7622,-1.3857
7623,-1.2316
7624,-1.6453
7625,-0.8445
7626,-1.2247
7627,-1.0073
7628,-1.1739
7629,-1.1646
7630,-1.3020
7631,-0.9220
7632,-1.8919
7633,-1.3917
7634,-1.1031
7635,-1.7440
7636,-0.9305
7637,-1.7681
7638,-1.4566
7639,-0.8991
7640,-1.6112
7641,-1.6380
7642,-1.9041
7643,-0.5844
7644,-1.0818
7645,-1.3897
7646,-1.9832
7647,-1.0469
7648,-0.7102
7649,-1.5893
7650,-1.3875
7651,-0.9087
7652,-0.9101
7653,-0.8970
7654,-1.7523
7655,-0.9824
7656,-1.5655
7657,-1.5569
7658,-0.6666
7659,-1.4715
7660,-0.8976
7661,-0.9067
7662,-0.7865
7663,-0.5092
7664,-1.4156
7665,-1.1847
7666,-1.6311
7667,-1.6078
7668,-0.9734
7669,-0.8474
7670,-1.4168
7671,-1.2396
7672,-1.6690
7673,-1.5192
7674,-1.0823
7675,-1.0402
7676,-1.2547
7677,-1.9034
7678,-1.2621
7679,-0.9164
7680,-1.1305
7681,-0.9733
7682,-1.1704
7683,-0.9573
7684,-0.9086
7685,-1.2132
7686,-1.0174
7687,-1.0142
7688,-1.1483
7689,-1.4654
7690,-1.6974
7691,-0.8203
7692,-1.9410
7693,-0.7964
7694,-0.8483
7695,-1.4918
7696,-0.6987
7697,-1.1611
7698,-0.9133
7699,-1.1837
7700,-1.0172
7701,-1.0970
7702,-1.4375
7703,-0.4324
7704,-1.1025
7705,-1.0268
7706,-0.9230
7707,-1.2265
7708,-1.1951
7709,-1.4376
7710,-1.5516
7711,-0.8058
7712,-1.6104
7713,-1.3138
7714,-1.3364
7715,-1.7442
7716,-0.8808
7717,-0.6754
7718,-1.7443
7719,-0.9291
7720,-1.0263
7721,-1.3281
7722,-1.1179
7723,-1.7639
7724,-0.7791
7725,-0.5604
7726,-1.8377
7727,-0.5171
7728,-0.9188
7729,-1.3135
7730,-1.6338
7731,-1.1110
7732,-0.7711
7733,-1.0495
7734,-1.4533
7735,-1.1251
7736,-1.0561
7737,-1.7547
7738,-1.7131
7739,-0.4548
7740,-0.6579
7741,-1.9148
7742,-1.2845
7743,-0.8040
7744,-1.0285
7745,-1.6154
7746,-0.6306
7747,-0.6176
7748,-1.2928
7749,-1.2741
7750,-0.8669
7751,-1.1110
7752,-1.2224
7753,-1.4026
7754,-1.4640
7755,-0.4721
7756,-1.3222
7757,-1.0323
7758,-0.8510
7759,-1.2132
7760,-0.8097
7761,-1.0937
7762,-0.6935
7763,-1.1735
7764,-0.9806
7765,-1.7675
7766,-0.7205
7767,-0.9713
7768,-1.3266
7769,-0.9393
7770,-1.9964
7771,-1.9257
7772,-1.3976
7773,-0.9815
7774,-0.9730
7775,-0.9793
7776,-0.9163
7777,-1.6051
7778,-0.9181
7779,-1.4641
7780,-1.6998
7781,-1.6875
7782,-0.4036
7783,-1.5944
7784,-0.9615
7785,-1.8399
7786,-1.2360
7787,-1.9089
7788,-1.3799
7789,-1.2660
7790,-0.9789
7791,-1.0366
7792,-0.8092
7793,-0.6333
7794,-1.8722
7795,-1.2106
7796,-1.3567
7797,-0.3526
7798,-0.7953
7799,-0.8638
7800,-1.3854
7801,-1.8334
7802,-1.3231
7803,-1.6679
7804,-1.5217
7805,-1.5272
7806,-1.7825
7807,-1.9364
7808,-0.8115
7809,-1.4442
7810,-1.2233
7811,-1.2729
7812,-0.9700
7813,-1.2018
7814,-0.4089
7815,-1.4160
7816,-2.0300
7817,-1.1713
7818,-0.5019
7819,-1.1797
7820,-0.6861
7821,-1.6615
7822,-0.4851
7823,-1.6166
7824,-0.7143
7825,-0.6287
7826,-0.9083
7827,-1.0968
7828,-1.3127
7829,-1.4031
7830,-0.9728
7831,-1.0116
7832,-0.9240
7833,-0.8538
7834,-1.7731
7835,-0.8996
7836,-1.5688
7837,-1.3193
7838,-1.5891
7839,-0.7861
7840,-0.3834
7841,-1.9875
7842,-1.2421
7843,-0.8833
7844,-0.7530
7845,-1.5137
7846,-1.0266
7847,-1.0143
7848,-0.6478
7849,-0.7595
7850,-1.1553
7851,-0.6331
7852,-0.5140
7853,-0.5060
7854,-1.4621
7855,-1.2456
7856,-1.8274
7857,-1.0209
7858,-0.9312
7859,-2.0894
7860,-1.5138
7861,-0.4292
7862,-1.0443
7863,-1.5869
7864,-1.0714
7865,-1.3998
7866,-1.0222
7867,-1.3634
7868,-2.0168
7869,-1.2356
7870,-0.8464
7871,-0.9099
7872,-1.7838
7873,-1.0401
7874,-1.2872
7875,-1.1607
7876,-1.1654
7877,-1.0346
7878,-1.1286
7879,-0.5891
7880,-2.0084
7881,-0.6958
7882,-1.2341
7883,-0.9201
7884,-0.7385
7885,-0.8891
7886,-0.6078
7887,-0.3164
7888,-0.8316
7889,-0.8364
7890,-0.8167
7891,-0.8896
7892,-1.4450
7893,-1.0051
7894,-1.1614
7895,-1.1559
7896,-1.3093
7897,-0.9559
7898,-0.7578
7899,-0.8857
7900,-1.8907
7901,-1.6867
7902,-1.1918
7903,-1.7073
7904,-0.5204
7905,-0.8188
7906,-0.6134
7907,-0.9832
7908,-0.9959
7909,-1.0946
7910,-1.6507
7911,-1.2279
7912,-1.5812
7913,-1.1720
7914,-2.1221
7915,-1.0257
7916,-0.9390
7917,-1.0277
7918,-0.6023
7919,-0.8131
7920,-1.4894
7921,-1.2067
7922,-1.1996
7923,-1.3791
7924,-0.6431
7925,-0.6799
7926,-0.8537
7927,-0.8999
7928,-1.8663
7929,-0.8612
7930,-0.9826
7931,-0.7170
7932,-1.4647
7933,-0.9710
7934,-0.8976
7935,-0.9015
7936,-1.4617
7937,-1.3365
7938,-0.9344
7939,-1.5240
7940,-1.2725
7941,-0.9283
7942,-0.8588
7943,-1.1172
7944,-0.6123
7945,-1.8015
7946,-1.0344
7947,-1.4316
7948,-0.6727
7949,-1.0361
7950,-0.9487
7951,-1.1535
7952,-0.6936
7953,-0.9889
7954,-1.2592
7955,-0.8558
7956,-0.7412
7957,-1.6249
7958,-1.1444
7959,-0.6826
7960,-0.9883
7961,-0.9686
7962,-1.0586
7963,-1.1869
7964,-1.1610
7965,-0.9803
7966,-0.9109
7967,-1.0260
7968,-1.1418
7969,-1.6591
7970,-0.9006
7971,-1.0085
7972,-1.5929
7973,-0.8716
7974,-0.5950
7975,-0.8784
7976,-1.2476
7977,-0.7424
7978,-1.5124
7979,-1.4926
7980,-1.5510
7981,-1.6909
7982,-0.7451
7983,-0.8072
7984,-0.4877
7985,-1.0518
7986,-1.7759
7987,-0.5100
7988,-1.0102
7989,-0.7246
7990,-1.3940
7991,-0.6372
7992,-1.9710
7993,-0.8987
7994,-1.7173
7995,-0.7170
7996,-1.8417
7997,-1.7202
7998,-1.4681
7999,-0.5255
8000,-1.0375
8001,-1.0010
8002,-0.8367
8003,-1.6696
8004,-1.1377
8005,-0.2357
8006,-0.7589
8007,-0.6840
8008,-0.9802
8009,-0.9967
8010,-1.1423
8011,-0.7496
8012,-1.3547
8013,-1.3416
8014,-1.0981
8015,-1.3886
8016,-1.4786
8017,-1.1150
8018,-1.3058
8019,-0.7148
8020,-0.7695
8021,-1.3254
8022,-1.0291
8023,-0.8972
8024,-0.7432
8025,-1.0037
8026,-1.0230
8027,-1.6385
8028,-0.7712
8029,-1.2057
8030,-0.6831
8031,-0.6535
8032,-0.6470
8033,-2.0654
8034,-0.7029
8035,-1.5122
8036,-1.1569
8037,-1.2278
8038,-0.9144
8039,-1.1957
8040,-0.9407
8041,-1.3221
8042,-2.1092
8043,-1.2388
8044,-1.4854
8045,-1.4196
8046,-2.0305
8047,-1.3053
8048,-1.0529
8049,-1.5192
8050,-0.9152
8051,-1.0917
8052,-1.9074
8053,-0.6572
8054,-2.2719
8055,-0.9249
8056,-1.9336
8057,-0.8226
8058,-0.7757
8059,-1.8531
8060,-0.6776
8061,-1.1229
8062,-0.5972
8063,-0.8310
8064,-0.9747
8065,-1.1458
8066,-1.8715
8067,-0.7433
8068,-1.0009
8069,-0.9928
8070,-1.2624
8071,-1.1397
8072,-1.0026
8073,-1.5157
8074,-1.6331
8075,-1.4132
8076,-1.4766
8077,-1.0233
8078,-0.9087
8079,-0.8567
8080,-0.6782
8081,-1.4292
8082,-1.2574
8083,-1.7758
8084,-0.8049
8085,-0.9088
8086,-0.8726
8087,-1.5127
8088,-1.1578
8089,-1.4797
8090,-0.7884
8091,-0.6978
8092,-1.1215
8093,-1.1645
8094,-1.5637
8095,-1.4270
8096,-1.0016
8097,-1.6773
8098,-1.4511
8099,-1.0427
8100,-1.0070
8101,-1.0463
8102,-1.0381
8103,-1.2488
8104,-1.7115
8105,-1.6721
8106,-1.9050
8107,-1.4135
8108,-1.6253
8109,-0.8894
8110,-0.6460
8111,-1.2596
8112,-0.7705
8113,-0.6485
8114,-0.8329
8115,-0.7746
8116,-1.3924
8117,-0.6284
8118,-1.3696
8119,-2.1892
8120,-1.1560
8121,-1.0698
8122,-0.8327
8123,-1.9739
8124,-1.5591
8125,-0.9712
8126,-0.8790
8127,-1.4601
8128,-1.7942
8129,-1.6383
8130,-1.0893
8131,-0.7888
8132,-1.5252
8133,-1.2156
8134,-1.2664
8135,-1.1801
8136,-0.8573
8137,-0.6069
8138,-0.8206
8139,-1.2246
8140,-1.1565
8141,-0.6686
8142,-0.7770
8143,-0.9778
8144,-1.6119
8145,-1.7860
8146,-1.5771
8147,-1.4338
8148,-1.5995
8149,-1.6179
8150,-1.0780
8151,-1.0554
8152,-0.8925
8153,-0.6892
8154,-1.4254
8155,-1.4296
8156,-0.5321
8157,-1.2768
8158,-1.1132
8159,-1.2376
8160,-1.4302
8161,-0.9780
8162,-1.5444
8163,-0.5892
8164,-1.7633
8165,-1.1552
8166,-0.7938
8167,-0.8898
8168,-1.2795
8169,-0.7370
8170,-1.0700
8171,-0.5956
8172,-0.7361
8173,-0.8492
8174,-0.5705
8175,-0.9141
8176,-0.7746
8177,-0.8371
8178,-1.1032
8179,-0.3449
8180,-0.9097
8181,-1.1230
8182,-1.6473
8183,-1.6495
8184,-1.2352
8185,-1.0317
8186,-0.6584
8187,-0.6970
8188,-1.3827
8189,-1.1513
8190,-1.0174
8191,-0.9435
8192,-1.2680
8193,-1.1180
8194,-1.2947
8195,-0.6524
8196,-1.7869
8197,-0.7202
8198,-0.4226
8199,-1.9057
8200,-1.3539
8201,-2.0017
8202,-1.5456
8203,-1.1234
8204,-0.7798
8205,-1.2964
8206,-1.3547
8207,-1.0553
8208,-1.2521
8209,-0.9727
8210,-1.7602
8211,-1.1757
8212,-0.5529
8213,-1.1938
8214,-0.7623
8215,-0.8449
8216,-0.7568
8217,-0.6424
8218,-1.1946
8219,-0.8730
8220,-1.6747
8221,-0.4041
8222,-0.9608
8223,-1.8494
8224,-0.9092
8225,-2.0430
8226,-1.3410
8227,-1.2090
8228,-0.9164
8229,-1.7137
8230,-1.3594
8231,-0.6486
8232,-1.9914
8233,-1.4607
8234,-0.9764
8235,-1.7634
8236,-1.5350
8237,-1.4220
8238,-0.9723
8239,-1.4132
8240,-0.8209
8241,-0.8492
8242,-1.5659
8243,-2.0071
8244,-0.9283
8245,-1.1923
8246,-1.6195
8247,-1.8701
8248,-1.3833
8249,-1.1027
8250,-1.1963
8251,-1.1259
8252,-0.6876
8253,-1.2548
8254,-0.9655
8255,-1.8614
8256,-0.9517
8257,-1.4135
8258,-0.8311
8259,-1.2237
8260,-0.6984
8261,-0.7526
8262,-0.8766
8263,-0.8693
8264,-1.1471
8265,-0.8812
8266,-1.3098
8267,-0.8806
8268,-1.1093
8269,-1.2489
8270,-1.0919
8271,-1.5127
8272,-1.0569
8273,-1.8313
8274,-1.4320
8275,-0.9528
8276,-0.6269
8277,-1.3002
8278,-1.4764
8279,-1.6468
8280,-1.3360
8281,-0.5427
8282,-1.3974
8283,-0.6401
8284,-1.6529
8285,-0.4207
8286,-1.0411
8287,-1.2540
8288,-0.8092
8289,-1.2113
8290,-1.3862
8291,-1.1874
8292,-1.8740
8293,-0.8088
8294,-1.3481
8295,-0.6768
8296,-0.7628
8297,-0.7942
8298,-0.7049
8299,-0.6238
8300,-1.7042
8301,-1.5928
8302,-1.6736
8303,-1.9105
8304,-1.1036
8305,-1.4461
8306,-1.4639
8307,-1.1761
8308,-1.6463
8309,-0.8043
8310,-0.9206
8311,-1.2071
8312,-1.3541
8313,-1.7034
8314,-1.3105
8315,-1.1197
8316,-1.9424
8317,-0.4506
8318,-1.1953
8319,-1.2731
8320,-0.9528
8321,-0.8817
8322,-0.9627
8323,-1.1404
8324,-0.8682
8325,-1.2637
8326,-1.0210
8327,-0.9862
8328,-0.8304
8329,-0.7932
8330,-0.4860
8331,-1.5265
8332,-1.2171
8333,-1.3738
8334,-0.3501
8335,-1.0815
8336,-1.3371
8337,-0.5903
8338,-1.5844
8339,-1.5551
8340,-1.3473
8341,-1.0363
8342,-0.8697
8343,-1.3993
8344,-0.9245
8345,-1.5049
8346,-1.0895
8347,-0.2255
8348,-0.7674
8349,-1.6755
8350,-1.4462
8351,-1.2388
8352,-1.0190
8353,-2.0403
8354,-1.2930
8355,-0.4094
8356,-1.0683
8357,-1.2880
8358,-1.1173
8359,-2.0054
8360,-1.3976
8361,-1.0090
8362,-0.4969
8363,-1.5388
8364,-0.8730
8365,-1.6606
8366,-1.4497
8367,-1.4203
8368,-1.6094
8369,-1.6488
8370,-1.1204
8371,-1.5310
8372,-1.3874
8373,-1.5412
8374,-0.9149
8375,-1.3637
8376,-1.2596
8377,-0.8693
8378,-1.4338
8379,-1.1366
8380,-1.2547
8381,-0.4812
8382,-0.9668
8383,-0.5712
8384,-0.8548
8385,-1.0394
8386,-0.7782
8387,-0.9136
8388,-1.4865
8389,-1.2462
8390,-1.4104
8391,-1.0108
8392,-1.9903
8393,-0.8159
8394,-1.6499
8395,-0.8090
8396,-1.0745
8397,-1.0036
8398,-1.3957
8399,-0.5511
8400,-1.0541
8401,-1.8059
8402,-1.1733
8403,-1.1412
8404,-1.5564
8405,-0.7459
8406,-1.3967
8407,-1.1584
8408,-1.4699
8409,-1.0245
8410,-0.7108
8411,-0.6236
8412,-1.7584
8413,-1.3218
8414,-0.8521
8415,-0.8096
8416,-0.7990
8417,-1.7221
8418,-0.5527
8419,-0.6864
8420,-1.4195
8421,-0.8336
8422,-1.4117
8423,-1.5882
8424,-0.9283
8425,-1.0298
8426,-1.2831
8427,-0.9982
8428,-0.8646
8429,-1.0474
8430,-0.7319
8431,-0.7695
8432,-1.4553
8433,-1.8316
8434,-1.8879
8435,-0.9812
8436,-1.0093
8437,-0.8885
8438,-0.9600
8439,-0.4565
8440,-1.2238
8441,-0.9424
8442,-1.3870
8443,-1.9375
8444,-1.4367
8445,-0.9774
8446,-1.6899
8447,-2.2828
8448,-0.6574
8449,-1.2188
8450,-0.8984
8451,-1.7650
8452,-1.3205
8453,-1.9341
8454,-1.4517
8455,-1.8975
8456,-1.2627
8457,-1.0145
8458,-1.4838
8459,-1.4792
8460,-1.5438
8461,-0.8578
8462,-1.0268
8463,-1.4861
8464,-0.8741
8465,-1.1250
8466,-1.7688
8467,-1.4629
8468,-1.3439
8469,-1.7733
8470,-1.4684
8471,-1.6270
8472,-1.1261
8473,-1.1283
8474,-1.5110
8475,-1.7412
8476,-0.7070
8477,-0.9361
8478,-1.0068
8479,-0.7592
8480,-1.4118
8481,-0.8453
8482,-1.5140
8483,-1.6081
8484,-1.5774
8485,-1.3111
8486,-0.6880
8487,-1.2751
8488,-0.9007
8489,-1.5795
8490,-1.1084
8491,-1.3382
8492,-1.0801
8493,-1.4531
8494,-0.7495
8495,-0.7671
8496,-1.4297
8497,-1.7127
8498,-0.8216
8499,-1.2615
8500,-1.2795
8501,-1.0696
8502,-0.7800
8503,-1.0955
8504,-1.6478
8505,-0.5913
8506,-1.0878
8507,-0.7433
8508,-0.8377
8509,-0.5396
8510,-1.5990
8511,-0.6350
8512,-1.4310
8513,-0.6617
8514,-1.0905
8515,-0.7330
8516,-0.6246
8517,-0.8764
8518,-0.7057
8519,-1.0474
8520,-0.9456
8521,-1.7331
8522,-1.4232
8523,-0.4896
8524,-0.8196
8525,-1.5078
8526,-1.4069
8527,-1.8460
8528,-0.7808
8529,-1.4239
8530,-1.0561
8531,-0.4960
8532,-1.0444
8533,-1.3232
8534,-1.7585
8535,-1.1848
8536,-1.3093
8537,-1.8089
8538,-0.9326
8539,-0.9009
8540,-0.7906
8541,-1.7168
8542,-0.8526
8543,-0.9660
8544,-0.7452
8545,-1.6024
8546,-1.0686
8547,-1.0079
8548,-1.0974
8549,-1.2520
8550,-0.5084
8551,-1.7145
8552,-1.8101
8553,-0.5069
8554,-0.7428
8555,-1.0543
8556,-1.2620
8557,-1.1698
8558,-0.7501
8559,-2.1809
8560,-1.1455
8561,-0.3871
8562,-0.7069
8563,-0.9979
8564,-0.9386
8565,-1.5289
8566,-0.9485
8567,-1.6689
8568,-0.6112
8569,-1.1777
8570,-0.4714
8571,-1.1451
8572,-1.9144
8573,-0.8828
8574,-0.9341
8575,-1.1482
8576,-0.8846
8577,-0.5398
8578,-1.4060
8579,-1.4992
8580,-1.2123
8581,-1.4796
8582,-1.4187
8583,-1.2474
8584,-0.8067
8585,-1.4386
8586,-0.2425
8587,-1.4408
8588,-0.7464
8589,-0.9426
8590,-0.6126
8591,-1.2243
8592,-1.4913
8593,-0.4796
8594,-1.6680
8595,-1.0056
8596,-1.4424
8597,-1.2385
8598,-1.3628
8599,-1.7160
8600,-1.1116
8601,-0.7136
8602,-1.1993
8603,-1.3465
8604,-0.9155
8605,-1.0106
8606,-0.5793
8607,-0.9703
8608,-1.2879
8609,-0.8222
8610,-1.4521
8611,-1.7147
8612,-0.7589
8613,-0.9289
8614,-1.2253
8615,-0.7862
8616,-0.8337
8617,-0.8930
8618,-0.3436
8619,-1.0184
8620,-1.0199
8621,-0.8492
8622,-1.5875
8623,-1.6876
8624,-1.4046
8625,-1.0305
8626,-0.5137
8627,-1.5156
8628,-1.0717
8629,-1.0600
8630,-2.0167
8631,-0.7748
8632,-1.3747
8633,-0.9360
8634,-1.1573
8635,-0.8837
8636,-1.0806
8637,-2.0155
8638,-0.9764
8639,-1.4328
8640,-1.3093
8641,-0.8763
8642,-1.6204
8643,-1.4250
8644,-1.0659
8645,-1.4154
8646,-0.5854
8647,-1.3075
8648,-1.2180
8649,-1.0293
8650,-1.7983
8651,-1.3087
8652,-1.1537
8653,-1.5368
8654,-0.8171
8655,-0.7614
8656,-1.3447
8657,-1.4323
8658,-1.1366
8659,-1.3828
8660,-1.4959
8661,-0.6650
8662,-1.2098
8663,-1.0637
8664,-0.9422
8665,-1.3983
8666,-1.2432
8667,-1.4077
8668,-1.2346
8669,-1.7084
8670,-0.6183
8671,-1.2512
8672,-1.5242
8673,-1.2804
8674,-1.3225
8675,-1.0370
8676,-1.2864
8677,-1.7268
8678,-1.1129
8679,-1.8381
8680,-1.2709
8681,-0.6740
8682,-1.2759
8683,-0.8118
8684,-0.7391
8685,-1.6103
8686,-0.5907
8687,-0.9553
8688,-0.8758
8689,-1.6342
8690,-0.7295
8691,-0.4845
8692,-0.9175
8693,-0.9940
8694,-1.2376
8695,-1.2439
8696,-1.8075
8697,-1.1038
8698,-0.5717
8699,-1.1012
8700,-1.4569
8701,-1.0613
8702,-0.7242
8703,-0.8489
8704,-1.0979
8705,-1.4639
8706,-0.7750
8707,-0.9100
8708,-1.9302
8709,-0.8444
8710,-1.2312
8711,-1.3658
8712,-0.7620
8713,-1.8129
8714,-1.0914
8715,-1.5616
8716,-0.9969
8717,-1.6523
8718,-1.0069
8719,-2.0626
8720,-1.1033
8721,-1.0100
8722,-1.5735
8723,-0.5914
8724,-2.3145
8725,-0.9470
8726,-1.1741
8727,-1.2329
8728,-1.4824
8729,-1.2775
8730,-0.8218
8731,-1.4102
8732,-0.4607
8733,-1.9307
8734,-1.1342
8735,-0.8252
8736,-1.2159
8737,-0.9259
8738,-1.3705
8739,-1.3371
8740,-1.5952
8741,-1.2676
8742,-1.1582
8743,-1.5216
8744,-1.5398
8745,-0.7867
8746,-1.2870
8747,-0.9380
8748,-0.6348
8749,-1.9039
8750,-0.8177
8751,-0.6816
8752,-0.6349
8753,-1.2921
8754,-1.6236
8755,-1.2632
8756,-1.0961
8757,-1.3237
8758,-1.0642
8759,-1.0550
8760,-1.3111
8761,-1.2719
8762,-0.4208
8763,-1.4686
8764,-0.7646
8765,-1.0378
8766,-1.1389
8767,-1.0671
8768,-0.7826
8769,-0.5852
8770,-1.6213
8771,-1.0464
8772,-1.0784
8773,-1.0824
8774,-1.0498
8775,-1.8255
8776,-2.1006
8777,-2.1807
8778,-0.3780
8779,-2.1217
8780,-1.8907
8781,-1.2339
8782,-1.7811
8783,-1.8068
8784,-1.2859
8785,-1.3904
8786,-1.7689
8787,-1.9546
8788,-1.1635
8789,-0.6951
8790,-0.7569
8791,-1.6575
8792,-0.8180
8793,-1.0451
8794,-1.3629
8795,-1.4297
8796,-1.0803
8797,-1.0419
8798,-1.6469
8799,-1.0749
8800,-1.5990
8801,-0.6163
8802,-1.0502
8803,-1.1116
8804,-1.0477
8805,-1.5184
8806,-1.0966
8807,-0.9530
8808,-0.5829
8809,-1.7983
8810,-1.1612
8811,-1.1963
8812,-1.5792
8813,-1.1754
8814,-1.5543
8815,-1.3111
8816,-1.9589
8817,-1.9466
8818,-0.5833
8819,-1.3007
8820,-1.1296
8821,-0.8781
8822,-0.8834
8823,-1.5534
8824,-0.5981
8825,-1.1806
8826,-1.4415
8827,-1.3018
8828,-1.8351
8829,-0.7449
8830,-1.9128
8831,-1.6377
8832,-1.4628
8833,-0.8748
8834,-1.2334
8835,-2.1438
8836,-0.9267
8837,-0.6802
8838,-1.0637
8839,-1.1426
8840,-0.6050
8841,-0.9091
8842,-1.5389
8843,-1.0354
8844,-1.9373
8845,-0.7367
8846,-1.2179
8847,-1.4848
8848,-1.2189
8849,-1.5033
8850,-1.4414
8851,-1.3979
8852,-0.6143
8853,-1.4949
8854,-0.6842
8855,-1.5132
8856,-0.8559
8857,-1.7997
8858,-0.9114
8859,-1.8775
8860,-2.0160
8861,-0.9773
8862,-0.5707
8863,-0.5269
8864,-1.9983
8865,-1.1346
8866,-1.7448
8867,-0.7606
8868,-1.1402
8869,-1.2937
8870,-1.5571
8871,-1.0245
8872,-1.0040
8873,-1.2670
8874,-1.5360
8875,-1.0472
8876,-0.5816
8877,-1.3227
8878,-0.9160
8879,-1.2216
8880,-1.5712
8881,-1.7680
8882,-1.3791
8883,-1.2826
8884,-1.0990
8885,-1.1355
8886,-0.5536
8887,-1.3388
8888,-1.5767
8889,-1.2739
8890,-1.1320
8891,-0.9468
8892,-1.0458
8893,-0.5212
8894,-0.9655
8895,-1.1202
8896,-1.1330
8897,-1.4571
8898,-1.3285
8899,-1.1013
8900,-0.8212
8901,-1.0505
8902,-1.0793
8903,-1.7952
8904,-1.0041
8905,-1.4784
8906,-1.0089
8907,-1.1308
8908,-1.0713
8909,-0.6327
8910,-1.3635
8911,-1.7057
8912,-1.5554
8913,-1.1935
8914,-0.7445
8915,-1.2088
8916,-0.9392
8917,-0.7318
8918,-0.9783
8919,-0.5394
8920,-1.0524
8921,-0.8234
8922,-1.5774
8923,-0.5845
8924,-0.8066
8925,-1.2203
8926,-1.0595
8927,-1.3778
8928,-0.6809
8929,-2.0993
8930,-1.1492
8931,-1.1557
8932,-0.8743
8933,-1.6167
8934,-0.9988
8935,-0.6464
8936,-1.6661
8937,-1.3349
8938,-1.6134
8939,-0.9972
8940,-1.6108
8941,-1.3300
8942,-1.4994
8943,-0.8106
8944,-1.1681
8945,-1.9771
8946,-0.9299
8947,-0.9531
8948,-0.8696
8949,-1.1578
8950,-0.9593
8951,-1.0056
8952,-0.5385
8953,-0.7683
8954,-1.2958
8955,-1.6536
8956,-0.8839
8957,-0.9243
8958,-1.1074
8959,-1.2810
8960,-1.3007
8961,-1.2551
8962,-1.4900
8963,-1.3174
8964,-0.7156
8965,-0.7531
8966,-0.9596
8967,-1.3022
8968,-1.2769
8969,-1.2258
8970,-1.5840
8971,-1.2776
8972,-0.9177
8973,-1.9189
8974,-1.6723
8975,-0.9431
8976,-1.1016
8977,-0.8357
8978,-2.1946
8979,-1.1580
8980,-0.7195
8981,-1.7405
8982,-0.2687
8983,-1.9815
8984,-1.0609
8985,-0.6010
8986,-1.5468
8987,-1.2605
8988,-1.8479
8989,-1.2337
8990,-0.9396
8991,-0.7725
8992,-0.8519
8993,-1.1215
8994,-0.5890
8995,-1.1688
8996,-0.9385
8997,-1.6375
8998,-1.1898
8999,-0.6225
9000,-1.3034
9001,-0.9588
9002,-1.4289
9003,-0.7233
9004,-0.8885
9005,-1.3908
9006,-1.2583
9007,-1.1005
9008,-1.9004
9009,-0.4952
9010,-1.5998
9011,-1.6736
9012,-2.3464
9013,-0.9307
9014,-1.5473
9015,-0.7616
9016,-0.8254
9017,-0.8292
9018,-1.0871
9019,-0.6747
9020,-1.1216
9021,-1.5294
9022,-0.6643
9023,-0.6443
9024,-1.7472
9025,-1.0843
9026,-1.4667
9027,-0.8674
9028,-0.9494
9029,-0.7881
9030,-1.1465
9031,-1.5794
9032,-0.9476
9033,-1.1790
9034,-0.6596
9035,-0.7798
9036,-1.7886
9037,-2.2380
9038,-1.4890
9039,-1.2164
9040,-0.7257
9041,-1.0182
9042,-1.1619
9043,-0.5547
9044,-0.9928
9045,-1.5239
9046,-1.0101
9047,-0.5000
9048,-1.5483
9049,-1.2531
9050,-1.0546
9051,-0.6365
9052,-1.5438
9053,-0.9572
9054,-0.9728
9055,-0.7796
9056,-0.7330
9057,-1.5777
9058,-0.9403
9059,-0.8409
9060,-1.5434
9061,-1.6523
9062,-1.1717
9063,-1.4851
9064,-0.8345
9065,-1.6934
9066,-1.4039
9067,-1.1398
9068,-1.0198
9069,-1.2890
9070,-1.6418
9071,-1.0421
9072,-1.5343
9073,-2.0732
9074,-1.2161
9075,-1.0892
9076,-0.4636
9077,-0.7065
9078,-0.8367
9079,-0.5263
9080,-1.5995
9081,-1.9223
9082,-1.6127
9083,-1.3592
9084,-1.4454
9085,-1.0700
9086,-1.2901
9087,-0.8821
9088,-0.6381
9089,-0.9756
9090,-1.6302
9091,-1.2628
9092,-1.4274
9093,-0.9661
9094,-1.0609
9095,-1.5069
9096,-1.7546
9097,-1.2285
9098,-0.8006
9099,-0.6464
9100,-1.4628
9101,-0.9540
9102,-1.3071
9103,-1.3407
9104,-0.5655
9105,-1.1220
9106,-1.3778
9107,-1.3146
9108,-0.5083
9109,-0.8384
9110,-1.6071
9111,-2.1894
9112,-1.8971
9113,-1.5616
9114,-1.6816
9115,-2.1187
9116,-0.8887
9117,-0.7358
9118,-1.5856
9119,-1.4027
9120,-1.6497
9121,-1.0701
9122,-1.0046
9123,-1.2829
9124,-1.3423
9125,-1.1081
9126,-0.9254
9127,-0.9948
9128,-1.0846
9129,-1.0884
9130,-0.5299
9131,-0.9707
9132,-0.2913
9133,-0.7398
9134,-0.7634
9135,-1.1527
9136,-1.1982
9137,-1.2386
9138,-1.0664
9139,-0.6926
9140,-1.2237
9141,-1.6985
9142,-0.8765
9143,-1.1520
9144,-0.9864
9145,-1.4042
9146,-0.7774
9147,-0.6509
9148,-1.1991
9149,-1.2981
9150,-1.5453
9151,-1.3666
9152,-1.1328
9153,-0.9761
9154,-1.0033
9155,-0.9743
9156,-1.3765
9157,-1.3393
9158,-1.5475
9159,-1.2118
9160,-1.4643
9161,-0.8307
9162,-0.8236
9163,-1.0654
9164,-0.6612
9165,-1.3863
9166,-1.0878
9167,-1.0948
9168,-1.4447
9169,-0.8355
9170,-2.1669
9171,-1.1897
9172,-1.5029
9173,-0.7696
9174,-1.0245
9175,-1.2761
9176,-1.8936
9177,-1.1414
9178,-0.6442
9179,-1.9772
9180,-1.1495
9181,-1.6637
9182,-1.0799
9183,-1.3155
9184,-1.3001
9185,-1.2688
9186,-1.4653
9187,-1.8645
9188,-1.0189
9189,-1.2843
9190,-0.7043
9191,-1.0733
9192,-1.5745
9193,-1.4103
9194,-1.2321
9195,-1.7228
9196,-0.7667
9197,-1.5642
9198,-1.8528
9199,-1.7689
9200,-1.7711
9201,-1.1870
9202,-1.2164
9203,-0.9294
9204,-1.4750
9205,-1.9067
9206,-1.0106
9207,-0.6683
9208,-1.0731
9209,-0.8799
9210,-0.9855
9211,-1.0479
9212,-0.8773
9213,-1.5414
9214,-1.0279
9215,-1.2504
9216,-1.1901
9217,-0.6837
9218,-1.0383
9219,-1.4772
9220,-1.2253
9221,-1.6471
9222,-0.9435
9223,-1.0412
9224,-1.1198
9225,-0.7257
9226,-2.1257
9227,-1.5065
9228,-1.1485
9229,-1.0800
9230,-1.2526
9231,-1.2025
9232,-1.5605
9233,-1.0217
9234,-1.3989
9235,-0.9130
9236,-0.7634
9237,-0.9141
9238,-1.0492
9239,-1.0539
9240,-0.7409
9241,-0.5815
9242,-0.6275
9243,-0.5596
9244,-0.7806
9245,-1.1212
9246,-0.9933
9247,-1.3622
9248,-0.9136
9249,-0.9586
9250,-1.1862
9251,-1.6965
9252,-1.1297
9253,-0.7322
9254,-1.3519
9255,-1.0667
9256,-1.6417
9257,-1.1806
9258,-1.6705
9259,-0.6403
9260,-0.8544
9261,-1.3554
9262,-0.9205
9263,-1.0916
9264,-1.0243
9265,-1.6333
9266,-0.7402
9267,-1.2007
9268,-1.0255
9269,-0.8001
9270,-1.2144
9271,-0.6098
9272,-1.0311
9273,-1.3321
9274,-1.4578
9275,-1.6969
9276,-1.3578
9277,-1.2530
9278,-2.0014
9279,-0.9053
9280,-1.5048
9281,-0.9416
9282,-0.6990
9283,-1.6379
9284,-0.3400
9285,-1.0554
9286,-1.3786
9287,-1.2431
9288,-0.6376
9289,-1.4801
9290,-1.0244
9291,-0.7644
9292,-1.4905
9293,-1.3863
9294,-0.7684
9295,-1.1722
9296,-0.6086
9297,-0.5094
9298,-1.9957
9299,-0.4584
9300,-1.4581
9301,-1.5889
9302,-1.1529
9303,-0.7468
9304,-0.9649
9305,-1.2973
9306,-0.7337
9307,-0.9139
9308,-1.0166
9309,-0.6227
9310,-0.6158
9311,-0.6207
9312,-1.2412
9313,-1.1925
9314,-2.2240
9315,-1.2100
9316,-1.2518
9317,-0.4062
9318,-0.6065
9319,-1.4481
9320,-1.8701
9321,-1.0187
9322,-1.4091
9323,-1.5404
9324,-0.5858
9325,-0.6993
9326,-0.6709
9327,-0.5085
9328,-1.2333
9329,-1.0259
9330,-0.9464
9331,-1.0378
9332,-1.6691
9333,-1.5247
9334,-1.7233
9335,-1.5739
9336,-1.2690
9337,-0.9814
9338,-0.9039
9339,-0.3788
9340,-0.7117
9341,-0.9158
9342,-1.1356
9343,-1.2088
9344,-1.3084
9345,-0.7505
9346,-0.9931
9347,-1.1253
9348,-1.0049
9349,-1.2875
9350,-1.1736
9351,-1.6998
9352,-1.8527
9353,-0.9240
9354,-1.1336
9355,-1.0999
9356,-1.1961
9357,-1.7793
9358,-0.9936
9359,-0.7813
9360,-0.6654
9361,-1.2741
9362,-1.0776
9363,-1.3287
9364,-0.9420
9365,-1.0776
9366,-1.0033
9367,-0.9898
9368,-1.4619
9369,-2.2268
9370,-0.9914
9371,-2.2749
9372,-1.5454
9373,-1.3281
9374,-1.7918
9375,-1.0059
9376,-1.3503
9377,-1.2950
9378,-0.9123
9379,-0.7752
9380,-1.2498
9381,-1.0732
9382,-0.8629
9383,-0.7819
9384,-1.5034
9385,-1.3184
9386,-1.4857
9387,-0.8980
9388,-1.1097
9389,-0.9529
9390,-1.5540
9391,-1.1840
9392,-0.7019
9393,-1.0145
9394,-1.1461
9395,-0.6116
9396,-0.7085
9397,-1.1843
9398,-0.6461
9399,-1.3762
9400,-1.3023
9401,-1.3273
9402,-1.1591
9403,-1.4913
9404,-1.3986
9405,-1.6406
9406,-2.2375
9407,-1.5703
9408,-1.3693
9409,-0.6460
9410,-1.9972
9411,-0.7774
9412,-0.5469
9413,-1.2437
9414,-1.3766
9415,-1.1881
9416,-1.1274
9417,-2.1390
9418,-1.0799
9419,-1.0792
9420,-0.9071
9421,-0.8830
9422,-0.8481
9423,-0.9451
9424,-1.2029
9425,-1.3165
9426,-1.1728
9427,-1.3633
9428,-2.0510
9429,-1.0441
9430,-1.0698
9431,-1.1645
9432,-1.5396
9433,-1.1052
9434,-1.1634
9435,-0.5331
9436,-1.3559
9437,-1.3330
9438,-1.3482
9439,-1.1711
9440,-1.6122
9441,-1.0494
9442,-1.2683
9443,-1.4345
9444,-0.7995
9445,-1.4135
9446,-1.6429
9447,-0.6262
9448,-0.9046
9449,-1.2245
9450,-0.8001
9451,-1.2596
9452,-0.4682
9453,-1.2477
9454,-0.9223
9455,-1.7649
9456,-1.3647
9457,-1.3949
9458,-1.1561
9459,-2.0444
9460,-1.1281
9461,-1.2369
9462,-0.3833
9463,-0.4630
9464,-1.0312
9465,-1.0109
9466,-1.3946
9467,-0.5352
9468,-1.8461
9469,-1.4681
9470,-0.8509
9471,-1.0321
9472,-1.8404
9473,-1.7068
9474,-0.7572
9475,-0.6378
9476,-1.2465
9477,-1.2121
9478,-1.0240
9479,-1.5973
9480,-0.8148
9481,-0.7572
9482,-0.9610
9483,-1.1242
9484,-0.8995
9485,-1.2739
9486,-1.1196
9487,-0.6901
9488,-1.4644
9489,-1.5658
9490,-0.9790
9491,-1.5945
9492,-1.8384
9493,-0.7409
9494,-1.1069
9495,-1.2286
9496,-0.9007
9497,-1.2527
9498,-0.5121
9499,-0.7634
9500,-1.0179
9501,-1.4095
9502,-1.0786
9503,-1.4183
9504,-0.8532
9505,-0.6408
9506,-0.5882
9507,-0.9064
9508,-1.2020
9509,-1.1892
9510,-0.4731
9511,-0.7470
9512,-2.3440
9513,-1.2564
9514,-0.9719
9515,-0.8493
9516,-1.2675
9517,-0.9899
9518,-1.7161
9519,-1.5932
9520,-0.9857
9521,-1.0289
9522,-1.1943
9523,-0.2718
9524,-1.2983
9525,-2.0306
9526,-1.7869
9527,-1.2583
9528,-0.4172
9529,-1.2991
9530,-1.9837
9531,-1.3201
9532,-1.6766
9533,-1.2051
9534,-0.5728
9535,-0.9749
9536,-1.1009
9537,-0.7727
9538,-1.3006
9539,-1.4491
9540,-0.8583
9541,-1.3881
9542,-1.6361
9543,-1.2992
9544,-0.7990
9545,-0.8708
9546,-1.0410
9547,-1.6596
9548,-1.8804
9549,-1.2480
9550,-0.6561
9551,-0.7225
9552,-0.7114
9553,-0.7657
9554,-1.3936
9555,-1.1030
9556,-0.9868
9557,-1.0566
9558,-1.5375
9559,-1.0128
9560,-0.6229
9561,-1.3201
9562,-1.2452
9563,-0.9301
9564,-1.0023
9565,-0.6808
9566,-1.2863
9567,-0.9790
9568,-1.7801
9569,-1.0604
9570,-0.5299
9571,-1.2308
9572,-1.7720
9573,-1.5499
9574,-0.6446
9575,-1.4097
9576,-2.0658
9577,-0.9864
9578,-0.8882
9579,-0.8882
9580,-1.5821
9581,-1.4146
9582,-1.3064
9583,-0.9273
9584,-0.9674
9585,-0.7983
9586,-1.2385
9587,-1.5375
9588,-0.7479
9589,-0.6783
9590,-2.3908
9591,-1.9626
9592,-0.9707
9593,-1.8686
9594,-0.9610
9595,-0.6430
9596,-1.2330
9597,-1.2982
9598,-1.7730
9599,-0.9096
9600,-0.6019
9601,-0.8450
9602,-1.0281
9603,-1.1635
9604,-1.0839
9605,-1.0285
9606,-1.5111
9607,-1.1974
9608,-1.1923
9609,-1.4602
9610,-1.6282
9611,-1.4246
9612,-0.7080
9613,-1.3789
9614,-1.6854
9615,-0.9805
9616,-1.2193
9617,-1.6415
9618,-0.9177
9619,-1.4606
9620,-1.1387
9621,-1.4049
9622,-1.0356
9623,-0.9724
9624,-1.1356
9625,-0.4575
9626,-0.5034
9627,-0.9688
9628,-0.7336
9629,-0.7031
9630,-0.5010
9631,-1.4216
9632,-1.4830
9633,-0.7030
9634,-0.5369
9635,-0.5521
9636,-0.7172
9637,-1.4287
9638,-0.9028
9639,-1.0510
9640,-1.3632
9641,-0.8672
9642,-1.5363
9643,-0.6248
9644,-0.8613
9645,-1.3479
9646,-1.5181
9647,-1.0037
9648,-1.6392
9649,-1.1753
9650,-0.8611
9651,-0.8024
9652,-1.2124
9653,-2.2300
9654,-0.3932
9655,-1.3558
9656,-0.9119
9657,-1.9246
9658,-1.1602
9659,-1.2468
9660,-1.4073
9661,-1.1013
9662,-0.8722
9663,-0.7997
9664,-1.1469
9665,-1.0381
9666,-0.5086
9667,-1.3595
9668,-1.0452
9669,-1.8960
9670,-0.8121
9671,-1.6378
9672,-0.8140
9673,-0.8577
9674,-1.2054
9675,-0.8766
9676,-1.2805
9677,-1.3999
9678,-1.5378
9679,-0.5763
9680,-1.5171
9681,-0.2611
9682,-1.2049
9683,-0.6759
9684,-0.9432
9685,-0.7183
9686,-0.8704
9687,-1.3424
9688,-0.6551
9689,-1.1887
9690,-1.5407
9691,-1.2814
9692,-1.1252
9693,-0.6623
9694,-1.5062
9695,-1.6826
9696,-2.1325
9697,-0.9570
9698,-0.9314
9699,-1.1002
9700,-0.8795
9701,-1.4479
9702,-1.3355
9703,-1.2566
9704,-0.6564
9705,-1.4604
9706,-0.6264
9707,-0.9314
9708,-1.6825
9709,-0.8757
9710,-2.1064
9711,-0.7960
9712,-1.4652
9713,-1.5013
9714,-1.1966
9715,-1.1396
9716,-1.9184
9717,-1.3390
9718,-0.8873
9719,-0.9741
9720,-1.1149
9721,-1.0957
9722,-1.6389
9723,-1.0921
9724,-0.9559
9725,-0.5414
9726,-1.0875
9727,-0.8357
9728,-0.7225
9729,-1.7768
9730,-1.4938
9731,-1.4362
9732,-1.1405
9733,-0.4493
9734,-1.1784
9735,-1.5782
9736,-0.7712
9737,-2.0217
9738,-1.3156
9739,-1.1254
9740,-0.7017
9741,-1.3295
9742,-1.3965
9743,-0.7859
9744,-1.6565
9745,-1.3383
9746,-0.9327
9747,-0.9302
9748,-1.5995
9749,-1.1549
9750,-1.5192
9751,-1.7551
9752,-0.7776
9753,-0.6222
9754,-0.9708
9755,-0.4349
9756,-0.6567
9757,-1.0190
9758,-0.8842
9759,-1.5901
9760,-0.9936
9761,-2.1288
9762,-0.9105
9763,-0.7932
9764,-1.4575
9765,-0.7425
9766,-0.6108
9767,-0.9827
9768,-1.4556
9769,-1.4677
9770,-0.6797
9771,-1.3813
9772,-1.2370
9773,-0.9782
9774,-1.0043
9775,-1.4271
9776,-1.8961
9777,-1.1296
9778,-0.8187
9779,-1.3294
9780,-1.7745
9781,-0.5048
9782,-0.8224
9783,-1.1244
9784,-0.5362
9785,-0.8027
9786,-1.3627
9787,-1.2313
9788,-0.6923
9789,-0.7366
9790,-1.1214
9791,-0.6316
9792,-1.5994
9793,-2.0104
9794,-1.2623
9795,-0.6620
9796,-0.2452
9797,-0.8724
9798,-1.0517
9799,-1.0317
9800,-1.3440
9801,-1.0288
9802,-1.4639
9803,-1.8953
9804,-0.9539
9805,-1.7363
9806,-0.0979
9807,-0.7949
9808,-0.7579
9809,-2.2207
9810,-1.2224
9811,-1.3059
9812,-0.7340
9813,-0.6866
9814,-1.8794
9815,-1.8169
9816,-1.6656
9817,-1.0453
9818,-0.6505
9819,-0.8483
9820,-1.5068
9821,-1.0626
9822,-1.6088
9823,-1.8686
9824,-1.2295
9825,-1.5503
9826,-1.4403
9827,-0.7859
9828,-1.7014
9829,-0.4239
9830,-1.7238
9831,-0.7564
9832,-0.6885
9833,-1.3328
9834,-1.2791
9835,-1.8730
9836,-1.1288
9837,-0.7401
9838,-0.7927
9839,-0.7015
9840,-0.7446
9841,-0.7994
9842,-0.6612
9843,-1.4544
9844,-0.6878
9845,-1.1238
9846,-0.8995
9847,-0.6813
9848,-1.0518
9849,-0.5102
9850,-2.1098
9851,-1.4353
9852,-0.4759
9853,-1.1557
9854,-0.7872
9855,-0.9950
9856,-1.0563
9857,-0.7181
9858,-1.4448
9859,-0.9387
9860,-0.5770
9861,-1.2262
9862,-1.6809
9863,-0.8647
9864,-1.3541
9865,-1.1097
9866,-1.0160
9867,-0.9601
9868,-1.3576
9869,-1.3742
9870,-1.4310
9871,-0.7484
9872,-0.7479
9873,-1.3510
9874,-0.6254
9875,-0.6134
9876,-1.5745
9877,-0.6882
9878,-0.9771
9879,-1.7495
9880,-1.1843
9881,-1.2886
9882,-1.1772
9883,-0.8335
9884,-1.1802
9885,-1.0292
9886,-1.2610
9887,-0.7541
9888,-1.4516
9889,-1.1490
9890,-1.7023
9891,-1.9139
9892,-0.9530
9893,-0.7334
9894,-0.7268
9895,-1.2002
9896,-0.7131
9897,-0.8891
9898,-1.0902
9899,-1.8397
9900,-0.6375
9901,-1.6478
9902,-1.7486
9903,-1.1188
9904,-1.3639
9905,-0.6089
9906,-1.5596
9907,-1.3067
9908,-1.4143
9909,-0.7197
9910,-0.7603
9911,-0.9435
9912,-1.5733
9913,-0.9744
9914,-0.8512
9915,-1.1958
9916,-0.7758
9917,-1.1968
9918,-0.8990
9919,-1.6808
9920,-1.6431
9921,-1.2545
9922,-1.0739
9923,-0.9146
9924,-1.3341
9925,-0.9961
9926,-2.3457
9927,-1.6788
9928,-1.2421
9929,-0.9584
9930,-0.9037
9931,-0.2964
9932,-0.5160
9933,-0.7815
9934,-1.5985
9935,-0.8314
9936,-1.6174
9937,-0.9275
9938,-1.4098
9939,-1.1246
9940,-0.7941
9941,-0.8629
9942,-0.8773
9943,-1.0944
9944,-0.8236
9945,-1.6134
9946,-1.2332
9947,-1.1274
9948,-0.7092
9949,-0.9983
9950,-1.1129
9951,-1.0224
9952,-0.8113
9953,-0.5031
9954,-1.1111
9955,-0.9612
9956,-1.3788
9957,-1.5307
9958,-1.5857
9959,-1.1779
9960,-1.8930
9961,-1.2267
9962,-0.8640
9963,-0.8227
9964,-1.5249
9965,-1.1247
9966,-0.9441
9967,-1.0687
9968,-1.2024
9969,-1.2950
9970,-1.2943
9971,-1.3078
9972,-0.6949
9973,-1.4065
9974,-0.8867
9975,-0.6466
9976,-0.8962
9977,-0.5778
9978,-1.3515
9979,-1.1359
9980,-1.2271
9981,-0.6602
9982,-1.1629
9983,-2.2517
9984,-1.2530
9985,-1.5004
9986,-1.6295
9987,-1.9509
9988,-0.8807
9989,-0.6482
9990,-0.8668
9991,-1.5215
9992,-0.3801
9993,-1.4063
9994,-1.4462
9995,-1.2527
9996,-0.9640
9997,-1.0241
9998,-1.5059
9999,-0.4922
10000,-1.5265
