investor,final_pnl_usd
1,-0.5231
2,-0.5396
3,-0.5814
4,-0.5773
5,0.1375
6,-0.4463
7,-1.3878
8,-0.2659
9,-0.6161
10,1.0689
11,0.3906
12,-0.2879
13,0.1578
14,-0.2202
15,-0.3284
16,-0.4782
17,0.1160
18,-0.5779
19,-0.0622
20,0.1640
21,0.5113
22,-0.2778
23,-0.4844
24,0.0757
25,0.3758
26,-0.9063
27,0.2930
28,-0.2239
29,-0.4613
30,-0.2462
31,1.0482
32,-1.2124
33,-0.9871
34,0.0123
35,0.0199
36,-0.7892
37,-0.2680
38,-0.1750
39,0.5289
40,-0.4506
41,0.0833
42,-0.5145
43,1.4155
44,1.0454
45,-0.6877
46,-0.0922
47,0.0491
48,-0.9865
49,0.0439
50,-0.2051
51,0.2958
52,-0.5957
53,0.2428
54,-0.1659
55,-0.4789
56,-0.3819
57,0.9078
58,-0.3591
59,-0.1335
60,0.2562
61,-0.6100
62,-0.4468
63,0.9463
64,-0.7377
65,0.1745
66,-0.8771
67,0.0029
68,-0.5611
69,-0.4202
70,0.4863
71,-0.6011
72,-0.5555
73,-0.3986
74,0.3473
75,-0.0227
76,-0.4237
77,0.3433
78,0.2713
79,1.1434
80,-0.4803
81,-0.6811
82,-0.7054
83,1.0820
84,0.5046
85,-0.1301
86,0.0489
87,0.2484
88,0.7176
89,-0.7457
90,0.1780
91,-0.4384
92,-1.0529
93,0.2945
94,-0.4734
95,-0.5585
96,0.0707
97,-0.9184
98,-0.5357
99,-0.4201
100,-0.0484
101,0.7710
102,0.7228
103,-0.7215
104,0.0447
105,-0.8814
106,-0.5124
107,-0.5305
108,-0.7144
109,0.2737
110,-0.1601
111,-0.2628
112,-1.1265
113,-1.0128
114,-0.2521
115,0.5532
116,0.4392
117,-0.6390
118,-0.2248
119,0.9108
120,-0.6319
121,1.2569
122,-0.3183
123,-0.3832
124,-0.6300
125,-1.0808
126,-0.6339
127,-0.4121
128,0.4924
129,-0.8832
130,0.1414
131,-0.1656
132,-0.9475
133,-0.6341
134,-0.6343
135,-0.0070
136,-0.8726
137,0.2208
138,1.6941
139,-0.5982
140,-0.5782
141,-0.5105
142,-0.2211
143,-0.9575
144,0.1497
145,-0.1115
146,-0.3271
147,-0.5584
148,1.4921
149,0.3353
150,-0.1238
151,-0.3694
152,0.2385
153,-0.2519
154,-0.3578
155,-0.2197
156,0.1612
157,0.5468
158,0.0306
159,1.0818
160,-0.7466
161,-0.6358
162,-0.6468
163,-0.6084
164,-0.7089
165,0.0360
166,-0.6662
167,-0.4910
168,-0.6296
169,-1.0486
170,-0.8225
171,-0.5824
172,-0.3141
173,-0.5462
174,-0.3437
175,-0.6203
176,0.6713
177,-0.6109
178,-0.4350
179,-0.1549
180,-0.3308
181,-0.4741
182,-0.0584
183,-1.0862
184,1.1665
185,-0.8109
186,-0.1730
187,0.6015
188,-0.0991
189,-0.2348
190,-0.5398
191,-0.2738
192,-0.6817
193,0.8624
194,-0.5636
195,-0.1983
196,-0.5566
197,-0.5962
198,1.5874
199,-0.8876
200,1.0135
201,-0.3705
202,0.2024
203,-0.4197
204,-0.6132
205,-0.0127
206,-0.5861
207,-0.2186
208,-0.4517
209,-0.5100
210,-0.8588
211,-0.1952
212,-0.0528
213,-1.0179
214,0.3032
215,-0.6347
216,0.5946
217,-0.6912
218,0.8607
219,1.0199
220,0.0997
221,-0.2855
222,-0.8818
223,0.2475
224,0.6550
225,0.0277
226,-0.1889
227,-0.4878
228,-0.6262
229,0.0098
230,-0.4209
231,-0.5859
232,-1.1871
233,-0.5127
234,0.3751
235,0.7121
236,0.3836
237,-0.1655
238,-0.0170
239,0.6303
240,-0.2860
241,0.5010
242,-0.0917
243,-0.6135
244,0.0141
245,-0.9451
246,-0.1539
247,0.5014
248,1.7932
249,-0.2897
250,0.1360
251,-0.0558
252,-0.5611
253,-1.0728
254,-0.3403
255,-0.8077
256,-0.6393
257,-0.0173
258,0.4586
259,-0.0887
260,-0.7526
261,-0.7050
262,1.5516
263,0.0560
264,-0.4259
265,0.6922
266,1.1450
267,-0.4045
268,1.4652
269,-0.1063
270,-0.7430
271,-0.8026
272,0.3071
273,-0.2338
274,-0.1847
275,0.1000
276,0.9277
277,1.3243
278,0.3112
279,-0.6929
280,-0.4611
281,0.4353
282,0.2147
283,-0.6414
284,0.4111
285,0.5414
286,-0.5571
287,0.2235
288,0.0910
289,0.1590
290,-0.0207
291,-0.8367
292,-1.3190
293,-1.0868
294,-0.7430
295,-0.5290
296,0.3468
297,-0.5215
298,-0.6943
299,-0.5156
300,0.0846
301,-0.2364
302,0.1751
303,-0.7863
304,-0.0687
305,0.0665
306,0.2370
307,1.5377
308,-0.7850
309,-0.0247
310,-0.2061
311,-1.0902
312,-0.7230
313,-0.3928
314,-0.8713
315,-0.3047
316,0.8676
317,-0.3440
318,-0.3217
319,-0.1322
320,1.5291
321,-0.3422
322,-0.1947
323,-0.3531
324,1.1550
325,-0.1995
326,0.3123
327,0.2922
328,0.4431
329,1.6649
330,-0.6538
331,-0.5947
332,-0.9436
333,-0.3296
334,1.0168
335,-0.4094
336,0.0180
337,-0.8305
338,-0.3687
339,1.0161
340,1.1080
341,0.0632
342,-0.0925
343,-0.3295
344,-0.0974
345,-0.7556
346,-0.2814
347,-0.8072
348,0.6103
349,-0.0383
350,-1.0629
351,-0.0437
352,-0.2073
353,1.0400
354,0.9047
355,-0.1899
356,-0.1749
357,-0.1526
358,0.1253
359,-0.1611
360,-0.7043
361,0.9480
362,-0.7637
363,-0.7814
364,-1.0894
365,0.5032
366,-0.2563
367,0.4408
368,-0.7870
369,-0.5708
370,-0.7069
371,-0.2753
372,0.0208
373,-1.1089
374,-0.7164
375,-0.9720
376,-1.0532
377,1.2446
378,0.3815
379,0.9287
380,0.2292
381,1.2699
382,-0.2589
383,-0.2184
384,0.9873
385,0.4534
386,-0.6655
387,-0.2309
388,0.3031
389,-0.4655
390,-0.4020
391,-0.5565
392,-0.4564
393,-0.3442
394,-0.4522
395,-0.5933
396,-0.6661
397,-0.1141
398,-0.4183
399,-0.4105
400,-0.5697
401,0.0884
402,-0.8644
403,0.6990
404,-0.0136
405,-0.6235
406,-0.1948
407,0.3078
408,-0.6833
409,-0.9957
410,-0.1251
411,0.5492
412,-0.6574
413,-0.5173
414,-0.4302
415,0.1136
416,-1.0209
417,-0.2989
418,-0.6074
419,0.0966
420,0.6705
421,-0.0625
422,0.8916
423,-0.2920
424,-0.5260
425,-0.1399
426,-0.5243
427,-0.3285
428,0.2583
429,-0.7420
430,-0.4227
431,-0.2554
432,-0.1628
433,-0.6083
434,-0.6764
435,-0.4819
436,-0.1120
437,0.0315
438,-0.8088
439,-0.2984
440,0.5489
441,-0.4785
442,0.8328
443,-0.4763
444,-0.4849
445,-0.4422
446,1.0069
447,-0.7150
448,-0.0361
449,-0.6057
450,-0.7998
451,-0.2830
452,-0.1195
453,-0.5103
454,-0.5794
455,-0.0090
456,-0.3541
457,1.4045
458,-0.6014
459,-0.6975
460,-0.0695
461,-1.0016
462,0.4165
463,-0.0787
464,1.1618
465,0.1540
466,-0.1826
467,-0.4525
468,-0.1048
469,-0.6789
470,0.0438
471,-0.7101
472,-0.5755
473,-0.6935
474,1.0278
475,-0.4324
476,-0.8514
477,-0.7897
478,1.5166
479,-0.4694
480,-0.6139
481,0.1299
482,-0.2365
483,0.2634
484,0.0137
485,1.0265
486,-0.2288
487,-0.4644
488,-0.1431
489,1.3954
490,-0.7089
491,-0.4551
492,-0.7772
493,0.4589
494,0.8384
495,-0.4405
496,1.4538
497,-0.2897
498,-0.5914
499,-0.5649
500,-0.3042
501,1.1871
502,-0.9992
503,0.0881
504,1.5792
505,-1.1093
506,-0.6137
507,0.6840
508,0.8367
509,0.8487
510,-0.3046
511,1.4259
512,-0.2885
513,-0.1926
514,0.7446
515,-0.8596
516,-0.3752
517,-0.2770
518,-0.5672
519,-0.2205
520,-0.5832
521,-0.5011
522,0.3976
523,-0.4570
524,0.5509
525,-0.1594
526,0.7462
527,-0.5618
528,1.3671
529,-0.7952
530,0.3099
531,-0.3985
532,-0.4096
533,-0.0998
534,-0.6468
535,0.1448
536,0.3832
537,-0.0991
538,-1.2125
539,0.1299
540,0.1210
541,-0.9312
542,-0.1985
543,-0.6175
544,0.3039
545,-0.0965
546,1.1433
547,-0.7126
548,-0.4202
549,-0.1318
550,-0.3452
551,-0.4053
552,0.4336
553,-0.4746
554,0.2697
555,-0.2478
556,-1.1423
557,-1.1021
558,0.1965
559,-0.6377
560,-0.2529
561,0.0317
562,-0.1169
563,-0.6034
564,-0.7012
565,-0.2873
566,1.2913
567,-0.8558
568,-0.8116
569,0.2127
570,0.7047
571,-0.6376
572,1.4416
573,-1.1460
574,1.8734
575,-0.3745
576,0.3574
577,-0.9923
578,0.2287
579,0.9332
580,-0.8423
581,-0.2093
582,1.5718
583,-0.3711
584,-0.5005
585,-0.1887
586,-0.1409
587,0.3788
588,0.0970
589,-0.6948
590,0.6369
591,0.8455
592,0.4304
593,1.1744
594,-0.6878
595,-0.3432
596,-0.7620
597,0.9306
598,0.0604
599,-0.0419
600,0.2471
601,1.7220
602,-0.7958
603,-0.3850
604,-0.8397
605,-0.0947
606,0.5151
607,-0.4257
608,-0.8799
609,-0.5699
610,1.0521
611,-0.7490
612,-0.5644
613,-0.8341
614,-0.6094
615,-0.9076
616,-0.7886
617,0.3521
618,-0.4245
619,0.5209
620,0.4183
621,-0.7163
622,-0.5732
623,0.9365
624,-0.4746
625,0.4527
626,-0.7064
627,-0.5495
628,0.5918
629,0.3108
630,-0.3825
631,1.1148
632,0.5398
633,-0.1682
634,0.8943
635,-0.2328
636,-0.0300
637,-0.3108
638,-0.7581
639,-0.3313
640,-0.4364
641,-0.5406
642,-0.9028
643,-0.0942
644,-0.1130
645,-0.9946
646,-0.5802
647,1.3097
648,0.1033
649,1.4787
650,-0.6349
651,0.4653
652,-0.4244
653,0.7804
654,0.5699
655,-0.8287
656,-0.3653
657,-0.0983
658,0.1920
659,-0.5749
660,-0.7479
661,0.2116
662,-0.1648
663,-0.5397
664,-0.7073
665,-0.8122
666,-0.0044
667,1.4303
668,-0.7743
669,-0.0023
670,-0.3253
671,0.7400
672,1.1787
673,-0.8462
674,1.0556
675,0.4781
676,-0.7528
677,-0.0122
678,-0.4166
679,-0.0568
680,1.0309
681,-0.4337
682,-0.1315
683,-0.5747
684,-0.5764
685,0.0733
686,0.4761
687,-0.0735
688,-0.4255
689,1.1348
690,-0.7082
691,0.1273
692,-0.3985
693,-0.2841
694,-0.7827
695,-0.3842
696,-0.2025
697,0.4406
698,1.1663
699,0.5714
700,-0.1469
701,-0.6396
702,-0.3736
703,-0.5841
704,-0.0653
705,-0.6983
706,0.8233
707,0.1138
708,-0.3936
709,1.3632
710,-0.5659
711,-0.5607
712,-0.8149
713,-0.2389
714,0.1586
715,0.5977
716,-0.8872
717,-0.7081
718,0.9618
719,-0.5521
720,-0.5237
721,-0.0252
722,0.2875
723,-0.7728
724,-0.6471
725,-0.4176
726,0.1202
727,0.5705
728,-0.0740
729,-0.6278
730,-0.2781
731,-0.5275
732,-0.1862
733,-0.5424
734,0.0166
735,1.2342
736,-0.1028
737,-0.8080
738,-0.3994
739,0.0484
740,-0.1977
741,0.2912
742,0.5086
743,-0.2503
744,-0.4161
745,-0.5068
746,0.2772
747,0.3780
748,-0.5672
749,-1.0444
750,-0.2390
751,-0.6725
752,-0.1882
753,-0.4111
754,-0.7986
755,0.9081
756,-0.9526
757,-0.2881
758,-0.0651
759,0.4966
760,-0.4828
761,-0.7655
762,-0.6816
763,-0.2539
764,0.3357
765,-0.3001
766,-0.3564
767,-0.9775
768,-0.0901
769,-0.8463
770,0.0284
771,0.2452
772,0.4092
773,-0.8268
774,-0.3425
775,0.3362
776,0.2578
777,-0.6615
778,-0.8466
779,-0.6011
780,0.2315
781,-0.5507
782,1.0570
783,-0.6767
784,-0.2944
785,0.5723
786,1.1174
787,0.3731
788,-0.5888
789,0.1587
790,0.0604
791,-0.2248
792,0.0417
793,-0.0311
794,0.3157
795,-0.1515
796,0.1822
797,-0.3133
798,1.4923
799,1.0089
800,0.9367
801,-0.8002
802,-0.7977
803,0.1827
804,0.3191
805,-0.4934
806,-0.6914
807,1.7503
808,-0.4003
809,0.9842
810,-0.4682
811,0.0957
812,-0.3363
813,-1.2335
814,-0.1385
815,-0.4720
816,-0.3787
817,-0.6391
818,-0.0311
819,-0.2239
820,-0.4179
821,-0.2320
822,0.0931
823,-0.6670
824,-0.6016
825,-0.5620
826,0.7798
827,-0.2590
828,-0.8719
829,-0.5371
830,-0.9833
831,-0.2307
832,0.7242
833,0.4905
834,-0.2184
835,-0.4536
836,-0.3511
837,-0.3477
838,0.3280
839,-0.0973
840,0.1778
841,0.9083
842,-0.5033
843,-0.4265
844,-0.9122
845,-0.0003
846,-0.6151
847,0.1025
848,-0.4184
849,-0.7993
850,0.5763
851,0.3153
852,-0.0581
853,-0.4272
854,-0.5236
855,0.6973
856,0.1345
857,0.6862
858,-0.1605
859,-0.6214
860,-0.6319
861,-0.1320
862,-0.2490
863,-0.4315
864,0.3528
865,0.0137
866,-0.9368
867,0.0421
868,-0.0088
869,0.7808
870,-0.5954
871,-0.6207
872,0.6364
873,0.0282
874,-0.3449
875,-0.1107
876,0.0677
877,0.7828
878,1.2652
879,1.4212
880,1.1263
881,0.0979
882,-0.6663
883,-0.3734
884,-0.7088
885,-0.6292
886,0.1653
887,-0.3249
888,-0.5643
889,-0.3937
890,-0.1840
891,-0.9251
892,0.4733
893,-0.6567
894,0.3866
895,-0.9529
896,1.4180
897,-0.3730
898,-0.4122
899,-0.2967
900,0.3538
901,-0.1143
902,-1.0926
903,0.1569
904,-0.5592
905,0.6136
906,-0.4444
907,-0.6220
908,-0.5561
909,-0.9947
910,-0.6438
911,-0.5851
912,-0.3510
913,-0.4479
914,-0.4702
915,-0.0539
916,-0.9695
917,-0.3721
918,-1.1032
919,-0.5819
920,-0.5782
921,-0.9808
922,-0.5316
923,-0.5692
924,-0.5112
925,-0.3527
926,0.0053
927,0.3368
928,-0.0888
929,0.8746
930,0.1787
931,-0.2432
932,-0.0664
933,-0.8063
934,0.1507
935,-0.6956
936,-0.2616
937,-0.0753
938,0.7562
939,-0.3195
940,-0.2918
941,-0.5866
942,-0.7949
943,-0.1270
944,-0.6591
945,-0.6658
946,-1.0037
947,-0.7800
948,-0.0732
949,-0.0675
950,-0.4551
951,-0.4052
952,-0.6444
953,0.4283
954,-0.1460
955,-0.6438
956,0.1070
957,-0.2184
958,-0.3468
959,0.1751
960,-0.9207
961,1.1596
962,-0.5435
963,0.1931
964,-0.4835
965,-0.6511
966,-0.5077
967,-0.8287
968,0.4939
969,0.4719
970,-0.4449
971,-0.2916
972,0.3608
973,-0.7562
974,-1.0414
975,-0.2340
976,-0.4754
977,-0.0341
978,-1.0386
979,0.0278
980,-0.3934
981,-0.0701
982,-0.5585
983,0.4027
984,-0.0497
985,-0.1903
986,0.1681
987,0.0882
988,-0.7715
989,-0.8181
990,-0.2137
991,0.5726
992,0.8497
993,-0.6585
994,-0.7503
995,0.4068
996,-1.2636
997,0.7374
998,-0.6903
999,-0.1693
1000,-0.4448
1001,0.1096
1002,-0.8035
1003,-0.8438
1004,-0.6595
1005,0.4138
1006,0.1004
1007,-0.5304
1008,-0.4810
1009,-1.1400
1010,0.7916
1011,0.1567
1012,-1.2839
1013,0.2351
1014,-0.5186
1015,-0.5189
1016,-0.1673
1017,0.6636
1018,-0.4855
1019,-0.7737
1020,0.2900
1021,0.8733
1022,-0.4712
1023,-0.4177
1024,-0.6617
1025,-0.4904
1026,0.3168
1027,0.8260
1028,-0.6124
1029,-0.4706
1030,-0.7762
1031,0.4667
1032,-0.2569
1033,-1.0565
1034,-0.3916
1035,-0.9955
1036,-0.7241
1037,-0.7164
1038,-0.8836
1039,0.4425
1040,-0.4991
1041,-0.7625
1042,0.5638
1043,0.1857
1044,-0.7370
1045,-1.0967
1046,-0.3597
1047,-0.9332
1048,-0.2459
1049,-0.6500
1050,-0.7248
1051,0.6051
1052,-0.2387
1053,0.9251
1054,0.1551
1055,0.0338
1056,-0.1136
1057,-0.9717
1058,-0.7238
1059,0.6059
1060,-0.4210
1061,-0.1786
1062,-0.5223
1063,0.0208
1064,-0.3059
1065,-0.1141
1066,-0.0177
1067,0.1356
1068,-0.1771
1069,-0.7111
1070,0.2043
1071,0.1288
1072,0.4771
1073,-0.1540
1074,-0.8291
1075,-0.1972
1076,0.0079
1077,-0.7447
1078,0.2162
1079,-0.6981
1080,1.0168
1081,-0.2677
1082,-0.1995
1083,0.8290
1084,0.3865
1085,-0.3919
1086,0.9909
1087,1.2073
1088,-0.1689
1089,0.8023
1090,-0.8207
1091,0.8957
1092,-0.5823
1093,-0.0807
1094,-0.2449
1095,-0.8081
1096,-0.5012
1097,-0.9105
1098,0.1166
1099,-0.4763
1100,-0.5775
1101,0.4644
1102,-0.0079
1103,-0.3252
1104,0.1212
1105,1.5157
1106,-0.9849
1107,0.0747
1108,1.4183
1109,-0.3914
1110,1.5886
1111,0.4667
1112,0.6032
1113,-0.8376
1114,-0.2037
1115,-0.1415
1116,0.1502
1117,-0.4707
1118,-0.8187
1119,-0.7660
1120,-1.1174
1121,-0.5929
1122,0.2825
1123,-0.3380
1124,-0.7998
1125,0.1927
1126,0.6719
1127,0.0829
1128,-0.9906
1129,0.7490
1130,-0.7232
1131,-0.5286
1132,-0.6835
1133,0.0617
1134,-0.6226
1135,-0.8025
1136,-0.4180
1137,0.2538
1138,-1.0217
1139,1.0300
1140,0.9087
1141,-0.3741
1142,-0.3550
1143,-0.5004
1144,1.1013
1145,-0.1528
1146,1.1854
1147,-0.5766
1148,0.3067
1149,-0.9566
1150,-0.6082
1151,0.0137
1152,-0.5348
1153,0.0284
1154,-0.9844
1155,0.2524
1156,-0.4383
1157,-0.6915
1158,-0.1517
1159,-0.9409
1160,-0.3437
1161,0.1932
1162,0.5534
1163,-0.1511
1164,-0.5395
1165,-0.6478
1166,0.0911
1167,0.0659
1168,-0.4368
1169,0.2602
1170,0.2929
1171,0.8807
1172,-0.7195
1173,0.4526
1174,-0.0479
1175,-0.4535
1176,0.3011
1177,-0.8340
1178,0.4303
1179,1.5208
1180,-0.9667
1181,-0.0375
1182,-0.2589
1183,-1.2299
1184,-0.2547
1185,-0.5557
1186,-0.3213
1187,0.0677
1188,-0.4087
1189,-0.5413
1190,0.4649
1191,1.2368
1192,0.0412
1193,-1.0267
1194,0.2420
1195,-0.2003
1196,-0.5034
1197,0.1563
1198,-0.5434
1199,-0.6910
1200,-0.8778
1201,1.2886
1202,-0.9231
1203,0.0225
1204,-0.8885
1205,-0.0017
1206,-0.5393
1207,0.5449
1208,-0.0733
1209,0.4917
1210,-0.1188
1211,0.9546
1212,1.2710
1213,0.3277
1214,-0.2671
1215,-0.0339
1216,0.3077
1217,-0.4036
1218,-0.1066
1219,0.3698
1220,-0.3666
1221,0.7725
1222,-0.0787
1223,0.0338
1224,-0.2569
1225,-0.4687
1226,-1.0849
1227,-0.1807
1228,-0.6781
1229,-0.8455
1230,0.3789
1231,-0.3348
1232,-0.0764
1233,0.3689
1234,-0.2345
1235,-0.7956
1236,-0.2771
1237,-0.8466
1238,-0.2384
1239,0.2879
1240,-0.5641
1241,0.8396
1242,-1.0435
1243,0.1016
1244,-0.0267
1245,0.7772
1246,0.6469
1247,0.5145
1248,-0.6964
1249,0.0794
1250,-1.4048
1251,-1.2581
1252,-0.0503
1253,-0.4649
1254,0.4868
1255,-0.0499
1256,-0.7076
1257,0.0763
1258,-0.1038
1259,0.6898
1260,-0.8467
1261,-0.0146
1262,-0.0299
1263,1.3497
1264,-0.3091
1265,-0.7139
1266,-0.6289
1267,-1.3127
1268,-0.1335
1269,-0.2754
1270,-1.0299
1271,-0.4802
1272,-0.3635
1273,-0.6638
1274,-0.4011
1275,0.3568
1276,-1.0331
1277,-0.6705
1278,-0.8862
1279,0.2052
1280,0.5457
1281,0.8445
1282,-0.5773
1283,0.3740
1284,-0.7285
1285,-0.1971
1286,-0.9614
1287,-0.2314
1288,-0.4599
1289,0.1174
1290,-0.8393
1291,-0.6948
1292,-0.1386
1293,1.0637
1294,-0.8509
1295,0.1358
1296,-0.2642
1297,-0.0582
1298,-0.8806
1299,1.5777
1300,0.4728
1301,1.3758
1302,1.5523
1303,0.1983
1304,-0.6165
1305,-0.5163
1306,0.4702
1307,0.5500
1308,0.7666
1309,0.2817
1310,1.3606
1311,-0.8663
1312,-0.2596
1313,-0.7874
1314,0.7272
1315,-0.8411
1316,1.2585
1317,-0.7927
1318,-0.5728
1319,0.2418
1320,-0.2671
1321,1.0252
1322,0.5292
1323,-0.8416
1324,-1.1165
1325,0.3768
1326,0.3751
1327,-0.6581
1328,-0.9660
1329,-0.5661
1330,-0.1745
1331,-0.4255
1332,0.1860
1333,0.7732
1334,-0.1586
1335,-0.8335
1336,0.5207
1337,-0.8675
1338,0.5677
1339,-0.0582
1340,0.5493
1341,-0.7943
1342,-0.4864
1343,0.8582
1344,1.1493
1345,0.2397
1346,-0.5695
1347,-0.4124
1348,-0.7583
1349,-0.5191
1350,-0.2427
1351,0.6587
1352,0.3303
1353,0.8205
1354,-0.0451
1355,-0.0926
1356,-0.8862
1357,-0.4640
1358,0.9352
1359,0.4729
1360,-0.1792
1361,-0.2060
1362,-0.2669
1363,-0.3465
1364,0.0737
1365,0.0672
1366,-0.2608
1367,-0.2843
1368,0.9405
1369,0.7975
1370,0.0464
1371,-0.9513
1372,1.3955
1373,-0.1231
1374,0.1011
1375,-1.0527
1376,-0.3803
1377,-0.3657
1378,0.4204
1379,-0.7252
1380,0.3144
1381,-0.0563
1382,0.0979
1383,1.2338
1384,-0.8205
1385,-0.4200
1386,-0.4748
1387,-0.0187
1388,-0.0525
1389,-0.3629
1390,-0.2700
1391,-0.1769
1392,-0.0623
1393,-0.2547
1394,0.3969
1395,-0.8285
1396,0.0046
1397,1.0021
1398,-0.7901
1399,-0.6917
1400,1.1434
1401,-0.0463
1402,-0.0257
1403,-0.2057
1404,1.5195
1405,0.3275
1406,-1.1026
1407,0.8553
1408,1.4231
1409,-1.0153
1410,0.8011
1411,-0.3717
1412,-0.5041
1413,0.5630
1414,-0.9314
1415,-0.6249
1416,-0.7267
1417,0.4176
1418,0.6327
1419,0.4467
1420,-0.3570
1421,-0.2790
1422,-0.9200
1423,0.2092
1424,-0.6147
1425,-0.6564
1426,-0.4826
1427,1.8837
1428,-0.4168
1429,-0.3759
1430,0.0093
1431,-0.3260
1432,-1.0031
1433,-0.4236
1434,-0.3526
1435,-0.1826
1436,0.0790
1437,-0.9061
1438,-0.9362
1439,0.8936
1440,0.5947
1441,-0.3296
1442,-0.5295
1443,-0.8623
1444,-0.7427
1445,-0.0159
1446,-0.4809
1447,0.0033
1448,-0.5596
1449,-0.6313
1450,0.2943
1451,0.0345
1452,-0.4579
1453,0.1530
1454,-0.3315
1455,0.5161
1456,-0.1008
1457,1.1882
1458,-0.6316
1459,0.0357
1460,0.0970
1461,-0.7489
1462,0.1634
1463,0.9063
1464,0.3189
1465,0.8129
1466,0.2415
1467,1.5357
1468,-0.5141
1469,-0.8242
1470,0.7515
1471,0.2047
1472,-0.7345
1473,-0.5440
1474,-0.6618
1475,-0.2711
1476,0.9650
1477,0.3811
1478,-0.1966
1479,-0.7248
1480,-0.6024
1481,0.9457
1482,-0.5988
1483,-0.7241
1484,-1.0276
1485,-0.6070
1486,-0.3931
1487,-0.1793
1488,0.3893
1489,-0.1074
1490,0.3344
1491,-0.8525
1492,-0.6268
1493,-0.1104
1494,-0.0919
1495,-0.7153
1496,-0.3675
1497,-0.9416
1498,-0.0190
1499,-0.4704
1500,-0.1028
1501,0.5379
1502,-0.4862
1503,-0.7000
1504,-0.7408
1505,0.7247
1506,-0.5160
1507,-0.6204
1508,0.2028
1509,-0.6863
1510,-0.0124
1511,-0.7643
1512,-0.1753
1513,-1.1224
1514,-0.2717
1515,0.6447
1516,-0.6025
1517,0.8549
1518,1.4442
1519,0.5856
1520,0.6521
1521,1.2843
1522,0.3987
1523,-0.4970
1524,-0.8299
1525,-0.1970
1526,0.7274
1527,-0.9282
1528,-0.2901
1529,0.6354
1530,-0.7007
1531,-0.2134
1532,0.7492
1533,-0.6294
1534,-0.3265
1535,-0.7016
1536,0.6965
1537,-0.4095
1538,1.3314
1539,-0.8053
1540,-0.0476
1541,0.9230
1542,0.6967
1543,-0.0934
1544,-0.6322
1545,1.6601
1546,-0.7927
1547,0.2009
1548,-0.3692
1549,0.1024
1550,-0.0133
1551,-0.7442
1552,0.0488
1553,-0.2538
1554,-0.4987
1555,0.9874
1556,-0.6868
1557,-0.9139
1558,-0.3468
1559,-0.4752
1560,0.2864
1561,-0.0065
1562,1.3273
1563,-0.7415
1564,0.3047
1565,-0.5969
1566,-0.2928
1567,-0.8068
1568,-0.3209
1569,-0.6018
1570,-0.9778
1571,-0.5760
1572,-0.5631
1573,-0.5794
1574,-0.3981
1575,-0.3989
1576,-0.3749
1577,0.6013
1578,0.0122
1579,0.6379
1580,-0.3597
1581,0.5128
1582,-0.0904
1583,-0.5246
1584,-0.7228
1585,-0.5738
1586,-0.0371
1587,0.5399
1588,-0.3265
1589,-0.3647
1590,-0.7015
1591,1.1527
1592,-0.5790
1593,-1.0196
1594,0.1533
1595,-0.5382
1596,-0.7862
1597,-1.1149
1598,-0.4117
1599,-1.0229
1600,-0.4859
1601,0.4220
1602,-0.1512
1603,-0.7163
1604,-0.4923
1605,0.5610
1606,-0.7488
1607,-0.1804
1608,-0.8785
1609,-0.5926
1610,0.3453
1611,-0.9384
1612,-0.2323
1613,-0.7981
1614,-0.4610
1615,-0.9092
1616,0.2498
1617,-0.8118
1618,-0.3807
1619,-0.8485
1620,-0.8567
1621,-0.9373
1622,0.5648
1623,0.4999
1624,-0.5517
1625,-0.0186
1626,-0.4869
1627,-0.5257
1628,0.8181
1629,-0.4430
1630,-0.2829
1631,-0.8488
1632,1.2915
1633,-0.1971
1634,0.1482
1635,-0.3058
1636,-0.9686
1637,-0.9800
1638,0.6368
1639,-0.8276
1640,-0.7695
1641,0.6802
1642,0.2906
1643,-0.6614
1644,-0.8284
1645,-0.3848
1646,1.6626
1647,-0.6697
1648,-0.0065
1649,-0.1775
1650,-0.2477
1651,0.2009
1652,-0.5946
1653,0.7110
1654,0.1353
1655,-0.6166
1656,-0.5214
1657,0.2285
1658,0.1879
1659,-0.3926
1660,-1.0387
1661,-0.7799
1662,-0.5629
1663,0.1727
1664,-0.1566
1665,-0.3572
1666,-0.1169
1667,1.0142
1668,0.1870
1669,-0.3238
1670,-0.3835
1671,-0.5516
1672,0.8480
1673,-0.7302
1674,1.0970
1675,-0.1341
1676,-0.1633
1677,-0.0303
1678,-0.6017
1679,-0.2488
1680,-0.7833
1681,-0.7268
1682,-0.8115
1683,-0.4508
1684,-0.7131
1685,-0.5482
1686,-0.8370
1687,0.0941
1688,-0.9918
1689,-0.7057
1690,-0.1198
1691,0.1148
1692,-0.8672
1693,0.5969
1694,-0.7267
1695,-0.4684
1696,-0.1969
1697,0.1606
1698,-0.6955
1699,0.0854
1700,-0.8195
1701,-0.0210
1702,-0.3128
1703,-0.0133
1704,-0.6418
1705,-0.6007
1706,-0.2498
1707,-0.8683
1708,0.3807
1709,-0.3948
1710,-0.3675
1711,-0.5075
1712,-0.6851
1713,0.5527
1714,-0.6131
1715,-0.4075
1716,0.9403
1717,0.2987
1718,-0.2492
1719,0.0321
1720,-0.6337
1721,-0.6123
1722,-0.3310
1723,0.3288
1724,-0.6119
1725,-0.4633
1726,0.4640
1727,0.7836
1728,-1.2388
1729,-1.0104
1730,-0.8083
1731,-0.4493
1732,0.0592
1733,-0.6188
1734,-0.1052
1735,-0.6877
1736,0.3779
1737,1.4376
1738,-0.1527
1739,-1.1645
1740,-0.1287
1741,0.6130
1742,-0.7110
1743,-0.2057
1744,0.8219
1745,-0.3733
1746,0.2070
1747,-0.8468
1748,-0.5096
1749,-0.9170
1750,-0.4366
1751,-0.2522
1752,0.5464
1753,-0.5097
1754,-0.5762
1755,-0.0558
1756,0.1633
1757,1.1473
1758,1.1203
1759,-0.3829
1760,-0.9679
1761,-0.3415
1762,1.1291
1763,1.3076
1764,0.3702
1765,-0.1688
1766,-0.4824
1767,0.0686
1768,1.1893
1769,-0.6457
1770,-0.8900
1771,-0.8411
1772,-0.1398
1773,-0.5101
1774,0.5188
1775,0.9756
1776,-0.7458
1777,0.3542
1778,0.3369
1779,0.4882
1780,-0.5791
1781,-0.6931
1782,-0.0253
1783,-0.7143
1784,-0.8652
1785,-0.4235
1786,0.4523
1787,0.5813
1788,-0.4488
1789,-0.4577
1790,0.0551
1791,-0.7419
1792,-0.1986
1793,-0.4035
1794,-0.2714
1795,-0.2990
1796,-0.8334
1797,0.3042
1798,-0.6411
1799,-0.6656
1800,-1.0537
1801,-0.5115
1802,-0.4243
1803,0.4154
1804,-0.7531
1805,0.0573
1806,-0.5223
1807,-0.3507
1808,0.2917
1809,-0.8668
1810,-0.6215
1811,-0.3495
1812,0.8943
1813,-0.4376
1814,-0.1411
1815,0.6107
1816,-0.6339
1817,-0.0677
1818,0.0062
1819,-1.2941
1820,-1.0309
1821,-0.2688
1822,0.2575
1823,-0.6195
1824,-0.7788
1825,0.0481
1826,0.0069
1827,0.8061
1828,-0.1569
1829,-0.6873
1830,1.3111
1831,-0.6710
1832,-0.2036
1833,-0.1467
1834,0.7663
1835,-0.3103
1836,-0.1963
1837,-0.6653
1838,-0.6874
1839,0.9586
1840,0.0753
1841,0.2543
1842,-0.5609
1843,1.1670
1844,-0.4359
1845,-0.3654
1846,0.7526
1847,-0.4251
1848,-0.9036
1849,0.3119
1850,0.4749
1851,-0.7631
1852,-0.4437
1853,-0.2692
1854,0.3363
1855,-1.1774
1856,0.5006
1857,-0.5967
1858,-0.4085
1859,-0.3343
1860,-0.4827
1861,-0.3003
1862,-0.6875
1863,1.4823
1864,0.4750
1865,0.4692
1866,-0.0080
1867,-0.3146
1868,-0.6325
1869,0.0149
1870,0.0527
1871,-0.8934
1872,1.0391
1873,0.9813
1874,-0.1286
1875,-0.4950
1876,-0.4048
1877,0.0225
1878,-0.5268
1879,0.6830
1880,0.5517
1881,0.2773
1882,-0.8407
1883,1.1211
1884,-0.6956
1885,0.6265
1886,-0.3867
1887,-0.4041
1888,0.8206
1889,0.3293
1890,-0.2288
1891,-0.2183
1892,0.1784
1893,-0.5124
1894,-0.0844
1895,-0.6299
1896,-0.3217
1897,-1.0325
1898,0.4879
1899,1.7868
1900,0.6836
1901,-0.6178
1902,-0.3383
1903,0.4781
1904,-0.4595
1905,-0.2661
1906,-0.8689
1907,-0.1608
1908,-0.3998
1909,-0.3782
1910,-0.6730
1911,0.2421
1912,-0.3873
1913,1.7185
1914,-0.6098
1915,-0.3303
1916,-0.2834
1917,0.4122
1918,0.7475
1919,-0.2131
1920,-0.7347
1921,-0.5614
1922,0.0275
1923,-1.0072
1924,0.1815
1925,-0.2753
1926,-0.0829
1927,-0.6775
1928,-0.8009
1929,0.1276
1930,-0.8623
1931,-0.9696
1932,-0.2607
1933,-0.8045
1934,-0.3664
1935,1.1874
1936,-0.1389
1937,0.7873
1938,-0.6676
1939,-0.7718
1940,-0.3278
1941,-0.1737
1942,1.0195
1943,-0.6491
1944,-0.5045
1945,-0.5423
1946,-0.9004
1947,0.6602
1948,-0.7335
1949,-0.6830
1950,0.0619
1951,-0.1793
1952,1.3205
1953,-0.4322
1954,-0.8039
1955,0.3893
1956,-0.5192
1957,-0.3400
1958,-0.1090
1959,-0.8146
1960,-0.7607
1961,0.0603
1962,-0.8948
1963,-0.4163
1964,-0.7776
1965,-0.6719
1966,0.3388
1967,-0.1082
1968,0.0312
1969,-0.4710
1970,-0.4726
1971,-0.2351
1972,-0.4790
1973,0.1865
1974,0.2648
1975,1.3097
1976,-0.0888
1977,-0.4335
1978,-0.3813
1979,0.2211
1980,-0.5602
1981,-0.3072
1982,-0.6001
1983,-0.6769
1984,-0.4888
1985,0.3297
1986,-0.6643
1987,-0.2424
1988,-0.5575
1989,-1.0516
1990,-0.4423
1991,0.2809
1992,-0.4341
1993,-0.7137
1994,-0.3483
1995,-1.0696
1996,0.1819
1997,-0.8476
1998,-0.4829
1999,-0.4623
2000,0.2288
2001,-0.3831
2002,0.8440
2003,0.4782
2004,1.1364
2005,1.1056
2006,0.6271
2007,-0.8354
2008,-0.5265
2009,-0.8015
2010,-0.3934
2011,-0.1101
2012,-0.0046
2013,0.9952
2014,0.2916
2015,1.1364
2016,-0.2993
2017,0.1885
2018,1.4025
2019,-0.2176
2020,-0.6680
2021,-0.3299
2022,-0.5473
2023,-0.5612
2024,-0.6187
2025,-0.2887
2026,0.3657
2027,1.2463
2028,0.0766
2029,0.0996
2030,-0.0773
2031,-0.7999
2032,0.5225
2033,-0.6634
2034,-0.3307
2035,-0.9762
2036,-0.0992
2037,0.7085
2038,-0.1206
2039,0.6260
2040,1.9768
2041,-0.3824
2042,1.0347
2043,-0.8970
2044,0.2208
2045,1.5348
2046,-0.8895
2047,-0.7539
2048,-0.8000
2049,0.8934
2050,0.9960
2051,-0.5306
2052,-0.6001
2053,-0.4243
2054,-0.6225
2055,0.0863
2056,-0.6078
2057,0.9666
2058,0.1576
2059,-0.6093
2060,0.7721
2061,-0.1895
2062,-0.3148
2063,-0.4810
2064,0.6793
2065,1.0134
2066,0.5648
2067,0.6359
2068,0.5062
2069,-0.2107
2070,-0.4531
2071,-0.3118
2072,-0.5561
2073,-0.1749
2074,-0.2552
2075,-0.4865
2076,0.7712
2077,-0.7342
2078,-1.0510
2079,-0.3087
2080,0.0045
2081,-0.7088
2082,-0.5949
2083,-0.9042
2084,-0.2473
2085,-0.4607
2086,-0.0032
2087,0.2573
2088,-1.1369
2089,0.1810
2090,-0.2067
2091,0.4571
2092,1.0887
2093,-0.1405
2094,-0.3398
2095,-0.7748
2096,-0.3977
2097,0.3406
2098,1.1243
2099,1.0973
2100,-0.6017
2101,-0.1529
2102,-0.3049
2103,0.1854
2104,-0.9155
2105,0.6496
2106,-0.6747
2107,0.5086
2108,-0.2900
2109,1.4559
2110,0.6555
2111,-0.0263
2112,0.0876
2113,0.6557
2114,1.4262
2115,-0.3582
2116,0.1341
2117,-0.2615
2118,1.4328
2119,-0.9318
2120,0.5227
2121,-0.2733
2122,-1.0400
2123,0.0273
2124,-0.9683
2125,-1.0688
2126,-0.0014
2127,-0.3097
2128,-0.4027
2129,-0.5101
2130,-1.0380
2131,-0.8288
2132,0.1714
2133,1.1631
2134,-0.0839
2135,-0.4896
2136,-0.6455
2137,-0.5160
2138,1.1510
2139,0.3701
2140,0.4443
2141,-0.7299
2142,-0.9246
2143,-0.6558
2144,-0.8857
2145,-0.2624
2146,1.0042
2147,-0.4459
2148,-0.3707
2149,1.5107
2150,-0.9997
2151,-0.7404
2152,-0.9828
2153,-0.0141
2154,-0.8791
2155,-0.3784
2156,-0.1717
2157,-0.2262
2158,0.1176
2159,-0.8023
2160,-0.1107
2161,0.0979
2162,0.1521
2163,-0.2890
2164,-0.1413
2165,0.4140
2166,-0.7997
2167,-0.4554
2168,0.1769
2169,-0.1420
2170,-0.3460
2171,-0.6148
2172,0.0005
2173,-0.4368
2174,-0.5653
2175,-0.6121
2176,-0.3614
2177,-0.5525
2178,0.7990
2179,-0.9745
2180,0.0810
2181,-0.0646
2182,-0.6743
2183,-0.9100
2184,0.5633
2185,-0.3784
2186,-0.8405
2187,0.0836
2188,-0.1971
2189,-0.1327
2190,-0.4302
2191,-0.4374
2192,0.3770
2193,0.0846
2194,-0.8845
2195,-0.9243
2196,-0.6085
2197,-0.3550
2198,-1.0768
2199,1.1046
2200,-0.2846
2201,0.2108
2202,0.5927
2203,-0.3553
2204,-0.0118
2205,0.6687
2206,-0.5917
2207,-0.5429
2208,0.6536
2209,0.5706
2210,-0.3186
2211,-0.1645
2212,0.8549
2213,1.2786
2214,-0.1994
2215,0.7917
2216,-0.5504
2217,0.0445
2218,-0.5550
2219,-0.4424
2220,-0.0813
2221,-0.3792
2222,-0.1024
2223,-0.3840
2224,-1.0726
2225,0.2863
2226,-0.8796
2227,-0.2600
2228,0.2908
2229,-0.4924
2230,0.7308
2231,0.7263
2232,-0.6216
2233,0.4470
2234,0.8050
2235,-0.6831
2236,0.1724
2237,-0.3264
2238,-0.6649
2239,-0.1681
2240,-0.6585
2241,1.3125
2242,-0.9501
2243,-0.7226
2244,-0.7869
2245,-0.6843
2246,-1.0523
2247,0.7380
2248,-0.3551
2249,-0.6110
2250,-0.8221
2251,-0.9076
2252,0.2847
2253,-0.7609
2254,-0.3716
2255,-0.6463
2256,1.5490
2257,-0.0064
2258,-0.6111
2259,0.1290
2260,-0.0732
2261,-0.2077
2262,0.6206
2263,-0.1045
2264,-0.3786
2265,0.8285
2266,0.2986
2267,0.4130
2268,-0.8053
2269,0.0283
2270,-0.4833
2271,-0.1939
2272,-0.0986
2273,0.0227
2274,0.2583
2275,-0.9505
2276,0.5938
2277,0.1703
2278,-0.4342
2279,-0.4943
2280,-0.1895
2281,-0.2533
2282,0.0348
2283,0.1540
2284,-0.8832
2285,-0.1024
2286,0.4070
2287,0.0831
2288,-0.7265
2289,-0.5702
2290,-0.8040
2291,0.1203
2292,0.7042
2293,-0.3792
2294,-0.2020
2295,-0.3085
2296,0.3053
2297,0.1188
2298,0.4462
2299,1.0218
2300,-0.3739
2301,0.2873
2302,-0.4526
2303,-0.8060
2304,0.0438
2305,0.4016
2306,-0.2548
2307,0.1479
2308,0.4193
2309,-0.5368
2310,-0.0259
2311,0.3502
2312,-0.2619
2313,-0.2087
2314,0.4406
2315,0.5461
2316,-0.3719
2317,-0.0255
2318,-1.1484
2319,1.1252
2320,-0.1679
2321,0.9950
2322,0.7781
2323,-0.8364
2324,1.2808
2325,-0.4870
2326,-0.4588
2327,-0.0105
2328,0.1477
2329,-0.0394
2330,0.8756
2331,-0.4164
2332,-0.2397
2333,-0.6256
2334,0.6157
2335,0.3282
2336,1.0838
2337,0.0800
2338,0.9003
2339,0.0871
2340,0.0525
2341,0.3763
2342,-0.8181
2343,0.9229
2344,0.1365
2345,0.8182
2346,-0.0891
2347,-0.5689
2348,-0.2832
2349,-0.7659
2350,-0.5857
2351,-0.2417
2352,1.3266
2353,-0.8663
2354,0.5853
2355,-0.5797
2356,0.6982
2357,1.0279
2358,0.4892
2359,-0.7264
2360,0.7529
2361,0.6764
2362,-1.0381
2363,0.2968
2364,0.7517
2365,-0.5269
2366,-0.0036
2367,0.2464
2368,0.3233
2369,-0.3088
2370,-0.5908
2371,-0.0604
2372,0.2668
2373,1.8517
2374,-0.0109
2375,0.7880
2376,-0.0283
2377,-0.6256
2378,0.5321
2379,-0.6538
2380,0.6981
2381,0.1887
2382,0.5394
2383,1.1858
2384,-0.0270
2385,0.8653
2386,-0.1145
2387,-1.0915
2388,-0.5958
2389,0.0461
2390,-0.5067
2391,-0.6342
2392,0.5926
2393,1.3053
2394,0.7655
2395,0.2196
2396,1.0865
2397,-0.9637
2398,-0.6510
2399,0.0802
2400,-0.0372
2401,-1.1055
2402,-0.0513
2403,-0.1414
2404,-0.7104
2405,1.4074
2406,-1.2365
2407,0.0153
2408,-1.0044
2409,-0.1913
2410,-0.0474
2411,1.0810
2412,-0.0264
2413,-0.3543
2414,0.0472
2415,0.3011
2416,-0.0975
2417,-0.6787
2418,1.2685
2419,-0.4244
2420,-0.9824
2421,-0.3037
2422,0.3732
2423,-0.9596
2424,0.6502
2425,0.1844
2426,-0.1050
2427,-0.5058
2428,1.3969
2429,0.4666
2430,0.2556
2431,-0.7490
2432,0.6473
2433,0.1080
2434,1.3923
2435,-0.7496
2436,-0.1048
2437,-0.3260
2438,-0.6787
2439,-0.5000
2440,0.7242
2441,-0.3489
2442,1.1484
2443,-1.0449
2444,-0.6754
2445,-0.6658
2446,-0.0611
2447,0.4061
2448,0.1563
2449,-0.7850
2450,0.2138
2451,0.5791
2452,-0.9335
2453,-0.7741
2454,-1.2198
2455,-0.0528
2456,-0.5573
2457,-0.5657
2458,-0.6447
2459,1.6712
2460,-0.9022
2461,-0.4877
2462,-0.7010
2463,-0.2573
2464,1.0161
2465,-0.7398
2466,1.1006
2467,-0.5894
2468,-0.0706
2469,-0.3979
2470,-0.1796
2471,0.4662
2472,-0.2030
2473,-0.4303
2474,1.3348
2475,0.6485
2476,0.3799
2477,0.1364
2478,0.8073
2479,-0.2066
2480,-0.7755
2481,0.0015
2482,1.1499
2483,-0.1006
2484,-0.7655
2485,0.5799
2486,1.6883
2487,-0.1743
2488,-0.0448
2489,-0.1067
2490,-0.0305
2491,-0.0174
2492,0.4713
2493,0.6354
2494,-0.4664
2495,1.0274
2496,-0.8023
2497,0.2277
2498,-0.7523
2499,-0.7206
2500,-0.2303
2501,-0.4532
2502,-0.1232
2503,-0.4427
2504,0.6203
2505,-0.2070
2506,-0.6429
2507,0.3439
2508,0.3682
2509,0.1391
2510,0.0051
2511,-0.1698
2512,0.3463
2513,0.0411
2514,0.3341
2515,-0.4757
2516,-0.7282
2517,0.2306
2518,-0.6866
2519,-0.6576
2520,-0.4443
2521,1.1242
2522,-0.4251
2523,0.5600
2524,0.3084
2525,1.0721
2526,1.6661
2527,-0.7982
2528,-0.6648
2529,-0.2551
2530,-0.4639
2531,0.0470
2532,-0.2065
2533,-0.8330
2534,-0.3627
2535,-0.8616
2536,-0.1624
2537,-0.5172
2538,-0.4616
2539,-0.5286
2540,0.3984
2541,0.6798
2542,0.6481
2543,0.9602
2544,0.6361
2545,0.2188
2546,-0.2764
2547,-0.6523
2548,-0.6574
2549,-0.9382
2550,1.1676
2551,-0.3426
2552,0.7510
2553,-0.6203
2554,0.4692
2555,-0.6633
2556,0.1597
2557,-1.0020
2558,-0.4834
2559,-0.1839
2560,-0.0969
2561,-0.1076
2562,-0.1279
2563,-0.6951
2564,-0.5579
2565,-0.9756
2566,-0.6250
2567,-0.4524
2568,0.3568
2569,0.2323
2570,0.0989
2571,1.2487
2572,-0.6098
2573,-0.5631
2574,-0.3729
2575,0.5494
2576,-0.6252
2577,1.2714
2578,-0.5089
2579,-1.0184
2580,-0.2793
2581,-0.4114
2582,-1.1209
2583,-0.3478
2584,-0.1847
2585,-0.2020
2586,-0.2031
2587,1.1720
2588,-0.4258
2589,-0.5102
2590,0.3062
2591,0.3054
2592,-0.5771
2593,-0.6655
2594,-0.2853
2595,-0.6191
2596,-0.8046
2597,0.8101
2598,-0.9580
2599,-0.7634
2600,0.7630
2601,-0.1505
2602,0.2449
2603,-0.6853
2604,-0.8294
2605,-1.2538
2606,-0.3500
2607,-0.1450
2608,0.5524
2609,0.5491
2610,-0.0919
2611,0.6218
2612,-0.3748
2613,0.1368
2614,0.3608
2615,-0.1208
2616,0.9064
2617,-0.0261
2618,-0.0670
2619,0.6909
2620,0.0321
2621,-0.6155
2622,0.0560
2623,-0.7130
2624,-0.8968
2625,0.0373
2626,-0.3836
2627,-0.3372
2628,-0.4148
2629,0.2053
2630,0.0928
2631,0.2867
2632,-0.6743
2633,0.4262
2634,1.2132
2635,-0.2870
2636,-0.6590
2637,-0.5898
2638,-0.2417
2639,0.3503
2640,0.6003
2641,-0.1177
2642,-1.1809
2643,0.4500
2644,0.4826
2645,-0.3960
2646,-0.8890
2647,0.9473
2648,0.6105
2649,-0.8080
2650,0.1479
2651,-0.6775
2652,-0.6100
2653,1.5740
2654,-0.4510
2655,0.6151
2656,-0.4403
2657,-1.0267
2658,0.4187
2659,-0.0166
2660,0.3530
2661,0.0494
2662,1.1577
2663,0.0572
2664,0.2520
2665,-0.5884
2666,-0.5584
2667,-0.1221
2668,0.5239
2669,-0.6693
2670,-0.5978
2671,0.6001
2672,-0.9044
2673,1.1781
2674,-0.3614
2675,-0.5402
2676,-0.1734
2677,-0.2117
2678,-0.4367
2679,-0.4866
2680,0.1416
2681,-0.5012
2682,-0.7587
2683,1.7430
2684,0.3847
2685,-0.5913
2686,0.9768
2687,1.1384
2688,-0.0416
2689,0.0765
2690,-0.2487
2691,0.1563
2692,0.4138
2693,-0.2919
2694,-0.4107
2695,-0.0824
2696,-0.6116
2697,-0.4670
2698,0.2202
2699,0.0832
2700,-0.4830
2701,-0.4189
2702,-0.4614
2703,-0.0778
2704,0.3766
2705,-0.2713
2706,-0.3846
2707,-0.5925
2708,0.3116
2709,-0.1073
2710,-0.4056
2711,-0.4203
2712,-0.0757
2713,-0.1459
2714,1.1472
2715,-0.4763
2716,-0.1706
2717,0.6443
2718,0.6085
2719,-1.0816
2720,-1.0051
2721,-0.5044
2722,-0.1391
2723,0.4445
2724,-0.3536
2725,-0.2417
2726,-0.4692
2727,-0.3462
2728,0.4751
2729,0.1990
2730,-0.1531
2731,-0.1698
2732,-0.6303
2733,0.3840
2734,0.5746
2735,0.6157
2736,-0.9350
2737,-0.7884
2738,0.3807
2739,-0.0692
2740,-0.7026
2741,-0.5034
2742,-0.4469
2743,-0.6783
2744,-0.7551
2745,0.5664
2746,0.6925
2747,-0.5773
2748,0.1289
2749,-0.7208
2750,0.3725
2751,0.4260
2752,-0.7085
2753,-0.4561
2754,-0.9352
2755,-0.5752
2756,-0.0174
2757,-0.0145
2758,-0.1450
2759,0.1863
2760,-0.9571
2761,-0.8859
2762,0.5896
2763,-0.1201
2764,-1.3635
2765,-0.9956
2766,-0.4210
2767,-0.5160
2768,0.6574
2769,-0.9075
2770,0.2871
2771,-0.9143
2772,-0.7664
2773,0.7059
2774,-1.0404
2775,-0.0010
2776,0.2399
2777,0.1640
2778,-0.4035
2779,0.0563
2780,-0.5377
2781,-0.9549
2782,0.5651
2783,1.5509
2784,1.2968
2785,0.5850
2786,-0.6535
2787,0.7409
2788,0.5147
2789,1.0098
2790,0.7430
2791,1.4044
2792,-0.5595
2793,0.4910
2794,0.8486
2795,1.2823
2796,-0.8581
2797,-0.8788
2798,-0.3916
2799,-0.4739
2800,-0.8378
2801,-0.6458
2802,0.0536
2803,-0.2385
2804,-0.9628
2805,0.0676
2806,0.4386
2807,-0.4669
2808,-0.5489
2809,-0.4882
2810,1.0176
2811,-0.6364
2812,-0.7385
2813,0.1956
2814,0.3224
2815,0.0741
2816,0.5145
2817,1.1226
2818,-0.6034
2819,-0.4802
2820,0.4815
2821,0.2826
2822,-0.9168
2823,-0.7334
2824,-0.9808
2825,0.2408
2826,0.6381
2827,-0.6691
2828,0.4317
2829,-0.0483
2830,0.9341
2831,-0.2646
2832,-0.1259
2833,0.6880
2834,-0.6901
2835,0.4806
2836,0.3056
2837,-0.2237
2838,-0.0293
2839,-0.6074
2840,0.4318
2841,1.1296
2842,0.2403
2843,0.2483
2844,1.3619
2845,-0.8027
2846,0.4868
2847,-0.2452
2848,-0.0300
2849,0.1567
2850,-0.0752
2851,-0.7245
2852,-0.9962
2853,0.1257
2854,-0.8017
2855,-0.6040
2856,-0.1430
2857,-1.1151
2858,-0.6555
2859,-0.2963
2860,-0.1777
2861,-0.1620
2862,0.2738
2863,-0.6448
2864,-0.5800
2865,-0.2961
2866,-0.0258
2867,0.2265
2868,-0.4758
2869,-0.4343
2870,-0.6577
2871,-0.8206
2872,-0.4005
2873,-0.3769
2874,0.8691
2875,0.5208
2876,0.0821
2877,-0.5872
2878,0.0370
2879,-0.4914
2880,0.3066
2881,-0.7867
2882,-0.9987
2883,-0.1986
2884,0.1777
2885,-0.5280
2886,-0.4694
2887,0.1540
2888,0.0152
2889,-0.3520
2890,-0.5459
2891,-0.4004
2892,0.3535
2893,-0.4656
2894,-0.4058
2895,-0.4253
2896,0.3591
2897,-0.4483
2898,1.0986
2899,-0.0519
2900,0.4505
2901,0.7880
2902,0.1238
2903,0.1375
2904,-0.7674
2905,-0.5222
2906,-0.5602
2907,0.0567
2908,-0.7824
2909,-0.8719
2910,-0.6374
2911,-0.9764
2912,-0.0277
2913,-0.5412
2914,-1.1692
2915,-0.9351
2916,0.3133
2917,-0.9074
2918,-0.0556
2919,-0.4255
2920,-0.5042
2921,-0.6385
2922,0.8351
2923,-0.1910
2924,-0.1764
2925,-0.1359
2926,-0.6808
2927,-0.5632
2928,0.4717
2929,-0.0795
2930,-0.5807
2931,-0.5099
2932,-0.5638
2933,-0.8282
2934,0.4121
2935,-0.1476
2936,-0.1834
2937,0.0208
2938,-0.8523
2939,-0.0299
2940,-0.0994
2941,0.1579
2942,-0.1573
2943,0.0556
2944,-0.7030
2945,0.2596
2946,-0.2445
2947,-1.1119
2948,-0.1738
2949,-0.0368
2950,0.2217
2951,-0.5893
2952,0.0933
2953,0.8008
2954,1.0105
2955,-0.7298
2956,0.2212
2957,-0.6695
2958,0.0578
2959,-0.3825
2960,0.2341
2961,0.6445
2962,-0.7543
2963,0.7837
2964,-0.1668
2965,-0.2602
2966,-1.1804
2967,0.9580
2968,-0.2766
2969,0.3026
2970,0.2592
2971,-0.3045
2972,-0.5696
2973,0.6685
2974,-0.3616
2975,-0.5578
2976,1.3049
2977,0.3644
2978,0.0942
2979,-0.7248
2980,1.1192
2981,-0.1648
2982,-0.0990
2983,-0.5324
2984,1.0340
2985,-0.0714
2986,-0.8010
2987,-0.7253
2988,-0.3149
2989,1.8417
2990,0.1073
2991,-0.5790
2992,-0.3131
2993,0.3348
2994,0.1367
2995,0.2470
2996,-0.5331
2997,-0.1720
2998,0.9020
2999,-0.5232
3000,-0.2923
3001,-0.4777
3002,-0.0533
3003,-0.6872
3004,0.5859
3005,-1.0222
3006,0.1027
3007,1.2349
3008,-0.1860
3009,0.0296
3010,-0.6041
3011,-0.3730
3012,0.0755
3013,-0.0533
3014,-0.4581
3015,-0.0257
3016,-0.1700
3017,0.0446
3018,-0.0552
3019,0.3190
3020,-0.2678
3021,0.4848
3022,-0.8828
3023,-0.9485
3024,-0.5484
3025,-0.7217
3026,0.4817
3027,-0.1344
3028,-0.1652
3029,-0.3825
3030,-0.2110
3031,-0.9569
3032,-0.2255
3033,1.0305
3034,0.6447
3035,-0.6329
3036,-0.5656
3037,0.0002
3038,0.4139
3039,-0.6914
3040,-0.9048
3041,-0.1456
3042,-0.1479
3043,-0.3715
3044,-0.0667
3045,-0.1778
3046,-0.3021
3047,-0.9523
3048,0.4453
3049,0.7020
3050,0.7118
3051,-0.8198
3052,-0.7589
3053,0.6321
3054,1.0802
3055,-0.1772
3056,-0.2291
3057,-0.7326
3058,-0.0258
3059,-0.5436
3060,-0.4483
3061,-0.2489
3062,0.1904
3063,-0.6936
3064,-0.5607
3065,-0.6221
3066,-0.2083
3067,-0.4922
3068,-1.1979
3069,0.2740
3070,0.2677
3071,-0.5150
3072,-0.3220
3073,-0.0180
3074,-0.1922
3075,-0.2638
3076,-0.9692
3077,-0.3492
3078,0.3572
3079,-0.7093
3080,0.3635
3081,0.0732
3082,0.1390
3083,-0.5049
3084,-0.0930
3085,-0.9181
3086,0.2505
3087,-0.2727
3088,-1.1340
3089,1.1876
3090,-0.5760
3091,-0.2070
3092,-0.3576
3093,-0.4316
3094,-0.1424
3095,-0.4280
3096,-0.9910
3097,0.2129
3098,-0.0275
3099,0.9595
3100,-0.3588
3101,0.6791
3102,-0.2611
3103,-0.2331
3104,0.9801
3105,-0.5374
3106,0.3055
3107,0.0188
3108,-1.1551
3109,-0.7099
3110,-0.2755
3111,-0.3158
3112,0.1249
3113,0.7584
3114,-0.9684
3115,-0.7487
3116,-0.6414
3117,-0.5818
3118,0.1335
3119,0.6610
3120,0.1422
3121,-0.1632
3122,0.7537
3123,-0.3156
3124,-0.9841
3125,-0.2747
3126,-0.1668
3127,-0.0999
3128,0.0625
3129,-0.8188
3130,-0.4901
3131,1.4535
3132,1.3208
3133,-0.4040
3134,-0.5801
3135,-0.4013
3136,0.0826
3137,0.0838
3138,-0.0129
3139,0.6127
3140,-1.0963
3141,-0.6900
3142,0.3384
3143,-0.5286
3144,-0.4314
3145,-0.9402
3146,-0.4162
3147,0.1197
3148,-0.3873
3149,0.2244
3150,0.2696
3151,1.5630
3152,0.4197
3153,-0.9848
3154,0.0982
3155,-0.7019
3156,1.7192
3157,0.0884
3158,0.2998
3159,-0.1693
3160,-0.0378
3161,0.2403
3162,-0.0013
3163,-0.8114
3164,0.1838
3165,-1.0913
3166,0.2629
3167,-0.7346
3168,-0.5359
3169,-0.2590
3170,-0.9082
3171,-0.5763
3172,-0.4159
3173,-0.0299
3174,-0.5881
3175,-0.6137
3176,-0.3467
3177,0.0621
3178,-0.2882
3179,-0.6108
3180,0.6333
3181,0.9222
3182,-0.5951
3183,-0.8458
3184,0.4943
3185,-0.0936
3186,-0.6788
3187,-1.4081
3188,-0.4949
3189,0.5602
3190,0.0399
3191,0.5611
3192,0.7578
3193,-0.3579
3194,-0.6160
3195,0.4217
3196,-0.4353
3197,-0.3659
3198,0.1080
3199,-0.2214
3200,-0.0351
3201,0.3295
3202,0.2394
3203,-0.9328
3204,-0.5050
3205,-0.1486
3206,-0.1233
3207,-0.5868
3208,1.1507
3209,-0.7377
3210,-0.1068
3211,-0.5910
3212,-0.7746
3213,-1.1112
3214,0.0197
3215,-0.6928
3216,0.7544
3217,-0.1289
3218,-0.5949
3219,0.0114
3220,-0.7209
3221,-0.1308
3222,0.5065
3223,-0.0320
3224,-0.7524
3225,-1.1670
3226,-0.0439
3227,-0.1182
3228,-0.6635
3229,-0.3234
3230,0.4812
3231,-0.8396
3232,1.2897
3233,0.4053
3234,0.2799
3235,-0.4083
3236,-0.6256
3237,0.0201
3238,-0.6877
3239,-0.7593
3240,-0.4579
3241,0.5483
3242,-0.2281
3243,-0.7948
3244,-0.6857
3245,-0.3776
3246,-0.0477
3247,0.3309
3248,0.4899
3249,-0.9617
3250,0.3650
3251,0.3306
3252,-0.6601
3253,0.4913
3254,0.2386
3255,-0.7431
3256,-0.8436
3257,0.1429
3258,-0.8834
3259,-0.1982
3260,-1.1412
3261,-0.1676
3262,1.3453
3263,-0.5565
3264,-0.7548
3265,0.3960
3266,-0.7123
3267,1.0617
3268,-0.3818
3269,-0.0092
3270,0.2207
3271,-0.7846
3272,-0.5404
3273,-0.2667
3274,-0.2683
3275,-0.1099
3276,0.1020
3277,-0.0163
3278,-0.3346
3279,-0.2654
3280,0.6368
3281,-0.2029
3282,-0.5101
3283,-0.2502
3284,0.7303
3285,-0.9278
3286,0.9780
3287,-0.4305
3288,-0.4311
3289,0.4735
3290,-0.7989
3291,-0.1693
3292,-0.0036
3293,-0.3231
3294,-0.2999
3295,1.4106
3296,-0.8476
3297,-0.5108
3298,1.0758
3299,-0.3661
3300,0.9028
3301,-0.0315
3302,0.4571
3303,-0.4531
3304,-1.0562
3305,-0.6943
3306,0.1111
3307,-0.2807
3308,-0.2240
3309,0.2871
3310,0.8436
3311,0.3214
3312,-0.6581
3313,0.2742
3314,0.3632
3315,-1.0491
3316,-0.7239
3317,-0.5275
3318,-0.2400
3319,0.1798
3320,-1.0109
3321,-0.3884
3322,-0.3950
3323,1.0197
3324,0.6387
3325,1.0974
3326,-1.1254
3327,0.1915
3328,-0.1221
3329,-0.4888
3330,0.6504
3331,-0.0082
3332,-0.5445
3333,-0.6809
3334,-0.8840
3335,-0.9432
3336,-0.4021
3337,-1.1246
3338,-1.2145
3339,-0.6165
3340,-0.4393
3341,-0.7677
3342,0.9833
3343,0.2410
3344,-0.8044
3345,0.3626
3346,-0.1313
3347,0.5182
3348,-0.5191
3349,-0.4612
3350,0.9096
3351,0.3810
3352,-0.1298
3353,-0.4237
3354,1.0772
3355,-0.6706
3356,0.2158
3357,-0.0895
3358,-0.8595
3359,-0.2812
3360,0.0368
3361,0.0311
3362,-0.4655
3363,-0.5898
3364,-0.2756
3365,-0.8159
3366,-0.5631
3367,-0.2448
3368,-0.1874
3369,0.5482
3370,-0.0212
3371,-0.0467
3372,-1.0477
3373,-0.7874
3374,1.0145
3375,-0.1733
3376,-0.7969
3377,0.3106
3378,-0.1123
3379,-0.0592
3380,-0.0661
3381,-0.4151
3382,-0.3354
3383,0.4611
3384,-0.8966
3385,-0.6033
3386,1.2718
3387,-0.9365
3388,-0.6092
3389,-0.4393
3390,-0.3963
3391,-0.6236
3392,-0.3334
3393,-0.3651
3394,0.4280
3395,0.4629
3396,-0.2410
3397,-0.9816
3398,-0.3809
3399,-0.1465
3400,-0.3727
3401,-0.3674
3402,-0.3688
3403,0.5346
3404,-0.1169
3405,-0.5632
3406,0.7934
3407,-0.7446
3408,-0.0559
3409,0.0510
3410,-0.6910
3411,-0.4341
3412,-0.6632
3413,-1.1398
3414,0.2908
3415,1.3155
3416,-0.3505
3417,-0.3556
3418,-0.1982
3419,-0.8679
3420,-0.2908
3421,-0.1626
3422,1.5106
3423,-0.4425
3424,-0.9411
3425,0.2843
3426,-0.2518
3427,-0.3786
3428,-0.1733
3429,0.9453
3430,0.1405
3431,-0.4582
3432,0.5956
3433,0.3019
3434,0.2314
3435,-0.7626
3436,-0.4193
3437,-0.1228
3438,-0.8054
3439,0.8249
3440,0.8583
3441,-1.0597
3442,-0.0569
3443,-0.7278
3444,-0.7295
3445,-0.8399
3446,0.1403
3447,-0.4230
3448,-0.8853
3449,-0.7022
3450,-0.1373
3451,0.0540
3452,-0.7825
3453,-0.4200
3454,-0.7668
3455,0.6532
3456,0.0788
3457,-0.2030
3458,-0.6007
3459,-0.1142
3460,0.7285
3461,-0.3233
3462,0.1542
3463,0.6059
3464,0.8322
3465,0.9003
3466,-0.9113
3467,-0.8497
3468,1.4026
3469,-0.3748
3470,-1.0477
3471,0.9542
3472,-0.2640
3473,0.2947
3474,0.5138
3475,-0.3554
3476,0.6542
3477,0.2702
3478,-0.4849
3479,-0.8855
3480,0.5194
3481,-0.4624
3482,0.9256
3483,0.7817
3484,-0.0490
3485,-0.3070
3486,-0.2495
3487,-0.9575
3488,-0.5129
3489,-0.9849
3490,-0.6837
3491,1.3440
3492,0.0996
3493,0.6593
3494,-1.0259
3495,0.6938
3496,-0.6046
3497,-0.3220
3498,1.1881
3499,-0.0723
3500,-0.8241
3501,-0.6289
3502,-0.9490
3503,-0.3779
3504,-0.4117
3505,-0.0189
3506,-0.2893
3507,-0.8327
3508,-0.6949
3509,0.3686
3510,-0.5959
3511,-0.1977
3512,-0.6012
3513,-0.1716
3514,-1.0843
3515,-1.1742
3516,0.0896
3517,1.0301
3518,-0.5828
3519,-0.6237
3520,-0.7173
3521,-0.1007
3522,0.2321
3523,-0.2845
3524,-0.0532
3525,-0.8176
3526,0.9318
3527,0.6675
3528,0.3027
3529,0.3899
3530,0.5582
3531,-0.6105
3532,0.2714
3533,0.0843
3534,-0.1568
3535,-0.4698
3536,0.5219
3537,-0.2056
3538,-0.3465
3539,0.1768
3540,-0.3505
3541,-0.0158
3542,0.2234
3543,-0.5643
3544,-0.4080
3545,0.7109
3546,-0.2683
3547,-0.1103
3548,-0.1600
3549,-0.0278
3550,-0.3293
3551,-0.6956
3552,-1.0382
3553,0.9764
3554,0.3496
3555,0.0140
3556,0.7325
3557,-0.3353
3558,-0.6551
3559,0.1198
3560,-0.3780
3561,1.2491
3562,-0.0922
3563,-0.0751
3564,-0.0123
3565,0.1554
3566,-0.1619
3567,-0.4835
3568,-0.2749
3569,-0.6564
3570,-0.0842
3571,-0.4930
3572,-0.1795
3573,0.8831
3574,-0.5184
3575,-0.3756
3576,-0.8337
3577,-0.5916
3578,-0.5468
3579,-1.2916
3580,0.2387
3581,-0.8656
3582,-0.9201
3583,-0.7852
3584,0.7540
3585,-0.1745
3586,-0.5202
3587,1.1073
3588,-0.1339
3589,0.3544
3590,-0.2309
3591,-0.3684
3592,-0.3980
3593,-1.2976
3594,0.0154
3595,-0.7270
3596,-0.2066
3597,-0.2119
3598,-0.2792
3599,0.8134
3600,-0.4361
3601,-0.1566
3602,-0.6460
3603,0.4914
3604,-0.2463
3605,-0.5209
3606,0.0654
3607,0.2947
3608,-0.2669
3609,0.5701
3610,-0.8585
3611,0.7383
3612,-0.0717
3613,0.0552
3614,-0.6951
3615,-0.6946
3616,-0.3554
3617,-1.1123
3618,0.6116
3619,-0.9277
3620,0.4131
3621,0.0292
3622,0.8321
3623,0.2166
3624,-0.7005
3625,0.2042
3626,0.3465
3627,-0.5992
3628,-0.6795
3629,0.3235
3630,-0.9572
3631,0.3942
3632,-0.5427
3633,-0.3814
3634,0.0362
3635,-1.0647
3636,-0.3107
3637,0.5982
3638,-0.9354
3639,-0.6946
3640,-0.6079
3641,-0.5398
3642,0.2103
3643,-0.8129
3644,-0.8904
3645,-0.5068
3646,0.0962
3647,-0.9362
3648,-0.5310
3649,-0.9138
3650,0.0569
3651,-0.3704
3652,0.0620
3653,-0.7238
3654,-0.6958
3655,-0.4442
3656,-0.6831
3657,0.1597
3658,0.7637
3659,-0.8416
3660,0.1730
3661,-0.0300
3662,1.2419
3663,-0.3137
3664,-0.4801
3665,-0.2193
3666,0.7561
3667,0.1030
3668,0.0483
3669,-0.4501
3670,-0.9114
3671,0.1034
3672,-0.5103
3673,-0.0428
3674,-0.6493
3675,0.2487
3676,0.9851
3677,0.2448
3678,-0.3536
3679,-0.3518
3680,-0.2271
3681,-0.2516
3682,0.1473
3683,-0.8931
3684,-0.3144
3685,0.1483
3686,1.1442
3687,-0.6451
3688,-0.2501
3689,-0.7816
3690,-0.1784
3691,0.0484
3692,-0.8560
3693,0.1534
3694,-0.6039
3695,-0.2338
3696,-0.8320
3697,-0.0536
3698,-1.1282
3699,0.2700
3700,-0.3791
3701,-0.9090
3702,0.1480
3703,-0.1050
3704,-0.5334
3705,-0.0101
3706,-0.3326
3707,1.3131
3708,0.0492
3709,-0.0608
3710,-0.0138
3711,-0.1250
3712,-0.2676
3713,0.1063
3714,-1.1965
3715,0.1638
3716,0.3814
3717,-0.1880
3718,-0.2517
3719,0.1950
3720,-0.4446
3721,-0.1530
3722,-0.4282
3723,-0.1270
3724,-0.5930
3725,-0.6402
3726,-0.8373
3727,-0.4898
3728,-0.4307
3729,0.3823
3730,-0.6668
3731,-1.0939
3732,0.6813
3733,-0.0665
3734,-0.3796
3735,-0.1177
3736,-0.4103
3737,0.6510
3738,0.0648
3739,1.2754
3740,-0.8297
3741,0.2874
3742,-0.1160
3743,-0.3415
3744,-0.3774
3745,1.3639
3746,0.1419
3747,0.8415
3748,-0.9618
3749,-0.3796
3750,-0.1659
3751,0.2129
3752,-0.6305
3753,-0.5657
3754,-0.6488
3755,0.1163
3756,-0.2636
3757,0.6193
3758,0.1048
3759,0.6189
3760,-0.2246
3761,0.2339
3762,0.2153
3763,0.4795
3764,-0.6988
3765,-0.5483
3766,-0.8666
3767,-0.5525
3768,-0.1528
3769,1.5277
3770,0.2415
3771,0.1780
3772,0.2961
3773,0.4624
3774,-0.3765
3775,0.3395
3776,0.0099
3777,0.1588
3778,-0.8990
3779,-0.6864
3780,0.5621
3781,-0.6658
3782,1.0532
3783,-0.2051
3784,0.0826
3785,-0.5831
3786,0.6521
3787,-0.7393
3788,-0.5567
3789,0.2467
3790,-0.3042
3791,-0.0630
3792,-0.5823
3793,-1.0474
3794,-0.1596
3795,-0.6148
3796,-0.5920
3797,-0.6849
3798,0.0121
3799,0.2693
3800,-0.0691
3801,-0.4222
3802,-0.2417
3803,1.2526
3804,-0.3211
3805,-0.0014
3806,0.5552
3807,-0.5026
3808,-0.0152
3809,-0.6971
3810,-0.0270
3811,0.1931
3812,-0.1608
3813,-0.1319
3814,-0.1814
3815,0.2504
3816,-0.1943
3817,-0.9749
3818,-0.9896
3819,0.6891
3820,-0.1725
3821,0.0390
3822,-0.7022
3823,-0.7270
3824,1.7530
3825,-0.3631
3826,-0.4801
3827,0.3893
3828,-0.7011
3829,-0.4886
3830,-0.6501
3831,-0.5581
3832,0.9991
3833,-0.3650
3834,-0.9182
3835,-0.2855
3836,0.1149
3837,-0.6758
3838,-0.1251
3839,0.7961
3840,0.5338
3841,0.4041
3842,-0.0538
3843,-0.2244
3844,-0.5687
3845,0.0763
3846,1.6395
3847,0.9402
3848,-0.3734
3849,-0.7063
3850,-0.2055
3851,-0.5541
3852,0.2066
3853,-0.6493
3854,-0.9692
3855,-0.3364
3856,-0.2447
3857,0.1959
3858,-0.1720
3859,-0.4809
3860,-0.4405
3861,-0.1852
3862,-0.8708
3863,-0.3293
3864,-0.5559
3865,0.4253
3866,-0.5416
3867,-0.5887
3868,-0.7955
3869,-0.1841
3870,-0.1719
3871,-0.8080
3872,0.9518
3873,-0.8652
3874,0.3069
3875,-0.7838
3876,-1.1529
3877,-0.1655
3878,-0.7157
3879,0.6620
3880,-0.5023
3881,-0.3757
3882,-0.2320
3883,-0.0194
3884,-0.6860
3885,-0.5093
3886,-0.5727
3887,-0.4465
3888,-0.3752
3889,-0.8383
3890,-1.0810
3891,-0.3938
3892,-0.6928
3893,-0.9595
3894,-0.3976
3895,0.2967
3896,-0.2826
3897,-0.1941
3898,-0.3255
3899,-0.9680
3900,-0.0953
3901,-0.1224
3902,0.6101
3903,0.7656
3904,1.1871
3905,-0.0452
3906,-0.4562
3907,-0.1422
3908,-0.7849
3909,0.0918
3910,-0.9143
3911,-0.3013
3912,0.0690
3913,0.1272
3914,-0.6232
3915,0.8654
3916,-0.0252
3917,-0.7683
3918,-1.0785
3919,-0.1461
3920,0.2051
3921,-0.1274
3922,-0.6231
3923,-1.1452
3924,-0.3822
3925,0.3899
3926,-0.9093
3927,0.6152
3928,-0.9996
3929,1.2144
3930,0.0523
3931,-0.6128
3932,-0.6716
3933,0.0198
3934,-0.4781
3935,-0.1209
3936,-0.0731
3937,-0.4319
3938,0.5831
3939,0.7655
3940,0.1429
3941,0.4418
3942,-0.9998
3943,-0.2973
3944,-0.7623
3945,-0.1311
3946,1.5180
3947,-0.3321
3948,1.3659
3949,-0.9958
3950,-0.8415
3951,-0.5432
3952,-0.2884
3953,0.2554
3954,-0.8085
3955,0.4481
3956,-0.2520
3957,-0.7635
3958,-0.6119
3959,-1.0727
3960,-0.8293
3961,-0.9222
3962,-0.7935
3963,1.6481
3964,-0.6366
3965,-0.3477
3966,-0.5070
3967,-0.8754
3968,-0.6201
3969,-0.3757
3970,-0.4430
3971,-0.4676
3972,-1.0850
3973,-0.1845
3974,0.0788
3975,0.2703
3976,0.5349
3977,-0.2674
3978,-1.0616
3979,-0.4094
3980,-0.8499
3981,-0.2670
3982,-0.0964
3983,0.1358
3984,0.2039
3985,-0.5500
3986,-0.4790
3987,1.2766
3988,-0.5567
3989,-0.9325
3990,-0.0219
3991,0.2909
3992,-0.7890
3993,-0.8933
3994,1.5394
3995,0.3336
3996,0.5986
3997,1.3745
3998,-0.4292
3999,0.6363
4000,0.5049
4001,0.8637
4002,0.6526
4003,-0.5293
4004,1.0602
4005,0.0540
4006,0.8135
4007,-0.8013
4008,-0.5057
4009,-0.4034
4010,-0.0854
4011,0.3984
4012,0.1513
4013,-0.0633
4014,-0.3261
4015,0.1139
4016,-0.9384
4017,-0.2834
4018,-0.1446
4019,0.4591
4020,-0.3232
4021,-0.1993
4022,-0.2399
4023,-0.6372
4024,-0.9869
4025,-0.4728
4026,-1.1227
4027,0.7328
4028,-0.4856
4029,0.7470
4030,-0.0625
4031,-0.0224
4032,-0.4299
4033,-0.4374
4034,-0.0949
4035,0.2047
4036,0.2484
4037,0.7617
4038,-0.0492
4039,0.5930
4040,1.0459
4041,-0.0337
4042,-0.6262
4043,-0.5421
4044,0.4006
4045,0.3508
4046,0.4646
4047,-0.7489
4048,-0.0322
4049,0.7004
4050,-0.1199
4051,-0.1300
4052,0.6848
4053,-0.5817
4054,-0.5201
4055,-0.7003
4056,0.5179
4057,0.1568
4058,-0.8412
4059,-0.8952
4060,-0.6464
4061,0.1283
4062,0.2740
4063,-0.5837
4064,0.3225
4065,-0.9141
4066,-0.2646
4067,-0.0110
4068,0.0507
4069,-0.6165
4070,0.0571
4071,-0.9559
4072,1.3996
4073,-0.4422
4074,0.2026
4075,0.6385
4076,-0.5633
4077,0.0364
4078,-0.3843
4079,0.5932
4080,-0.9812
4081,-1.2397
4082,-0.3672
4083,-0.2772
4084,-0.3592
4085,-0.7764
4086,-1.0633
4087,-0.4335
4088,-0.2590
4089,1.1225
4090,0.1787
4091,-0.3639
4092,-0.8745
4093,0.0433
4094,-0.6865
4095,0.3890
4096,0.3931
4097,0.0482
4098,-0.0432
4099,0.0623
4100,1.2704
4101,-0.4062
4102,-1.1745
4103,0.2453
4104,0.3373
4105,-0.7093
4106,0.3536
4107,-0.2998
4108,0.5084
4109,-0.4333
4110,-0.1540
4111,-0.4836
4112,-0.1438
4113,0.2716
4114,0.7611
4115,0.8166
4116,-0.8737
4117,0.1892
4118,1.4563
4119,-0.1796
4120,-0.4961
4121,-0.0816
4122,-0.6681
4123,-0.9488
4124,-0.7838
4125,-0.7358
4126,-0.3006
4127,-0.9769
4128,0.1367
4129,-0.1806
4130,-0.6659
4131,0.6432
4132,-0.1037
4133,-1.1644
4134,-0.5381
4135,0.2284
4136,-0.5279
4137,-0.4593
4138,-0.7241
4139,-0.6658
4140,-0.7946
4141,0.0560
4142,-0.6333
4143,-0.2694
4144,-0.8578
4145,0.9090
4146,-1.2524
4147,1.4477
4148,-0.1973
4149,-0.5145
4150,-0.1717
4151,-0.6838
4152,0.2727
4153,-0.0782
4154,-0.7695
4155,0.2570
4156,-0.1811
4157,-0.0680
4158,-0.9128
4159,-0.0288
4160,0.7122
4161,-0.1473
4162,-0.8664
4163,0.4308
4164,-0.2440
4165,-0.2558
4166,0.1991
4167,-0.0630
4168,0.0752
4169,-0.2811
4170,0.6335
4171,0.1894
4172,-0.4883
4173,-0.3355
4174,-0.1594
4175,-0.0590
4176,1.2807
4177,-0.4848
4178,-0.7388
4179,-0.2435
4180,-0.0109
4181,-0.1365
4182,-0.0400
4183,-0.0268
4184,-0.4037
4185,-1.1276
4186,0.5899
4187,0.9844
4188,-0.5368
4189,-0.4809
4190,0.1496
4191,-1.0417
4192,-0.3393
4193,-0.8083
4194,-0.1593
4195,1.3679
4196,-0.1193
4197,-0.6814
4198,0.2742
4199,-0.8659
4200,-0.2299
4201,-0.3709
4202,-0.5787
4203,-0.6386
4204,0.1225
4205,-0.6284
4206,-0.2678
4207,-0.8011
4208,-0.8669
4209,-0.6143
4210,-0.6764
4211,0.1636
4212,-0.5827
4213,-1.0045
4214,0.4249
4215,0.8770
4216,-0.7201
4217,-1.0791
4218,-0.1507
4219,-0.9577
4220,0.2510
4221,-0.1431
4222,-0.0326
4223,-1.0851
4224,0.9460
4225,0.2052
4226,-0.8587
4227,-0.0317
4228,-0.1567
4229,-0.1255
4230,0.3844
4231,-0.9091
4232,0.4992
4233,-0.0846
4234,-0.4981
4235,-1.0567
4236,-0.1617
4237,0.4789
4238,0.5147
4239,-0.6074
4240,-0.3364
4241,-0.1346
4242,-0.3995
4243,-0.1956
4244,1.1520
4245,-0.1025
4246,-0.2262
4247,-0.2468
4248,0.4951
4249,-0.3704
4250,0.2252
4251,-0.7953
4252,0.1285
4253,0.0357
4254,-0.4168
4255,-0.1324
4256,-0.6474
4257,-0.7792
4258,0.1420
4259,-0.0035
4260,0.4178
4261,-0.5725
4262,-0.0174
4263,-0.8035
4264,-0.5602
4265,-0.9799
4266,0.0112
4267,0.8760
4268,-0.6052
4269,-0.3748
4270,-0.7745
4271,0.4420
4272,-0.1962
4273,1.3591
4274,-0.1852
4275,-0.3447
4276,1.2346
4277,-0.6567
4278,-0.6278
4279,-0.0026
4280,-1.3394
4281,0.0162
4282,-0.8942
4283,-0.6996
4284,-0.2583
4285,0.3304
4286,-0.7176
4287,-0.7472
4288,-0.3021
4289,-1.0025
4290,-0.5008
4291,0.0097
4292,-0.4536
4293,0.4192
4294,-0.0143
4295,-0.1462
4296,-0.1918
4297,0.0189
4298,-0.7044
4299,-0.2918
4300,-0.6327
4301,0.1321
4302,-0.4352
4303,-0.5999
4304,1.3141
4305,0.2361
4306,0.2165
4307,-0.3143
4308,-0.6134
4309,0.2603
4310,-0.8889
4311,-0.9927
4312,-0.4940
4313,-0.8579
4314,-0.0174
4315,-0.0327
4316,0.0152
4317,0.5923
4318,-0.4938
4319,0.5929
4320,-1.1788
4321,0.5258
4322,-0.0492
4323,1.2305
4324,0.6784
4325,-0.4833
4326,1.1586
4327,-0.5240
4328,0.1359
4329,0.2558
4330,-0.6173
4331,-0.4843
4332,-0.2087
4333,-0.3724
4334,0.4212
4335,-0.7736
4336,-0.3229
4337,1.0721
4338,-0.0751
4339,0.0287
4340,-0.7493
4341,-0.4317
4342,-0.0137
4343,0.2736
4344,0.2079
4345,-0.8716
4346,1.3211
4347,-0.3347
4348,-0.8595
4349,-0.9113
4350,1.0979
4351,-0.8587
4352,0.2731
4353,-0.6214
4354,0.4221
4355,-0.3369
4356,0.1678
4357,-0.8540
4358,0.6669
4359,-0.0985
4360,0.5708
4361,-0.2790
4362,-0.7398
4363,0.7639
4364,-0.9020
4365,-0.1405
4366,-0.8041
4367,0.5843
4368,-0.4477
4369,-0.4751
4370,-0.1240
4371,0.2380
4372,0.5939
4373,-0.5739
4374,1.4314
4375,0.8972
4376,-1.1205
4377,-0.6847
4378,-0.0264
4379,0.7023
4380,1.4302
4381,-0.1985
4382,-0.4599
4383,0.3695
4384,0.0317
4385,-0.3267
4386,-0.2473
4387,-0.2925
4388,0.1508
4389,0.3524
4390,-0.5155
4391,-0.3260
4392,1.3503
4393,-0.3085
4394,-0.8949
4395,0.5849
4396,-0.5622
4397,-0.4121
4398,-0.6185
4399,0.1763
4400,-0.1120
4401,-0.4062
4402,-0.4027
4403,-0.0094
4404,0.7676
4405,-0.3182
4406,-0.8074
4407,0.5286
4408,0.5580
4409,-0.8775
4410,-0.7988
4411,0.9870
4412,-0.4773
4413,-0.5573
4414,-0.5939
4415,-0.3083
4416,-0.0736
4417,-0.1616
4418,0.4523
4419,-0.3228
4420,-0.7410
4421,-0.6126
4422,-0.4106
4423,-0.5819
4424,-0.7489
4425,-0.8146
4426,-0.3257
4427,-0.0638
4428,-0.8636
4429,-0.2624
4430,0.1362
4431,-0.4387
4432,-0.8276
4433,0.7006
4434,-0.4538
4435,0.7543
4436,0.4654
4437,0.2637
4438,-0.6891
4439,0.9667
4440,-0.5256
4441,1.1946
4442,-0.3369
4443,-0.5005
4444,-0.1212
4445,0.7360
4446,0.6962
4447,0.6507
4448,0.1383
4449,-0.4163
4450,-0.2532
4451,-0.9447
4452,-0.5285
4453,0.8148
4454,-1.0429
4455,0.1198
4456,-0.7819
4457,-0.6794
4458,0.6470
4459,-0.4167
4460,0.2321
4461,-0.8223
4462,-0.9355
4463,-0.3159
4464,0.6457
4465,-0.3170
4466,0.3613
4467,0.2225
4468,0.7455
4469,-0.7273
4470,-0.5500
4471,0.6277
4472,-0.5988
4473,-0.3619
4474,1.0291
4475,-0.6126
4476,0.3489
4477,-0.2379
4478,-0.7295
4479,-0.3605
4480,-0.7901
4481,-0.2354
4482,-0.7624
4483,0.2203
4484,0.3533
4485,0.0886
4486,0.2675
4487,-0.4815
4488,-0.2976
4489,0.9460
4490,0.0429
4491,-0.4495
4492,-0.6762
4493,-0.3352
4494,-0.3194
4495,-0.5924
4496,0.0465
4497,-1.1224
4498,-1.0055
4499,-0.2524
4500,-0.5404
4501,-0.3674
4502,1.0431
4503,-0.6556
4504,-0.6838
4505,1.1011
4506,-0.4909
4507,-0.4612
4508,-0.3624
4509,0.1098
4510,-0.8247
4511,-0.3138
4512,-0.8800
4513,-0.8426
4514,-0.2498
4515,-0.9780
4516,-1.1481
4517,0.4081
4518,1.2860
4519,-0.0239
4520,0.3683
4521,-0.8725
4522,0.7617
4523,0.4679
4524,-0.1260
4525,1.6625
4526,-0.5694
4527,1.0400
4528,-0.6421
4529,1.2051
4530,-0.8095
4531,-0.8932
4532,0.1722
4533,-0.5675
4534,-0.4801
4535,-0.5121
4536,-0.7635
4537,-0.6721
4538,-0.2349
4539,-0.3356
4540,-0.8266
4541,-0.4533
4542,-0.8472
4543,-0.0654
4544,-0.6045
4545,-0.1469
4546,0.3083
4547,0.7962
4548,0.5382
4549,-0.5280
4550,-0.8302
4551,-0.5446
4552,-0.0039
4553,-1.0070
4554,1.0194
4555,-0.6115
4556,-0.9417
4557,0.2084
4558,-0.8841
4559,-0.7253
4560,-1.2246
4561,0.9595
4562,-0.5577
4563,0.0506
4564,-0.5369
4565,-0.3729
4566,-0.6373
4567,0.1635
4568,-0.3203
4569,-0.1916
4570,-0.8049
4571,-0.2962
4572,0.0708
4573,-0.5902
4574,-0.2016
4575,-0.1435
4576,-0.7146
4577,-1.1183
4578,0.9045
4579,-0.0923
4580,-0.4035
4581,0.0525
4582,-0.8982
4583,-0.8909
4584,-0.7647
4585,-1.0723
4586,-0.5642
4587,-0.6647
4588,-0.0652
4589,-0.7920
4590,-0.8826
4591,0.5612
4592,0.4813
4593,-0.5675
4594,0.1605
4595,-0.6088
4596,-0.3990
4597,-0.1950
4598,-0.3265
4599,1.3706
4600,0.4552
4601,-0.0662
4602,0.7286
4603,-0.4170
4604,0.1689
4605,1.2598
4606,-0.2057
4607,0.0628
4608,-0.1620
4609,0.3863
4610,0.2122
4611,-0.9354
4612,0.0102
4613,0.3955
4614,0.4620
4615,-0.4897
4616,-0.0016
4617,-1.0039
4618,0.0981
4619,-0.9734
4620,-0.4206
4621,0.1288
4622,-0.3816
4623,-0.8733
4624,0.3464
4625,0.7289
4626,-0.1160
4627,0.2988
4628,-0.4248
4629,-0.1658
4630,-0.4014
4631,0.4845
4632,-0.8148
4633,-0.6184
4634,0.7997
4635,-0.6793
4636,-0.5936
4637,-0.0601
4638,0.5387
4639,-0.4594
4640,1.2735
4641,-0.0496
4642,0.6092
4643,-0.4279
4644,-0.0633
4645,-0.2739
4646,-0.4684
4647,-0.3468
4648,0.0307
4649,-0.0246
4650,1.5552
4651,0.1203
4652,0.4419
4653,0.4176
4654,-0.5370
4655,-0.4726
4656,-0.4426
4657,0.3132
4658,-0.0166
4659,-0.3497
4660,-0.4752
4661,-0.6143
4662,0.2197
4663,-0.4944
4664,-0.5087
4665,-0.1527
4666,0.3100
4667,-0.6757
4668,1.3443
4669,0.5534
4670,-0.7773
4671,-0.5457
4672,-1.0225
4673,-0.3647
4674,-0.1055
4675,0.0950
4676,0.0599
4677,-0.2801
4678,-0.4316
4679,1.3198
4680,-0.4757
4681,-0.2041
4682,1.0466
4683,-0.3099
4684,-0.5020
4685,0.8500
4686,-0.2602
4687,-0.7143
4688,-0.2272
4689,0.1858
4690,0.1288
4691,-0.1730
4692,0.7950
4693,-0.4338
4694,-0.7346
4695,1.3790
4696,0.0712
4697,-1.0080
4698,0.1526
4699,0.5634
4700,-0.4206
4701,-0.2075
4702,-0.4687
4703,-0.5077
4704,-0.7482
4705,0.0305
4706,-0.0739
4707,-0.2674
4708,-0.5085
4709,-0.0595
4710,-0.3874
4711,0.4847
4712,-0.7305
4713,-0.4843
4714,-0.8406
4715,-0.6673
4716,-0.2936
4717,-0.7991
4718,-0.8336
4719,0.1074
4720,-0.9945
4721,0.5034
4722,0.1497
4723,-0.3622
4724,-0.4346
4725,-0.5353
4726,-0.2189
4727,-0.2525
4728,-0.2159
4729,-0.6920
4730,0.5101
4731,-1.0829
4732,0.4967
4733,-0.1571
4734,0.2835
4735,0.1224
4736,0.1769
4737,-0.3583
4738,-0.1336
4739,-0.4973
4740,-0.2520
4741,0.7465
4742,0.0306
4743,0.8791
4744,-0.4025
4745,0.1783
4746,-0.1902
4747,0.6945
4748,-0.5676
4749,-0.3372
4750,-0.2991
4751,-1.1965
4752,-1.1417
4753,-0.0165
4754,-0.3371
4755,0.2037
4756,-0.6273
4757,-0.7930
4758,-0.8381
4759,1.4958
4760,-0.4343
4761,0.0757
4762,-0.5895
4763,-0.4701
4764,-0.1284
4765,-0.3642
4766,-0.1056
4767,0.0599
4768,-0.5955
4769,-0.6804
4770,-0.4728
4771,-1.0014
4772,0.2228
4773,1.1924
4774,-0.6168
4775,-0.6023
4776,-1.1218
4777,0.7068
4778,0.2965
4779,-0.4258
4780,-0.5801
4781,0.0182
4782,-0.5227
4783,0.3781
4784,-0.7338
4785,-0.1911
4786,-0.2399
4787,-0.8254
4788,-0.6321
4789,0.2256
4790,1.1591
4791,-0.2181
4792,0.9644
4793,-0.3535
4794,0.6750
4795,0.3153
4796,-0.7708
4797,0.2557
4798,0.5241
4799,0.0447
4800,0.0301
4801,1.2257
4802,-0.0001
4803,-1.1128
4804,-0.4564
4805,-0.7008
4806,-0.5084
4807,-0.1857
4808,0.8889
4809,0.1062
4810,-0.0560
4811,0.0227
4812,0.0699
4813,-0.5732
4814,-0.4416
4815,0.1317
4816,-0.4378
4817,0.2540
4818,0.2537
4819,-0.5141
4820,-0.3383
4821,0.0343
4822,-0.5409
4823,1.3245
4824,-0.3135
4825,-0.5632
4826,1.0784
4827,-0.7976
4828,-0.5601
4829,1.7984
4830,1.2493
4831,0.1202
4832,-0.6641
4833,-0.0426
4834,0.3218
4835,-0.7272
4836,0.4679
4837,-0.0749
4838,-0.0009
4839,-0.2943
4840,-1.0931
4841,0.1083
4842,-0.1407
4843,0.2147
4844,0.8472
4845,-0.5530
4846,-0.6993
4847,0.7315
4848,0.6039
4849,-0.5917
4850,-1.0320
4851,-0.7229
4852,0.8489
4853,-0.8371
4854,0.4721
4855,0.9944
4856,0.1130
4857,0.1235
4858,0.2915
4859,-0.2334
4860,-0.3907
4861,0.0538
4862,-0.5253
4863,1.1859
4864,-0.7525
4865,0.0652
4866,-0.3456
4867,0.5463
4868,-0.5014
4869,-0.2931
4870,-0.6725
4871,-0.4935
4872,0.4266
4873,-0.9073
4874,-0.4897
4875,-0.2426
4876,-0.5860
4877,0.9686
4878,-0.5734
4879,-0.1058
4880,1.1735
4881,0.0692
4882,0.5904
4883,-0.2225
4884,-0.2402
4885,0.2313
4886,1.0608
4887,-0.4826
4888,-0.7596
4889,-0.5550
4890,0.0619
4891,0.2979
4892,0.2655
4893,-0.7241
4894,1.1614
4895,0.0119
4896,-0.7994
4897,-0.4533
4898,0.2348
4899,-1.2003
4900,0.8257
4901,-0.9415
4902,-0.2845
4903,0.0644
4904,0.9704
4905,-0.8218
4906,-1.3369
4907,0.2631
4908,-0.9311
4909,-0.4219
4910,-0.1578
4911,-0.6993
4912,-0.3233
4913,-0.0484
4914,0.0334
4915,0.8551
4916,-0.6624
4917,-0.6661
4918,0.0997
4919,-0.1630
4920,-0.6779
4921,0.0585
4922,-1.0499
4923,-1.0587
4924,-0.0402
4925,0.3555
4926,-1.0567
4927,-0.1013
4928,-0.2331
4929,-0.1847
4930,-0.5025
4931,1.5717
4932,-0.2117
4933,-0.2018
4934,-0.6762
4935,-0.6374
4936,-0.3203
4937,0.1078
4938,0.1632
4939,-0.3551
4940,0.2287
4941,0.9499
4942,-0.8599
4943,0.0231
4944,0.5500
4945,-0.9780
4946,1.5214
4947,1.1518
4948,-0.1925
4949,-0.9172
4950,-0.7563
4951,0.2299
4952,0.0873
4953,-0.6959
4954,0.1757
4955,-0.5693
4956,0.8320
4957,0.0442
4958,0.6671
4959,0.0162
4960,0.0907
4961,-0.8207
4962,0.0490
4963,-1.0299
4964,-0.0920
4965,-0.1336
4966,-0.1262
4967,0.4339
4968,-0.5779
4969,0.3687
4970,0.8740
4971,-1.0965
4972,0.9825
4973,0.4975
4974,-0.4448
4975,-0.9170
4976,-0.1580
4977,0.0669
4978,-0.5193
4979,-0.7108
4980,-0.6034
4981,-0.6952
4982,-0.5477
4983,-0.6952
4984,0.2780
4985,-0.1511
4986,-0.2625
4987,-0.1792
4988,-0.6835
4989,-0.7463
4990,-0.0001
4991,0.6540
4992,-0.7455
4993,0.3259
4994,0.1558
4995,-0.2613
4996,0.2192
4997,-0.4878
4998,0.6856
4999,-0.8265
5000,-0.5493
5001,-0.0079
5002,-0.3279
5003,0.0317
5004,-1.2805
5005,-0.1562
5006,-0.7140
5007,-0.4100
5008,-0.5221
5009,0.1068
5010,-0.3689
5011,0.2306
5012,-0.4447
5013,-0.3311
5014,0.2633
5015,-0.0831
5016,-0.5700
5017,-0.4784
5018,-0.6002
5019,-0.3276
5020,0.0929
5021,0.4244
5022,-0.8712
5023,0.1436
5024,-0.2133
5025,-0.5808
5026,-0.4050
5027,-0.1819
5028,-0.8807
5029,0.1459
5030,-0.4063
5031,-0.5389
5032,1.0039
5033,-1.1551
5034,-0.1185
5035,-1.1455
5036,1.0434
5037,-0.8119
5038,0.9948
5039,-0.6502
5040,-0.7923
5041,0.4342
5042,0.6487
5043,-1.0101
5044,-0.4381
5045,-0.8510
5046,-0.2187
5047,0.2615
5048,-0.3357
5049,0.8573
5050,-0.8014
5051,-0.6337
5052,-0.6797
5053,-0.6071
5054,-0.3879
5055,-0.4454
5056,-0.8113
5057,-0.3571
5058,0.3665
5059,-0.7191
5060,-0.0452
5061,0.0563
5062,0.4537
5063,-0.3100
5064,0.5003
5065,-0.7932
5066,-0.9464
5067,-0.7772
5068,0.3402
5069,0.6549
5070,0.6426
5071,0.5147
5072,0.5645
5073,-0.8308
5074,-0.5667
5075,-0.5803
5076,0.1827
5077,0.5362
5078,-0.4678
5079,0.2109
5080,0.7398
5081,0.4224
5082,-0.3200
5083,0.2028
5084,0.2231
5085,-0.9079
5086,-0.3486
5087,-0.5016
5088,0.8254
5089,-0.3481
5090,-0.1881
5091,0.1317
5092,-0.1954
5093,0.3929
5094,0.6007
5095,-1.0308
5096,-0.9956
5097,-0.5316
5098,-0.5140
5099,0.1961
5100,0.1077
5101,-0.7412
5102,-0.7713
5103,0.3080
5104,0.2621
5105,-0.2850
5106,1.0277
5107,-0.2747
5108,0.2630
5109,-0.3933
5110,-0.8999
5111,-0.8642
5112,-0.7757
5113,-0.6968
5114,-0.1761
5115,0.9034
5116,-0.9118
5117,-0.2558
5118,1.0926
5119,-0.2751
5120,-0.1767
5121,-1.0427
5122,-0.8575
5123,-0.7970
5124,-0.1083
5125,-0.3286
5126,-0.7194
5127,-0.4694
5128,-1.0124
5129,0.1833
5130,0.7012
5131,0.6381
5132,-0.0246
5133,-0.6289
5134,-0.5508
5135,-0.2995
5136,0.1548
5137,-0.8019
5138,1.6134
5139,-0.3026
5140,1.2602
5141,-0.8529
5142,-0.4519
5143,-0.8323
5144,0.5497
5145,-0.4235
5146,-0.1152
5147,-0.9081
5148,1.4009
5149,-0.4669
5150,-0.6208
5151,-0.2912
5152,1.1260
5153,0.1543
5154,-0.4790
5155,-0.3793
5156,-0.1905
5157,0.4320
5158,0.1459
5159,0.9489
5160,-0.9351
5161,-1.0195
5162,-0.2844
5163,-0.1045
5164,0.7725
5165,0.4290
5166,-0.5545
5167,0.6489
5168,-0.3475
5169,-0.1359
5170,-0.3371
5171,0.8265
5172,-0.3218
5173,-0.7651
5174,0.1956
5175,-0.5715
5176,-0.1614
5177,-0.6752
5178,0.1641
5179,0.5039
5180,0.4201
5181,-0.2983
5182,0.0862
5183,-0.9206
5184,-0.1351
5185,-0.3893
5186,0.7578
5187,-0.5731
5188,-1.0172
5189,-0.2056
5190,-0.6048
5191,-0.0085
5192,-0.2018
5193,0.0886
5194,-0.5990
5195,-0.0792
5196,-0.0390
5197,-0.5923
5198,-0.5293
5199,-0.4535
5200,0.1028
5201,-0.5758
5202,0.4714
5203,-0.5223
5204,0.0175
5205,-0.0722
5206,-0.1022
5207,0.4991
5208,-0.2681
5209,-0.6154
5210,0.1783
5211,0.7092
5212,-0.7324
5213,-0.5630
5214,-0.3417
5215,0.0877
5216,1.1456
5217,-0.1898
5218,-0.7035
5219,-0.3479
5220,0.3174
5221,-0.8734
5222,-0.2689
5223,-0.5499
5224,-0.4260
5225,-0.6102
5226,1.6047
5227,-0.2739
5228,0.4196
5229,0.6336
5230,-0.2005
5231,0.2927
5232,-0.4398
5233,0.6969
5234,-0.7012
5235,-0.2833
5236,-0.6914
5237,-0.8262
5238,0.8039
5239,-0.6247
5240,-0.9502
5241,1.0963
5242,1.4579
5243,0.0890
5244,0.3524
5245,-0.9068
5246,-0.5261
5247,-0.9811
5248,-0.6073
5249,-0.6902
5250,-0.8077
5251,0.3038
5252,0.8257
5253,0.3572
5254,-0.4272
5255,-0.1397
5256,-0.7488
5257,-0.7916
5258,-0.5513
5259,-0.9380
5260,-0.2452
5261,-0.2334
5262,-0.5645
5263,-0.0203
5264,-0.2319
5265,1.4960
5266,0.0161
5267,0.5852
5268,0.1838
5269,-0.6734
5270,0.3576
5271,0.8327
5272,0.1798
5273,-0.6026
5274,-0.5136
5275,-0.5629
5276,-0.2968
5277,-0.7896
5278,-0.3385
5279,-0.6040
5280,-0.6714
5281,-1.2197
5282,-0.9058
5283,-0.5626
5284,-0.5337
5285,-0.6509
5286,1.2140
5287,-0.5168
5288,-0.7239
5289,-0.6759
5290,0.3505
5291,-0.2658
5292,-0.3471
5293,-0.6547
5294,-0.5512
5295,-0.3159
5296,-0.3085
5297,-0.4116
5298,-0.1148
5299,-0.6459
5300,-0.8295
5301,-0.6758
5302,-0.0392
5303,-0.3609
5304,-1.0007
5305,-0.2117
5306,0.6768
5307,-1.0340
5308,-0.5795
5309,-0.0985
5310,-0.0603
5311,0.6251
5312,1.2416
5313,-0.8258
5314,-0.1007
5315,-0.0256
5316,-0.8897
5317,0.1228
5318,0.8374
5319,0.7569
5320,-0.4766
5321,-0.6590
5322,0.4441
5323,-0.2961
5324,-0.7474
5325,0.0719
5326,-0.2469
5327,-0.7197
5328,-1.0416
5329,-1.1258
5330,0.8661
5331,-0.8484
5332,0.8856
5333,-0.1115
5334,0.3841
5335,0.3036
5336,-0.4539
5337,-0.1248
5338,-0.0333
5339,0.1756
5340,-0.6010
5341,-0.5805
5342,0.8518
5343,-0.5116
5344,-0.8143
5345,0.3559
5346,-0.1743
5347,-0.7545
5348,-0.1477
5349,-0.8561
5350,-0.6104
5351,-0.7738
5352,-0.8645
5353,-0.7810
5354,-1.1398
5355,-0.5665
5356,-0.5583
5357,0.7364
5358,-0.3814
5359,0.7614
5360,1.0009
5361,-0.6054
5362,-0.6132
5363,-0.2510
5364,-0.4519
5365,-0.7157
5366,0.3032
5367,-0.6954
5368,0.2295
5369,-0.5889
5370,-0.7249
5371,0.1129
5372,-0.5815
5373,-0.4911
5374,-0.0206
5375,0.3732
5376,0.1614
5377,-0.5834
5378,-0.7733
5379,0.9798
5380,-0.6583
5381,-0.8203
5382,0.2164
5383,-0.0549
5384,-0.6630
5385,-0.0372
5386,-0.4727
5387,-0.5243
5388,-0.2591
5389,-0.5504
5390,-1.1062
5391,-0.8247
5392,-0.7266
5393,-0.3059
5394,-0.7053
5395,-0.5944
5396,-0.5050
5397,-0.5668
5398,-0.0521
5399,-0.5903
5400,-1.0430
5401,-1.0162
5402,0.1590
5403,-0.3305
5404,-0.6210
5405,0.6854
5406,1.2017
5407,0.1078
5408,-0.5176
5409,-0.0841
5410,-0.8955
5411,0.6498
5412,-0.0605
5413,1.5178
5414,0.3472
5415,0.9709
5416,0.3287
5417,-0.9811
5418,-0.7122
5419,-0.8894
5420,1.4553
5421,-0.2169
5422,-0.5898
5423,0.1071
5424,-1.2049
5425,0.2226
5426,-0.4639
5427,-0.3170
5428,0.0443
5429,-0.6040
5430,0.1316
5431,0.5932
5432,0.1680
5433,-0.8905
5434,0.1884
5435,-0.3917
5436,-0.3244
5437,0.4859
5438,-0.8115
5439,-0.6390
5440,-0.3213
5441,-0.6512
5442,-0.3440
5443,-1.0540
5444,-0.3744
5445,0.7525
5446,0.7244
5447,0.4394
5448,-0.6328
5449,-1.2048
5450,-0.6439
5451,-0.3968
5452,-0.3873
5453,0.1787
5454,0.5265
5455,0.1360
5456,1.0017
5457,-1.0297
5458,0.7061
5459,0.1890
5460,-0.5006
5461,0.4210
5462,-0.2218
5463,-0.2418
5464,0.3386
5465,0.0240
5466,0.6417
5467,-0.7892
5468,-0.1200
5469,-0.2352
5470,-0.4223
5471,0.4285
5472,-0.9216
5473,-0.7988
5474,-0.2869
5475,0.0514
5476,0.0312
5477,0.5948
5478,-0.5121
5479,0.6964
5480,-0.8722
5481,-0.9092
5482,0.1645
5483,-0.3614
5484,-0.1959
5485,0.7387
5486,-0.5070
5487,-0.0377
5488,-0.3442
5489,-0.3935
5490,-0.8512
5491,0.7072
5492,-0.7857
5493,-0.9088
5494,0.3756
5495,0.1098
5496,-0.4922
5497,-0.2585
5498,-0.6427
5499,-0.8654
5500,-0.3056
5501,1.0438
5502,-0.3219
5503,-0.1712
5504,-0.3835
5505,-0.6397
5506,-0.3902
5507,-0.2204
5508,0.5155
5509,-0.6675
5510,-0.3697
5511,0.4109
5512,-0.7167
5513,-0.8096
5514,-0.8991
5515,-0.0867
5516,-0.1495
5517,-0.4650
5518,-0.8574
5519,0.1546
5520,-0.7796
5521,-0.4987
5522,-0.6090
5523,-0.2111
5524,-0.5015
5525,0.0181
5526,-0.6251
5527,1.2256
5528,0.4921
5529,0.0229
5530,-0.3929
5531,-0.3029
5532,-0.7285
5533,0.3593
5534,-0.2022
5535,-0.6138
5536,-1.0653
5537,-0.4685
5538,-0.7026
5539,-0.0094
5540,-0.0247
5541,-0.7225
5542,-0.3269
5543,-0.7828
5544,-0.0633
5545,-0.0317
5546,0.6457
5547,0.3887
5548,-0.2688
5549,-0.3845
5550,-0.7000
5551,0.0282
5552,1.5436
5553,-0.8804
5554,-0.0688
5555,-0.3491
5556,-0.4202
5557,-0.4906
5558,0.4594
5559,0.1015
5560,-0.7686
5561,-0.2696
5562,-1.3828
5563,-0.9629
5564,-1.1862
5565,0.1871
5566,-1.1063
5567,-1.4478
5568,-0.2722
5569,-0.3427
5570,0.9906
5571,1.0857
5572,-0.6104
5573,-0.8386
5574,0.5342
5575,-0.2194
5576,0.0684
5577,0.5899
5578,-0.5363
5579,-0.0520
5580,-0.4078
5581,-0.2644
5582,-0.7344
5583,-0.3803
5584,-0.8858
5585,-0.8511
5586,-0.7410
5587,-0.6131
5588,0.7147
5589,0.6009
5590,0.1205
5591,-1.3663
5592,-0.6172
5593,0.2648
5594,0.0702
5595,-0.7032
5596,-0.5219
5597,0.0598
5598,0.6607
5599,-0.5999
5600,1.1006
5601,-0.1617
5602,-0.8320
5603,0.2462
5604,-0.7046
5605,-0.2156
5606,0.1967
5607,-0.7728
5608,-0.3455
5609,-0.7935
5610,-0.2907
5611,-0.1083
5612,0.3288
5613,-0.3716
5614,-0.3347
5615,0.4165
5616,0.5100
5617,0.8123
5618,-0.3951
5619,0.8073
5620,-0.4273
5621,-0.0954
5622,-0.1067
5623,-0.1710
5624,1.2617
5625,-0.4010
5626,0.2893
5627,0.1222
5628,-0.5619
5629,0.0533
5630,0.6971
5631,0.2122
5632,0.0493
5633,0.3033
5634,-0.5454
5635,-0.0668
5636,-0.9884
5637,0.6512
5638,0.0289
5639,-0.4609
5640,0.1553
5641,0.1405
5642,-0.4498
5643,-0.0214
5644,-0.8668
5645,0.4060
5646,-0.0118
5647,0.3797
5648,-0.7763
5649,1.0349
5650,-0.9987
5651,-0.7747
5652,-0.4215
5653,-0.6177
5654,-0.5386
5655,-0.9923
5656,0.1705
5657,0.2036
5658,0.4565
5659,-0.1684
5660,-0.5575
5661,-0.4950
5662,-0.1126
5663,0.7709
5664,-0.7238
5665,-0.4709
5666,-0.5350
5667,-0.3395
5668,0.6005
5669,0.3215
5670,0.2363
5671,0.0724
5672,-0.0931
5673,1.1719
5674,-0.5897
5675,1.4918
5676,-0.4643
5677,0.4375
5678,-0.0679
5679,1.1829
5680,0.7191
5681,-0.8636
5682,1.4386
5683,-0.4054
5684,-0.5255
5685,-0.4702
5686,-0.2564
5687,0.3553
5688,-0.1233
5689,-0.6682
5690,-0.7200
5691,1.5286
5692,-0.7123
5693,-0.3416
5694,0.7770
5695,-0.4556
5696,0.4149
5697,0.6589
5698,0.3827
5699,0.2933
5700,-0.5249
5701,0.6386
5702,-0.0090
5703,-0.6810
5704,-0.4712
5705,-0.7698
5706,0.0193
5707,0.3116
5708,1.1233
5709,-0.0293
5710,1.5765
5711,-1.1663
5712,-0.3107
5713,-0.5410
5714,-0.6513
5715,0.3950
5716,0.2296
5717,-0.5133
5718,0.1404
5719,1.5826
5720,-0.1850
5721,0.7063
5722,-0.4755
5723,-0.8570
5724,-0.3356
5725,-0.7756
5726,0.2727
5727,0.3504
5728,-0.4771
5729,0.7520
5730,0.0651
5731,-0.2687
5732,-0.8185
5733,-0.6371
5734,0.2314
5735,0.3325
5736,-0.7574
5737,-0.3013
5738,-0.7061
5739,0.2783
5740,-0.3651
5741,-0.7969
5742,1.1259
5743,-0.4171
5744,-0.5608
5745,-0.0334
5746,0.6627
5747,0.6584
5748,0.0865
5749,0.9534
5750,-0.1072
5751,-1.0479
5752,0.2898
5753,-0.6354
5754,1.5576
5755,-0.6614
5756,-0.9134
5757,0.5325
5758,-0.3868
5759,0.5105
5760,-0.5809
5761,1.2177
5762,0.7719
5763,0.4640
5764,1.0974
5765,1.4700
5766,0.3502
5767,-0.1730
5768,-0.5501
5769,-0.1600
5770,-0.2027
5771,-0.7007
5772,0.8479
5773,0.6716
5774,-0.3245
5775,-0.3090
5776,-0.1877
5777,0.2032
5778,-0.7163
5779,-0.7526
5780,-0.3500
5781,-0.0439
5782,-0.1392
5783,-0.2942
5784,0.4428
5785,0.7330
5786,-0.2450
5787,-0.6013
5788,-0.7026
5789,-0.7424
5790,-0.1584
5791,0.2186
5792,1.3942
5793,-0.9563
5794,-0.9194
5795,1.2294
5796,-0.0626
5797,0.0805
5798,-0.1317
5799,0.0093
5800,-0.4306
5801,-0.6934
5802,0.5570
5803,-0.6625
5804,0.3870
5805,0.3260
5806,-1.0625
5807,-0.8925
5808,-0.5681
5809,-0.2855
5810,1.5106
5811,0.1858
5812,-0.8330
5813,-0.1259
5814,-0.1197
5815,-0.7071
5816,-0.2976
5817,-0.3922
5818,-0.5494
5819,-0.5425
5820,-0.2614
5821,-0.7584
5822,-0.6256
5823,-0.5075
5824,-0.5873
5825,-0.5249
5826,-0.3807
5827,0.1690
5828,0.4919
5829,1.2973
5830,-0.6324
5831,-0.4906
5832,-0.2695
5833,-0.6325
5834,0.4819
5835,-0.2214
5836,0.9141
5837,0.5059
5838,-0.2367
5839,0.3196
5840,-0.6058
5841,-0.5937
5842,0.4177
5843,-0.4582
5844,0.7522
5845,-0.0279
5846,-0.5944
5847,-0.2828
5848,-0.4778
5849,-0.1197
5850,-0.1301
5851,0.0766
5852,-0.0761
5853,-0.5106
5854,-0.0827
5855,0.1942
5856,1.0634
5857,0.5631
5858,-0.7002
5859,-0.6207
5860,-0.6925
5861,-0.5458
5862,-0.1048
5863,-0.6103
5864,-0.0701
5865,0.6468
5866,-0.2603
5867,-0.6425
5868,1.1665
5869,-0.3438
5870,-0.4717
5871,-0.9207
5872,-0.7125
5873,0.6296
5874,-0.2147
5875,0.1843
5876,0.0896
5877,-0.1738
5878,0.3672
5879,0.2987
5880,-0.0406
5881,-0.6328
5882,-0.3197
5883,-0.2713
5884,0.4330
5885,-0.6933
5886,-0.5215
5887,0.1290
5888,-0.6638
5889,0.1339
5890,-0.4545
5891,1.3910
5892,0.2706
5893,-0.3088
5894,0.2697
5895,-0.7868
5896,-0.0942
5897,-0.2628
5898,0.5363
5899,-0.7513
5900,-0.7361
5901,0.0914
5902,-0.8283
5903,-0.3551
5904,-0.8169
5905,-0.5264
5906,-0.4349
5907,-0.3791
5908,0.8084
5909,-0.3049
5910,0.9531
5911,-0.8244
5912,-0.3700
5913,-1.3996
5914,-0.9302
5915,-0.0333
5916,1.0664
5917,-0.2165
5918,-0.3232
5919,0.2727
5920,-0.5005
5921,-0.6839
5922,-0.2740
5923,0.1170
5924,1.0911
5925,0.1349
5926,1.2448
5927,0.1320
5928,-0.1925
5929,-0.8358
5930,0.5135
5931,-0.0799
5932,-0.6827
5933,-0.6238
5934,-0.2867
5935,0.9118
5936,-0.4684
5937,-0.0535
5938,0.1726
5939,-0.5993
5940,1.0758
5941,-0.4541
5942,-0.0962
5943,-0.2777
5944,-1.0480
5945,0.2493
5946,0.9426
5947,-0.4611
5948,-0.3545
5949,-0.4669
5950,1.2372
5951,-0.4019
5952,0.6834
5953,-0.6638
5954,0.7165
5955,-0.5042
5956,-0.2780
5957,1.3465
5958,-0.1039
5959,0.4415
5960,-0.7363
5961,-0.7887
5962,-0.1612
5963,-0.5681
5964,0.8473
5965,-0.6952
5966,-0.0628
5967,0.7773
5968,-0.4663
5969,-0.0466
5970,0.0104
5971,-0.9381
5972,-0.4379
5973,0.3122
5974,-0.7286
5975,-0.7833
5976,-0.1026
5977,0.2172
5978,0.4891
5979,0.0812
5980,-0.7469
5981,0.9677
5982,-0.0885
5983,-0.8121
5984,-0.1497
5985,-0.0390
5986,-0.5781
5987,-0.7211
5988,-1.1566
5989,1.3325
5990,0.2501
5991,-0.8641
5992,-0.1366
5993,0.2603
5994,-0.3148
5995,-0.7428
5996,-0.0811
5997,-0.2925
5998,1.2719
5999,0.2544
6000,-0.0437
6001,1.1536
6002,-0.3586
6003,-0.2631
6004,-0.6371
6005,-0.1517
6006,-0.8134
6007,-0.0367
6008,-0.7193
6009,0.6640
6010,-0.5803
6011,0.6807
6012,0.7870
6013,-0.2117
6014,-0.4218
6015,-0.1694
6016,-0.4814
6017,-0.2708
6018,-0.4522
6019,-0.2032
6020,0.1238
6021,-0.5405
6022,-0.5029
6023,-0.6984
6024,-0.8344
6025,0.1547
6026,-0.0876
6027,-1.2521
6028,-0.4908
6029,0.0110
6030,-0.4466
6031,-0.7621
6032,0.4810
6033,-0.6106
6034,0.0809
6035,-0.0884
6036,-0.6103
6037,-0.2108
6038,-0.2614
6039,-0.6272
6040,0.3777
6041,-0.1540
6042,0.1821
6043,-0.2887
6044,-0.5367
6045,-0.3476
6046,-0.1380
6047,-0.8887
6048,-0.0535
6049,-0.2388
6050,-0.6306
6051,-0.4357
6052,0.3289
6053,-0.2023
6054,0.1596
6055,0.6026
6056,0.1629
6057,-0.1608
6058,-0.9294
6059,-0.4823
6060,-0.9194
6061,-0.7733
6062,-0.8518
6063,0.7812
6064,0.3925
6065,-1.0042
6066,-0.6572
6067,0.0036
6068,-0.1831
6069,-0.4495
6070,-0.4912
6071,0.4177
6072,0.7673
6073,0.3626
6074,-0.2239
6075,0.6590
6076,-0.8330
6077,-0.2301
6078,-0.3948
6079,0.1632
6080,-0.6328
6081,-0.3576
6082,-0.1845
6083,-0.3488
6084,1.3197
6085,-0.8235
6086,-0.0997
6087,-0.7382
6088,0.3477
6089,-0.2615
6090,-0.7051
6091,-0.7764
6092,-0.4243
6093,-1.1797
6094,-0.4151
6095,0.6595
6096,-0.6804
6097,-0.7525
6098,-0.7806
6099,-0.3725
6100,0.3888
6101,0.0759
6102,0.6345
6103,-0.6429
6104,0.4612
6105,-0.4274
6106,1.4621
6107,-0.7551
6108,-0.6797
6109,-0.1917
6110,-0.7330
6111,-0.4501
6112,-0.7940
6113,-0.5125
6114,-0.7899
6115,0.6155
6116,-0.0755
6117,0.4737
6118,-0.4901
6119,0.4539
6120,0.0275
6121,-0.2888
6122,0.2228
6123,-0.9695
6124,-0.7585
6125,0.7785
6126,0.0511
6127,-0.1539
6128,-0.6763
6129,0.4410
6130,-0.5958
6131,0.1191
6132,0.7003
6133,-0.4324
6134,0.2073
6135,0.7127
6136,0.4503
6137,-1.0040
6138,-0.4014
6139,-1.2928
6140,-0.3070
6141,0.5018
6142,-0.6297
6143,-0.7874
6144,-0.2730
6145,-0.7788
6146,0.6279
6147,0.1593
6148,0.1271
6149,-0.8417
6150,0.9415
6151,-0.3545
6152,-0.9546
6153,-0.5329
6154,0.2595
6155,0.4861
6156,-0.6276
6157,1.1076
6158,0.1930
6159,-0.5237
6160,0.2318
6161,1.4965
6162,0.5793
6163,1.0953
6164,-0.9470
6165,-0.8547
6166,0.3718
6167,-0.8858
6168,0.0613
6169,-0.6745
6170,-0.3344
6171,-0.6788
6172,1.3511
6173,-0.3713
6174,0.6379
6175,-0.2497
6176,-0.7825
6177,-0.6954
6178,-0.3447
6179,-0.5915
6180,0.0215
6181,-0.7061
6182,-0.5812
6183,-1.2400
6184,1.1083
6185,-0.0286
6186,-0.4862
6187,0.0103
6188,0.4862
6189,-0.1284
6190,-0.3677
6191,0.2936
6192,-0.0866
6193,-0.6399
6194,-0.8459
6195,1.3708
6196,-1.0132
6197,-0.8723
6198,-0.2420
6199,0.8265
6200,0.1305
6201,0.0094
6202,-0.6354
6203,-0.1048
6204,1.1200
6205,-0.2411
6206,-0.2588
6207,-0.4254
6208,-0.3912
6209,-0.3152
6210,0.3578
6211,-0.4434
6212,-0.4653
6213,-0.9119
6214,1.4363
6215,-0.9155
6216,0.5535
6217,-0.8439
6218,-0.6379
6219,1.6499
6220,-0.2478
6221,0.4034
6222,0.2136
6223,-0.6892
6224,1.1359
6225,-0.8891
6226,-0.6844
6227,-1.0621
6228,-0.2423
6229,-0.6957
6230,-0.4896
6231,-0.8008
6232,-0.9201
6233,0.3570
6234,-1.0195
6235,-0.0203
6236,-0.6299
6237,0.0896
6238,-0.2926
6239,0.5850
6240,-0.9829
6241,-0.0482
6242,-0.5084
6243,-0.2695
6244,0.0410
6245,-0.0962
6246,-0.2746
6247,0.3371
6248,-0.1366
6249,0.4235
6250,-0.5735
6251,0.4769
6252,0.1256
6253,-0.5087
6254,-0.5846
6255,1.1083
6256,-0.2303
6257,0.0174
6258,0.2405
6259,-0.4802
6260,-0.4304
6261,-0.4983
6262,1.2024
6263,0.2168
6264,-0.4440
6265,1.3758
6266,-0.1257
6267,-0.6201
6268,-0.7427
6269,-0.2551
6270,-0.6284
6271,-0.7021
6272,0.8595
6273,0.3261
6274,-1.2124
6275,-0.2319
6276,-0.2083
6277,-0.3451
6278,-1.1417
6279,-0.0522
6280,-0.2811
6281,-0.8776
6282,-0.8931
6283,1.2514
6284,-0.4116
6285,-0.2765
6286,1.6679
6287,-0.5141
6288,0.2820
6289,-0.7067
6290,-0.9203
6291,-0.2164
6292,0.0435
6293,-0.5569
6294,-0.4316
6295,0.4082
6296,0.7170
6297,0.0238
6298,-0.3712
6299,0.0669
6300,-0.3313
6301,-0.8359
6302,-0.6407
6303,0.3185
6304,0.7972
6305,0.4205
6306,-0.1748
6307,0.2731
6308,-0.5932
6309,-0.6451
6310,-0.3147
6311,-0.6255
6312,-1.1364
6313,-0.1781
6314,-0.6218
6315,-0.7637
6316,-0.6984
6317,0.4958
6318,-0.7535
6319,-0.7604
6320,-0.7108
6321,-0.4398
6322,0.1001
6323,-0.2321
6324,-0.8730
6325,0.0178
6326,-0.9161
6327,-0.4224
6328,-0.8751
6329,0.0996
6330,-0.1757
6331,-0.6142
6332,1.0430
6333,-1.0462
6334,-0.3699
6335,0.4483
6336,1.0125
6337,-1.0233
6338,-0.5996
6339,-0.5946
6340,0.3373
6341,-0.3884
6342,-0.3549
6343,-0.6959
6344,0.0665
6345,0.7490
6346,0.5211
6347,-0.7142
6348,1.1171
6349,0.8221
6350,0.3936
6351,-0.6968
6352,-0.7829
6353,-0.6986
6354,-0.5835
6355,-0.3508
6356,-0.1802
6357,-0.6345
6358,-0.3081
6359,-0.7775
6360,-0.1079
6361,-0.4325
6362,-0.2138
6363,-0.3525
6364,-0.1762
6365,0.9106
6366,-0.8699
6367,-1.0621
6368,0.5185
6369,-0.1731
6370,-0.3182
6371,-0.8505
6372,-0.9564
6373,-1.0660
6374,-0.5832
6375,-0.6808
6376,0.2826
6377,-0.9509
6378,0.0066
6379,-0.1619
6380,-0.7563
6381,-0.2659
6382,0.2913
6383,-0.0792
6384,-0.7215
6385,-0.5151
6386,0.5581
6387,0.6505
6388,0.3426
6389,0.8222
6390,0.0507
6391,0.1397
6392,-0.0907
6393,-0.8563
6394,-0.1202
6395,-0.8487
6396,0.0113
6397,0.4989
6398,-0.7162
6399,-0.7727
6400,-0.4792
6401,1.1221
6402,0.0538
6403,-0.7465
6404,-0.3949
6405,-0.2434
6406,-0.4007
6407,-0.5784
6408,-0.8416
6409,-0.1634
6410,-0.7985
6411,0.4819
6412,-1.0029
6413,-0.3806
6414,0.4259
6415,0.8212
6416,-0.8568
6417,0.3541
6418,-0.4650
6419,-0.7433
6420,-0.9671
6421,0.2038
6422,0.3189
6423,-0.2035
6424,-0.8553
6425,-0.3910
6426,0.7144
6427,-0.0274
6428,0.2782
6429,-0.6900
6430,-0.3886
6431,-0.6459
6432,0.9037
6433,-0.0962
6434,0.6477
6435,0.6236
6436,-0.0040
6437,-0.4819
6438,-0.1359
6439,0.1922
6440,-0.4714
6441,1.0364
6442,-0.3305
6443,-0.2921
6444,-0.7713
6445,-0.6990
6446,-0.5879
6447,-0.2274
6448,-0.3110
6449,0.6476
6450,-0.4682
6451,1.1604
6452,-0.4788
6453,-0.5831
6454,-0.0573
6455,-0.4521
6456,-0.2000
6457,1.1241
6458,-0.6425
6459,-0.9913
6460,0.4422
6461,-0.4544
6462,0.3253
6463,-0.2607
6464,-0.4888
6465,-0.4187
6466,-0.4814
6467,-0.3659
6468,-1.2745
6469,1.1388
6470,-0.5302
6471,-0.7096
6472,-0.7736
6473,0.1483
6474,-1.0846
6475,0.2738
6476,0.7180
6477,-0.5074
6478,0.8189
6479,0.7121
6480,-0.4327
6481,0.1784
6482,-0.1261
6483,-0.2481
6484,-0.4116
6485,-0.7383
6486,-0.8397
6487,1.5633
6488,-0.6402
6489,-0.1734
6490,-1.0963
6491,-0.5685
6492,-0.4800
6493,-0.4306
6494,0.0339
6495,-0.1262
6496,-0.6330
6497,0.2366
6498,-0.6507
6499,0.0241
6500,-0.7122
6501,0.0532
6502,0.2458
6503,-0.0933
6504,-0.3366
6505,-0.0934
6506,0.7640
6507,-1.2099
6508,0.6951
6509,0.8608
6510,-0.6039
6511,-1.1839
6512,-0.2627
6513,-1.0292
6514,-0.1751
6515,0.5069
6516,-0.1980
6517,-0.1803
6518,0.6130
6519,-0.5144
6520,0.2295
6521,0.1639
6522,-0.9820
6523,-0.6745
6524,-0.2677
6525,-0.0803
6526,-0.4286
6527,1.0763
6528,-0.2514
6529,-0.7398
6530,-0.5176
6531,0.1526
6532,0.0062
6533,1.2879
6534,0.1972
6535,-0.3091
6536,0.2117
6537,0.4490
6538,0.4409
6539,-0.1724
6540,-0.8935
6541,0.8187
6542,-0.7830
6543,-0.1367
6544,1.2091
6545,0.9960
6546,-0.5051
6547,-0.4143
6548,-0.5257
6549,0.1451
6550,-0.0751
6551,-0.8866
6552,-0.5218
6553,-0.3460
6554,-0.4766
6555,-0.4178
6556,-0.5826
6557,-0.0149
6558,-0.6258
6559,-0.7608
6560,-0.3328
6561,-1.0351
6562,0.9493
6563,0.8107
6564,0.4006
6565,1.0493
6566,-0.2503
6567,-0.4963
6568,0.2224
6569,-0.8339
6570,-0.7683
6571,0.0952
6572,-0.5695
6573,-0.3387
6574,-0.5784
6575,-0.6177
6576,-0.2785
6577,0.4921
6578,0.3059
6579,-1.2502
6580,-0.2244
6581,-1.3832
6582,-0.6030
6583,-0.6126
6584,-0.2654
6585,-0.1988
6586,-0.8707
6587,0.1002
6588,-0.7575
6589,-0.9547
6590,-0.8538
6591,-0.1995
6592,-1.2926
6593,-0.3991
6594,1.1387
6595,0.5125
6596,-0.8796
6597,-0.1359
6598,0.7468
6599,-0.5620
6600,-0.2379
6601,0.8739
6602,0.5449
6603,-0.3814
6604,-0.2328
6605,-0.8171
6606,0.6404
6607,0.6093
6608,1.0185
6609,0.0120
6610,0.3289
6611,0.6770
6612,0.2278
6613,0.3047
6614,0.4562
6615,-0.7452
6616,0.8595
6617,-0.5521
6618,0.2684
6619,-0.4037
6620,-0.0714
6621,0.0355
6622,-0.4749
6623,-0.4507
6624,-0.0108
6625,1.1341
6626,-0.6619
6627,-0.9188
6628,-0.2595
6629,0.2118
6630,-0.1306
6631,0.2206
6632,0.3602
6633,0.0291
6634,0.2300
6635,-0.7841
6636,-0.1993
6637,-0.3934
6638,-1.1705
6639,0.5630
6640,-0.1650
6641,0.8676
6642,-0.8853
6643,-0.8568
6644,-1.2031
6645,0.3791
6646,-0.5480
6647,-0.2750
6648,-0.0572
6649,-0.0630
6650,-0.4829
6651,0.5962
6652,-0.7379
6653,-0.6752
6654,0.7101
6655,-0.0563
6656,-0.5979
6657,-0.1171
6658,0.5233
6659,-0.5792
6660,-0.9497
6661,-0.1683
6662,-0.5362
6663,-0.5002
6664,-0.5743
6665,-0.6310
6666,-0.3080
6667,0.0254
6668,-0.1203
6669,-0.2740
6670,-1.1468
6671,-0.3652
6672,0.1728
6673,0.6786
6674,-0.7834
6675,-0.9581
6676,0.2738
6677,-0.4865
6678,-0.2101
6679,-0.4778
6680,-0.4225
6681,-0.0645
6682,0.3223
6683,-0.0807
6684,0.3758
6685,0.7417
6686,1.4484
6687,-0.7921
6688,-0.9252
6689,-0.4806
6690,-0.7910
6691,0.8552
6692,-0.4609
6693,-0.5590
6694,0.0485
6695,-0.5232
6696,-0.6187
6697,-0.4629
6698,-0.7776
6699,-0.5601
6700,-0.0246
6701,-0.9188
6702,0.3768
6703,0.8135
6704,0.0479
6705,-0.8830
6706,-0.0970
6707,-0.2491
6708,0.0844
6709,0.2947
6710,0.3637
6711,-0.5731
6712,1.6421
6713,-0.3701
6714,0.9442
6715,-0.5574
6716,-0.2184
6717,-0.7704
6718,-1.0286
6719,-0.7121
6720,-0.6102
6721,-0.6197
6722,0.1927
6723,-0.2970
6724,0.2568
6725,-0.8857
6726,-0.3474
6727,0.0669
6728,-0.9325
6729,-0.0530
6730,0.0867
6731,-0.6838
6732,0.5289
6733,-0.3522
6734,-0.4498
6735,-0.6504
6736,0.1015
6737,-0.1435
6738,-0.8659
6739,-0.4772
6740,0.8708
6741,-0.7819
6742,-0.3868
6743,-0.7108
6744,1.1313
6745,-0.1288
6746,-0.3180
6747,-0.5980
6748,-0.4762
6749,-0.8008
6750,0.4482
6751,0.5308
6752,0.6083
6753,-1.0252
6754,-0.2390
6755,-0.5365
6756,0.8080
6757,-0.3653
6758,-0.3643
6759,-0.4881
6760,0.0737
6761,-0.6930
6762,1.0223
6763,-0.3902
6764,-0.3278
6765,0.8650
6766,-0.1524
6767,-0.0758
6768,-0.0303
6769,1.2193
6770,0.4267
6771,-0.8124
6772,0.4661
6773,-0.4447
6774,-0.4457
6775,-0.8286
6776,0.4238
6777,-0.1850
6778,-0.2592
6779,0.4340
6780,-0.3620
6781,-0.3884
6782,-0.4521
6783,0.2533
6784,-0.2497
6785,1.1527
6786,1.1285
6787,1.2048
6788,-0.9635
6789,-0.7106
6790,-0.5430
6791,0.2301
6792,-0.7670
6793,-0.2255
6794,-0.9083
6795,0.2873
6796,-0.6780
6797,-0.0064
6798,0.0214
6799,-0.0751
6800,0.6610
6801,0.4904
6802,-0.2973
6803,-0.1543
6804,-0.5473
6805,-1.1592
6806,0.1043
6807,0.4761
6808,0.3398
6809,-0.1323
6810,-0.4885
6811,-0.8120
6812,0.8279
6813,-0.1117
6814,-0.8901
6815,0.1075
6816,-0.4877
6817,-1.0093
6818,0.7562
6819,-0.4710
6820,-0.9372
6821,-0.0670
6822,-0.0926
6823,-0.5413
6824,-0.3820
6825,-0.2948
6826,-0.4423
6827,0.1875
6828,1.1343
6829,-0.3586
6830,0.7808
6831,-0.5651
6832,-0.4811
6833,-0.8479
6834,-0.1118
6835,-0.3666
6836,0.6923
6837,-0.6022
6838,0.2070
6839,-0.8203
6840,0.2768
6841,-0.6585
6842,0.2667
6843,-0.2989
6844,-0.1753
6845,-0.7644
6846,-0.2448
6847,-0.5536
6848,0.1602
6849,1.4695
6850,0.2932
6851,0.3793
6852,0.2868
6853,0.3664
6854,-0.4310
6855,0.7516
6856,-0.3727
6857,-0.4324
6858,-0.3058
6859,0.2671
6860,-0.9360
6861,-0.2076
6862,0.9569
6863,-0.5839
6864,-0.7275
6865,-0.4605
6866,-0.5863
6867,-0.0097
6868,-0.3480
6869,-1.0545
6870,-0.4134
6871,0.9415
6872,0.0480
6873,-0.7651
6874,0.8281
6875,-0.2190
6876,0.6355
6877,0.0340
6878,-0.0025
6879,0.3363
6880,-0.2604
6881,-0.8459
6882,-0.2677
6883,-0.4422
6884,0.5410
6885,-0.4259
6886,-0.7689
6887,-0.9868
6888,-0.7711
6889,-0.1782
6890,-0.2957
6891,-0.5544
6892,0.2964
6893,-0.5334
6894,-0.8011
6895,1.2947
6896,-1.1664
6897,-1.3398
6898,-0.8313
6899,-0.8999
6900,-0.4365
6901,-0.1510
6902,-0.7926
6903,-0.3076
6904,0.2714
6905,1.3243
6906,-0.5348
6907,-0.4766
6908,1.0534
6909,0.0194
6910,0.2143
6911,-0.5154
6912,0.3802
6913,-0.8478
6914,-0.8099
6915,1.1564
6916,0.7123
6917,-0.1171
6918,-0.8421
6919,-0.0912
6920,-0.7458
6921,0.0205
6922,0.2355
6923,-0.4783
6924,0.7559
6925,0.6564
6926,0.5227
6927,-0.6188
6928,-0.5267
6929,-0.1276
6930,0.5945
6931,0.3378
6932,1.3992
6933,-0.9687
6934,-0.0192
6935,-1.0594
6936,-0.6836
6937,-0.5457
6938,-1.2526
6939,-0.1502
6940,-1.0450
6941,0.0486
6942,-0.4967
6943,0.1829
6944,0.0470
6945,-0.5895
6946,-0.2582
6947,-0.6895
6948,-0.5863
6949,-0.1800
6950,-0.2027
6951,-0.2381
6952,-0.9315
6953,-0.3241
6954,-0.1830
6955,0.0435
6956,1.1128
6957,-0.1598
6958,-0.1704
6959,0.9205
6960,0.5101
6961,-0.1699
6962,-0.9959
6963,-0.4174
6964,-0.5819
6965,-0.3527
6966,-0.6014
6967,-0.8753
6968,-0.6230
6969,-0.9074
6970,0.2123
6971,-0.4930
6972,0.0650
6973,-0.5997
6974,-0.4477
6975,-0.6179
6976,-0.6512
6977,-0.9728
6978,-0.3066
6979,-0.5561
6980,-0.7208
6981,-0.5953
6982,-0.5479
6983,-0.3035
6984,-0.0421
6985,0.7106
6986,0.2968
6987,-0.2295
6988,0.5109
6989,1.2513
6990,0.5508
6991,-0.4645
6992,-0.8698
6993,0.8155
6994,0.0240
6995,0.8744
6996,-0.5183
6997,-0.5187
6998,0.7327
6999,-1.0927
7000,-0.7569
7001,0.4193
7002,-0.4029
7003,0.1006
7004,-0.3077
7005,1.1604
7006,-0.5683
7007,-0.0235
7008,-0.2835
7009,-0.4284
7010,-0.4598
7011,0.6944
7012,0.0081
7013,0.7937
7014,0.0481
7015,-0.5361
7016,-0.2184
7017,-0.9758
7018,-0.6540
7019,-0.1454
7020,-0.5910
7021,-0.9189
7022,-0.2170
7023,-0.8570
7024,-0.7969
7025,0.1996
7026,0.1196
7027,0.1606
7028,0.6030
7029,0.3474
7030,0.4381
7031,0.6353
7032,-0.4681
7033,-0.2871
7034,0.1213
7035,0.5292
7036,-0.0047
7037,-0.1053
7038,-0.7087
7039,-0.3411
7040,-0.2896
7041,-0.2200
7042,-0.2124
7043,-0.7862
7044,-0.2150
7045,-0.2041
7046,-0.9930
7047,-0.6562
7048,0.1485
7049,0.7718
7050,-1.3536
7051,-0.7100
7052,-0.1387
7053,0.5472
7054,-0.3188
7055,-0.9804
7056,-0.4859
7057,0.0767
7058,-1.0467
7059,-0.0508
7060,-0.6297
7061,-0.5586
7062,-0.7575
7063,-0.5156
7064,-0.1986
7065,1.0166
7066,-0.3912
7067,0.0418
7068,-0.1832
7069,-0.7106
7070,-0.7458
7071,-0.6164
7072,1.4615
7073,-0.9328
7074,-0.9382
7075,0.0580
7076,-1.0043
7077,-0.9557
7078,-0.1744
7079,-0.7471
7080,-0.9162
7081,0.0810
7082,-0.4945
7083,-0.4239
7084,-0.0119
7085,-0.3681
7086,-0.3912
7087,-0.3226
7088,-0.2857
7089,-0.2167
7090,-0.7024
7091,-0.1713
7092,-0.7759
7093,-0.8888
7094,-1.0840
7095,-0.3395
7096,-0.6942
7097,0.4798
7098,-0.4584
7099,-0.1821
7100,0.5889
7101,0.1967
7102,-0.2927
7103,-0.0485
7104,-0.6785
7105,-1.1740
7106,-0.6401
7107,-0.9847
7108,-0.3075
7109,-0.7581
7110,-0.4848
7111,0.1871
7112,-0.8474
7113,0.0494
7114,-0.4909
7115,-1.0883
7116,-0.4620
7117,-0.6003
7118,-0.3554
7119,-0.4565
7120,-0.8325
7121,-0.9582
7122,-0.3196
7123,0.5167
7124,-0.7262
7125,0.2560
7126,-1.0575
7127,-0.7699
7128,0.5276
7129,0.0229
7130,0.2005
7131,-0.7862
7132,-0.6715
7133,1.5232
7134,0.1959
7135,0.1263
7136,0.3000
7137,1.5959
7138,0.3105
7139,0.2111
7140,-0.5889
7141,-0.6975
7142,-0.6258
7143,-0.5360
7144,-0.8287
7145,0.4440
7146,-0.5628
7147,-0.5293
7148,0.8715
7149,0.0283
7150,-0.8170
7151,-0.7383
7152,0.2315
7153,-0.3851
7154,-0.5059
7155,-0.8628
7156,0.0716
7157,0.4307
7158,-0.0383
7159,-0.7777
7160,0.3198
7161,-0.3995
7162,-0.4633
7163,-0.3494
7164,-0.0013
7165,0.4047
7166,-0.6692
7167,-0.1832
7168,-0.3039
7169,-0.0494
7170,-0.3909
7171,0.2839
7172,-0.4038
7173,-0.6209
7174,-0.7224
7175,0.0060
7176,-0.6813
7177,0.1443
7178,0.4014
7179,-0.3548
7180,-0.2668
7181,-0.1092
7182,0.0134
7183,-0.4932
7184,-0.8318
7185,-0.4802
7186,-0.9175
7187,-0.4729
7188,-0.3925
7189,0.8117
7190,-0.3002
7191,-0.0933
7192,-0.1411
7193,-0.2596
7194,-0.6822
7195,-0.9588
7196,0.1315
7197,-0.4612
7198,0.4523
7199,0.4320
7200,0.7619
7201,-0.7368
7202,0.9149
7203,0.7151
7204,0.6024
7205,-0.6297
7206,0.9478
7207,-0.2131
7208,0.3750
7209,1.2456
7210,0.4015
7211,0.7034
7212,-0.1740
7213,0.4715
7214,-0.1795
7215,0.2853
7216,-0.8752
7217,-0.6051
7218,-0.5550
7219,-0.1647
7220,0.2373
7221,0.3941
7222,-0.6249
7223,-0.8648
7224,0.7058
7225,-0.1752
7226,-0.6563
7227,-0.2395
7228,-0.4495
7229,-0.4923
7230,0.0594
7231,0.4512
7232,0.2948
7233,-0.0995
7234,-0.3968
7235,0.7319
7236,0.1783
7237,-0.3257
7238,-0.6826
7239,0.0190
7240,0.5656
7241,1.1569
7242,-0.6474
7243,-0.5166
7244,-0.2598
7245,-0.3341
7246,-0.2722
7247,0.3555
7248,-1.0054
7249,0.2938
7250,-0.3219
7251,-0.0773
7252,-0.8367
7253,-0.9161
7254,-0.9054
7255,0.0481
7256,-0.5943
7257,-1.1683
7258,1.5964
7259,-0.5799
7260,-1.0256
7261,-1.0258
7262,-1.0772
7263,-0.7232
7264,-0.3209
7265,-0.6541
7266,-0.6945
7267,-1.2129
7268,-0.5994
7269,-0.9335
7270,1.2421
7271,0.3448
7272,-0.2834
7273,-0.4079
7274,0.4524
7275,-0.0285
7276,-0.5461
7277,0.1290
7278,-0.3985
7279,-0.7329
7280,-0.0416
7281,-0.7556
7282,0.0810
7283,-0.2363
7284,0.1311
7285,0.9785
7286,-0.6687
7287,-0.2186
7288,0.8437
7289,-0.1715
7290,-0.3153
7291,-0.6730
7292,-0.4696
7293,0.5739
7294,-0.0578
7295,-0.9485
7296,-0.3003
7297,-0.6782
7298,0.3436
7299,-0.8875
7300,0.7280
7301,0.0738
7302,0.4814
7303,0.3678
7304,0.0276
7305,-0.4307
7306,0.1199
7307,-0.6610
7308,-0.4443
7309,-0.1868
7310,0.4577
7311,1.0340
7312,-0.7464
7313,1.1381
7314,-0.1568
7315,0.5353
7316,-0.2432
7317,-0.1416
7318,-0.7892
7319,-0.3285
7320,-0.9716
7321,-0.4536
7322,-0.1711
7323,1.0275
7324,-0.3879
7325,-0.6476
7326,-0.7758
7327,0.0431
7328,-0.5650
7329,-1.0467
7330,1.1873
7331,-0.0502
7332,-0.5679
7333,0.1481
7334,-0.8244
7335,-0.5372
7336,0.6517
7337,0.2113
7338,-0.0653
7339,-0.9095
7340,0.1027
7341,-0.2431
7342,0.8189
7343,0.0282
7344,0.2262
7345,-0.3128
7346,-0.8069
7347,-0.7004
7348,-0.4016
7349,-0.3256
7350,0.2715
7351,-0.4904
7352,-0.7165
7353,-0.0302
7354,-0.5281
7355,0.8062
7356,-1.0954
7357,-0.2805
7358,-1.1953
7359,1.0901
7360,-0.4197
7361,-0.0989
7362,-0.5731
7363,-0.2197
7364,-0.3976
7365,-0.4209
7366,-0.5696
7367,-0.9396
7368,-0.0273
7369,-0.5442
7370,0.4116
7371,-0.1186
7372,0.1094
7373,-0.8056
7374,-0.7460
7375,-0.3964
7376,-0.6645
7377,0.1550
7378,-1.0022
7379,-0.8285
7380,-0.0053
7381,-0.7361
7382,-0.8640
7383,-0.7018
7384,-0.6425
7385,-0.3232
7386,-0.3233
7387,0.3182
7388,-0.3394
7389,-0.9018
7390,0.4394
7391,-0.4752
7392,0.1778
7393,-0.0190
7394,0.5553
7395,-0.2434
7396,-0.2352
7397,-0.5978
7398,-0.3608
7399,-0.9632
7400,0.1392
7401,-0.6593
7402,-0.0033
7403,-0.7945
7404,-0.6171
7405,-0.1008
7406,-0.7407
7407,0.4793
7408,-0.3893
7409,0.1844
7410,0.3072
7411,-0.9371
7412,0.4551
7413,-0.9982
7414,0.2692
7415,0.5272
7416,-0.1423
7417,-0.5236
7418,-0.1807
7419,0.5990
7420,-0.2860
7421,-0.6789
7422,-0.0676
7423,0.0664
7424,0.7332
7425,1.0226
7426,-0.4295
7427,-0.7991
7428,-0.5358
7429,-0.1185
7430,-0.0167
7431,-0.0043
7432,-0.5231
7433,0.1866
7434,-0.8711
7435,1.1162
7436,0.0232
7437,-0.6402
7438,-0.2720
7439,-1.0073
7440,-0.6417
7441,-0.5655
7442,-0.6296
7443,0.1141
7444,-0.1492
7445,-0.2336
7446,0.1524
7447,-0.6282
7448,-0.2937
7449,-0.2813
7450,-0.6234
7451,-0.4372
7452,-0.6405
7453,0.0851
7454,-0.5904
7455,0.3966
7456,-0.4341
7457,-0.2183
7458,0.3942
7459,0.0598
7460,0.0347
7461,-0.9711
7462,-0.4333
7463,-0.5301
7464,-0.4533
7465,-0.8224
7466,-0.0998
7467,0.5749
7468,-0.2609
7469,-0.0311
7470,-0.8612
7471,-0.6132
7472,-0.8546
7473,-0.0545
7474,-0.6228
7475,-0.9273
7476,0.4070
7477,0.7521
7478,0.4898
7479,0.4799
7480,-0.4738
7481,-0.3343
7482,-0.4099
7483,0.8552
7484,-0.0356
7485,0.6055
7486,-0.1857
7487,-0.8251
7488,1.5976
7489,-0.4786
7490,0.0699
7491,-0.8950
7492,-0.7753
7493,-0.0825
7494,0.3252
7495,-0.4460
7496,0.4072
7497,0.6845
7498,-0.0957
7499,-0.6896
7500,0.0414
7501,-0.9066
7502,-0.5311
7503,-0.6591
7504,-0.5508
7505,-0.4588
7506,1.0314
7507,-0.3841
7508,0.4148
7509,0.5132
7510,0.4068
7511,-0.9764
7512,-0.6335
7513,0.0864
7514,-0.2080
7515,-0.1985
7516,0.0445
7517,0.5834
7518,-0.7133
7519,-1.0844
7520,-0.8095
7521,0.1095
7522,-0.6392
7523,-0.6124
7524,0.7342
7525,-0.5026
7526,0.2301
7527,0.8411
7528,-0.3506
7529,-0.3774
7530,-0.8281
7531,-0.6314
7532,-0.5474
7533,-0.5541
7534,1.0664
7535,-0.9714
7536,-0.0369
7537,0.0982
7538,0.0792
7539,-0.0638
7540,-0.4421
7541,0.0979
7542,0.5672
7543,-0.2111
7544,0.6177
7545,-0.0495
7546,-0.7761
7547,0.6108
7548,-0.7066
7549,1.7433
7550,-0.6599
7551,-0.5172
7552,0.0645
7553,-0.9528
7554,0.1349
7555,-0.5434
7556,1.6209
7557,-0.0836
7558,0.1360
7559,0.0552
7560,-0.7647
7561,-0.6533
7562,-0.6303
7563,-0.4287
7564,-0.6693
7565,-0.7397
7566,-0.7904
7567,-0.3437
7568,-0.2516
7569,-0.5676
7570,-0.8513
7571,-0.8599
7572,0.2952
7573,-0.0730
7574,0.1457
7575,0.2548
7576,0.8837
7577,-0.9400
7578,0.0440
7579,-0.3293
7580,-0.9023
7581,0.7258
7582,-0.1745
7583,-0.8521
7584,-0.7783
7585,-0.8359
7586,0.2196
7587,1.5014
7588,-0.1334
7589,-0.5360
7590,0.3505
7591,-0.3433
7592,-0.6983
7593,-0.3379
7594,0.0252
7595,-0.1373
7596,-0.3878
7597,-0.7550
7598,-0.9576
7599,0.4840
7600,-0.3201
7601,-0.4577
7602,-0.6001
7603,-0.2005
7604,0.6954
7605,0.0074
7606,-0.7176
7607,1.5772
7608,-0.8010
7609,0.8179
7610,-0.5394
7611,-0.2865
7612,0.4345
7613,1.1085
7614,-0.8669
7615,-0.6608
7616,0.7179
7617,-0.3593
7618,0.2891
7619,-0.3369
7620,0.3143
7621,-0.4499
7622,0.0407
7623,-1.0000
7624,0.8158
7625,-0.8358
7626,-0.1320
7627,0.1121
7628,0.3995
7629,-0.4344
7630,-0.0294
7631,-0.1501
7632,1.3239
7633,-0.0130
7634,-0.5868
7635,-0.0458
7636,0.0906
7637,-0.4241
7638,-0.0674
7639,-0.4742
7640,0.6543
7641,0.1089
7642,0.6625
7643,-0.2982
7644,-0.5471
7645,0.1039
7646,-0.0867
7647,-1.0081
7648,-0.6286
7649,0.6224
7650,0.3312
7651,-0.7311
7652,-0.4341
7653,-0.5014
7654,-0.6136
7655,-0.1448
7656,0.2842
7657,0.0497
7658,0.1470
7659,0.2119
7660,0.1115
7661,0.1434
7662,-0.1478
7663,-0.5322
7664,-0.6395
7665,-0.2390
7666,-0.2480
7667,0.5938
7668,0.2166
7669,-0.4065
7670,0.2796
7671,0.1984
7672,-1.1558
7673,0.1902
7674,0.3055
7675,0.0915
7676,-0.2093
7677,0.8180
7678,-0.9958
7679,-0.9331
7680,-0.1040
7681,-0.3748
7682,-0.3255
7683,-0.2830
7684,-0.7562
7685,-0.2230
7686,-0.1807
7687,-0.6972
7688,-0.1286
7689,-0.7716
7690,0.3757
7691,-0.4502
7692,0.2686
7693,-0.8137
7694,-0.7369
7695,0.4496
7696,-0.4421
7697,-0.1561
7698,-0.2860
7699,-0.4394
7700,-0.2684
7701,0.4249
7702,-0.0883
7703,-0.2258
7704,1.1781
7705,-0.2630
7706,0.0339
7707,-0.9663
7708,-0.7053
7709,-0.3793
7710,-0.1553
7711,0.0023
7712,0.2037
7713,0.2652
7714,0.4983
7715,0.4540
7716,-0.1764
7717,-0.2034
7718,0.2544
7719,-0.5349
7720,-0.9450
7721,-0.0178
7722,-0.1856
7723,-0.1541
7724,-0.6040
7725,-0.5512
7726,0.2477
7727,-0.5523
7728,-1.0803
7729,-0.0346
7730,0.1216
7731,0.6833
7732,0.9949
7733,-0.0744
7734,-0.1450
7735,-0.0773
7736,0.2831
7737,-0.2213
7738,-0.0758
7739,0.6082
7740,-0.5125
7741,1.0752
7742,0.1308
7743,-0.1251
7744,-1.2367
7745,0.7482
7746,-0.8499
7747,0.1929
7748,-0.5976
7749,-1.0245
7750,0.5763
7751,-0.9791
7752,0.1061
7753,-0.0571
7754,0.4192
7755,-0.5508
7756,0.2130
7757,-0.3345
7758,-0.2293
7759,1.1450
7760,-0.8468
7761,-0.1082
7762,-0.4534
7763,-0.0325
7764,-1.1977
7765,-0.1381
7766,-0.5811
7767,-0.0743
7768,-0.6806
7769,-0.3768
7770,1.2025
7771,0.8266
7772,-0.8652
7773,-0.3727
7774,-0.3538
7775,-0.5839
7776,-0.0561
7777,0.3146
7778,-0.5963
7779,-1.0375
7780,0.5775
7781,0.8786
7782,-0.3797
7783,0.1058
7784,-0.4273
7785,-0.3708
7786,0.1053
7787,-1.3691
7788,-0.5904
7789,0.1455
7790,-0.4707
7791,0.0478
7792,-0.5148
7793,-0.6252
7794,-0.0307
7795,0.3341
7796,-1.0869
7797,-0.4442
7798,-0.4843
7799,-0.6626
7800,-0.4942
7801,-0.0844
7802,-0.6609
7803,-1.0010
7804,0.0943
7805,-0.1620
7806,-0.2609
7807,1.1970
7808,-0.4964
7809,0.8930
7810,0.0602
7811,-0.9056
7812,-0.2065
7813,-0.5235
7814,-0.1767
7815,-0.9926
7816,-0.8305
7817,-1.0906
7818,0.1633
7819,-0.7643
7820,-0.3495
7821,-0.4690
7822,-0.1661
7823,0.3151
7824,-0.7602
7825,-0.3959
7826,-0.2665
7827,-0.2332
7828,-0.6506
7829,-1.1265
7830,-0.5732
7831,-0.6624
7832,-0.6893
7833,-0.3133
7834,-0.2438
7835,-0.2929
7836,0.5095
7837,-0.1687
7838,0.1591
7839,-0.3179
7840,-0.4733
7841,0.7441
7842,0.2013
7843,-0.3709
7844,-0.4759
7845,-0.1519
7846,-0.3429
7847,-0.6112
7848,0.2421
7849,-0.5005
7850,-0.8670
7851,-0.2618
7852,-0.2677
7853,-0.3343
7854,-0.1196
7855,0.3770
7856,-1.2221
7857,-0.7910
7858,-0.6796
7859,1.6712
7860,1.1335
7861,-0.3900
7862,-0.6115
7863,0.3899
7864,0.0733
7865,-0.2843
7866,0.0437
7867,0.2345
7868,-0.3055
7869,-0.6865
7870,-0.5759
7871,-0.0758
7872,-0.9044
7873,-0.6280
7874,-0.1768
7875,0.5760
7876,0.0061
7877,0.0040
7878,-0.4132
7879,-0.1505
7880,0.8983
7881,-0.5931
7882,-0.1421
7883,0.0859
7884,-0.8546
7885,0.0204
7886,-0.5358
7887,0.3536
7888,-0.6144
7889,-0.8371
7890,-0.3785
7891,0.0955
7892,-0.0728
7893,-0.7523
7894,-1.1380
7895,-0.2485
7896,-0.3516
7897,-0.8945
7898,-0.6369
7899,-0.7263
7900,1.5904
7901,0.1798
7902,-0.7831
7903,-0.0027
7904,-0.4550
7905,-0.3388
7906,-0.7755
7907,0.2098
7908,-0.6185
7909,-0.5046
7910,0.4523
7911,0.0231
7912,0.7315
7913,-0.2189
7914,0.9585
7915,0.8618
7916,-0.5082
7917,-0.4146
7918,-0.5906
7919,-0.1600
7920,0.3911
7921,-0.0880
7922,0.8222
7923,-0.9247
7924,-0.5184
7925,-0.7065
7926,-0.7833
7927,0.0989
7928,0.6872
7929,-0.6399
7930,-0.2084
7931,-0.4695
7932,-0.0302
7933,0.1975
7934,-0.1525
7935,-0.4297
7936,0.7561
7937,1.4919
7938,-0.8071
7939,-0.2040
7940,0.3283
7941,-0.9314
7942,-0.7893
7943,-0.1054
7944,-0.0643
7945,1.1352
7946,-0.6018
7947,0.3982
7948,-0.5442
7949,-0.6147
7950,0.7844
7951,-0.3178
7952,-0.4772
7953,-0.7746
7954,1.1338
7955,0.2467
7956,-0.2945
7957,0.1210
7958,-0.9883
7959,-0.6953
7960,0.2452
7961,-0.0954
7962,-1.0086
7963,-0.8820
7964,-0.5318
7965,-0.2071
7966,-0.5338
7967,-0.5867
7968,0.1542
7969,0.0648
7970,-0.8624
7971,0.4554
7972,0.1892
7973,0.0828
7974,-0.6938
7975,-0.5042
7976,0.7349
7977,-0.0598
7978,0.8465
7979,-0.8642
7980,0.3525
7981,0.4676
7982,-0.7728
7983,-0.9050
7984,-0.6366
7985,-0.5660
7986,0.9039
7987,-0.3375
7988,-1.1055
7989,-0.4552
7990,1.4160
7991,-0.7892
7992,0.5068
7993,-0.1781
7994,0.2302
7995,-0.6146
7996,1.3216
7997,0.8959
7998,-0.4465
7999,-0.3682
8000,-0.9899
8001,-0.3702
8002,0.5016
8003,-0.1446
8004,-0.0240
8005,-0.2408
8006,-0.1921
8007,-0.7526
8008,-0.4251
8009,0.3095
8010,-0.1392
8011,0.4184
8012,-0.9141
8013,-0.7383
8014,0.6124
8015,-0.3301
8016,0.0153
8017,-0.9058
8018,0.2767
8019,-0.4882
8020,-0.8377
8021,0.3504
8022,-0.7524
8023,-0.3500
8024,-0.4524
8025,-0.9111
8026,-0.7857
8027,0.1981
8028,0.2907
8029,-0.2672
8030,-0.7422
8031,-0.9573
8032,-0.0371
8033,1.6890
8034,-0.4361
8035,0.9136
8036,-0.2934
8037,-0.2799
8038,-0.7017
8039,-0.7897
8040,-0.6100
8041,1.0381
8042,0.0801
8043,-0.8980
8044,0.7548
8045,-0.4750
8046,1.5579
8047,-0.7943
8048,-0.1350
8049,0.1699
8050,-1.0097
8051,-0.2504
8052,0.6851
8053,-0.7620
8054,0.9179
8055,-0.0439
8056,0.9402
8057,-0.7660
8058,-0.8180
8059,0.8137
8060,0.1586
8061,0.2119
8062,-0.6244
8063,-0.5187
8064,-0.0186
8065,0.0838
8066,-0.9840
8067,-0.7364
8068,-0.3035
8069,-0.8875
8070,-0.4439
8071,-0.2944
8072,-0.6659
8073,-0.7949
8074,0.3416
8075,-0.3385
8076,0.3895
8077,-0.7855
8078,-0.9078
8079,-0.1024
8080,-0.0876
8081,-0.8940
8082,0.4499
8083,0.2894
8084,-0.1439
8085,-0.6598
8086,-0.5340
8087,0.3323
8088,-0.6802
8089,-0.4346
8090,0.0115
8091,-0.2344
8092,-0.1756
8093,0.3362
8094,-0.7112
8095,0.2252
8096,0.1575
8097,-0.0718
8098,-0.8149
8099,-0.0892
8100,-0.8744
8101,-0.8989
8102,0.0516
8103,-0.2318
8104,1.1463
8105,-0.2941
8106,1.1325
8107,0.6383
8108,0.1383
8109,-0.9639
8110,-0.2483
8111,0.0719
8112,-0.7961
8113,-0.3198
8114,0.0574
8115,0.0556
8116,-0.1702
8117,-0.3292
8118,-0.0837
8119,0.5278
8120,-0.8233
8121,0.1508
8122,-0.7769
8123,1.4171
8124,-0.5134
8125,-0.7694
8126,-0.0436
8127,-1.3365
8128,0.3552
8129,0.2568
8130,-0.3454
8131,-0.6793
8132,-1.0445
8133,-0.6939
8134,0.2275
8135,-0.5027
8136,-0.5554
8137,-0.2497
8138,-0.1868
8139,-0.0011
8140,-0.1666
8141,-0.4995
8142,-0.0765
8143,0.7641
8144,-0.4411
8145,0.0647
8146,-0.0999
8147,0.1832
8148,0.9904
8149,-0.8175
8150,-0.0132
8151,0.4444
8152,-0.7755
8153,-0.8543
8154,-0.4756
8155,0.7903
8156,-0.6006
8157,-0.5772
8158,-0.4162
8159,0.4440
8160,0.0197
8161,0.0464
8162,0.0510
8163,0.1224
8164,0.7052
8165,-0.9182
8166,-0.1668
8167,0.5231
8168,1.0204
8169,-0.3944
8170,1.0047
8171,0.1476
8172,0.0785
8173,-0.2444
8174,-0.4602
8175,-0.4866
8176,-0.3717
8177,0.1030
8178,-0.8385
8179,-0.5227
8180,-0.2329
8181,-0.7000
8182,-0.6550
8183,1.2274
8184,0.2146
8185,-0.6809
8186,-0.4457
8187,-0.5279
8188,-0.3752
8189,-0.5772
8190,0.1090
8191,-0.5365
8192,0.4990
8193,-0.8564
8194,-0.0123
8195,-0.6522
8196,1.3288
8197,-0.6924
8198,-0.4548
8199,1.1893
8200,-0.7283
8201,0.9289
8202,0.2240
8203,-0.1415
8204,0.1338
8205,-0.2264
8206,0.9665
8207,0.5026
8208,-0.3337
8209,-0.8311
8210,-0.6795
8211,1.1349
8212,-0.4241
8213,-0.5468
8214,-0.1022
8215,-1.0152
8216,-0.7133
8217,-0.7455
8218,-0.7511
8219,-0.6255
8220,0.6909
8221,0.2285
8222,-0.8721
8223,-0.6767
8224,0.2408
8225,0.7448
8226,0.5769
8227,-0.6927
8228,-0.4266
8229,-0.1137
8230,1.1563
8231,0.0284
8232,1.7980
8233,-0.0401
8234,-0.1891
8235,1.3185
8236,0.0158
8237,-0.8176
8238,-0.4614
8239,-0.4622
8240,0.2104
8241,0.7747
8242,-0.3047
8243,0.3644
8244,-0.3101
8245,-0.2474
8246,-1.2723
8247,0.0821
8248,0.1343
8249,-0.5485
8250,0.8322
8251,-0.1708
8252,-0.4544
8253,0.1333
8254,-0.2302
8255,-0.3254
8256,-0.8049
8257,0.0230
8258,-0.6421
8259,-0.8562
8260,-0.1780
8261,0.4557
8262,0.2024
8263,-0.6013
8264,0.1225
8265,-0.2570
8266,-0.3821
8267,-0.5214
8268,0.5033
8269,0.4402
8270,-0.0948
8271,-0.4454
8272,-0.5877
8273,0.2519
8274,0.5824
8275,-0.8790
8276,0.3025
8277,1.0065
8278,-0.6728
8279,-0.0324
8280,-0.7766
8281,-0.4431
8282,0.1668
8283,-0.1525
8284,1.4757
8285,-0.2553
8286,0.1495
8287,0.5560
8288,-0.2280
8289,-0.9533
8290,-0.6654
8291,-0.1479
8292,-0.1381
8293,-0.4391
8294,-0.6714
8295,-0.0852
8296,-0.3758
8297,-0.5920
8298,-0.4798
8299,-0.7396
8300,0.7068
8301,-0.3248
8302,0.3714
8303,1.2964
8304,-0.5399
8305,-0.2731
8306,-0.5510
8307,-0.8065
8308,1.2034
8309,-0.4447
8310,-0.2534
8311,-0.5693
8312,0.2896
8313,-0.8683
8314,-0.3242
8315,-0.5060
8316,1.1159
8317,-0.3109
8318,-0.1889
8319,0.2098
8320,0.6996
8321,-0.7371
8322,-0.7477
8323,-0.1908
8324,-0.9813
8325,-0.3659
8326,-0.0988
8327,-0.7277
8328,-0.1394
8329,-0.4410
8330,-0.3822
8331,0.5077
8332,-0.6601
8333,0.6772
8334,-0.3964
8335,0.2952
8336,-0.6537
8337,0.2344
8338,0.0585
8339,-0.0562
8340,0.1484
8341,-0.6765
8342,-0.6543
8343,-0.9240
8344,-0.3446
8345,-0.0369
8346,-0.4385
8347,-0.3581
8348,0.3269
8349,0.0843
8350,0.4069
8351,-0.5137
8352,-0.5732
8353,1.0913
8354,-0.6078
8355,-0.2898
8356,0.3359
8357,-0.6537
8358,-0.2980
8359,0.4218
8360,1.2690
8361,-0.7727
8362,0.4659
8363,0.8901
8364,-0.6750
8365,0.9224
8366,-0.9073
8367,0.5898
8368,0.6733
8369,0.1767
8370,-1.0566
8371,0.9122
8372,0.0399
8373,0.5380
8374,0.1952
8375,0.1105
8376,0.4597
8377,-0.6008
8378,0.2993
8379,0.0177
8380,-0.8136
8381,-0.0038
8382,-0.5015
8383,-0.5829
8384,-0.6308
8385,-0.4823
8386,-0.1620
8387,-0.8184
8388,-1.1374
8389,-0.8675
8390,-0.0488
8391,-0.0618
8392,1.3095
8393,-0.5961
8394,0.4596
8395,0.2024
8396,-0.1680
8397,-0.2992
8398,-0.0971
8399,-0.4174
8400,-0.3921
8401,-0.1843
8402,-0.4870
8403,-0.5751
8404,1.0052
8405,-0.5805
8406,0.8554
8407,0.2747
8408,-0.1066
8409,-0.4785
8410,-0.6460
8411,0.0004
8412,0.0173
8413,-0.1335
8414,-0.6232
8415,-0.2749
8416,-0.6218
8417,0.1002
8418,-0.5250
8419,-0.3959
8420,-0.8505
8421,-0.9969
8422,0.5184
8423,-0.0147
8424,-0.3959
8425,-0.8668
8426,-0.1858
8427,-0.0218
8428,-0.6556
8429,0.0070
8430,-0.6826
8431,0.1723
8432,0.6473
8433,0.3972
8434,-0.0936
8435,0.0981
8436,-0.8521
8437,-0.5729
8438,0.1434
8439,-0.3611
8440,-1.0748
8441,0.0267
8442,-1.0782
8443,0.7953
8444,0.8618
8445,-0.6783
8446,0.6664
8447,1.0675
8448,-0.6237
8449,-0.2537
8450,-0.4836
8451,-0.9824
8452,0.4890
8453,-0.1210
8454,-0.7152
8455,0.1113
8456,-1.0418
8457,0.2194
8458,0.0545
8459,0.0042
8460,-0.6763
8461,-0.7510
8462,-0.4298
8463,0.8803
8464,-0.5470
8465,-0.6529
8466,0.8579
8467,-0.6908
8468,0.1513
8469,1.4037
8470,-0.0098
8471,0.2839
8472,-0.3205
8473,-0.3866
8474,-0.2984
8475,0.3234
8476,-0.2045
8477,-0.9773
8478,-0.6834
8479,-0.5710
8480,-0.8067
8481,-0.2233
8482,0.3712
8483,0.4089
8484,0.1804
8485,-0.9908
8486,-0.1510
8487,-0.2325
8488,0.0900
8489,-0.3114
8490,0.0223
8491,-0.5031
8492,-0.8416
8493,0.6297
8494,-0.6959
8495,-0.5860
8496,0.3303
8497,1.1513
8498,-0.7649
8499,0.0415
8500,-0.5786
8501,-1.0159
8502,-0.3969
8503,-0.2028
8504,1.0856
8505,-0.4920
8506,0.2948
8507,-0.8352
8508,-0.8145
8509,-0.6931
8510,-0.5704
8511,-0.4622
8512,0.4468
8513,-0.6799
8514,-1.0173
8515,0.2891
8516,-0.1277
8517,-0.0562
8518,-0.0349
8519,-0.3761
8520,-0.2790
8521,-1.0551
8522,-0.0752
8523,-0.5585
8524,-0.8617
8525,0.3253
8526,-1.1137
8527,-0.6429
8528,0.4013
8529,0.4017
8530,-0.3221
8531,-0.6218
8532,-0.5408
8533,0.3022
8534,-0.6020
8535,-0.1471
8536,-1.0686
8537,0.3255
8538,-0.9820
8539,-0.6433
8540,0.3224
8541,0.4420
8542,0.0389
8543,-0.0499
8544,-0.2533
8545,-0.8611
8546,-0.3186
8547,-0.6708
8548,0.6228
8549,-0.1586
8550,-0.0821
8551,-0.3809
8552,-0.3548
8553,-0.5914
8554,-0.8754
8555,0.3048
8556,0.6931
8557,-0.4332
8558,-0.4693
8559,0.9428
8560,-0.3961
8561,0.1073
8562,-0.4018
8563,-0.1794
8564,0.1946
8565,-1.1926
8566,-0.7428
8567,-0.4778
8568,-0.4697
8569,-0.3014
8570,0.2749
8571,-0.1907
8572,0.6885
8573,-0.7279
8574,-0.1680
8575,-0.8554
8576,-0.6303
8577,0.1095
8578,0.2511
8579,-0.1252
8580,-0.9186
8581,-0.2848
8582,0.4187
8583,-0.6115
8584,-0.1333
8585,0.1995
8586,-0.3816
8587,-0.6826
8588,-0.7199
8589,0.5271
8590,-0.6657
8591,-0.7454
8592,0.3534
8593,-0.4932
8594,1.3906
8595,-0.7105
8596,-0.2330
8597,-0.4331
8598,0.5355
8599,0.2597
8600,0.7943
8601,-0.3326
8602,0.3658
8603,-0.0696
8604,-0.6180
8605,0.1639
8606,0.2334
8607,-0.7926
8608,-0.8864
8609,-0.7917
8610,0.4101
8611,0.3074
8612,-0.2669
8613,-0.9198
8614,-0.7763
8615,-0.9613
8616,0.1756
8617,-0.8140
8618,-0.3058
8619,-0.2904
8620,-0.6778
8621,-0.8559
8622,-1.1017
8623,-0.6259
8624,0.3300
8625,-0.1390
8626,0.2451
8627,0.1518
8628,-0.1928
8629,0.1603
8630,-0.2402
8631,0.1033
8632,1.5896
8633,-0.4406
8634,0.7299
8635,-0.2044
8636,-0.3502
8637,0.7930
8638,-1.0684
8639,-0.0246
8640,-0.0954
8641,0.5002
8642,0.5963
8643,0.5500
8644,-0.0227
8645,1.2845
8646,-0.1287
8647,-0.6788
8648,1.2695
8649,-0.2197
8650,0.7457
8651,0.3566
8652,-0.9519
8653,1.2865
8654,-0.2630
8655,-0.5116
8656,0.2497
8657,-0.6771
8658,-0.9585
8659,-0.3729
8660,-0.5681
8661,-0.6792
8662,0.4345
8663,-0.5278
8664,-0.4792
8665,0.0756
8666,-0.3783
8667,-0.4830
8668,-0.1204
8669,-0.1284
8670,-0.5387
8671,0.7522
8672,0.8226
8673,0.1203
8674,-0.0547
8675,-0.2568
8676,-0.8942
8677,0.8756
8678,-0.4273
8679,-0.1709
8680,-0.6104
8681,-0.5684
8682,-0.1411
8683,-0.4907
8684,-0.8205
8685,0.0243
8686,-0.0158
8687,-0.5606
8688,-0.4852
8689,-0.8137
8690,-0.8574
8691,-0.4964
8692,-0.1094
8693,-0.9941
8694,-0.3722
8695,0.6291
8696,0.4114
8697,-0.5385
8698,-0.6253
8699,-0.7778
8700,-0.3397
8701,-1.0287
8702,-0.1350
8703,-0.5174
8704,-0.6523
8705,-0.3349
8706,-0.7299
8707,-0.3822
8708,0.8725
8709,-0.9518
8710,0.0901
8711,-0.4474
8712,0.2852
8713,-0.2782
8714,-0.5171
8715,0.2311
8716,-0.2141
8717,1.4892
8718,0.9111
8719,0.1991
8720,-0.0048
8721,0.1705
8722,-0.9322
8723,-0.5778
8724,0.9225
8725,-0.6806
8726,-0.8171
8727,-0.9531
8728,0.7779
8729,-0.4368
8730,0.1520
8731,-0.0660
8732,-0.2419
8733,0.7910
8734,0.5229
8735,0.2313
8736,0.1047
8737,-0.5996
8738,-0.6498
8739,-1.2489
8740,0.7730
8741,-0.7473
8742,-0.8454
8743,-0.2168
8744,-1.2604
8745,-0.4008
8746,-0.7538
8747,-0.7106
8748,0.6438
8749,0.3256
8750,0.1481
8751,-0.5578
8752,-0.4947
8753,-0.0065
8754,0.6093
8755,0.7670
8756,0.3207
8757,-0.0533
8758,-0.4504
8759,-0.6586
8760,-0.3005
8761,0.3512
8762,-0.0779
8763,-0.2785
8764,0.1776
8765,-0.4522
8766,-0.1584
8767,0.2036
8768,0.2489
8769,0.4443
8770,-0.2641
8771,0.0341
8772,-0.7637
8773,-0.4208
8774,-0.5073
8775,-0.5090
8776,0.0203
8777,0.2056
8778,-0.2675
8779,0.3799
8780,0.9367
8781,0.3661
8782,1.0548
8783,0.3627
8784,-0.2714
8785,-0.1939
8786,-0.7585
8787,0.3001
8788,0.9948
8789,-0.7051
8790,-0.3915
8791,-0.5623
8792,0.0096
8793,-0.1704
8794,-0.0088
8795,0.5324
8796,-0.0467
8797,0.7355
8798,0.4702
8799,0.2009
8800,0.0767
8801,-0.7286
8802,-0.1535
8803,0.1986
8804,-0.2935
8805,-0.0568
8806,-0.6891
8807,0.5203
8808,-0.3756
8809,0.5276
8810,-0.5192
8811,0.0925
8812,0.9483
8813,-0.0443
8814,0.0871
8815,0.1088
8816,0.4575
8817,0.5772
8818,-0.4551
8819,0.2209
8820,0.0023
8821,0.0670
8822,-0.4743
8823,0.4939
8824,-0.3809
8825,-1.1356
8826,-0.4411
8827,0.4210
8828,0.9607
8829,-0.2128
8830,-0.9518
8831,-0.1907
8832,0.8263
8833,-0.4539
8834,-0.1411
8835,0.7845
8836,-0.8733
8837,-0.4434
8838,-0.2324
8839,-0.4217
8840,-0.5106
8841,-0.1872
8842,1.0730
8843,0.1160
8844,0.1638
8845,-0.3794
8846,-0.6518
8847,-0.0423
8848,-0.7863
8849,0.1111
8850,-0.0040
8851,-0.0617
8852,-0.6823
8853,-0.2867
8854,-0.5553
8855,0.4411
8856,-0.7703
8857,-0.3302
8858,-0.9767
8859,0.6671
8860,0.0998
8861,-0.9220
8862,-0.4071
8863,-0.1351
8864,-0.3170
8865,-0.1778
8866,0.1566
8867,-0.0533
8868,-0.0804
8869,-0.5732
8870,1.5085
8871,0.0984
8872,1.1206
8873,-0.0179
8874,-0.8874
8875,-0.9581
8876,0.1063
8877,-0.2641
8878,-0.0477
8879,-0.6312
8880,0.7574
8881,0.5801
8882,-0.9248
8883,-0.4021
8884,-0.6893
8885,-0.0712
8886,-0.5323
8887,-0.2271
8888,0.3216
8889,0.7492
8890,0.1101
8891,-1.0568
8892,-0.2531
8893,-0.6012
8894,-0.5549
8895,-1.0317
8896,-0.3587
8897,-0.6980
8898,-0.2020
8899,-1.1331
8900,-0.8602
8901,-0.5007
8902,-0.6084
8903,-0.2262
8904,-0.4493
8905,-1.2064
8906,-0.2589
8907,-0.7387
8908,0.2047
8909,0.6161
8910,-0.1748
8911,-0.4779
8912,-0.5162
8913,-0.1603
8914,-0.6964
8915,-0.1452
8916,-0.8239
8917,0.2112
8918,-0.8723
8919,-0.5176
8920,-0.5632
8921,-0.7086
8922,-0.1298
8923,0.6359
8924,-0.1661
8925,-0.7826
8926,0.6096
8927,0.4977
8928,-0.6242
8929,0.3610
8930,-0.0554
8931,-0.0637
8932,0.4588
8933,0.1004
8934,-0.7468
8935,-0.7651
8936,0.4030
8937,-0.4184
8938,0.9519
8939,-0.0495
8940,1.1413
8941,0.3225
8942,0.1338
8943,0.3314
8944,-0.3760
8945,1.4673
8946,-0.3753
8947,-0.1629
8948,-0.3387
8949,-1.1910
8950,-0.9653
8951,-0.0429
8952,-0.6651
8953,-0.5408
8954,-0.3630
8955,1.2442
8956,-0.4822
8957,0.0794
8958,0.2173
8959,-0.6183
8960,-1.0648
8961,-0.7008
8962,0.3877
8963,-1.1120
8964,0.0095
8965,-0.3327
8966,0.4737
8967,0.8623
8968,0.4421
8969,-0.0313
8970,0.3194
8971,-0.6898
8972,-0.3800
8973,-0.0527
8974,0.5085
8975,-1.0958
8976,0.3547
8977,-0.4300
8978,1.3946
8979,0.1893
8980,-0.5494
8981,0.3315
8982,-0.2632
8983,1.2409
8984,-0.8101
8985,-0.4476
8986,-0.5181
8987,-0.6242
8988,0.1365
8989,-0.9933
8990,-0.4684
8991,-0.5526
8992,-0.4941
8993,1.1228
8994,-0.2693
8995,-0.4742
8996,-0.5966
8997,0.2474
8998,-0.0406
8999,-0.4724
9000,-0.7970
9001,-0.8894
9002,-0.3803
9003,-0.2873
9004,-0.8433
9005,-0.5912
9006,0.1985
9007,-0.6046
9008,0.2194
9009,-0.1674
9010,-0.7176
9011,-0.0600
9012,0.9562
9013,0.0129
9014,-0.4139
9015,-0.3232
9016,-0.1479
9017,0.0949
9018,-0.2283
9019,0.4622
9020,-0.5606
9021,-0.9349
9022,-0.2918
9023,0.5507
9024,0.3962
9025,-0.5627
9026,-0.9444
9027,-0.7545
9028,-0.7492
9029,-0.4934
9030,-0.9325
9031,0.6940
9032,-0.7429
9033,-0.0526
9034,-0.6458
9035,-0.5776
9036,0.6113
9037,0.8159
9038,-0.0014
9039,0.3772
9040,-0.4618
9041,0.3057
9042,-1.1093
9043,-0.5669
9044,0.6528
9045,-0.3316
9046,0.3977
9047,0.0447
9048,-0.0538
9049,-0.4765
9050,-0.2203
9051,-0.3508
9052,0.5141
9053,0.0316
9054,-0.7732
9055,-0.5747
9056,-0.4245
9057,0.3351
9058,0.1571
9059,-0.2389
9060,0.0851
9061,0.3596
9062,0.8074
9063,0.9378
9064,0.3910
9065,0.2152
9066,-0.9181
9067,-0.7834
9068,-0.6860
9069,0.0866
9070,0.8280
9071,-0.1270
9072,-0.7740
9073,0.6675
9074,-0.8011
9075,0.1231
9076,-0.2609
9077,-0.3906
9078,-0.7092
9079,-0.4973
9080,0.4447
9081,1.4588
9082,0.3792
9083,-0.2397
9084,0.4204
9085,-0.0552
9086,-0.9154
9087,-0.5319
9088,-0.5211
9089,0.3704
9090,-0.0705
9091,-0.1367
9092,0.4050
9093,-0.9325
9094,-0.3908
9095,0.4994
9096,-0.0714
9097,-0.3712
9098,-0.8277
9099,0.1084
9100,0.5733
9101,1.0018
9102,-0.7257
9103,-0.1856
9104,-0.3022
9105,-1.1081
9106,-0.6105
9107,-0.0403
9108,-0.1582
9109,-0.2465
9110,0.0556
9111,0.2902
9112,-0.3010
9113,0.6107
9114,0.1275
9115,1.5457
9116,0.4980
9117,-0.7904
9118,0.4261
9119,-0.0624
9120,-0.5171
9121,1.1184
9122,-0.8663
9123,0.0635
9124,-0.0923
9125,-0.0062
9126,-0.7162
9127,-0.5477
9128,-0.9032
9129,-0.3884
9130,-0.2993
9131,-0.1518
9132,-0.2806
9133,-0.3569
9134,-0.5266
9135,-0.5506
9136,-0.6401
9137,-0.7428
9138,-0.4460
9139,-0.6720
9140,0.4606
9141,0.5246
9142,-0.4254
9143,0.3070
9144,-0.7201
9145,-0.0801
9146,-0.5658
9147,0.0249
9148,0.8589
9149,-0.7908
9150,-1.1362
9151,-0.4170
9152,-0.7894
9153,-1.1310
9154,0.5672
9155,0.3561
9156,0.0529
9157,-1.0039
9158,-0.5164
9159,-1.0160
9160,0.5415
9161,0.0645
9162,-0.0288
9163,-0.6513
9164,-0.5774
9165,-0.3151
9166,-0.7316
9167,-1.0518
9168,-0.8593
9169,-0.6815
9170,1.4734
9171,-0.6076
9172,0.5295
9173,0.3665
9174,-0.8526
9175,-0.3157
9176,1.2978
9177,-0.3240
9178,-0.3256
9179,0.5386
9180,-0.3668
9181,0.6594
9182,-0.6079
9183,0.9350
9184,0.2596
9185,-1.0619
9186,0.6650
9187,1.1799
9188,-0.5790
9189,-0.2849
9190,-0.6516
9191,-0.7514
9192,1.6167
9193,-0.0124
9194,-0.1098
9195,0.5715
9196,-0.0737
9197,0.2908
9198,1.2052
9199,0.5807
9200,0.1786
9201,-1.0340
9202,-0.2612
9203,-0.3612
9204,0.2895
9205,0.4609
9206,0.2796
9207,-0.1177
9208,-0.1365
9209,-0.7145
9210,-0.7326
9211,-0.6536
9212,0.6419
9213,0.6079
9214,-0.1430
9215,-0.9037
9216,0.0173
9217,-0.5535
9218,-0.3898
9219,-0.2012
9220,-0.3738
9221,1.0195
9222,-0.3196
9223,0.3142
9224,-0.4596
9225,-0.6171
9226,1.3888
9227,1.3017
9228,0.2150
9229,0.5423
9230,0.1723
9231,0.3734
9232,0.7407
9233,-0.7881
9234,0.4968
9235,-0.3604
9236,-0.0647
9237,-0.6878
9238,-0.0480
9239,0.5099
9240,-0.6436
9241,-0.2503
9242,-0.9490
9243,0.2486
9244,0.3642
9245,0.7440
9246,-0.6792
9247,0.5393
9248,-0.6847
9249,-0.4277
9250,-0.9475
9251,-0.7542
9252,-0.9960
9253,-0.8737
9254,0.3164
9255,-0.4882
9256,0.6178
9257,0.0708
9258,0.1816
9259,0.2007
9260,-0.5776
9261,0.8179
9262,-0.7743
9263,-0.2083
9264,-0.7802
9265,-0.3274
9266,0.5762
9267,-0.4239
9268,-0.8264
9269,-0.3942
9270,-0.4179
9271,-0.6204
9272,-0.4113
9273,-1.0908
9274,0.8172
9275,-0.0728
9276,-0.4994
9277,-0.3078
9278,1.1485
9279,-0.3529
9280,0.7688
9281,-0.0700
9282,-0.3771
9283,0.2515
9284,-0.5568
9285,-0.0892
9286,-0.0080
9287,-1.0995
9288,-0.2019
9289,1.2770
9290,-0.4650
9291,0.3958
9292,-1.0027
9293,0.1856
9294,-0.1255
9295,-0.2572
9296,-0.4162
9297,-0.0689
9298,-0.6572
9299,-0.0340
9300,-0.2025
9301,0.0780
9302,0.2201
9303,0.0384
9304,0.6291
9305,-0.3461
9306,-0.6886
9307,-0.5997
9308,-0.7571
9309,-0.5588
9310,-0.2620
9311,-0.0714
9312,-0.9049
9313,0.6396
9314,-1.2890
9315,0.0295
9316,-0.9209
9317,-0.0903
9318,-0.7796
9319,1.1590
9320,1.0487
9321,-0.1493
9322,0.2818
9323,0.4502
9324,-0.7408
9325,-0.5709
9326,-0.1381
9327,-0.0184
9328,0.3194
9329,-0.6065
9330,-0.1709
9331,-0.9886
9332,-0.0419
9333,0.2144
9334,-0.2257
9335,0.7828
9336,-0.2169
9337,-0.7510
9338,-0.7669
9339,-0.1551
9340,-0.2583
9341,-0.0691
9342,-1.1482
9343,-0.2291
9344,-0.6122
9345,-0.5375
9346,-0.9199
9347,0.0273
9348,0.2464
9349,-0.6090
9350,-0.0319
9351,-0.1022
9352,1.2902
9353,-0.4980
9354,1.0562
9355,-0.6112
9356,-1.1441
9357,-0.4231
9358,-0.4046
9359,-0.1190
9360,-0.5674
9361,0.3253
9362,0.1492
9363,-1.0121
9364,0.4268
9365,-0.6104
9366,-0.6592
9367,-0.7263
9368,0.2466
9369,-0.1273
9370,-1.0569
9371,0.5245
9372,-0.8298
9373,0.3470
9374,0.0384
9375,-0.0113
9376,-0.2550
9377,0.2619
9378,-0.3521
9379,-0.2504
9380,-0.3768
9381,-0.4709
9382,-0.0473
9383,-0.7028
9384,0.3081
9385,1.2811
9386,0.0033
9387,-1.0696
9388,-0.7043
9389,-0.9440
9390,0.8198
9391,-0.1238
9392,-0.1618
9393,-0.5650
9394,-1.0609
9395,0.7846
9396,-0.5287
9397,-0.7282
9398,-0.4293
9399,-0.2620
9400,-0.7045
9401,-0.4108
9402,0.3943
9403,-0.6560
9404,0.2767
9405,0.2301
9406,0.3487
9407,0.3087
9408,-0.3538
9409,-0.6969
9410,1.1110
9411,-0.6517
9412,-0.4028
9413,0.7812
9414,0.4034
9415,0.7620
9416,-0.9295
9417,0.8485
9418,-0.8047
9419,-0.7073
9420,-0.4269
9421,0.6606
9422,-0.5499
9423,-0.2920
9424,-0.5466
9425,-0.9583
9426,-1.0655
9427,0.1816
9428,1.3544
9429,-0.7111
9430,0.6522
9431,-0.8433
9432,-0.2600
9433,-0.3464
9434,-0.2806
9435,-0.6612
9436,-0.6919
9437,0.3204
9438,0.7683
9439,-0.2148
9440,0.6286
9441,-0.7098
9442,-0.2048
9443,0.1159
9444,-0.4247
9445,-0.7670
9446,-0.0442
9447,-0.6956
9448,-0.5656
9449,0.9855
9450,0.1604
9451,-0.9613
9452,-0.3226
9453,-0.3704
9454,0.0876
9455,1.3345
9456,-0.5541
9457,0.8915
9458,-0.4369
9459,0.6955
9460,-0.8999
9461,-0.0360
9462,-0.0653
9463,-0.1304
9464,-0.6585
9465,-0.6466
9466,-0.2380
9467,-0.2486
9468,0.6954
9469,0.0395
9470,0.4522
9471,-1.1594
9472,-0.0534
9473,0.0177
9474,-0.5196
9475,-0.7080
9476,-1.1601
9477,-0.4497
9478,-0.2810
9479,1.1546
9480,-1.0146
9481,0.4118
9482,-1.0249
9483,-1.0202
9484,-0.4911
9485,-0.9955
9486,-0.4193
9487,-0.3803
9488,-0.7209
9489,0.8805
9490,0.1173
9491,1.2493
9492,-0.1878
9493,-0.4310
9494,-0.8914
9495,-0.8521
9496,0.8264
9497,0.8926
9498,0.2498
9499,-0.0476
9500,1.1671
9501,-1.2495
9502,-0.9538
9503,0.5730
9504,-0.8621
9505,-0.2806
9506,-0.7525
9507,-0.5746
9508,-0.5974
9509,-0.7960
9510,0.0718
9511,-0.3457
9512,0.0505
9513,-0.6668
9514,-0.5283
9515,-0.5486
9516,-0.2601
9517,-0.7862
9518,0.2211
9519,-0.9166
9520,-0.7260
9521,0.4530
9522,-0.7566
9523,-0.1583
9524,-0.7414
9525,0.7981
9526,1.0367
9527,0.4434
9528,-0.1478
9529,-0.2234
9530,0.5049
9531,0.6513
9532,-1.0423
9533,-0.1499
9534,0.0706
9535,-0.8658
9536,-0.6297
9537,-0.9707
9538,-0.4424
9539,-0.9505
9540,-0.7969
9541,-1.0184
9542,-0.4205
9543,-0.7637
9544,0.1243
9545,0.3773
9546,-0.7292
9547,-0.3588
9548,-0.6444
9549,-0.6480
9550,-0.4626
9551,-0.3412
9552,0.5794
9553,-0.4062
9554,0.1850
9555,-0.0870
9556,-0.7267
9557,-0.8028
9558,1.3881
9559,-0.8192
9560,-0.6856
9561,0.4043
9562,-0.0078
9563,0.0440
9564,-0.5802
9565,0.4791
9566,-0.7325
9567,-0.9953
9568,0.0052
9569,-0.6787
9570,-0.3679
9571,0.0267
9572,1.4905
9573,-0.2757
9574,0.6083
9575,0.0175
9576,1.0818
9577,-0.2775
9578,0.4157
9579,0.3650
9580,1.4229
9581,-0.5805
9582,0.2685
9583,-0.1651
9584,-0.5169
9585,-0.8569
9586,-0.6960
9587,-0.0529
9588,-0.1813
9589,0.2171
9590,1.2844
9591,-1.1928
9592,-0.8980
9593,0.6662
9594,-0.1464
9595,-0.2445
9596,0.0106
9597,-0.5222
9598,-0.1869
9599,-0.0496
9600,-0.5250
9601,-0.0150
9602,-1.0577
9603,-0.5757
9604,0.0015
9605,-0.6617
9606,-0.7883
9607,0.7127
9608,-1.0187
9609,0.3756
9610,0.2914
9611,1.7939
9612,-0.4718
9613,-0.3179
9614,0.2228
9615,-0.2293
9616,-0.7277
9617,0.3206
9618,0.5536
9619,0.3507
9620,-0.7407
9621,1.7249
9622,-0.3384
9623,0.1677
9624,-0.3825
9625,-0.1302
9626,-0.3184
9627,0.0963
9628,-0.6972
9629,-0.5300
9630,0.0819
9631,-0.1307
9632,-0.1030
9633,-0.5121
9634,0.4808
9635,-0.5725
9636,-0.8708
9637,0.6514
9638,-0.8123
9639,-0.4238
9640,0.0924
9641,-0.7948
9642,0.4505
9643,0.1295
9644,-0.6639
9645,-0.9497
9646,-0.5582
9647,-0.4826
9648,0.3064
9649,0.6599
9650,-0.7804
9651,-0.7092
9652,0.0255
9653,1.5240
9654,0.3648
9655,-0.4164
9656,-0.6952
9657,1.2801
9658,-0.4092
9659,-0.1113
9660,-0.2003
9661,-0.7411
9662,0.3211
9663,-0.9821
9664,-0.9773
9665,-0.3682
9666,0.1066
9667,0.6561
9668,-1.2431
9669,1.1470
9670,-0.5563
9671,-0.8689
9672,-0.4552
9673,-0.7495
9674,0.3895
9675,-0.3291
9676,-0.8974
9677,1.4802
9678,-0.6755
9679,-0.4291
9680,0.6660
9681,-0.4502
9682,-0.7132
9683,-0.5790
9684,-1.0833
9685,0.1772
9686,-0.5620
9687,-0.9952
9688,0.7130
9689,0.5507
9690,-0.2610
9691,-0.2738
9692,-0.2038
9693,-0.7207
9694,-0.0068
9695,1.1970
9696,1.3848
9697,-0.4113
9698,-0.4516
9699,0.3557
9700,-0.3105
9701,-0.1052
9702,-0.4899
9703,-0.7106
9704,-0.6071
9705,1.0695
9706,-0.7851
9707,-0.8457
9708,0.6851
9709,0.7503
9710,-0.1373
9711,0.4853
9712,-0.0047
9713,0.7777
9714,-0.2018
9715,-0.2521
9716,0.3885
9717,-0.3283
9718,-0.9192
9719,-0.3151
9720,-1.1909
9721,0.2056
9722,1.0617
9723,-0.1806
9724,0.2110
9725,-0.5167
9726,-0.2556
9727,-0.0593
9728,-0.8979
9729,0.6799
9730,-0.6730
9731,0.6025
9732,0.1041
9733,-0.7890
9734,-0.5457
9735,-0.0191
9736,-0.3406
9737,0.2400
9738,-0.7480
9739,-0.2061
9740,-0.2866
9741,-0.3333
9742,-0.6363
9743,-0.6069
9744,-0.9109
9745,0.1778
9746,-0.1800
9747,-0.2371
9748,0.5819
9749,-0.1565
9750,-0.8682
9751,0.6594
9752,-0.7540
9753,-0.0656
9754,-0.4298
9755,-0.3171
9756,0.0160
9757,-0.4255
9758,-0.4003
9759,0.9148
9760,-1.1599
9761,1.5030
9762,-0.7330
9763,-0.6570
9764,0.2381
9765,-0.1203
9766,-0.5920
9767,-0.7534
9768,-0.7734
9769,1.0643
9770,0.1413
9771,-0.1562
9772,0.7962
9773,-0.2852
9774,-0.5021
9775,-0.1879
9776,-0.7360
9777,-0.6324
9778,-0.2675
9779,-0.4769
9780,0.5897
9781,-0.3092
9782,-1.0924
9783,-0.7311
9784,-0.0216
9785,-0.1154
9786,0.7461
9787,0.0366
9788,-0.1035
9789,-0.6046
9790,-0.9232
9791,-0.3792
9792,-0.0218
9793,0.1650
9794,-0.6801
9795,-0.4295
9796,-0.1146
9797,0.3068
9798,1.2391
9799,-0.8843
9800,-0.6422
9801,-0.0714
9802,-0.0349
9803,-0.0059
9804,-0.6944
9805,0.5750
9806,-0.1623
9807,-0.6345
9808,-0.0221
9809,1.0274
9810,-0.7360
9811,0.0755
9812,-0.3601
9813,0.0248
9814,0.6143
9815,0.9087
9816,-0.6346
9817,0.3751
9818,-0.0909
9819,-0.6487
9820,0.4099
9821,-0.6493
9822,-0.8626
9823,0.4641
9824,0.6873
9825,-0.3182
9826,0.4511
9827,-0.9066
9828,0.8410
9829,-0.4727
9830,-0.0150
9831,1.3301
9832,-0.8614
9833,-0.1298
9834,1.1620
9835,1.2962
9836,-0.9785
9837,-0.5166
9838,-0.4075
9839,-0.7254
9840,0.2240
9841,-0.7669
9842,-0.7348
9843,-0.6523
9844,-0.4366
9845,-0.2241
9846,-0.4329
9847,-0.6503
9848,1.0730
9849,0.1487
9850,0.2729
9851,-0.8991
9852,0.1693
9853,-0.8131
9854,0.2786
9855,0.4452
9856,-0.7777
9857,-0.7837
9858,-0.1703
9859,-0.6385
9860,-0.6762
9861,0.9264
9862,-0.0578
9863,-0.5404
9864,0.0880
9865,-0.0454
9866,-0.2718
9867,0.4200
9868,-0.7598
9869,1.3242
9870,0.0949
9871,0.2084
9872,-0.6637
9873,-0.2037
9874,-1.0089
9875,0.5381
9876,1.1775
9877,-0.6402
9878,-0.7099
9879,1.0116
9880,0.1869
9881,-0.1400
9882,-0.0109
9883,-0.1257
9884,1.2495
9885,0.2902
9886,-0.2402
9887,-0.6600
9888,-0.4087
9889,0.1234
9890,1.3486
9891,0.3960
9892,-0.5710
9893,-0.6178
9894,0.0790
9895,-1.0431
9896,0.7417
9897,0.4224
9898,-0.7199
9899,0.1423
9900,-0.1655
9901,1.0238
9902,-0.7790
9903,-0.0277
9904,0.5242
9905,-0.5297
9906,-0.3126
9907,-1.0027
9908,-0.1358
9909,-0.3074
9910,-0.8325
9911,-0.6897
9912,0.0128
9913,-0.7012
9914,0.0113
9915,0.4225
9916,-0.0328
9917,-0.1446
9918,-1.1242
9919,-0.4390
9920,0.5622
9921,-0.3957
9922,-0.3736
9923,0.1457
9924,0.0125
9925,-0.5569
9926,0.2533
9927,-0.0020
9928,0.4231
9929,0.2354
9930,-0.3932
9931,-0.2302
9932,-0.1362
9933,-0.2610
9934,-0.9178
9935,-0.7310
9936,-0.4208
9937,0.1362
9938,0.0919
9939,-0.3755
9940,-0.8034
9941,0.4120
9942,-0.7585
9943,-1.0094
9944,-0.4017
9945,-0.8742
9946,0.2329
9947,-0.1352
9948,0.4564
9949,-0.2230
9950,0.4713
9951,0.7658
9952,-0.6734
9953,-0.6347
9954,0.1112
9955,-0.6393
9956,0.5532
9957,-0.5473
9958,-0.4677
9959,-0.6765
9960,1.2740
9961,0.8501
9962,-0.2443
9963,-0.4042
9964,-0.6559
9965,-0.5587
9966,-0.0954
9967,-0.6998
9968,1.5418
9969,0.7433
9970,0.7698
9971,-0.4293
9972,-0.5338
9973,-0.2012
9974,-0.8858
9975,-0.6527
9976,-0.0876
9977,-0.4355
9978,-0.6766
9979,-0.0221
9980,-0.1130
9981,0.5744
9982,0.1474
9983,1.5497
9984,-0.6048
9985,1.4065
9986,0.6302
9987,-0.0052
9988,-0.1865
9989,-0.5006
9990,-0.0933
9991,-0.0001
9992,-0.3970
9993,0.0506
9994,0.5650
9995,-0.4483
9996,-0.9151
9997,-0.0337
9998,-0.2785
9999,-0.0425
10000,0.7723
