investor,final_pnl_usd
1,-0.4907
2,-1.1412
3,-0.3944
4,-0.9446
5,-1.1788
6,-1.1582
7,-1.5175
8,-0.7407
9,-0.8810
10,-0.5707
11,-0.6848
12,-0.5639
13,-0.7392
14,-0.7738
15,-0.7330
16,-0.4084
17,-0.3587
18,-0.5666
19,-0.3214
20,-0.2783
21,-0.6969
22,-0.4514
23,-0.8160
24,-0.7894
25,-0.5135
26,-0.7017
27,-0.9784
28,-0.8073
29,-0.7947
30,-0.2753
31,-0.8750
32,-1.1290
33,-1.0687
34,-0.8290
35,-0.4443
36,-0.6920
37,-0.8137
38,-0.6775
39,-0.4577
40,-1.0561
41,-0.6655
42,-0.5416
43,-0.5352
44,-0.5062
45,-0.9517
46,-0.7676
47,-1.1710
48,-0.6183
49,-0.4495
50,-0.5128
51,-0.5969
52,-0.4856
53,-0.9006
54,-0.4668
55,-0.9144
56,-0.7819
57,-0.7740
58,-0.7245
59,-1.1922
60,-0.6400
61,-0.7464
62,-0.8601
63,-0.5693
64,-0.3329
65,-0.6087
66,-1.0229
67,-0.9142
68,-0.6412
69,-0.5027
70,-0.5477
71,-1.3774
72,-0.7420
73,-0.6005
74,-0.4794
75,-0.6864
76,-0.3867
77,-0.5658
78,-0.5847
79,-0.1924
80,-0.4881
81,-1.0785
82,-0.4332
83,-0.9874
84,-0.5816
85,-0.8906
86,-0.6534
87,-0.7281
88,-0.5927
89,-0.6065
90,-0.5330
91,-1.0943
92,-0.7582
93,-0.4505
94,-0.4392
95,-0.9593
96,-0.8439
97,-0.8638
98,-0.9336
99,-0.7365
100,-0.8630
101,-0.8527
102,-0.4299
103,-0.5031
104,-0.9406
105,-0.8078
106,-0.8491
107,-0.9318
108,-0.5945
109,-0.7618
110,-0.8897
111,-0.4770
112,-0.9965
113,-0.7659
114,-0.7403
115,-0.3321
116,-0.7418
117,-1.1600
118,-0.5071
119,-0.6122
120,-0.6153
121,-0.4906
122,-0.4305
123,-0.9874
124,-0.4981
125,-0.9012
126,-0.3910
127,-0.2926
128,-0.4873
129,-0.6908
130,-0.7729
131,-0.8856
132,-0.9365
133,-0.6514
134,-0.5590
135,-0.4140
136,-0.8456
137,-0.6503
138,-0.6397
139,-0.8322
140,-0.5838
141,-1.0338
142,-0.8035
143,-0.6309
144,-0.6327
145,-0.7878
146,-0.4591
147,-0.6275
148,-0.2043
149,-0.5892
150,-0.7307
151,-0.9021
152,-0.6322
153,-0.6126
154,-0.3101
155,-0.6233
156,-0.8565
157,-0.3154
158,-0.5743
159,-0.4161
160,-0.9933
161,-0.9742
162,-0.9735
163,-0.7923
164,-0.6293
165,-0.4313
166,-0.6866
167,-0.8343
168,-0.4208
169,-1.1078
170,-0.6821
171,-0.6515
172,-0.7202
173,-0.9311
174,-1.1370
175,-1.0312
176,-0.1283
177,-0.4210
178,-0.3191
179,-0.5408
180,-0.3995
181,-0.5690
182,-0.7390
183,-0.6474
184,-0.3692
185,-0.5705
186,-0.9634
187,-0.4639
188,-0.7647
189,-1.0609
190,-0.6858
191,-1.1527
192,-0.4750
193,-0.5667
194,-0.6068
195,-0.5507
196,-0.5134
197,-0.7642
198,-0.4429
199,-0.6637
200,-0.6032
201,-0.9259
202,-1.1268
203,-0.6795
204,-0.6976
205,-0.1827
206,-1.0580
207,-0.8258
208,-0.4198
209,-0.5115
210,-0.9968
211,-0.5491
212,-0.7031
213,-0.6309
214,-0.7155
215,-0.9051
216,-0.4185
217,-0.6745
218,-0.7297
219,-0.5345
220,-1.0204
221,-0.6159
222,-0.8205
223,-0.5559
224,-0.7525
225,-0.6438
226,-0.9567
227,-0.6472
228,-0.7358
229,-0.4545
230,-0.3886
231,-0.8128
232,-1.3830
233,-0.7317
234,-0.7074
235,-0.4945
236,-0.5944
237,-0.6520
238,-0.6196
239,-0.5690
240,-0.3475
241,-0.9031
242,-0.2892
243,-0.5144
244,-1.0098
245,-0.5390
246,-0.7673
247,-0.5008
248,-0.1601
249,-1.0207
250,-0.6735
251,-0.6264
252,-0.9628
253,-0.8734
254,-0.3817
255,-0.8203
256,-0.7997
257,-0.3847
258,-0.8019
259,-0.7086
260,-0.6684
261,-1.0050
262,-0.3722
263,-0.9935
264,-0.7140
265,-0.7277
266,-0.5201
267,-0.5320
268,-0.3156
269,-0.7039
270,-0.9237
271,-0.8292
272,-0.5575
273,-0.9844
274,-0.6473
275,-1.0684
276,-0.4827
277,-0.0005
278,-0.6695
279,-0.5626
280,-0.8011
281,-1.1993
282,-0.8738
283,-0.5603
284,-0.2931
285,-0.5213
286,-0.8841
287,-0.8768
288,-0.8439
289,-0.9680
290,-0.6787
291,-0.5163
292,-1.1079
293,-0.9776
294,-1.3255
295,-1.0823
296,-0.5506
297,-0.6015
298,-0.6205
299,-0.7878
300,-0.9036
301,-0.6646
302,-1.0499
303,-0.6970
304,-0.5140
305,-0.9865
306,-0.1520
307,-0.9204
308,-0.7127
309,-0.3748
310,-1.1291
311,-0.9500
312,-0.6473
313,-0.5028
314,-0.7944
315,-1.1147
316,-0.5435
317,-0.8138
318,-0.5399
319,-0.5952
320,-0.3820
321,-0.5464
322,-0.4444
323,-0.6032
324,-0.7762
325,-0.4844
326,-0.6757
327,-0.4503
328,-0.4334
329,-0.6061
330,-0.7685
331,-0.8656
332,-0.9962
333,-1.0388
334,-0.5575
335,-0.8787
336,-0.6488
337,-1.2185
338,-0.7387
339,-0.5498
340,-0.6808
341,-0.6302
342,-0.6892
343,-0.6078
344,-0.8206
345,-0.8300
346,-0.8498
347,-0.6312
348,-0.1344
349,-1.0437
350,-0.9515
351,-0.5548
352,-0.7759
353,-0.4165
354,-0.2554
355,-0.7624
356,-0.9125
357,-0.7635
358,-0.7770
359,-0.9059
360,-0.9318
361,-0.0857
362,-0.7537
363,-0.7777
364,-0.8278
365,-0.3126
366,-0.4750
367,-0.9468
368,-0.5005
369,-0.2634
370,-0.5445
371,-0.4658
372,-0.6351
373,-1.1239
374,-0.5894
375,-1.0521
376,-0.9941
377,-0.5624
378,-0.3687
379,-0.7770
380,-0.5610
381,-0.5085
382,-0.8463
383,-0.6180
384,-0.1399
385,-0.4462
386,-0.9723
387,-0.8487
388,-0.4401
389,-1.0020
390,-1.2165
391,-0.6029
392,-1.0719
393,-0.4579
394,-0.8051
395,-0.6134
396,-0.8759
397,-0.6038
398,-0.8758
399,-0.6251
400,-0.6794
401,-0.4623
402,-0.6838
403,-0.9692
404,-0.6210
405,-0.5982
406,-0.9605
407,-0.9297
408,-0.7336
409,-1.0031
410,-0.3862
411,-0.7411
412,-0.7347
413,-0.7520
414,-0.7353
415,-0.9547
416,-0.9516
417,-0.3242
418,-0.7477
419,-0.5587
420,-0.5292
421,-0.5726
422,-0.2754
423,-0.5466
424,-0.6863
425,-0.4434
426,-0.6556
427,-0.6923
428,-0.4282
429,-0.6561
430,-0.6732
431,-0.6429
432,-0.8402
433,-0.8275
434,-0.7508
435,-0.7637
436,-0.9257
437,-0.5898
438,-0.8177
439,-0.9446
440,-0.5920
441,-0.5501
442,-0.7083
443,-0.8888
444,-0.4264
445,-0.4411
446,-0.3138
447,-0.6604
448,-0.5080
449,-0.7531
450,-0.6910
451,-0.5403
452,-0.4477
453,-0.5160
454,-0.6488
455,-0.4864
456,-0.3613
457,-0.1583
458,-0.7844
459,-0.8701
460,-0.7602
461,-0.9127
462,-0.3878
463,-1.0239
464,-0.3548
465,-0.5391
466,-0.6233
467,-0.6584
468,-0.8241
469,-0.5038
470,-0.6456
471,-0.7421
472,-0.8041
473,-0.7270
474,-0.1560
475,-0.5159
476,-0.8843
477,-0.8980
478,-0.3001
479,-0.6407
480,-0.5343
481,-0.6767
482,-0.5115
483,-0.4578
484,-0.6621
485,-0.4719
486,-0.6845
487,-0.5514
488,-0.5980
489,-0.4735
490,-1.2033
491,-0.3522
492,-0.8246
493,-0.8350
494,-0.5661
495,-0.5326
496,-0.3653
497,-0.7266
498,-0.8892
499,-0.8127
500,-0.7634
501,-0.3380
502,-0.3735
503,-0.5316
504,-0.2601
505,-1.1083
506,-0.9467
507,-0.8246
508,-0.6683
509,-1.0008
510,-0.7461
511,-0.2701
512,-0.8203
513,-0.6827
514,-0.6425
515,-0.9458
516,-0.7046
517,-0.7624
518,-0.6299
519,-0.6495
520,-1.0447
521,-0.4667
522,-0.2702
523,-0.5623
524,-0.4562
525,-0.9554
526,-0.6922
527,-0.9701
528,-0.2547
529,-1.0962
530,-0.8782
531,-0.8933
532,-1.1712
533,-0.4612
534,-0.6158
535,-0.6457
536,-0.6456
537,-0.4864
538,-0.8690
539,-0.5538
540,-0.4229
541,-1.2348
542,-1.0390
543,-0.6084
544,-0.6170
545,-0.3530
546,-0.4530
547,-0.5221
548,-0.5879
549,-0.8300
550,-0.6792
551,-0.5397
552,-0.7420
553,-0.4005
554,-0.6466
555,-0.8367
556,-0.7724
557,-0.8321
558,-0.4275
559,-0.9577
560,-0.7322
561,-0.9207
562,-0.4715
563,-1.0532
564,-0.6820
565,-0.8411
566,-0.5157
567,-0.9774
568,-0.5633
569,-0.7538
570,-0.3149
571,-0.7172
572,-0.7434
573,-0.9608
574,-0.2385
575,-0.8782
576,-0.7508
577,-1.1053
578,-0.6202
579,-0.4733
580,-0.9865
581,-0.8494
582,-0.2920
583,-0.6509
584,-0.7519
585,-0.7529
586,-0.8392
587,-0.7365
588,-0.2941
589,-0.6272
590,-0.6186
591,-0.3804
592,-0.6936
593,-0.7432
594,-0.6754
595,-0.5052
596,-0.7743
597,-0.4077
598,-0.7655
599,-0.4592
600,-0.5935
601,-0.2339
602,-0.9740
603,-0.6761
604,-0.6923
605,-0.4107
606,-0.6093
607,-0.4083
608,-0.7391
609,-0.7057
610,-0.6409
611,-0.5430
612,-0.5243
613,-0.7939
614,-0.9672
615,-0.7873
616,-0.8907
617,-0.8532
618,-0.3682
619,-1.1433
620,-0.8278
621,-0.6809
622,-1.0084
623,-0.6458
624,-0.5858
625,-0.6756
626,-0.6843
627,-1.0940
628,-0.8408
629,-0.4900
630,-0.4784
631,-0.1290
632,-0.3973
633,-0.1665
634,-0.6355
635,-0.8348
636,-0.6636
637,-0.6547
638,-0.5544
639,-1.0679
640,-0.7027
641,-1.0961
642,-0.9887
643,-0.5529
644,-0.4351
645,-0.7417
646,-0.6578
647,-0.1641
648,-0.2554
649,-0.8383
650,-0.7104
651,-0.4382
652,-0.7654
653,-0.2240
654,-0.6754
655,-0.7938
656,-0.5387
657,-0.3758
658,-0.8987
659,-0.6188
660,-0.9018
661,-0.8264
662,-0.5950
663,-0.5561
664,-1.0127
665,-0.5405
666,-0.5948
667,-0.3793
668,-0.7050
669,-0.4665
670,-0.7405
671,-0.5149
672,-0.4442
673,-0.5836
674,-0.6711
675,-0.6175
676,-0.6984
677,-0.7994
678,-0.8472
679,-0.5226
680,-0.3404
681,-0.6697
682,-0.5942
683,-0.7121
684,-0.7323
685,-0.3597
686,-0.5770
687,-0.6103
688,-0.4109
689,-0.6724
690,-1.0268
691,-0.6588
692,-0.8322
693,-0.5452
694,-0.7987
695,-0.5300
696,-0.5702
697,-0.7068
698,-0.1977
699,-0.5198
700,-0.9223
701,-0.2385
702,-0.3577
703,-0.7478
704,-0.5073
705,-0.9033
706,-0.7426
707,-0.4176
708,-0.6663
709,-0.2251
710,-1.2285
711,-0.6482
712,-0.9961
713,-0.4767
714,-0.4017
715,-0.2874
716,-0.8902
717,-0.5632
718,-0.4659
719,-0.4998
720,-0.7468
721,-0.4234
722,-0.7450
723,-0.7582
724,-0.5813
725,-0.6253
726,-0.6315
727,-0.5941
728,-0.6504
729,-0.5787
730,-0.4749
731,-0.6013
732,-0.2352
733,-0.7605
734,-0.2216
735,-0.4717
736,-0.6562
737,-0.5925
738,-0.6428
739,-0.7754
740,-0.7123
741,-0.5228
742,-0.3231
743,-0.9504
744,-0.3750
745,-0.0829
746,-0.5411
747,-0.7747
748,-0.7276
749,-0.9416
750,-0.6029
751,-1.1558
752,-0.9255
753,-0.2620
754,-0.8125
755,-0.5098
756,-0.8979
757,-0.9955
758,-0.7355
759,-0.6150
760,-0.5218
761,-0.4482
762,-0.6731
763,-0.6748
764,-0.9667
765,-0.5551
766,-0.8739
767,-0.5430
768,-0.3559
769,-0.7713
770,-0.6363
771,-0.5776
772,-0.8473
773,-0.9070
774,-0.6263
775,-0.5232
776,-0.9127
777,-1.0103
778,-1.0619
779,-0.8232
780,-0.8367
781,-0.6540
782,-0.2589
783,-0.8203
784,-0.9266
785,-0.5606
786,-0.5801
787,-0.9494
788,-1.1817
789,-0.4631
790,-0.7947
791,-0.5855
792,-0.6139
793,-1.0224
794,-0.3868
795,-0.2968
796,-0.5352
797,-1.2032
798,-0.3564
799,-0.4626
800,-0.6549
801,-1.0307
802,-0.6947
803,-0.5255
804,-0.4701
805,-0.4236
806,-0.9715
807,-0.1571
808,-0.5821
809,-0.5920
810,-0.7157
811,-0.5506
812,-0.5000
813,-0.8626
814,-0.8642
815,-0.7430
816,-0.6093
817,-0.5995
818,-0.6821
819,-1.0570
820,-0.6073
821,-0.7813
822,-0.8191
823,-0.5288
824,-1.0125
825,-0.7985
826,-0.2901
827,-0.3535
828,-0.7907
829,-0.2373
830,-0.9913
831,-0.5913
832,-0.4086
833,-0.6688
834,-0.5172
835,-0.7831
836,-1.1955
837,-1.1125
838,-0.5425
839,-0.7124
840,-0.6816
841,-0.8411
842,-0.6642
843,-0.8819
844,-1.0866
845,-0.6809
846,-0.6504
847,-0.4384
848,-0.5962
849,-0.4603
850,-0.9917
851,-0.7467
852,-0.9319
853,-1.0365
854,-0.8808
855,-0.4761
856,-0.8488
857,-0.3964
858,-0.4294
859,-0.6960
860,-0.7886
861,-0.7019
862,-0.7448
863,-0.8868
864,-1.1149
865,-0.7020
866,-0.7289
867,-0.4164
868,-0.8311
869,-0.5073
870,-0.6928
871,-0.9131
872,-0.6186
873,-1.0914
874,-0.7239
875,-0.4847
876,-0.5836
877,-0.1797
878,-0.3878
879,-0.0047
880,-0.3251
881,-0.2166
882,-0.7348
883,-0.4456
884,-0.5627
885,-1.0754
886,-0.7733
887,-0.6320
888,-0.8741
889,-0.4697
890,-0.6547
891,-0.9030
892,-0.4470
893,-0.5743
894,-0.6215
895,-0.7681
896,-0.4364
897,-0.7454
898,-0.6115
899,-0.5483
900,-0.3961
901,-0.5345
902,-1.0540
903,-0.5544
904,-0.5091
905,-0.5025
906,-0.6034
907,-0.5371
908,-0.7107
909,-0.9329
910,-0.5463
911,-0.7911
912,-0.3885
913,-0.4278
914,-0.2711
915,-0.3701
916,-0.8081
917,-0.9957
918,-1.3438
919,-0.9556
920,-0.4928
921,-0.7409
922,-0.3626
923,-1.0378
924,-0.8032
925,-1.0670
926,-0.5908
927,-0.7796
928,-0.6239
929,-0.7985
930,-0.6126
931,-0.7700
932,-0.3685
933,-0.6481
934,-0.5382
935,-0.7989
936,-0.7737
937,-1.0109
938,-0.1921
939,-0.5520
940,-0.3095
941,-0.6037
942,-0.7751
943,-0.7976
944,-0.6109
945,-0.6314
946,-0.5197
947,-0.9151
948,-1.3229
949,-0.6735
950,-0.7124
951,-0.5507
952,-0.8833
953,-0.9413
954,-0.5792
955,-0.6293
956,-0.6885
957,-0.8505
958,-0.9365
959,-0.6972
960,-0.7937
961,-0.4189
962,-0.8816
963,-0.5858
964,-0.8076
965,-1.1634
966,-0.5153
967,-0.7668
968,-0.6850
969,-0.6615
970,-0.5171
971,-1.1481
972,-0.5395
973,-1.0576
974,-0.8880
975,-0.5448
976,-0.6876
977,-0.8754
978,-0.7854
979,-0.6771
980,-0.4207
981,-0.8945
982,-0.3677
983,-0.6032
984,-0.9498
985,-0.7256
986,-0.3763
987,-0.6303
988,-0.6337
989,-1.0734
990,-0.3071
991,-0.5171
992,-0.4872
993,-0.2662
994,-0.6847
995,-1.3867
996,-1.0516
997,-0.2503
998,-0.4221
999,-0.5387
1000,-0.4151
1001,-0.6141
1002,-1.0082
1003,-0.9694
1004,-0.3895
1005,-0.7880
1006,-0.6164
1007,-1.0069
1008,-0.5511
1009,-0.8709
1010,-0.5172
1011,-0.8450
1012,-0.9435
1013,-0.7408
1014,-0.4828
1015,-1.0563
1016,-0.9183
1017,-0.4493
1018,-0.8818
1019,-0.6536
1020,-0.6150
1021,-0.4658
1022,-0.8469
1023,-0.5693
1024,-0.8785
1025,-0.2865
1026,-0.6150
1027,-0.8243
1028,-0.5024
1029,-0.6794
1030,-0.7313
1031,-0.8226
1032,-0.9561
1033,-0.9510
1034,-0.8151
1035,-0.5835
1036,-0.8933
1037,-1.0378
1038,-1.0123
1039,-0.3075
1040,-1.0788
1041,-0.8103
1042,-0.7238
1043,-0.6718
1044,-0.7714
1045,-0.7990
1046,-0.8503
1047,-0.8959
1048,-0.4002
1049,-0.6776
1050,-1.3528
1051,-0.4741
1052,-0.5707
1053,-0.4034
1054,-0.3706
1055,-0.9476
1056,-0.7476
1057,-0.8021
1058,-0.6785
1059,-0.7686
1060,-0.2967
1061,-0.7030
1062,-0.8199
1063,-0.5324
1064,-0.4166
1065,-0.7490
1066,-0.8390
1067,-0.4654
1068,-0.5200
1069,-0.6105
1070,-0.0603
1071,-0.4007
1072,-0.5072
1073,-1.0751
1074,-1.0866
1075,-0.6782
1076,-0.2295
1077,-0.5861
1078,-0.5978
1079,-1.2628
1080,-0.5396
1081,-0.5871
1082,-0.7157
1083,-0.5789
1084,-0.7315
1085,-0.6159
1086,-0.7655
1087,-0.3620
1088,-1.0253
1089,-0.4192
1090,-0.6264
1091,-0.6807
1092,-0.9165
1093,-0.5028
1094,-0.3809
1095,-0.7374
1096,-0.7527
1097,-0.5222
1098,-0.6968
1099,-0.6440
1100,-0.6060
1101,-0.5129
1102,-1.2102
1103,-0.9590
1104,-0.7561
1105,-0.4274
1106,-1.0379
1107,-0.3247
1108,-0.4471
1109,-0.8592
1110,-0.5292
1111,-0.5401
1112,-0.2883
1113,-0.6729
1114,-0.6729
1115,-0.5621
1116,-0.7817
1117,-0.6554
1118,-0.8224
1119,-0.6003
1120,-1.1828
1121,-0.7403
1122,-0.7867
1123,-0.4140
1124,-1.0022
1125,-0.7729
1126,-0.8315
1127,-0.5390
1128,-1.0078
1129,-0.5023
1130,-0.8698
1131,-1.1593
1132,-0.8126
1133,-0.9565
1134,-0.7986
1135,-0.6527
1136,-1.1286
1137,-0.6336
1138,-1.0743
1139,-0.5566
1140,-0.4911
1141,-0.7305
1142,-0.8239
1143,-0.6287
1144,-0.3459
1145,-0.5293
1146,-0.5477
1147,-1.0555
1148,-0.5629
1149,-0.6471
1150,-0.7682
1151,-0.4646
1152,-0.5374
1153,-1.1383
1154,-0.5998
1155,-0.8758
1156,-0.6344
1157,-0.7635
1158,-0.5809
1159,-0.9043
1160,-0.4877
1161,-1.1130
1162,-0.2573
1163,-0.7396
1164,-0.7678
1165,-1.0740
1166,-1.0888
1167,-0.6874
1168,-0.6467
1169,-0.5633
1170,-0.8586
1171,-0.8802
1172,-0.9538
1173,-0.2797
1174,-0.8254
1175,-0.2750
1176,-0.8108
1177,-0.7811
1178,-0.8303
1179,-0.0059
1180,-0.6038
1181,-0.5251
1182,-0.4748
1183,-1.1636
1184,-0.4776
1185,-0.4735
1186,-0.2745
1187,-0.2962
1188,-0.7158
1189,-0.8772
1190,-0.5937
1191,-0.4845
1192,-0.8087
1193,-0.8422
1194,-0.1869
1195,-0.5807
1196,-0.4035
1197,-0.4182
1198,-0.2629
1199,-0.3826
1200,-0.6487
1201,-0.7412
1202,-0.9041
1203,-0.5622
1204,-0.8326
1205,-0.2611
1206,-0.7626
1207,-0.6428
1208,-0.7158
1209,-0.9291
1210,-0.5537
1211,-0.5725
1212,-0.6939
1213,-0.6352
1214,-0.6482
1215,-0.2431
1216,-0.5097
1217,-0.5181
1218,-1.1002
1219,-0.3252
1220,-0.9674
1221,-0.8546
1222,-0.2984
1223,-0.7874
1224,-0.5982
1225,-0.8641
1226,-1.2637
1227,-0.7262
1228,-0.8878
1229,-0.8706
1230,-0.5111
1231,-0.6379
1232,-0.3811
1233,-0.4484
1234,-0.9314
1235,-0.4939
1236,-0.8324
1237,-0.7708
1238,-0.6779
1239,-0.8522
1240,-0.6376
1241,-0.5808
1242,-0.5883
1243,-0.3917
1244,-0.3766
1245,-0.4837
1246,-0.7226
1247,-0.6710
1248,-0.8355
1249,-0.4553
1250,-1.0590
1251,-1.2918
1252,-0.4121
1253,-0.5252
1254,-0.3150
1255,-0.4920
1256,-1.0871
1257,-0.8705
1258,-0.2465
1259,-0.3863
1260,-0.7730
1261,-0.5766
1262,-0.3363
1263,-0.3892
1264,-0.8968
1265,-0.6806
1266,-0.5443
1267,-1.2116
1268,-0.3469
1269,-0.8123
1270,-0.7410
1271,-0.6437
1272,-0.8031
1273,-0.4973
1274,-1.0285
1275,-0.3223
1276,-1.1626
1277,-1.1785
1278,-0.8125
1279,-0.5625
1280,-0.5941
1281,-0.6613
1282,-0.6995
1283,-0.6941
1284,-0.7776
1285,-0.4181
1286,-1.2891
1287,-0.3930
1288,-0.4610
1289,-0.7912
1290,-0.9540
1291,-0.8365
1292,-1.0741
1293,-0.7804
1294,-1.0927
1295,-0.7406
1296,-0.9779
1297,-0.2960
1298,-0.8027
1299,-0.5095
1300,-0.6800
1301,-0.2739
1302,-0.2499
1303,-0.4395
1304,-0.7618
1305,-0.3614
1306,-0.6693
1307,-0.6455
1308,-0.6455
1309,-0.4808
1310,-0.9552
1311,-0.8818
1312,-0.6285
1313,-0.8251
1314,-0.8774
1315,-1.0690
1316,-0.5161
1317,-0.6378
1318,-0.8298
1319,-0.6912
1320,-0.3887
1321,-0.5505
1322,-0.9049
1323,-0.6643
1324,-0.9491
1325,-0.3953
1326,-0.5368
1327,-1.0458
1328,-0.5912
1329,-0.7704
1330,-0.3124
1331,-0.8220
1332,-1.0374
1333,-0.7868
1334,-0.5828
1335,-0.8843
1336,-0.1643
1337,-0.7412
1338,-0.7744
1339,-0.6548
1340,-0.1269
1341,-0.7189
1342,-0.7283
1343,-0.7496
1344,-0.4611
1345,-0.4574
1346,-0.6998
1347,-0.4449
1348,-0.5713
1349,-0.9140
1350,-0.3676
1351,-0.2250
1352,-0.6735
1353,-0.6553
1354,-0.6477
1355,-0.9149
1356,-0.9057
1357,-0.8316
1358,-0.3258
1359,-0.5265
1360,-0.4927
1361,-0.6491
1362,-0.5901
1363,-0.9668
1364,-0.1711
1365,-0.2553
1366,-0.7555
1367,-0.6817
1368,-0.1844
1369,-0.4141
1370,-0.4005
1371,-0.7554
1372,-0.6275
1373,-0.3155
1374,-0.7466
1375,-0.9578
1376,-0.6367
1377,-0.4825
1378,-0.7190
1379,-0.7519
1380,-0.4119
1381,-0.8768
1382,-0.7547
1383,-0.2757
1384,-0.6907
1385,-0.4568
1386,-0.4368
1387,-0.8431
1388,-0.6209
1389,-0.6769
1390,-0.6355
1391,-0.7578
1392,-0.4465
1393,-0.7685
1394,-0.4267
1395,-0.7165
1396,-0.4690
1397,-0.7333
1398,-0.7070
1399,-0.5210
1400,-0.7243
1401,-0.6812
1402,-1.2786
1403,-0.5680
1404,-0.3938
1405,-0.8214
1406,-0.9175
1407,-0.0747
1408,-0.4525
1409,-0.6718
1410,-0.3854
1411,-0.8076
1412,-0.9227
1413,-1.1196
1414,-0.9465
1415,-0.4975
1416,-0.8612
1417,-0.4216
1418,-0.5267
1419,-0.3585
1420,-0.7052
1421,-0.8120
1422,-0.5779
1423,-0.9056
1424,-0.6435
1425,-0.5698
1426,-0.7371
1427,-0.2273
1428,-0.6256
1429,-0.5224
1430,-0.7957
1431,-0.4934
1432,-0.8916
1433,-0.5236
1434,-0.6122
1435,-0.5960
1436,-1.0253
1437,-0.8907
1438,-1.0620
1439,-0.9294
1440,-0.6231
1441,-0.2728
1442,-1.0160
1443,-1.1379
1444,-0.9555
1445,-0.6916
1446,-1.1452
1447,-0.5514
1448,-0.8026
1449,-0.6654
1450,-0.4599
1451,-0.3829
1452,-0.6242
1453,-0.9883
1454,-0.9714
1455,-0.5535
1456,-0.5968
1457,-0.8538
1458,-0.4781
1459,-1.0250
1460,-0.8212
1461,-0.8016
1462,-0.8573
1463,-0.3373
1464,-0.7267
1465,-0.5841
1466,-0.8094
1467,-0.3057
1468,-0.9108
1469,-1.0046
1470,-0.8402
1471,-0.3629
1472,-0.5903
1473,-0.7981
1474,-0.6481
1475,-0.9562
1476,-0.6204
1477,-0.3217
1478,-1.0199
1479,-0.7700
1480,-0.5782
1481,-0.3848
1482,-0.9513
1483,-1.2552
1484,-0.8032
1485,-1.0267
1486,-0.5459
1487,-0.6581
1488,-0.6781
1489,-0.5532
1490,-0.7494
1491,-0.6046
1492,-0.6734
1493,-0.5357
1494,-0.9595
1495,-0.9244
1496,-1.0529
1497,-0.6177
1498,-0.5376
1499,-0.3832
1500,-1.0130
1501,-0.3427
1502,-0.5073
1503,-0.8995
1504,-1.0038
1505,-0.3463
1506,-0.4506
1507,-0.7053
1508,-0.4218
1509,-0.5542
1510,-0.5789
1511,-0.4784
1512,-0.5985
1513,-0.8581
1514,-0.5872
1515,-0.8622
1516,-0.4123
1517,-0.7203
1518,-0.3116
1519,-0.5450
1520,-0.2667
1521,-0.5031
1522,-0.9240
1523,-1.0144
1524,-0.6950
1525,-0.4635
1526,-0.2306
1527,-0.9000
1528,-0.8916
1529,-0.5662
1530,-0.8423
1531,-0.6067
1532,-0.6093
1533,-0.9231
1534,-0.6076
1535,-0.7247
1536,-0.4737
1537,-0.7164
1538,-0.4383
1539,-0.8498
1540,-0.5856
1541,-0.2654
1542,-0.7235
1543,-0.2943
1544,-0.5373
1545,-0.1686
1546,-1.1418
1547,-0.6536
1548,-0.8781
1549,-0.1526
1550,-0.7328
1551,-0.6448
1552,-0.7401
1553,-0.5569
1554,-1.0856
1555,-0.9439
1556,-0.4868
1557,-0.7953
1558,-0.3376
1559,-0.6443
1560,-0.6294
1561,-0.4487
1562,-0.2163
1563,-1.0527
1564,-0.9107
1565,-0.4365
1566,-0.5067
1567,-0.6787
1568,-0.6751
1569,-0.7576
1570,-1.0264
1571,-0.8275
1572,-0.8117
1573,-0.7240
1574,-0.9238
1575,-0.8126
1576,-0.7988
1577,-0.6554
1578,-0.8623
1579,-0.3873
1580,-0.3133
1581,-0.8604
1582,-0.6256
1583,-0.8367
1584,-1.0259
1585,-1.0568
1586,-0.9208
1587,-0.4210
1588,-0.4611
1589,-0.2887
1590,-0.7048
1591,-0.4445
1592,-0.3674
1593,-1.0690
1594,-0.5976
1595,-0.6702
1596,-0.6539
1597,-1.1287
1598,-0.9750
1599,-0.7909
1600,-0.6828
1601,-0.4478
1602,-0.2597
1603,-0.7591
1604,-1.2417
1605,-0.4225
1606,-0.9557
1607,-0.5899
1608,-0.9581
1609,-0.6563
1610,-0.7007
1611,-0.9361
1612,-0.5873
1613,-0.6949
1614,-0.4243
1615,-0.5806
1616,-0.3535
1617,-0.7375
1618,-0.6928
1619,-0.6647
1620,-0.9329
1621,-0.8955
1622,-0.8981
1623,-0.4368
1624,-0.8171
1625,-0.8014
1626,-0.4768
1627,-0.8342
1628,-0.6057
1629,-0.4477
1630,-1.0768
1631,-0.6451
1632,-0.5899
1633,-0.9476
1634,-0.4211
1635,-0.7270
1636,-0.7328
1637,-0.6539
1638,-0.4090
1639,-1.2485
1640,-1.1039
1641,-0.5466
1642,-1.1595
1643,-0.5369
1644,-0.6323
1645,-0.7270
1646,-0.2677
1647,-0.5772
1648,-0.5316
1649,-0.7217
1650,-1.0211
1651,-0.4497
1652,-1.0604
1653,-0.6912
1654,-0.7744
1655,-0.6442
1656,-0.6426
1657,-0.9394
1658,-0.5572
1659,-0.6985
1660,-0.7967
1661,-0.8047
1662,-0.4313
1663,-0.8065
1664,-0.4643
1665,-0.3878
1666,-0.4830
1667,-0.5434
1668,-0.4879
1669,-0.8091
1670,-0.9841
1671,-0.8211
1672,-0.4444
1673,-0.7181
1674,-0.1039
1675,-0.6805
1676,-0.8414
1677,-0.8795
1678,-0.4494
1679,-1.0181
1680,-0.4722
1681,-0.8418
1682,-0.6675
1683,-0.4994
1684,-0.6835
1685,-1.3961
1686,-0.6495
1687,-0.5979
1688,-1.1386
1689,-0.9298
1690,-0.6642
1691,-0.6478
1692,-0.5438
1693,-0.4780
1694,-0.9409
1695,-0.5832
1696,-0.8114
1697,-0.4842
1698,-0.9199
1699,-0.6111
1700,-0.7878
1701,-0.4758
1702,-0.5243
1703,-0.6841
1704,-0.6858
1705,-0.8394
1706,-0.7522
1707,-0.6955
1708,-0.4747
1709,-0.8045
1710,-0.7249
1711,-0.3272
1712,-0.9663
1713,-0.7188
1714,-0.7982
1715,-0.3881
1716,-0.1005
1717,-0.9608
1718,-0.3899
1719,-0.7505
1720,-1.1275
1721,-0.8646
1722,-0.8372
1723,-0.4267
1724,-0.8169
1725,-0.4335
1726,-0.3860
1727,-0.5408
1728,-1.0723
1729,-0.9804
1730,-0.8953
1731,-0.2612
1732,-0.9552
1733,-0.8735
1734,-0.2336
1735,-1.0111
1736,-0.5452
1737,-0.5655
1738,-0.8244
1739,-0.5054
1740,-1.1407
1741,-0.6411
1742,-0.6603
1743,-0.7200
1744,-0.3983
1745,-0.7298
1746,-0.8783
1747,-1.0180
1748,-0.6421
1749,-0.8120
1750,-0.6160
1751,-1.0152
1752,-0.6282
1753,-0.6521
1754,-0.7497
1755,-0.5911
1756,-1.3251
1757,-0.5379
1758,-0.3516
1759,-0.5461
1760,-0.8103
1761,-0.4894
1762,-0.5376
1763,-0.5739
1764,-0.5473
1765,-0.7156
1766,-0.6764
1767,-0.3065
1768,-0.6607
1769,-0.6795
1770,-1.3468
1771,-1.0459
1772,-0.8734
1773,-0.6094
1774,-0.6243
1775,-0.7161
1776,-1.0342
1777,-0.5351
1778,-0.6785
1779,-0.8612
1780,-0.3192
1781,-0.5861
1782,-1.3715
1783,-0.3762
1784,-0.5665
1785,-0.7687
1786,-0.6948
1787,-0.9672
1788,-1.0185
1789,-0.4620
1790,-0.5796
1791,-1.0159
1792,-0.6252
1793,-0.9252
1794,-0.6656
1795,-0.6693
1796,-0.7361
1797,-0.4446
1798,-0.9438
1799,-0.8477
1800,-0.9634
1801,-0.5648
1802,-0.3951
1803,-0.7535
1804,-0.8668
1805,-0.2583
1806,-0.2428
1807,-0.7815
1808,-0.8639
1809,-0.8653
1810,-0.7140
1811,-0.9335
1812,-0.4614
1813,-0.6015
1814,-0.4817
1815,-0.8433
1816,-0.8531
1817,-0.6237
1818,-0.7263
1819,-0.8910
1820,-0.7545
1821,-0.5896
1822,-0.3848
1823,-0.1921
1824,-0.4845
1825,-0.8655
1826,-0.4385
1827,-0.8431
1828,-0.8032
1829,-0.7392
1830,-0.3062
1831,-0.8832
1832,-0.7000
1833,-0.5401
1834,-0.7123
1835,-0.6530
1836,-0.3963
1837,-0.7734
1838,-0.7766
1839,-0.4963
1840,-0.3227
1841,-0.8651
1842,-0.7830
1843,-0.9362
1844,-1.1075
1845,-0.7246
1846,-0.4065
1847,-0.8196
1848,-0.7866
1849,-0.7060
1850,-0.7001
1851,-0.9371
1852,-0.9359
1853,-0.6146
1854,-0.5839
1855,-0.7887
1856,-0.6392
1857,-0.7489
1858,-0.6976
1859,-0.0769
1860,-0.4422
1861,-0.7988
1862,-0.8128
1863,-0.0983
1864,-0.5763
1865,-0.4531
1866,-0.3571
1867,-0.7855
1868,-1.2525
1869,-0.6252
1870,-0.8814
1871,-0.8381
1872,-0.5012
1873,-0.6804
1874,-0.9645
1875,-0.9695
1876,-0.3949
1877,-0.4201
1878,-1.0122
1879,-1.0149
1880,-0.1755
1881,-0.6159
1882,-1.0491
1883,-0.6909
1884,-0.8803
1885,-0.6948
1886,-0.4469
1887,-0.4148
1888,-0.6192
1889,-0.6809
1890,-0.8397
1891,-0.7767
1892,-0.8443
1893,-0.5608
1894,-0.8585
1895,-0.7542
1896,-0.8213
1897,-0.7484
1898,-0.5023
1899,-0.0958
1900,-0.6864
1901,-1.0608
1902,-0.5178
1903,-0.3588
1904,-0.8608
1905,-0.9989
1906,-0.9295
1907,-0.8167
1908,-0.6240
1909,-0.6998
1910,-0.4206
1911,-1.0065
1912,-0.1418
1913,-0.3410
1914,-0.7597
1915,-0.6015
1916,-1.1450
1917,-0.9073
1918,-0.5429
1919,-0.7884
1920,-0.6758
1921,-0.5524
1922,-0.2555
1923,-0.8683
1924,-1.0735
1925,-0.6650
1926,-0.8149
1927,-0.6613
1928,-0.4591
1929,-0.6573
1930,-0.7367
1931,-0.9915
1932,-1.1669
1933,-0.6970
1934,-0.4753
1935,-0.4924
1936,-0.6866
1937,-0.6141
1938,-1.0963
1939,-0.6641
1940,-1.2491
1941,-0.9898
1942,-0.7215
1943,-1.0627
1944,-0.6742
1945,-0.6614
1946,-0.7973
1947,-0.7279
1948,-0.7325
1949,-0.8515
1950,-1.0854
1951,-0.6764
1952,-0.5903
1953,-0.8110
1954,-0.5887
1955,-0.7540
1956,-1.0725
1957,-0.7510
1958,-0.8467
1959,-1.0708
1960,-0.6627
1961,-0.8137
1962,-1.2083
1963,-0.9124
1964,-0.5625
1965,-0.9436
1966,-0.7386
1967,-0.4787
1968,-0.5947
1969,-0.7051
1970,-0.7135
1971,-0.3417
1972,-0.2695
1973,-0.7971
1974,-0.4003
1975,-0.3031
1976,-0.7508
1977,-0.7881
1978,-0.7619
1979,-0.5969
1980,-0.2860
1981,-0.5482
1982,-0.9252
1983,-0.7114
1984,-0.7023
1985,-0.8898
1986,-0.6249
1987,-0.8002
1988,-0.7480
1989,-0.8790
1990,-0.9108
1991,-0.6924
1992,-0.6953
1993,-0.8225
1994,-1.0353
1995,-0.9311
1996,-0.3420
1997,-0.6961
1998,-0.5094
1999,-0.2711
2000,-0.9136
2001,-0.9376
2002,-0.5945
2003,-1.3968
2004,-0.5174
2005,-0.4800
2006,-0.7590
2007,-0.8238
2008,-0.5386
2009,-0.9435
2010,-0.4965
2011,-0.6560
2012,-0.7009
2013,-0.3605
2014,-0.5148
2015,-0.6990
2016,-0.4457
2017,-0.7685
2018,-0.6722
2019,-0.5913
2020,-0.8096
2021,-0.5806
2022,-0.7164
2023,-0.5047
2024,-0.6410
2025,-0.7578
2026,-0.3011
2027,-0.5692
2028,-0.7748
2029,-0.3852
2030,-0.4920
2031,-0.9674
2032,-0.4623
2033,-0.8885
2034,-0.6334
2035,-1.0842
2036,-0.6946
2037,-0.6586
2038,-0.6969
2039,-0.3608
2040,-0.1119
2041,-0.7629
2042,-0.7344
2043,-0.7443
2044,-0.8074
2045,-0.3799
2046,-0.8299
2047,-0.7776
2048,-0.9679
2049,-0.6314
2050,-0.4723
2051,-0.3294
2052,-0.3821
2053,-0.6946
2054,-0.9796
2055,-0.6381
2056,-0.9820
2057,-0.6964
2058,-0.7681
2059,-0.8247
2060,-0.4720
2061,-0.7186
2062,-0.7565
2063,-0.9354
2064,-0.6172
2065,-0.9508
2066,-0.7424
2067,-0.8343
2068,-0.6226
2069,-0.5901
2070,-0.6235
2071,-0.4126
2072,-0.5067
2073,-0.6267
2074,-0.7966
2075,-0.5671
2076,-0.4880
2077,-0.6828
2078,-1.0055
2079,-0.5234
2080,-0.8458
2081,-0.8862
2082,-0.7334
2083,-0.9443
2084,-0.5497
2085,-0.5718
2086,-0.8319
2087,-0.8723
2088,-1.1214
2089,-0.7733
2090,-0.9041
2091,-0.4464
2092,-0.3029
2093,-0.6446
2094,-0.4482
2095,-1.1598
2096,-0.9480
2097,-0.3550
2098,-0.1795
2099,-0.3374
2100,-0.7162
2101,-0.9479
2102,-0.6209
2103,-0.3714
2104,-1.0258
2105,-0.5162
2106,-0.7309
2107,-0.6781
2108,-0.7269
2109,-0.3273
2110,-0.7458
2111,-0.3814
2112,-0.6868
2113,-0.5624
2114,-0.6355
2115,-0.3788
2116,-1.0759
2117,-0.6146
2118,-0.4418
2119,-0.5956
2120,-1.0197
2121,-0.4461
2122,-0.9591
2123,-0.6157
2124,-0.9687
2125,-0.8880
2126,-0.8793
2127,-0.7341
2128,-1.0858
2129,-1.5588
2130,-1.1804
2131,-1.0407
2132,-0.6281
2133,-0.5870
2134,-0.7923
2135,-0.5387
2136,-0.7865
2137,-0.8816
2138,-0.4811
2139,-0.6226
2140,-0.4190
2141,-0.7378
2142,-1.2648
2143,-0.7367
2144,-0.8808
2145,-0.3848
2146,-0.3773
2147,-0.8583
2148,-0.7059
2149,-0.1438
2150,-0.9830
2151,-0.6322
2152,-0.7403
2153,-0.5977
2154,-0.5806
2155,-0.8883
2156,-0.6977
2157,-0.6617
2158,-0.5190
2159,-0.6522
2160,-0.7123
2161,-0.7767
2162,-0.4965
2163,-0.6521
2164,-0.2850
2165,-0.7477
2166,-0.9537
2167,-0.8530
2168,-0.7047
2169,-1.0461
2170,-0.8318
2171,-0.6901
2172,-0.5310
2173,-0.6602
2174,-0.3305
2175,-0.8369
2176,-0.6524
2177,-0.7479
2178,-0.7920
2179,-0.9713
2180,-0.4517
2181,-0.7830
2182,-0.8199
2183,-0.6392
2184,-0.5674
2185,-0.7689
2186,-0.6710
2187,-0.5053
2188,-0.3379
2189,-0.3537
2190,-0.3517
2191,-0.3704
2192,-0.2549
2193,-0.3438
2194,-0.9971
2195,-0.8190
2196,-0.6731
2197,-0.8810
2198,-1.4482
2199,-0.3339
2200,-0.7577
2201,-0.6458
2202,-0.6404
2203,-0.5920
2204,-0.7271
2205,-0.9463
2206,-1.0262
2207,-0.4135
2208,-0.7394
2209,-0.2321
2210,-0.9492
2211,-0.9032
2212,-0.4584
2213,-0.6497
2214,-0.7980
2215,-0.7161
2216,-0.8971
2217,-0.8019
2218,-0.5200
2219,-0.9596
2220,-0.4923
2221,-1.1517
2222,-0.7654
2223,-0.4246
2224,-0.9169
2225,-0.7272
2226,-0.7890
2227,-0.9279
2228,-0.5940
2229,-0.5140
2230,-0.5320
2231,-0.4302
2232,-0.5102
2233,-0.4458
2234,-0.7085
2235,-0.7511
2236,-0.7110
2237,-1.0171
2238,-0.5774
2239,-0.6956
2240,-0.9270
2241,-0.4352
2242,-0.7481
2243,-0.7128
2244,-0.7378
2245,-0.5046
2246,-1.2556
2247,-0.5543
2248,-0.2252
2249,-0.6332
2250,-1.2064
2251,-0.6531
2252,-0.6667
2253,-0.8070
2254,-0.4783
2255,-0.7882
2256,-0.3792
2257,-0.7268
2258,-0.4578
2259,-0.5373
2260,-0.7617
2261,-0.3373
2262,-0.4750
2263,-0.6709
2264,-0.8142
2265,-0.8160
2266,-0.4901
2267,-0.7112
2268,-0.5766
2269,-0.4400
2270,-0.6173
2271,-0.5891
2272,-0.6591
2273,-0.5804
2274,-0.5265
2275,-1.1563
2276,-0.1924
2277,-0.8196
2278,-0.7312
2279,-0.8000
2280,-0.8068
2281,-0.6658
2282,-0.6836
2283,-0.1175
2284,-0.5400
2285,-0.4445
2286,-0.5923
2287,-1.0523
2288,-0.8055
2289,-0.9205
2290,-0.7580
2291,-0.4471
2292,-0.6100
2293,-0.5821
2294,-0.7681
2295,-0.8721
2296,-0.6047
2297,-0.2503
2298,-0.6014
2299,-0.2069
2300,-0.9795
2301,-0.5921
2302,-0.5999
2303,-1.0926
2304,-0.8437
2305,-0.5656
2306,-0.8224
2307,-1.0661
2308,-0.4497
2309,-1.1266
2310,-0.4056
2311,-0.9309
2312,-0.6291
2313,-0.7660
2314,-0.5098
2315,-0.3395
2316,-0.3141
2317,-0.7965
2318,-0.4210
2319,-0.5012
2320,-0.3796
2321,-0.6303
2322,-1.1084
2323,-0.7926
2324,-0.4039
2325,-0.9879
2326,-0.6925
2327,-0.8721
2328,-0.5633
2329,-0.5691
2330,-0.2740
2331,-0.7034
2332,-0.5471
2333,-0.5792
2334,-0.5233
2335,-0.3374
2336,-0.1875
2337,-0.4016
2338,-0.6872
2339,-0.5792
2340,-0.8495
2341,-0.7418
2342,-0.7527
2343,-0.4010
2344,-0.4736
2345,-0.4560
2346,-0.7146
2347,-1.1077
2348,-0.5240
2349,-0.6035
2350,-0.8784
2351,-0.1333
2352,-0.6177
2353,-0.8359
2354,-0.4531
2355,-0.7414
2356,-0.0642
2357,-0.7177
2358,-0.6074
2359,-0.5459
2360,-0.4054
2361,-0.7730
2362,-1.0931
2363,-0.7481
2364,-0.7717
2365,-0.4874
2366,-0.6361
2367,-0.6365
2368,-1.0178
2369,-0.4523
2370,-0.7386
2371,-0.3810
2372,-0.4533
2373,-0.2624
2374,-0.7158
2375,-0.1812
2376,-0.9407
2377,-0.9124
2378,-0.9392
2379,-0.9429
2380,-0.7853
2381,-0.4522
2382,-0.6386
2383,-0.5094
2384,-0.6765
2385,-0.3805
2386,-0.4511
2387,-1.2331
2388,-0.7013
2389,-1.0892
2390,-0.6948
2391,-0.6769
2392,-0.7994
2393,-0.1686
2394,-0.6191
2395,-0.7848
2396,-0.3662
2397,-0.7396
2398,-0.5352
2399,-0.8396
2400,-1.0681
2401,-1.1135
2402,-0.9999
2403,-0.8829
2404,-0.5523
2405,-0.7824
2406,-0.9247
2407,-0.7036
2408,-1.1094
2409,-0.7385
2410,-0.7588
2411,-0.6735
2412,-0.4858
2413,-0.5982
2414,-0.7508
2415,-0.6427
2416,-0.5959
2417,-0.6383
2418,-0.3297
2419,-0.3149
2420,-0.7610
2421,-0.6976
2422,-0.3968
2423,-0.9624
2424,-0.3282
2425,-0.7475
2426,-1.1581
2427,-0.6956
2428,-0.3906
2429,-0.4245
2430,-0.8728
2431,-0.7071
2432,-0.3980
2433,-0.7243
2434,-0.5505
2435,-0.8387
2436,-0.9486
2437,-1.0175
2438,-0.7379
2439,-0.7108
2440,-0.3660
2441,-0.6741
2442,-0.4666
2443,-0.6518
2444,-0.6947
2445,-0.8349
2446,-0.7748
2447,-0.5285
2448,-0.5893
2449,-0.6189
2450,-0.3798
2451,-0.2721
2452,-1.2331
2453,-0.4495
2454,-0.8550
2455,-0.6192
2456,-0.7855
2457,-0.4886
2458,-0.9518
2459,-0.0977
2460,-0.8766
2461,-0.7681
2462,-0.6536
2463,-0.7607
2464,-0.2752
2465,-0.6666
2466,-0.3984
2467,-0.8930
2468,-0.6626
2469,-1.1217
2470,-0.5715
2471,-0.5572
2472,-0.6561
2473,-0.7285
2474,-0.1121
2475,-0.4720
2476,-0.9001
2477,-0.7700
2478,-0.3601
2479,-1.1388
2480,-0.4151
2481,-0.5415
2482,-0.4022
2483,-0.7470
2484,-0.8974
2485,-0.3711
2486,-0.0636
2487,-0.7504
2488,-0.4843
2489,-0.6612
2490,-0.3715
2491,-0.7354
2492,-0.7765
2493,-0.3660
2494,-0.2894
2495,-0.3927
2496,-0.3793
2497,-0.6961
2498,-0.6869
2499,-0.9003
2500,-0.2953
2501,-0.6911
2502,-0.5693
2503,-0.4132
2504,-0.3888
2505,-0.6952
2506,-1.1463
2507,-1.3312
2508,-0.3526
2509,-1.0584
2510,-0.3017
2511,-0.5848
2512,-1.1128
2513,-0.9989
2514,-0.5583
2515,-0.8167
2516,-0.7648
2517,-0.5006
2518,-0.6156
2519,-0.5236
2520,-1.1292
2521,-1.2785
2522,-0.2873
2523,-0.7830
2524,-0.5440
2525,-0.4195
2526,-0.3108
2527,-0.6023
2528,-0.6947
2529,-0.9687
2530,-0.5322
2531,-0.5407
2532,-0.9441
2533,-0.9563
2534,-0.7944
2535,-0.5810
2536,-1.0537
2537,-1.2549
2538,-0.9742
2539,-0.3157
2540,-0.8068
2541,-0.4373
2542,-0.6868
2543,-0.4289
2544,-0.3935
2545,-1.1839
2546,-0.6943
2547,-0.8474
2548,-1.1460
2549,-0.7701
2550,-0.4430
2551,-0.6784
2552,-0.3719
2553,-0.5485
2554,-0.5393
2555,-0.9686
2556,-0.5706
2557,-0.9718
2558,-0.9997
2559,-0.3787
2560,-0.8302
2561,-0.2655
2562,-0.7736
2563,-0.5361
2564,-0.7732
2565,-0.8242
2566,-0.7876
2567,-0.8275
2568,-0.6578
2569,-0.8207
2570,-1.0376
2571,-0.2572
2572,-0.3578
2573,-1.1105
2574,-0.4460
2575,-0.9439
2576,-1.2160
2577,-0.2778
2578,-0.4459
2579,-1.0375
2580,-1.1557
2581,-0.5136
2582,-0.8266
2583,-0.5133
2584,-0.8823
2585,-0.4730
2586,-0.3978
2587,-0.3217
2588,-0.5924
2589,-0.7758
2590,-0.4249
2591,-0.9858
2592,-0.5521
2593,-0.7416
2594,-0.7593
2595,-0.5944
2596,-0.6390
2597,-0.9783
2598,-0.9687
2599,-0.7340
2600,-0.9362
2601,-0.7688
2602,-0.3300
2603,-0.4763
2604,-0.7764
2605,-1.0610
2606,-0.5306
2607,-0.9940
2608,-0.3956
2609,-0.8128
2610,-0.4626
2611,-0.3142
2612,-0.6110
2613,-0.4627
2614,-0.5870
2615,-0.4533
2616,-0.3440
2617,-0.4299
2618,-0.8664
2619,-0.5658
2620,-0.6353
2621,-0.7115
2622,-0.5128
2623,-1.2296
2624,-1.0757
2625,-0.7335
2626,-0.5523
2627,-0.9559
2628,-0.7624
2629,-0.5014
2630,-0.5474
2631,-0.7989
2632,-0.6069
2633,-0.3283
2634,-0.6855
2635,-0.8907
2636,-0.9227
2637,-0.9162
2638,-0.8981
2639,-0.7456
2640,-0.4023
2641,-0.6384
2642,-1.0655
2643,-0.8024
2644,-0.0493
2645,-0.5793
2646,-0.6312
2647,-0.4243
2648,-0.4618
2649,-0.7565
2650,-0.2598
2651,-0.4668
2652,-0.7411
2653,-0.7921
2654,-0.7792
2655,-0.6079
2656,-0.5270
2657,-0.8659
2658,-0.4109
2659,-0.9386
2660,-0.6111
2661,-0.9406
2662,-0.4424
2663,-0.6658
2664,-0.8046
2665,-0.9130
2666,-0.5623
2667,-0.4083
2668,-0.7277
2669,-0.6442
2670,-0.5511
2671,-0.4905
2672,-0.8059
2673,-0.5330
2674,-1.1250
2675,-0.6468
2676,-0.7681
2677,-0.6437
2678,-0.5629
2679,-0.5305
2680,-0.7619
2681,-0.6903
2682,-0.7249
2683,-0.4458
2684,-0.5129
2685,-0.8666
2686,-0.8883
2687,-0.9127
2688,-0.6603
2689,-0.9870
2690,-0.4929
2691,-0.5329
2692,-0.7652
2693,-0.5986
2694,-0.9294
2695,-0.3695
2696,-0.6811
2697,-0.5514
2698,-0.9313
2699,-0.3819
2700,-0.6184
2701,-0.7432
2702,-0.8388
2703,-0.2713
2704,-0.5024
2705,-0.7185
2706,-0.8063
2707,-0.8111
2708,-0.5572
2709,-0.7355
2710,-0.9690
2711,-1.1827
2712,-0.9589
2713,-0.4283
2714,-0.6935
2715,-1.1774
2716,-1.0705
2717,-0.8067
2718,-0.2552
2719,-1.1527
2720,-1.1167
2721,-0.3954
2722,-0.5863
2723,-0.5418
2724,-0.5919
2725,-0.8453
2726,-0.7009
2727,-0.7911
2728,-0.4780
2729,-0.2301
2730,-0.9665
2731,-0.6864
2732,-0.9597
2733,-0.4762
2734,-0.6856
2735,-0.4397
2736,-0.8201
2737,-0.8478
2738,-0.9447
2739,-0.4120
2740,-0.9129
2741,-0.4581
2742,-0.9040
2743,-0.8827
2744,-1.2725
2745,-0.6634
2746,-0.7364
2747,-0.7307
2748,-0.6853
2749,-1.1710
2750,-0.2607
2751,-0.7919
2752,-0.7478
2753,-0.8125
2754,-0.9100
2755,-0.8210
2756,-0.6382
2757,-0.6630
2758,-0.6745
2759,-0.4623
2760,-1.2711
2761,-0.6847
2762,-1.0295
2763,-0.6372
2764,-0.9046
2765,-0.6265
2766,-0.9845
2767,-0.5267
2768,-0.5500
2769,-0.8279
2770,-0.4566
2771,-1.2304
2772,-0.9027
2773,-0.4883
2774,-1.1085
2775,-0.6216
2776,-0.6194
2777,-0.7619
2778,-0.5956
2779,-0.7267
2780,-1.2132
2781,-0.8706
2782,-0.4320
2783,-0.0382
2784,-0.4422
2785,-0.7227
2786,-0.9699
2787,-0.3443
2788,-0.5279
2789,-0.6899
2790,-0.4307
2791,-0.5972
2792,-0.6742
2793,-0.5259
2794,-0.7051
2795,-0.5626
2796,-0.7906
2797,-0.8595
2798,-0.2636
2799,-0.7793
2800,-0.6454
2801,-1.0396
2802,-0.8359
2803,-0.3989
2804,-0.7753
2805,-0.5164
2806,-0.8259
2807,-0.6234
2808,-0.4364
2809,-0.5005
2810,-0.4697
2811,-0.7360
2812,-0.7183
2813,-0.5713
2814,-0.4002
2815,-0.5366
2816,-0.8811
2817,-0.6079
2818,-0.4410
2819,-0.9779
2820,-0.7479
2821,-0.5422
2822,-0.7953
2823,-0.7122
2824,-1.0401
2825,-0.4987
2826,-0.6177
2827,-0.7373
2828,-1.0687
2829,-0.5282
2830,-0.3023
2831,-0.8492
2832,-0.8362
2833,-0.5349
2834,-0.9990
2835,-0.4608
2836,-0.1907
2837,-0.6074
2838,-0.4327
2839,-0.6040
2840,-0.3844
2841,-0.7041
2842,-0.5314
2843,-0.6299
2844,-0.4353
2845,-1.0605
2846,-0.6642
2847,-0.6866
2848,-0.5440
2849,-0.8217
2850,-0.7149
2851,-0.7629
2852,-1.2662
2853,-0.9088
2854,-1.1508
2855,-0.8036
2856,-0.5350
2857,-0.9333
2858,-0.7275
2859,-0.3306
2860,-1.2127
2861,-0.5637
2862,-0.5482
2863,-0.3623
2864,-0.6467
2865,-0.8485
2866,-0.3050
2867,-0.8652
2868,-0.4821
2869,-0.5711
2870,-0.5507
2871,-0.9617
2872,-0.7156
2873,-0.5754
2874,-0.4516
2875,-0.3827
2876,-0.3315
2877,-0.5108
2878,-0.9465
2879,-0.5542
2880,-0.7044
2881,-0.7588
2882,-1.2076
2883,-0.5232
2884,-0.5634
2885,-0.6800
2886,-0.8814
2887,-1.0894
2888,-0.8880
2889,-0.5485
2890,-0.4860
2891,-0.3747
2892,-0.5363
2893,-0.4404
2894,-0.5958
2895,-0.9196
2896,-0.1806
2897,-0.6327
2898,-0.5120
2899,-0.5496
2900,-0.9836
2901,-0.2285
2902,-0.6211
2903,-0.5982
2904,-0.5567
2905,-0.4875
2906,-0.3562
2907,-1.0247
2908,-0.7202
2909,-0.9545
2910,-0.9092
2911,-1.2831
2912,-0.6032
2913,-0.3653
2914,-0.9507
2915,-1.0585
2916,-0.5879
2917,-0.8219
2918,-0.4969
2919,-0.7624
2920,-0.8796
2921,-0.6868
2922,-0.6718
2923,-1.1177
2924,-0.9076
2925,-0.9978
2926,-0.7700
2927,-0.6939
2928,-0.7400
2929,-0.2223
2930,-0.8514
2931,-0.4638
2932,-0.9233
2933,-0.5711
2934,-0.7048
2935,-0.8243
2936,-0.5103
2937,-0.4958
2938,-1.0011
2939,-0.9233
2940,-1.0805
2941,-0.6814
2942,-0.8042
2943,-0.6755
2944,-0.9381
2945,-0.5514
2946,-0.7999
2947,-1.1913
2948,-0.5671
2949,-1.0703
2950,-0.2604
2951,-0.7342
2952,-0.5584
2953,-0.3849
2954,-0.3366
2955,-0.9584
2956,-0.4485
2957,-1.1197
2958,-0.2441
2959,-0.9224
2960,-0.6881
2961,-0.5471
2962,-0.8184
2963,-0.7984
2964,-1.3177
2965,-0.6633
2966,-0.9420
2967,-0.9480
2968,-1.2788
2969,-0.5284
2970,-0.5065
2971,-1.0578
2972,-0.7137
2973,-0.6601
2974,-0.7601
2975,-0.7604
2976,-0.6931
2977,-1.0465
2978,-0.5338
2979,-0.7717
2980,-0.6939
2981,-0.7580
2982,-0.7259
2983,-0.3642
2984,-0.3503
2985,-0.5865
2986,-0.6785
2987,-0.5313
2988,-0.8132
2989,-0.4530
2990,-0.6246
2991,-0.4516
2992,-0.6564
2993,-0.8247
2994,-0.4949
2995,-0.3707
2996,-0.9396
2997,-0.6264
2998,-0.3025
2999,-0.8425
3000,-0.8021
3001,-0.4378
3002,-0.5258
3003,-0.6662
3004,-0.3558
3005,-0.9152
3006,-0.4139
3007,-0.9981
3008,-0.7804
3009,-0.6664
3010,-0.3649
3011,-0.6470
3012,-0.8596
3013,-0.6713
3014,-0.4328
3015,-0.8783
3016,-0.6169
3017,-0.5021
3018,-0.8842
3019,-0.5434
3020,-0.3993
3021,-0.7631
3022,-0.7990
3023,-1.2036
3024,-1.0786
3025,-0.8641
3026,-0.4455
3027,-0.7595
3028,-0.5194
3029,-0.4977
3030,-0.3792
3031,-0.9432
3032,-0.5422
3033,-0.1586
3034,-0.8226
3035,-0.5697
3036,-0.6794
3037,-0.6327
3038,-0.8520
3039,-0.9981
3040,-1.0423
3041,-0.3792
3042,-0.5760
3043,-0.9270
3044,-0.9271
3045,-1.3846
3046,-1.1706
3047,-0.8314
3048,-0.8364
3049,-0.5530
3050,-0.4141
3051,-0.8042
3052,-0.7341
3053,-0.3270
3054,-0.3549
3055,-0.7580
3056,-0.7420
3057,-0.6499
3058,-0.7673
3059,-0.7499
3060,-0.3267
3061,-0.4572
3062,-0.6749
3063,-0.9905
3064,-1.1837
3065,-0.7595
3066,-0.5535
3067,-0.5875
3068,-1.2124
3069,-0.4692
3070,-0.8088
3071,-0.7315
3072,-1.3577
3073,-0.8037
3074,-1.3151
3075,-0.7082
3076,-0.6213
3077,-0.5209
3078,-0.5525
3079,-0.6663
3080,-0.8581
3081,-0.7965
3082,-0.5626
3083,-0.5719
3084,-0.9048
3085,-0.8034
3086,-0.5981
3087,-0.6414
3088,-1.0009
3089,-0.1497
3090,-0.6499
3091,-0.4545
3092,-0.9094
3093,-0.6037
3094,-0.8768
3095,-0.8227
3096,-0.7792
3097,-0.3011
3098,-0.8258
3099,-0.2983
3100,-0.5146
3101,-0.6281
3102,-0.5767
3103,-1.2477
3104,-0.6603
3105,-0.4820
3106,-0.5553
3107,-0.6224
3108,-0.8091
3109,-0.8394
3110,-0.3293
3111,-0.8812
3112,-0.4386
3113,-0.5207
3114,-1.0760
3115,-0.4656
3116,-0.5523
3117,-0.8041
3118,-0.6665
3119,-0.4239
3120,-0.9805
3121,-0.9397
3122,-0.4188
3123,-0.7990
3124,-1.1289
3125,-0.7267
3126,-0.4751
3127,-0.6589
3128,-0.5651
3129,-0.8237
3130,-0.9065
3131,-0.1548
3132,-0.8002
3133,-0.9306
3134,-0.8969
3135,-0.4184
3136,-0.4225
3137,-0.5006
3138,-0.8376
3139,-0.3303
3140,-0.6794
3141,-0.9070
3142,-0.7678
3143,-0.4296
3144,-0.5981
3145,-0.7364
3146,-0.6272
3147,-0.6358
3148,-0.5785
3149,-0.4246
3150,-0.4215
3151,-0.2840
3152,-0.4447
3153,-0.9807
3154,-0.7031
3155,-0.6445
3156,-0.2922
3157,-0.7994
3158,-1.0597
3159,-0.9872
3160,-0.7836
3161,-0.8682
3162,-0.6653
3163,-0.9828
3164,-0.7052
3165,-1.2085
3166,-0.3594
3167,-0.7028
3168,-0.5187
3169,-0.4067
3170,-0.8938
3171,-0.6105
3172,-0.7773
3173,-0.8729
3174,-0.4451
3175,-1.2439
3176,-0.5271
3177,-0.4354
3178,-0.5167
3179,-1.1291
3180,-0.9138
3181,-0.2921
3182,-0.7802
3183,-0.7571
3184,-0.4603
3185,-0.3695
3186,-0.4210
3187,-0.9961
3188,-0.4866
3189,-0.5386
3190,-0.6439
3191,-0.5030
3192,-0.3149
3193,-0.7025
3194,-0.6065
3195,-0.1609
3196,-0.3232
3197,-0.8656
3198,-0.4400
3199,-0.3424
3200,-0.4862
3201,-0.6740
3202,-0.3949
3203,-0.9629
3204,-0.4360
3205,-0.3776
3206,-0.6719
3207,-0.8890
3208,-0.6752
3209,-0.6073
3210,-0.7339
3211,-0.6630
3212,-0.6115
3213,-1.0700
3214,-0.6512
3215,-1.1881
3216,-0.6528
3217,-0.8452
3218,-0.4175
3219,-0.9620
3220,-0.7242
3221,-0.2150
3222,-0.3553
3223,-1.0405
3224,-0.5452
3225,-1.1497
3226,-0.6869
3227,-1.3744
3228,-0.8399
3229,-0.9615
3230,-0.5805
3231,-0.4909
3232,-0.6202
3233,-0.9598
3234,-0.4287
3235,-0.6396
3236,-0.8002
3237,-1.0308
3238,-1.1698
3239,-0.7802
3240,-0.7286
3241,-0.4957
3242,-0.1916
3243,-0.8305
3244,-0.8072
3245,-0.6271
3246,-0.8680
3247,-0.5635
3248,-0.6179
3249,-0.6709
3250,-0.7421
3251,-0.2071
3252,-1.1949
3253,-0.4793
3254,-0.8128
3255,-0.7211
3256,-0.9865
3257,-0.5246
3258,-0.7726
3259,-0.6248
3260,-0.9259
3261,-0.3573
3262,-0.6540
3263,-0.6754
3264,-0.8588
3265,-0.9911
3266,-0.8117
3267,-0.5547
3268,-0.8488
3269,-0.9022
3270,-0.2846
3271,-1.2029
3272,-0.3666
3273,-0.6949
3274,-0.1231
3275,-0.3476
3276,-0.9697
3277,-0.6828
3278,-0.6028
3279,-0.7791
3280,-0.4056
3281,-1.0622
3282,-0.4758
3283,-0.5769
3284,-0.7606
3285,-0.8318
3286,-0.3391
3287,-0.8997
3288,-0.6931
3289,-0.3440
3290,-1.2651
3291,-0.4400
3292,-0.3965
3293,-0.6891
3294,-0.5894
3295,-0.0839
3296,-1.2051
3297,-0.5322
3298,-0.4572
3299,-0.8172
3300,-0.6821
3301,-0.9705
3302,-0.6056
3303,-1.1403
3304,-1.0361
3305,-0.8776
3306,-0.9342
3307,-0.6048
3308,-0.3521
3309,-0.5987
3310,-0.6234
3311,-0.4062
3312,-1.0713
3313,-0.6560
3314,-0.4745
3315,-0.9776
3316,-1.0425
3317,-0.7331
3318,-0.4022
3319,-0.7515
3320,-0.7095
3321,-0.8588
3322,-0.7082
3323,-0.7586
3324,-0.8875
3325,-0.2501
3326,-0.9440
3327,-1.3396
3328,-0.6990
3329,-1.0333
3330,-0.5589
3331,-0.6138
3332,-0.4699
3333,-0.7323
3334,-0.9349
3335,-1.0373
3336,-0.4622
3337,-1.2590
3338,-1.0538
3339,-0.6682
3340,-0.7062
3341,-0.8566
3342,-0.5457
3343,-0.6427
3344,-0.6868
3345,-0.5286
3346,-0.8281
3347,-0.6267
3348,-1.0859
3349,-0.6924
3350,-0.7967
3351,-0.6599
3352,-0.3055
3353,-1.0163
3354,-0.8712
3355,-0.6488
3356,-0.2914
3357,-0.4643
3358,-0.7562
3359,-0.6896
3360,-0.5902
3361,-0.9488
3362,-0.6559
3363,-1.2907
3364,-0.2609
3365,-0.8997
3366,-0.5709
3367,-0.1916
3368,-0.7634
3369,-0.5761
3370,-0.5121
3371,-0.6790
3372,-0.8533
3373,-0.7929
3374,-0.2474
3375,-0.6091
3376,-0.5077
3377,-0.9128
3378,-0.4738
3379,-0.5729
3380,-0.7731
3381,-0.5690
3382,-0.5933
3383,-0.7190
3384,-1.2660
3385,-1.0097
3386,-0.2279
3387,-0.5769
3388,-0.9810
3389,-0.8328
3390,-0.8075
3391,-0.6877
3392,-0.8499
3393,-0.9093
3394,-1.1487
3395,-0.6175
3396,-0.7951
3397,-1.0161
3398,-0.8519
3399,-0.5684
3400,-0.7054
3401,-0.6882
3402,-1.1257
3403,-0.3775
3404,-1.0132
3405,-0.5582
3406,-0.3576
3407,-0.8030
3408,-0.7555
3409,-0.5260
3410,-1.1087
3411,-0.6554
3412,-0.6028
3413,-0.8962
3414,-0.6495
3415,-0.3053
3416,-0.5867
3417,-0.7311
3418,-0.8559
3419,-1.1642
3420,-0.6775
3421,-0.9255
3422,-0.8654
3423,-0.4315
3424,-0.8462
3425,-0.6516
3426,-0.4877
3427,-0.5864
3428,-0.6034
3429,-0.4681
3430,-0.8166
3431,-0.6314
3432,-0.2879
3433,-0.6401
3434,-0.6553
3435,-0.4566
3436,-0.4314
3437,-0.3406
3438,-0.8523
3439,-0.3115
3440,-0.6598
3441,-0.7652
3442,-0.3742
3443,-0.9880
3444,-1.3658
3445,-0.7011
3446,-0.7896
3447,-0.9688
3448,-0.6197
3449,-0.7290
3450,-1.0592
3451,-0.7978
3452,-0.9202
3453,-0.6993
3454,-0.5748
3455,-0.3669
3456,-0.7204
3457,-0.4488
3458,-0.4970
3459,-0.4741
3460,-0.5558
3461,-0.4659
3462,-0.3354
3463,-0.1729
3464,-0.7844
3465,-0.2741
3466,-0.6249
3467,-0.7551
3468,-0.5016
3469,-0.6926
3470,-1.0859
3471,-0.5048
3472,-0.4078
3473,-0.4062
3474,-0.9024
3475,-0.6672
3476,-1.0112
3477,-0.9414
3478,-1.3392
3479,-1.0132
3480,-0.7033
3481,-1.0055
3482,-0.4422
3483,-0.5742
3484,-0.4759
3485,-0.3127
3486,-0.7083
3487,-0.9672
3488,-0.8209
3489,-1.2745
3490,-0.6147
3491,-0.5121
3492,-1.2078
3493,-0.5560
3494,-0.9008
3495,-0.7971
3496,-0.6135
3497,-1.0520
3498,-0.6502
3499,-0.7498
3500,-0.8262
3501,-0.7665
3502,-0.8023
3503,-0.5176
3504,-0.4249
3505,-1.1205
3506,-0.7000
3507,-0.7298
3508,-0.5869
3509,-0.3992
3510,-0.5613
3511,-0.5880
3512,-0.7352
3513,-0.7894
3514,-0.9668
3515,-1.3282
3516,-0.2429
3517,-0.4375
3518,-0.9002
3519,-0.8483
3520,-0.8339
3521,-1.0694
3522,-1.1092
3523,-0.6068
3524,-0.5487
3525,-0.7864
3526,-0.6040
3527,-0.4872
3528,-0.6258
3529,-0.7077
3530,-0.6126
3531,-0.6887
3532,-0.8696
3533,-0.5316
3534,-1.2567
3535,-1.0042
3536,-0.9724
3537,-0.3759
3538,-1.2420
3539,-0.8941
3540,-0.7122
3541,-0.3230
3542,-0.3446
3543,-0.7227
3544,-0.5969
3545,-0.5064
3546,-1.5910
3547,-0.2831
3548,-0.3510
3549,-0.7666
3550,-0.3073
3551,-0.9030
3552,-1.2376
3553,-0.2400
3554,-0.5800
3555,-0.2998
3556,-0.7176
3557,-0.6780
3558,-0.9142
3559,-0.5178
3560,-0.7112
3561,-0.5064
3562,-0.6180
3563,-0.4315
3564,-0.3723
3565,-0.7720
3566,-0.8590
3567,-0.7742
3568,-0.9661
3569,-0.4911
3570,-0.7067
3571,-0.6324
3572,-0.5843
3573,-0.3419
3574,-0.8512
3575,-0.4867
3576,-0.8098
3577,-0.7891
3578,-0.9932
3579,-1.1831
3580,-0.9361
3581,-0.8396
3582,-0.9612
3583,-0.6947
3584,-0.4243
3585,-0.4317
3586,-0.7220
3587,-0.4942
3588,-0.9198
3589,-0.6807
3590,-0.9208
3591,-0.4241
3592,-0.7827
3593,-1.2931
3594,-0.7858
3595,-1.1501
3596,-0.5190
3597,-0.6188
3598,-0.4404
3599,-0.7607
3600,-0.4736
3601,-0.6207
3602,-0.9088
3603,-0.8657
3604,-0.7998
3605,-0.5927
3606,-0.4756
3607,-0.7194
3608,-0.7857
3609,-0.8074
3610,-0.8884
3611,-0.4214
3612,-0.8165
3613,-0.8445
3614,-0.6146
3615,-0.8320
3616,-0.4305
3617,-0.8966
3618,-0.6937
3619,-0.6211
3620,-0.5706
3621,-0.5013
3622,-0.2215
3623,-0.3266
3624,-0.8215
3625,-1.0497
3626,-0.4463
3627,-0.4663
3628,-0.6837
3629,-1.0431
3630,-0.8967
3631,-0.5052
3632,-0.5564
3633,-0.6424
3634,-0.5091
3635,-0.5888
3636,-1.1018
3637,-0.5610
3638,-1.2730
3639,-0.7576
3640,-0.7748
3641,-0.4954
3642,-0.5915
3643,-0.6367
3644,-1.0411
3645,-0.9196
3646,-0.3366
3647,-1.3277
3648,-0.5589
3649,-0.6178
3650,-0.6791
3651,-0.9345
3652,-0.3664
3653,-1.0533
3654,-0.9092
3655,-1.0510
3656,-0.5005
3657,-0.5638
3658,-0.3080
3659,-1.0103
3660,-0.2950
3661,-0.4419
3662,-0.2340
3663,-0.3755
3664,-0.6218
3665,-0.9497
3666,-0.2388
3667,-0.6058
3668,-0.6633
3669,-0.7419
3670,-1.4587
3671,-0.5523
3672,-0.6023
3673,-0.6036
3674,-0.5390
3675,-0.7000
3676,-0.5874
3677,-0.9524
3678,-0.8072
3679,-0.7072
3680,-0.7781
3681,-0.8956
3682,-0.8556
3683,-1.0233
3684,-0.8728
3685,-0.5635
3686,-0.5230
3687,-0.7027
3688,-0.5470
3689,-1.2517
3690,-0.6026
3691,-0.9863
3692,-0.8418
3693,-0.5745
3694,-0.5100
3695,-0.4698
3696,-0.7851
3697,-0.6467
3698,-1.0578
3699,-0.3353
3700,-0.5925
3701,-1.1354
3702,-0.7396
3703,-0.7603
3704,-0.8659
3705,-0.5638
3706,-0.4411
3707,-0.3795
3708,-0.6518
3709,-0.7896
3710,-0.5099
3711,-0.6067
3712,-0.7993
3713,-0.4463
3714,-1.1844
3715,-0.8118
3716,-0.6464
3717,-0.5796
3718,-0.7281
3719,-0.8937
3720,-0.6447
3721,-0.6861
3722,-0.3506
3723,-0.7469
3724,-0.8938
3725,-0.6509
3726,-0.9219
3727,-0.7136
3728,-0.6106
3729,-1.0179
3730,-0.8607
3731,-0.8933
3732,-0.4706
3733,-1.0893
3734,-0.7359
3735,-0.7167
3736,-0.5910
3737,-0.6460
3738,-0.3957
3739,-0.5551
3740,-0.7446
3741,-0.7900
3742,-1.0826
3743,-0.8046
3744,-0.6701
3745,-0.4027
3746,-0.6988
3747,-0.8784
3748,-0.9505
3749,-1.1201
3750,-0.5620
3751,-0.4265
3752,-0.9613
3753,-0.9329
3754,-0.4838
3755,-0.6074
3756,-0.7860
3757,-0.5352
3758,-0.6322
3759,-0.4669
3760,-0.5278
3761,-0.6922
3762,-0.6809
3763,-0.7256
3764,-1.3062
3765,-0.6175
3766,-0.6553
3767,-0.8430
3768,-0.9233
3769,-0.5801
3770,-0.8789
3771,-0.5871
3772,-0.6548
3773,-0.7693
3774,-0.4817
3775,-0.3429
3776,-0.1983
3777,-0.6035
3778,-0.5163
3779,-0.8495
3780,-0.1264
3781,-0.3412
3782,-0.8733
3783,-1.0660
3784,-0.5471
3785,-0.5304
3786,-0.3735
3787,-0.8620
3788,-0.3039
3789,-0.9681
3790,-0.5472
3791,-0.7882
3792,-0.8521
3793,-1.1439
3794,-0.4441
3795,-0.4714
3796,-0.8653
3797,-0.9564
3798,-0.4538
3799,-0.6130
3800,-0.9995
3801,-0.7927
3802,-0.9608
3803,-0.3944
3804,-0.4112
3805,-0.5843
3806,-0.6267
3807,-1.1979
3808,-0.6967
3809,-0.4086
3810,-0.6226
3811,-0.7175
3812,-0.5156
3813,-0.6211
3814,-1.1882
3815,-0.4329
3816,-0.8545
3817,-0.9093
3818,-0.8687
3819,-0.3827
3820,-0.4100
3821,-0.8772
3822,-0.6246
3823,-0.9271
3824,-0.1685
3825,-0.5825
3826,-0.5236
3827,-0.5878
3828,-0.6727
3829,-0.4730
3830,-0.6814
3831,-0.5814
3832,-0.8358
3833,-0.7586
3834,-0.7946
3835,-0.6938
3836,-0.4258
3837,-1.1060
3838,-1.0813
3839,-0.4423
3840,-0.4202
3841,-0.9769
3842,-0.7934
3843,-0.6870
3844,-0.5226
3845,-0.9109
3846,-0.3948
3847,-0.4457
3848,-0.6927
3849,-0.7191
3850,-0.5976
3851,-0.5453
3852,-0.5884
3853,-0.8037
3854,-0.8489
3855,-1.1278
3856,-0.7095
3857,-0.9492
3858,-0.7480
3859,-0.5994
3860,-0.7838
3861,-0.7732
3862,-0.9398
3863,-0.4719
3864,-1.2813
3865,-0.6863
3866,-0.8355
3867,-0.8348
3868,-0.8124
3869,-0.5658
3870,-1.1775
3871,-0.7124
3872,-0.6498
3873,-1.0915
3874,-0.9374
3875,-0.7683
3876,-0.8692
3877,-0.5621
3878,-1.1152
3879,-0.2102
3880,-0.3657
3881,-0.7118
3882,-0.5248
3883,-0.3633
3884,-0.7138
3885,-0.6188
3886,-0.7848
3887,-1.0594
3888,-0.7698
3889,-0.5975
3890,-0.8304
3891,-0.5393
3892,-0.5345
3893,-1.3008
3894,-0.9257
3895,-0.2913
3896,-1.0735
3897,-0.4566
3898,-1.0289
3899,-0.6042
3900,-0.7975
3901,-0.6499
3902,-0.4114
3903,-0.7564
3904,-0.8732
3905,-0.6515
3906,-0.8037
3907,-0.4354
3908,-0.7403
3909,-0.8055
3910,-0.8803
3911,-0.6498
3912,-0.5427
3913,-0.2241
3914,-0.4599
3915,-0.5764
3916,-0.8016
3917,-0.8541
3918,-1.2556
3919,-0.4775
3920,-0.8661
3921,-0.4540
3922,-0.5920
3923,-1.0719
3924,-0.6018
3925,-0.4214
3926,-0.9080
3927,-1.0639
3928,-0.8045
3929,-0.4606
3930,-0.7322
3931,-0.6925
3932,-0.6447
3933,-0.4426
3934,-0.3146
3935,-0.3761
3936,-0.1019
3937,-0.9056
3938,-0.2227
3939,-0.6059
3940,-0.2494
3941,-0.6054
3942,-1.1278
3943,-0.9839
3944,-0.7380
3945,-0.6643
3946,-0.2310
3947,-0.6062
3948,-0.4159
3949,-0.8205
3950,-0.6245
3951,-0.6864
3952,-0.2844
3953,-0.2584
3954,-1.0766
3955,-0.5838
3956,-1.0504
3957,-0.9033
3958,-0.3565
3959,-1.2228
3960,-1.0594
3961,-0.6279
3962,-0.5791
3963,-0.4972
3964,-0.5140
3965,-0.5987
3966,-0.8583
3967,-0.9710
3968,-0.6819
3969,-1.1862
3970,-0.4623
3971,-0.6861
3972,-0.7236
3973,-0.4961
3974,-0.5485
3975,-0.9599
3976,-0.4328
3977,-0.9121
3978,-0.9596
3979,-0.7986
3980,-0.7176
3981,-0.9712
3982,-1.0158
3983,-0.7083
3984,-0.4313
3985,-0.5988
3986,-0.6938
3987,-0.5627
3988,-0.7290
3989,-0.6258
3990,-0.8507
3991,-0.4594
3992,-0.8362
3993,-0.6372
3994,-0.0114
3995,-1.0499
3996,-0.8894
3997,-0.4655
3998,-1.0416
3999,-0.4162
4000,-0.5127
4001,-0.5434
4002,-0.5990
4003,-1.2537
4004,-0.9018
4005,-0.7260
4006,-0.3247
4007,-0.7129
4008,-0.8259
4009,-0.7456
4010,-0.8412
4011,-0.5865
4012,-0.6804
4013,-0.7331
4014,-0.4032
4015,-0.4003
4016,-0.9134
4017,-0.5448
4018,-0.5211
4019,-0.5946
4020,-0.4524
4021,-1.1759
4022,-0.9754
4023,-1.0137
4024,-1.0604
4025,-1.1137
4026,-0.9516
4027,-0.4724
4028,-0.8248
4029,-0.6266
4030,-1.0593
4031,-0.6335
4032,-0.6056
4033,-1.1006
4034,-0.3187
4035,-0.6306
4036,-1.0184
4037,-0.7634
4038,-0.7730
4039,-0.5057
4040,-0.5429
4041,-0.4132
4042,-0.7474
4043,-0.5388
4044,-0.8354
4045,-0.7261
4046,-0.4081
4047,-0.7429
4048,-0.4060
4049,-0.7561
4050,-0.4772
4051,-0.6990
4052,-0.6671
4053,-1.1203
4054,-0.7280
4055,-0.9514
4056,-0.7074
4057,-0.1947
4058,-0.7266
4059,-0.8080
4060,-0.5531
4061,-0.6418
4062,-0.4679
4063,-0.6097
4064,-0.8288
4065,-0.8819
4066,-0.8246
4067,-0.3836
4068,-0.7463
4069,-0.7594
4070,-0.3777
4071,-0.8086
4072,-0.5613
4073,-1.1773
4074,-0.2617
4075,-0.1387
4076,-0.9257
4077,-1.0081
4078,-1.2013
4079,-0.7926
4080,-1.0052
4081,-1.2076
4082,-0.6849
4083,-1.0948
4084,-0.6188
4085,-0.5371
4086,-1.2803
4087,-0.5751
4088,-0.6774
4089,-0.3214
4090,-0.4417
4091,-0.7669
4092,-0.5969
4093,-0.8323
4094,-0.7674
4095,-0.5480
4096,-0.5736
4097,-0.6400
4098,-0.2823
4099,-0.8438
4100,-0.5898
4101,-0.7424
4102,-0.7151
4103,-0.6391
4104,-0.8452
4105,-0.7399
4106,-0.7067
4107,-0.6756
4108,-0.4135
4109,-0.5541
4110,-0.9956
4111,-0.5437
4112,-0.5159
4113,-0.4724
4114,-0.5603
4115,-0.7872
4116,-0.7479
4117,-0.5813
4118,-0.7635
4119,-1.0363
4120,-0.2905
4121,-0.9090
4122,-0.8199
4123,-0.9342
4124,-1.0451
4125,-0.8179
4126,-0.8623
4127,-0.9290
4128,-0.5758
4129,-0.6882
4130,-0.6630
4131,-0.4090
4132,-0.7207
4133,-0.9765
4134,-0.8562
4135,-0.3299
4136,-0.8895
4137,-0.3734
4138,-0.6459
4139,-0.6196
4140,-1.2678
4141,-0.5198
4142,-1.0262
4143,-0.5019
4144,-0.7462
4145,-0.4472
4146,-0.9519
4147,-0.5868
4148,-0.5083
4149,-0.5931
4150,-0.5983
4151,-1.1911
4152,-1.0237
4153,-0.1727
4154,-0.5459
4155,-0.9256
4156,-0.3515
4157,-0.7569
4158,-1.2073
4159,-0.4967
4160,-0.4019
4161,-0.9589
4162,-0.7753
4163,-0.4481
4164,-0.8259
4165,-0.6396
4166,-0.2613
4167,-0.3528
4168,-0.6198
4169,-0.5951
4170,-0.2545
4171,-0.4032
4172,-0.7026
4173,-0.6930
4174,-0.7572
4175,-0.4252
4176,-0.2191
4177,-0.6656
4178,-0.7057
4179,-0.8341
4180,-0.5401
4181,-0.7179
4182,-0.7778
4183,-0.5746
4184,-0.4183
4185,-1.1188
4186,-0.3880
4187,-0.5608
4188,-0.4629
4189,-0.7877
4190,-0.6301
4191,-0.8028
4192,-0.6400
4193,-0.8188
4194,-0.6926
4195,-0.3740
4196,-0.8411
4197,-0.9215
4198,-0.4128
4199,-0.6713
4200,-0.7086
4201,-0.8764
4202,-0.4100
4203,-0.6175
4204,-0.7132
4205,-0.7219
4206,-0.6288
4207,-0.6908
4208,-0.5630
4209,-0.5962
4210,-0.3308
4211,-0.4900
4212,-0.8730
4213,-0.6633
4214,-0.3706
4215,-0.5737
4216,-1.1978
4217,-0.9372
4218,-0.5009
4219,-1.0805
4220,-0.6593
4221,-0.6401
4222,-1.0418
4223,-0.6615
4224,-0.2765
4225,-0.7645
4226,-0.6780
4227,-0.9578
4228,-0.6437
4229,-0.8630
4230,-0.5292
4231,-0.5147
4232,-0.7791
4233,-0.5918
4234,-0.9224
4235,-0.7102
4236,-0.5093
4237,-0.6617
4238,-0.5359
4239,-0.7336
4240,-0.8447
4241,-0.7180
4242,-0.6070
4243,-0.8413
4244,-0.3886
4245,-0.2472
4246,-0.8372
4247,-0.7623
4248,-0.5541
4249,-0.6137
4250,-0.0642
4251,-0.4730
4252,-0.6665
4253,-0.4104
4254,-0.8833
4255,-0.3687
4256,-0.7778
4257,-1.0088
4258,-0.8420
4259,-0.2870
4260,-0.8222
4261,-0.5337
4262,-0.4366
4263,-0.9459
4264,-0.6232
4265,-0.9469
4266,-0.8095
4267,-0.5754
4268,-1.0105
4269,-0.5794
4270,-0.8222
4271,-0.4890
4272,-0.4970
4273,-0.3010
4274,-0.6170
4275,-0.8164
4276,-0.7049
4277,-0.5979
4278,-1.2728
4279,-0.2180
4280,-1.2554
4281,-0.6598
4282,-1.0810
4283,-0.6643
4284,-0.4140
4285,-0.4242
4286,-0.8426
4287,-0.5078
4288,-0.3132
4289,-0.7950
4290,-0.7979
4291,-0.8653
4292,-0.6389
4293,-0.6478
4294,-0.4256
4295,-0.5214
4296,-0.6998
4297,-0.6082
4298,-0.6754
4299,-0.5095
4300,-0.6234
4301,-0.4420
4302,-0.4788
4303,-0.6634
4304,-0.6168
4305,-0.6224
4306,-0.9138
4307,-0.5435
4308,-0.5930
4309,-0.4743
4310,-1.0594
4311,-0.5901
4312,-0.6530
4313,-0.7890
4314,-0.4437
4315,-0.8227
4316,-0.7971
4317,-0.6427
4318,-0.9477
4319,-0.9127
4320,-1.2604
4321,-0.2904
4322,-1.1736
4323,-0.9581
4324,-0.5395
4325,-0.8185
4326,-0.7765
4327,-0.5823
4328,-0.6235
4329,-0.6587
4330,-1.0533
4331,-0.7831
4332,-0.3216
4333,-0.8182
4334,-0.5227
4335,-0.8489
4336,-0.2865
4337,-0.7888
4338,-0.7028
4339,-0.3218
4340,-0.6525
4341,-0.5359
4342,-0.6149
4343,-0.7400
4344,-0.8572
4345,-1.0093
4346,-0.5636
4347,-0.6623
4348,-0.7905
4349,-0.6649
4350,-0.6038
4351,-0.5689
4352,-0.4160
4353,-0.9945
4354,-0.8542
4355,-0.3811
4356,-0.5377
4357,-1.0643
4358,-0.4014
4359,-0.8280
4360,-0.4820
4361,-0.3935
4362,-0.6433
4363,-0.6240
4364,-1.1341
4365,-0.7412
4366,-0.7397
4367,-0.6246
4368,-0.3361
4369,-0.4935
4370,-0.6880
4371,-0.7573
4372,-0.4921
4373,-0.5815
4374,-0.3057
4375,-0.5940
4376,-1.2258
4377,-0.6201
4378,-1.1373
4379,-0.8760
4380,-0.6419
4381,-0.5326
4382,-0.5735
4383,-0.4942
4384,-0.3332
4385,-0.6314
4386,-0.4577
4387,-0.3156
4388,-0.4719
4389,-0.4511
4390,-0.7669
4391,-0.5891
4392,-0.4875
4393,-0.8199
4394,-0.8043
4395,-0.9844
4396,-0.6294
4397,-1.0020
4398,-0.6781
4399,-0.5841
4400,-0.9245
4401,-0.6075
4402,-1.1487
4403,-0.9006
4404,-0.6846
4405,-0.6575
4406,-0.6753
4407,-0.8171
4408,-0.6760
4409,-1.2785
4410,-0.5769
4411,-0.7783
4412,-0.8795
4413,-0.9099
4414,-0.6883
4415,-0.3503
4416,-0.3475
4417,-0.4836
4418,-0.6952
4419,-1.1611
4420,-0.6064
4421,-0.9588
4422,-0.4895
4423,-0.5308
4424,-0.8666
4425,-0.4642
4426,-1.0250
4427,-0.9812
4428,-0.9965
4429,-0.2826
4430,-0.6515
4431,-0.7500
4432,-1.1952
4433,-0.5700
4434,-0.6159
4435,-0.5467
4436,-0.6876
4437,-0.6527
4438,-0.7098
4439,-0.3702
4440,-0.5724
4441,-0.2765
4442,-0.6421
4443,-0.6767
4444,-0.8724
4445,-0.4800
4446,-0.6708
4447,-0.9630
4448,-0.7831
4449,-0.5347
4450,-0.5047
4451,-0.8077
4452,-0.5341
4453,-0.8648
4454,-0.9397
4455,-0.4140
4456,-0.7397
4457,-0.2764
4458,-0.6175
4459,-0.6143
4460,-0.6124
4461,-0.5586
4462,-0.5284
4463,-0.9881
4464,-0.7213
4465,-0.7899
4466,-0.5377
4467,-0.4738
4468,-0.4611
4469,-0.6838
4470,-0.9125
4471,-0.6036
4472,-0.5749
4473,-0.7514
4474,-0.5079
4475,-0.4950
4476,-0.5504
4477,-0.3547
4478,-0.9895
4479,-0.6962
4480,-0.5052
4481,-0.5287
4482,-0.7864
4483,-0.3659
4484,-0.7089
4485,-1.0230
4486,-0.7661
4487,-0.6178
4488,-0.8453
4489,-0.4750
4490,-0.7753
4491,-0.6278
4492,-0.7470
4493,-0.6639
4494,-0.8217
4495,-0.6173
4496,-0.8860
4497,-1.0361
4498,-1.2344
4499,-0.8756
4500,-0.5065
4501,-1.0325
4502,-0.6842
4503,-0.6663
4504,-0.6286
4505,-0.4047
4506,-0.8755
4507,-0.5565
4508,-0.5295
4509,-0.5886
4510,-0.8039
4511,-1.3466
4512,-0.4553
4513,-0.7512
4514,-0.7327
4515,-0.9672
4516,-0.8164
4517,-0.5731
4518,-0.3958
4519,-0.3182
4520,-0.6375
4521,-0.7861
4522,-0.7267
4523,-0.5577
4524,-0.9103
4525,-0.5045
4526,-0.8492
4527,-0.3098
4528,-1.3497
4529,-0.5483
4530,-0.7161
4531,-0.8043
4532,-0.4760
4533,-0.6468
4534,-0.8032
4535,-0.7976
4536,-0.6299
4537,-0.7614
4538,-1.0809
4539,-0.3422
4540,-0.9939
4541,-0.6992
4542,-0.7287
4543,-0.8194
4544,-0.8713
4545,-0.7796
4546,-0.4629
4547,-0.7391
4548,-1.1222
4549,-0.8067
4550,-0.7970
4551,-0.5751
4552,-0.6291
4553,-1.0836
4554,-0.5360
4555,-0.5775
4556,-0.6537
4557,-0.6727
4558,-0.5771
4559,-0.4316
4560,-1.0057
4561,-0.6450
4562,-0.4326
4563,-0.4582
4564,-0.3168
4565,-0.4499
4566,-0.8316
4567,-0.6302
4568,-0.5523
4569,-0.8297
4570,-0.7685
4571,-0.2009
4572,-0.5159
4573,-0.7038
4574,-0.5207
4575,-0.4341
4576,-0.3625
4577,-1.3260
4578,-1.0355
4579,-0.9155
4580,-0.4304
4581,-0.3252
4582,-0.6059
4583,-0.8215
4584,-0.7217
4585,-0.7744
4586,-0.3948
4587,-1.0780
4588,-0.5223
4589,-1.0512
4590,-0.5446
4591,-0.6476
4592,-0.4820
4593,-0.4503
4594,-0.8672
4595,-0.9636
4596,-0.7010
4597,-0.6156
4598,-0.9216
4599,-0.4323
4600,-0.9479
4601,-0.8727
4602,-0.1811
4603,-0.8212
4604,-0.8835
4605,-0.5993
4606,-0.4876
4607,-0.6296
4608,-0.6365
4609,-0.3500
4610,-0.5609
4611,-0.9058
4612,-0.6139
4613,-0.7303
4614,-0.8854
4615,-0.8067
4616,-0.6674
4617,-1.1509
4618,-0.7687
4619,-0.7754
4620,-0.5760
4621,-0.7600
4622,-1.1294
4623,-1.2975
4624,-0.3704
4625,-0.2532
4626,-0.5492
4627,-0.9366
4628,-0.3243
4629,-0.2449
4630,-0.9803
4631,-0.5785
4632,-0.9112
4633,-0.7031
4634,-0.4542
4635,-0.3504
4636,-0.8932
4637,-0.7378
4638,-0.8538
4639,-0.7333
4640,-0.3827
4641,-0.5775
4642,-0.4452
4643,-0.5396
4644,-0.5593
4645,-0.5761
4646,-0.5311
4647,-1.2933
4648,-0.6374
4649,-0.9730
4650,-0.3003
4651,-0.8289
4652,-0.6667
4653,-0.7022
4654,-0.9285
4655,-0.7732
4656,-0.7940
4657,-0.4538
4658,-0.9158
4659,-1.2601
4660,-0.3686
4661,-0.7757
4662,-0.7479
4663,-0.6824
4664,-0.5878
4665,-0.7143
4666,-0.8449
4667,-0.4906
4668,-0.2095
4669,-0.3370
4670,-0.6990
4671,-0.5071
4672,-0.7070
4673,-0.5464
4674,-0.3876
4675,-0.7614
4676,-0.8781
4677,-0.7717
4678,-0.6774
4679,-0.5177
4680,-0.6344
4681,-0.7856
4682,-0.8917
4683,-0.6384
4684,-0.9067
4685,-0.1312
4686,-0.5557
4687,-0.6479
4688,-0.7549
4689,-0.7274
4690,-0.5485
4691,-0.8501
4692,-0.5451
4693,-0.8143
4694,-1.0778
4695,-0.5714
4696,-0.5628
4697,-0.9429
4698,-0.7504
4699,-0.5814
4700,-0.9798
4701,-0.5977
4702,-0.3555
4703,-0.7066
4704,-0.6715
4705,-0.2706
4706,-0.5526
4707,-0.3964
4708,-0.3025
4709,-1.1111
4710,-0.4589
4711,-0.7813
4712,-0.4999
4713,-0.5821
4714,-0.8628
4715,-0.5378
4716,-0.6440
4717,-1.4526
4718,-1.0573
4719,-0.7227
4720,-0.4308
4721,-0.7914
4722,-0.6139
4723,-0.3891
4724,-1.1238
4725,-0.5726
4726,-0.4156
4727,-0.7674
4728,-0.7475
4729,-0.3650
4730,-0.6523
4731,-1.3040
4732,-0.8192
4733,-0.7216
4734,-0.8529
4735,-0.8184
4736,-0.6587
4737,-0.5373
4738,-0.5946
4739,-1.1648
4740,-0.8365
4741,-0.5988
4742,-0.8143
4743,-0.9802
4744,-0.5118
4745,-0.7186
4746,-0.6093
4747,-0.6062
4748,-0.7920
4749,-0.6090
4750,-0.3907
4751,-1.0903
4752,-1.2174
4753,-0.8032
4754,-0.5507
4755,-0.8280
4756,-1.0759
4757,-0.7542
4758,-0.6746
4759,-0.5185
4760,-0.4456
4761,-0.5539
4762,-0.4444
4763,-0.6648
4764,-0.5966
4765,-0.5001
4766,-0.7460
4767,-0.5844
4768,-0.5329
4769,-0.8114
4770,-0.5311
4771,-1.2556
4772,-0.7812
4773,-0.5446
4774,-0.2458
4775,-0.4926
4776,-0.9128
4777,-0.4436
4778,-0.8362
4779,-0.7843
4780,-1.1456
4781,-0.8251
4782,-1.0334
4783,-0.9115
4784,-1.0483
4785,-0.3807
4786,-0.7508
4787,-0.7023
4788,-0.6803
4789,-0.9205
4790,-0.4004
4791,-1.5329
4792,-0.6016
4793,-0.8185
4794,-0.5380
4795,-0.2661
4796,-0.7799
4797,-0.4974
4798,-0.6109
4799,-0.8194
4800,-0.6251
4801,-0.5818
4802,-0.5781
4803,-1.0631
4804,-0.7680
4805,-1.2893
4806,-1.0553
4807,-0.7540
4808,-0.4532
4809,-0.5582
4810,-0.8381
4811,-1.0691
4812,-0.5886
4813,-0.4559
4814,-0.6347
4815,-0.5030
4816,-0.8989
4817,-0.3450
4818,-0.3076
4819,-0.7796
4820,-0.6171
4821,-1.0826
4822,-1.1432
4823,-0.5495
4824,-0.6547
4825,-0.5538
4826,-0.7843
4827,-1.1178
4828,-0.6670
4829,-0.1618
4830,-0.9550
4831,-0.2594
4832,-1.0308
4833,-0.6931
4834,-0.9679
4835,-0.5011
4836,-0.7218
4837,-0.8591
4838,-0.7033
4839,-0.6665
4840,-0.6693
4841,-0.3612
4842,-0.5630
4843,-0.5433
4844,-0.5773
4845,-0.6614
4846,-0.6034
4847,-0.5539
4848,-0.5393
4849,-1.0157
4850,-1.1890
4851,-0.5776
4852,-0.3277
4853,-1.1384
4854,-0.9182
4855,-1.2059
4856,-0.4954
4857,-0.4192
4858,-0.3073
4859,-0.9008
4860,-1.0174
4861,-0.7716
4862,-0.6558
4863,-0.7736
4864,-0.9974
4865,-0.4440
4866,-0.8044
4867,-0.1048
4868,-0.4453
4869,-0.6024
4870,-0.5625
4871,-0.7152
4872,-0.6554
4873,-0.8691
4874,-0.8560
4875,-0.5406
4876,-0.4518
4877,-0.8624
4878,-0.8844
4879,-0.4752
4880,-0.6429
4881,-0.4834
4882,-0.8585
4883,-0.4001
4884,-0.8758
4885,-0.4503
4886,-0.4708
4887,-1.0307
4888,-0.9915
4889,-0.8176
4890,-0.3564
4891,-0.6885
4892,-0.8416
4893,-0.9593
4894,-0.8940
4895,-0.6175
4896,-0.9094
4897,-0.6331
4898,-1.2392
4899,-0.8365
4900,-0.8046
4901,-0.8112
4902,-0.2189
4903,-0.3910
4904,-0.5637
4905,-0.6082
4906,-0.9763
4907,-0.7967
4908,-1.0202
4909,-0.7417
4910,-0.3276
4911,-0.8649
4912,-0.5638
4913,-0.5633
4914,-0.3362
4915,-0.6989
4916,-0.9890
4917,-1.0883
4918,-0.5991
4919,-1.0171
4920,-0.8465
4921,-0.5312
4922,-1.0785
4923,-1.0363
4924,-0.7060
4925,-0.3561
4926,-0.9860
4927,-0.6166
4928,-0.4334
4929,-0.9710
4930,-0.5216
4931,-0.1143
4932,-0.8761
4933,-1.2101
4934,-0.8335
4935,-0.7707
4936,-0.6201
4937,-0.5040
4938,-1.0316
4939,-0.7683
4940,-0.1704
4941,-0.9246
4942,-1.0166
4943,-0.4619
4944,-0.6202
4945,-0.5517
4946,-0.4395
4947,-0.3729
4948,-0.6344
4949,-0.9542
4950,-1.1385
4951,-0.6447
4952,-0.4544
4953,-1.0081
4954,-0.8227
4955,-0.9239
4956,-0.5988
4957,-0.6927
4958,-1.1513
4959,-0.7766
4960,-0.3061
4961,-0.7993
4962,-1.2193
4963,-0.8683
4964,-0.7359
4965,-0.9264
4966,-0.6071
4967,-0.8581
4968,-0.6124
4969,-0.7625
4970,-0.8706
4971,-0.9984
4972,-0.2651
4973,-0.3712
4974,-0.6541
4975,-0.9752
4976,-0.7753
4977,-0.8238
4978,-1.0317
4979,-0.7777
4980,-0.5474
4981,-0.6973
4982,-0.3926
4983,-0.6688
4984,-0.2781
4985,-0.5586
4986,-0.9933
4987,-0.8367
4988,-0.6302
4989,-0.5450
4990,-1.0509
4991,-0.2566
4992,-0.5693
4993,-0.8305
4994,-0.6009
4995,-0.5212
4996,-0.2185
4997,-0.7223
4998,-0.4859
4999,-1.0169
5000,-1.1278
5001,-0.4956
5002,-0.8357
5003,-0.2211
5004,-1.0810
5005,-0.8464
5006,-0.5817
5007,-0.4729
5008,-0.7507
5009,-0.7727
5010,-0.8883
5011,-0.7151
5012,-1.1695
5013,-0.5806
5014,-0.4456
5015,-0.2121
5016,-0.4436
5017,-0.4989
5018,-0.6316
5019,-0.3044
5020,-1.0438
5021,-0.4964
5022,-0.8903
5023,-0.5811
5024,-0.5845
5025,-0.4921
5026,-0.4645
5027,-0.5983
5028,-0.5692
5029,-0.5685
5030,-0.5100
5031,-0.3802
5032,-0.5833
5033,-0.9126
5034,-0.5012
5035,-0.6059
5036,-0.2634
5037,-0.8473
5038,-0.3718
5039,-0.6581
5040,-0.5910
5041,-0.6484
5042,-0.6577
5043,-0.6098
5044,-0.5122
5045,-0.7783
5046,-0.8166
5047,-0.8154
5048,-0.6408
5049,-0.7159
5050,-0.8044
5051,-0.8889
5052,-0.5659
5053,-0.5677
5054,-0.3760
5055,-0.9061
5056,-1.0326
5057,-1.0114
5058,-0.8672
5059,-0.8961
5060,-0.5842
5061,-0.5207
5062,-0.5887
5063,-0.5375
5064,-0.8091
5065,-0.8038
5066,-1.1253
5067,-0.6919
5068,-0.6703
5069,-0.2243
5070,-0.5413
5071,-0.3269
5072,-0.6818
5073,-0.8609
5074,-0.9234
5075,-0.5941
5076,-0.9988
5077,-0.7514
5078,-0.7782
5079,-0.7946
5080,-0.7244
5081,-0.5903
5082,-0.8802
5083,-0.3605
5084,-0.2899
5085,-0.8912
5086,-0.7147
5087,-0.8953
5088,-1.1424
5089,-0.9327
5090,-0.7866
5091,-0.5664
5092,-0.7040
5093,-0.7607
5094,-0.4808
5095,-0.7203
5096,-1.1175
5097,-0.6215
5098,-0.7266
5099,-1.1390
5100,-0.8288
5101,-0.7678
5102,-0.9231
5103,-0.5916
5104,-0.6431
5105,-0.9661
5106,-0.5507
5107,-0.6572
5108,-0.7435
5109,-0.3066
5110,-0.5190
5111,-0.9171
5112,-0.5039
5113,-0.3974
5114,-0.5724
5115,-1.0440
5116,-0.7172
5117,-0.5204
5118,-0.2369
5119,-0.9087
5120,-0.9111
5121,-1.3110
5122,-0.9925
5123,-0.7875
5124,-0.8129
5125,-0.6813
5126,-0.6136
5127,-0.3990
5128,-0.9274
5129,-0.3726
5130,-0.6815
5131,-0.9281
5132,-0.4120
5133,-1.2167
5134,-0.5469
5135,-0.1943
5136,-0.5235
5137,-0.8018
5138,-0.2063
5139,-0.8047
5140,-0.3687
5141,-0.8608
5142,-0.6582
5143,-0.5143
5144,-0.6436
5145,-0.6641
5146,-0.7839
5147,-0.6664
5148,-0.5262
5149,-0.6875
5150,-0.8189
5151,-0.7046
5152,-0.6837
5153,-1.1167
5154,-0.5080
5155,-0.8671
5156,-0.2018
5157,-0.6526
5158,-0.9320
5159,-0.7899
5160,-0.3561
5161,-0.8456
5162,-0.6603
5163,-0.7271
5164,-0.7360
5165,-0.6685
5166,-0.8512
5167,-0.5533
5168,-0.6189
5169,-0.6211
5170,-0.8149
5171,-1.0582
5172,-0.5835
5173,-0.7511
5174,-0.5834
5175,-0.6191
5176,-0.8001
5177,-0.7097
5178,-0.4344
5179,-0.7274
5180,-0.4384
5181,-1.0911
5182,-0.7755
5183,-0.8189
5184,-0.4084
5185,-0.6799
5186,-0.5886
5187,-0.9295
5188,-0.6000
5189,-0.6296
5190,-0.4962
5191,-0.6201
5192,-0.3673
5193,-0.9301
5194,-0.7190
5195,-0.6721
5196,-0.3790
5197,-0.4676
5198,-0.6313
5199,-0.8162
5200,-0.4715
5201,-0.5009
5202,-1.1834
5203,-0.4196
5204,-0.3949
5205,-0.4765
5206,-0.7587
5207,-0.4102
5208,-0.8812
5209,-0.5916
5210,-0.5023
5211,-0.6758
5212,-0.6722
5213,-0.5899
5214,-0.8749
5215,-0.7548
5216,-0.4449
5217,-0.8267
5218,-0.8759
5219,-0.4601
5220,-0.9584
5221,-0.6775
5222,-0.5918
5223,-0.5087
5224,-0.5698
5225,-0.8217
5226,-0.2707
5227,-0.6466
5228,-0.5895
5229,-0.7918
5230,-0.5674
5231,-0.6532
5232,-0.4783
5233,-1.1569
5234,-0.5758
5235,-0.7622
5236,-0.7385
5237,-0.8319
5238,-0.6386
5239,-0.5948
5240,-0.9663
5241,-0.6466
5242,-0.3557
5243,-0.8802
5244,-0.7094
5245,-1.0379
5246,-0.7149
5247,-1.1924
5248,-0.3693
5249,-0.5292
5250,-0.7206
5251,-0.9126
5252,-0.5521
5253,-0.4624
5254,-0.6739
5255,-0.8326
5256,-0.6515
5257,-0.9660
5258,-0.6736
5259,-0.7969
5260,-0.6064
5261,-0.8248
5262,-0.9284
5263,-0.9797
5264,-0.4421
5265,-0.3566
5266,-1.0162
5267,-0.6118
5268,-0.9168
5269,-0.5627
5270,-0.6809
5271,-0.6330
5272,-0.6955
5273,-0.3614
5274,-0.8739
5275,-0.7714
5276,-0.1187
5277,-0.5530
5278,-0.9412
5279,-0.3760
5280,-0.7785
5281,-0.8732
5282,-0.5192
5283,-1.0735
5284,-0.8719
5285,-0.6351
5286,-0.0607
5287,-0.8796
5288,-0.6156
5289,-0.4800
5290,-0.5397
5291,-0.6140
5292,-0.6486
5293,-0.9301
5294,-0.6141
5295,-0.8509
5296,-0.4091
5297,-1.0482
5298,-0.4544
5299,-0.6727
5300,-0.4236
5301,-0.7984
5302,-0.8094
5303,-0.5176
5304,-0.8595
5305,-0.6821
5306,-0.6543
5307,-0.7351
5308,-0.6617
5309,-0.6781
5310,-0.6027
5311,-0.8286
5312,-0.6885
5313,-0.9255
5314,-0.3507
5315,-1.0944
5316,-0.7447
5317,-0.7600
5318,-0.4091
5319,-0.8292
5320,-0.8258
5321,-0.8938
5322,-0.5822
5323,-0.7749
5324,-0.4254
5325,-0.7098
5326,-0.3790
5327,-0.6236
5328,-0.8600
5329,-1.1939
5330,-0.4194
5331,-0.7262
5332,-1.0510
5333,-0.9718
5334,-0.6738
5335,-0.3284
5336,-0.5565
5337,-0.3237
5338,-0.3747
5339,-0.5251
5340,-0.6492
5341,-0.4173
5342,-0.4076
5343,-0.3306
5344,-0.7607
5345,-0.3836
5346,-0.6337
5347,-0.7412
5348,-0.6231
5349,-1.0842
5350,-0.5993
5351,-0.5876
5352,-0.6811
5353,-0.8372
5354,-1.1793
5355,-0.6878
5356,-0.7511
5357,-1.0316
5358,-0.7366
5359,-0.8082
5360,-0.0959
5361,-0.7361
5362,-1.3033
5363,-0.9247
5364,-0.8676
5365,-0.7092
5366,-0.2522
5367,-0.6261
5368,-0.4395
5369,-0.8855
5370,-0.7973
5371,-0.3517
5372,-0.6071
5373,-0.7877
5374,-0.7950
5375,-0.5740
5376,-1.0376
5377,-0.5270
5378,-0.7770
5379,-0.7175
5380,-0.9189
5381,-0.8626
5382,-0.3911
5383,-0.8746
5384,-0.5800
5385,-0.9883
5386,-0.3156
5387,-0.6565
5388,-0.5772
5389,-0.5500
5390,-1.0466
5391,-0.9123
5392,-0.6852
5393,-0.8913
5394,-0.7805
5395,-1.4214
5396,-0.7859
5397,-0.6648
5398,-0.4561
5399,-1.1566
5400,-0.8198
5401,-0.8839
5402,-0.4195
5403,-0.9903
5404,-1.0237
5405,-0.8410
5406,-0.5224
5407,-0.7144
5408,-1.1120
5409,-0.8299
5410,-1.2428
5411,-0.4658
5412,-0.7089
5413,-0.7829
5414,-0.7790
5415,-0.4842
5416,-0.3704
5417,-0.8386
5418,-0.7774
5419,-0.9453
5420,-0.2384
5421,-0.6787
5422,-0.7445
5423,-0.3641
5424,-1.1720
5425,-0.7184
5426,-0.7661
5427,-0.5083
5428,-1.1686
5429,-0.5378
5430,-0.9129
5431,-0.3426
5432,-0.7693
5433,-0.7350
5434,-0.3430
5435,-0.7431
5436,-0.8403
5437,-0.4698
5438,-0.7776
5439,-0.6136
5440,-0.1717
5441,-0.4741
5442,-0.8484
5443,-0.8380
5444,-0.6797
5445,-0.4422
5446,-1.0996
5447,-0.6880
5448,-0.9826
5449,-0.9499
5450,-1.1318
5451,-0.8301
5452,-0.9232
5453,-0.3716
5454,-0.6871
5455,-0.7492
5456,-0.5575
5457,-1.1344
5458,-0.3910
5459,-0.3110
5460,-0.4953
5461,-0.8381
5462,-0.7099
5463,-0.2155
5464,-0.6023
5465,-0.6648
5466,-0.3216
5467,-0.8053
5468,-1.0645
5469,-0.7210
5470,-0.9964
5471,-0.6463
5472,-0.8150
5473,-0.6713
5474,-0.4974
5475,-0.4600
5476,-1.1074
5477,-0.5260
5478,-0.8083
5479,-0.1675
5480,-0.8954
5481,-0.8526
5482,-0.4620
5483,-0.5455
5484,-0.4864
5485,-0.4351
5486,-0.3352
5487,-1.0498
5488,-0.9121
5489,-0.8374
5490,-1.0434
5491,-0.7656
5492,-0.9236
5493,-0.8599
5494,-1.0764
5495,-0.4152
5496,-0.2906
5497,-0.2045
5498,-0.8147
5499,-0.8020
5500,-0.6668
5501,-0.9128
5502,-0.9460
5503,-1.0582
5504,-0.6818
5505,-0.5805
5506,-0.8274
5507,-0.6492
5508,-0.3598
5509,-0.9453
5510,-0.8239
5511,-0.6589
5512,-0.7887
5513,-0.7879
5514,-1.1958
5515,-0.5298
5516,-0.4769
5517,-0.5870
5518,-0.8845
5519,-1.0239
5520,-1.0156
5521,-0.6845
5522,-0.8002
5523,-1.1333
5524,-0.5060
5525,-0.7723
5526,-0.5045
5527,-0.5214
5528,-0.5416
5529,-0.4774
5530,-0.6571
5531,-0.8627
5532,-0.6594
5533,-0.8434
5534,-0.6059
5535,-0.4966
5536,-0.9056
5537,-0.8041
5538,-0.7377
5539,-0.2405
5540,-0.3940
5541,-0.4116
5542,-0.6102
5543,-1.0044
5544,-0.5619
5545,-0.8183
5546,-0.6018
5547,-0.5773
5548,-0.7688
5549,-0.8337
5550,-0.5687
5551,-0.4732
5552,-0.5333
5553,-0.9813
5554,-0.2196
5555,-0.6995
5556,-0.6890
5557,-0.4641
5558,-0.5599
5559,-0.9104
5560,-0.6568
5561,-0.6718
5562,-1.2832
5563,-0.7108
5564,-0.8455
5565,-0.5651
5566,-0.7941
5567,-1.2049
5568,-0.3437
5569,-1.2105
5570,-0.7692
5571,-0.5119
5572,-0.3960
5573,-1.1388
5574,-0.2732
5575,-0.5868
5576,-0.6559
5577,-0.7166
5578,-0.7949
5579,-1.3685
5580,-0.5882
5581,-0.3669
5582,-0.7326
5583,-0.4946
5584,-0.5919
5585,-0.8806
5586,-0.7206
5587,-0.9171
5588,-0.7063
5589,-0.6215
5590,-0.5792
5591,-1.0232
5592,-0.4345
5593,-0.7987
5594,-0.4162
5595,-0.6377
5596,-0.8773
5597,-0.6176
5598,-1.0035
5599,-1.0660
5600,-0.3870
5601,-0.6724
5602,-1.1367
5603,-0.4705
5604,-0.5624
5605,-0.5390
5606,-0.5278
5607,-0.9168
5608,-0.8887
5609,-0.8141
5610,-0.4837
5611,-0.6635
5612,-0.2924
5613,-0.8600
5614,-0.4913
5615,-0.7268
5616,-0.4527
5617,-0.7183
5618,-1.0232
5619,-0.2749
5620,-0.5597
5621,-0.5485
5622,-0.6422
5623,-0.6565
5624,-0.4801
5625,-0.7564
5626,-0.4727
5627,-0.8748
5628,-0.5364
5629,-0.5478
5630,-0.5432
5631,-0.4923
5632,-1.1105
5633,-0.7327
5634,-0.7089
5635,-0.8083
5636,-1.2310
5637,-0.6313
5638,-0.6557
5639,-0.5297
5640,-0.8321
5641,-0.8711
5642,-0.6931
5643,-0.6192
5644,-0.8158
5645,-0.3044
5646,-0.5766
5647,-0.7007
5648,-0.7211
5649,-0.6773
5650,-1.0777
5651,-0.9079
5652,-0.7572
5653,-0.5973
5654,-0.6053
5655,-0.9035
5656,-0.6395
5657,-0.6814
5658,-0.3815
5659,-0.5844
5660,-0.5723
5661,-0.5397
5662,-0.9522
5663,-0.4519
5664,-0.7110
5665,-0.5430
5666,-0.8947
5667,-0.4153
5668,-0.8267
5669,-0.8966
5670,-0.5771
5671,-0.6114
5672,-0.6553
5673,-0.3144
5674,-0.5409
5675,-0.2177
5676,-0.4003
5677,-0.5430
5678,-1.0115
5679,-0.6404
5680,-0.4847
5681,-0.6989
5682,-0.6385
5683,-0.4988
5684,-0.6016
5685,-0.5959
5686,-0.8089
5687,-0.7026
5688,-0.6163
5689,-0.7344
5690,-0.8426
5691,-0.3019
5692,-0.8802
5693,-0.6439
5694,-0.6943
5695,-0.7862
5696,-0.4926
5697,-0.7821
5698,-0.7088
5699,-0.2602
5700,-0.6013
5701,-0.6884
5702,-0.6111
5703,-0.7788
5704,-1.0640
5705,-0.4873
5706,-0.7223
5707,-0.7066
5708,-0.3846
5709,-0.6888
5710,-0.3308
5711,-1.1209
5712,-0.7294
5713,-0.6301
5714,-0.9101
5715,-0.4456
5716,-1.1064
5717,-0.6690
5718,-0.5642
5719,-0.1703
5720,-0.5509
5721,-0.5497
5722,-0.7802
5723,-0.9440
5724,-0.4365
5725,-0.8557
5726,-0.5321
5727,-0.9311
5728,-0.9496
5729,-0.7978
5730,-0.6518
5731,-0.2804
5732,-0.4637
5733,-0.6817
5734,-0.6491
5735,-0.5222
5736,-0.6843
5737,-0.7736
5738,-0.4747
5739,-0.5001
5740,-0.9042
5741,-0.6922
5742,-0.5578
5743,-0.7481
5744,-0.8770
5745,-0.6113
5746,-0.5885
5747,-0.7111
5748,-0.3217
5749,-0.5275
5750,-0.3527
5751,-0.8606
5752,-0.7159
5753,-0.8629
5754,-0.6435
5755,-0.6653
5756,-0.6398
5757,-1.0400
5758,-0.6024
5759,-0.7246
5760,-0.3302
5761,-0.7159
5762,-0.4214
5763,-1.0388
5764,-0.5280
5765,-0.4025
5766,-0.3968
5767,-0.7431
5768,-0.4501
5769,-0.9523
5770,-0.5148
5771,-0.9470
5772,-0.4020
5773,-0.7540
5774,-0.8202
5775,-0.6517
5776,-0.3447
5777,-0.1697
5778,-0.6963
5779,-0.5872
5780,-0.5952
5781,-0.7610
5782,-0.7436
5783,-0.8351
5784,-0.4242
5785,-0.5729
5786,-0.9842
5787,-0.7762
5788,-0.7496
5789,-0.8454
5790,-0.6745
5791,-1.2583
5792,-0.5098
5793,-0.8921
5794,-0.8341
5795,-0.3973
5796,-0.3957
5797,-0.5800
5798,-0.2972
5799,-0.5799
5800,-0.7589
5801,-0.6329
5802,-0.8623
5803,-0.6214
5804,-0.7383
5805,-0.7385
5806,-1.1560
5807,-0.7366
5808,-0.9289
5809,-0.8631
5810,-0.3020
5811,-0.6608
5812,-0.8640
5813,-0.8364
5814,-0.9902
5815,-0.8665
5816,-0.6245
5817,-0.6941
5818,-0.9379
5819,-0.8853
5820,-0.1849
5821,-1.0087
5822,-0.6766
5823,-0.8925
5824,-0.5274
5825,-0.8311
5826,-0.8084
5827,-0.2224
5828,-0.6846
5829,-0.7826
5830,-0.5191
5831,-0.5442
5832,-0.4546
5833,-0.7952
5834,-0.7587
5835,-0.6611
5836,-0.1241
5837,-0.7980
5838,-1.2865
5839,-0.7568
5840,-0.2916
5841,-0.8148
5842,-0.3133
5843,-0.6885
5844,-0.6375
5845,-0.6666
5846,-0.6012
5847,-0.8051
5848,-0.6360
5849,-0.6174
5850,-0.6074
5851,-0.6311
5852,-0.8019
5853,-0.3329
5854,-0.4327
5855,-0.5344
5856,-0.4915
5857,-0.5500
5858,-0.5012
5859,-0.4576
5860,-1.1455
5861,-0.7063
5862,-0.6143
5863,-0.7826
5864,-0.7287
5865,-0.3255
5866,-0.8844
5867,-0.4460
5868,-0.6666
5869,-0.8010
5870,-0.6455
5871,-0.6369
5872,-0.4866
5873,-0.1948
5874,-0.5736
5875,-0.4091
5876,-0.6412
5877,-0.4807
5878,-0.4367
5879,-0.3932
5880,-0.9779
5881,-0.9541
5882,-0.6821
5883,-0.9149
5884,-0.7956
5885,-0.8094
5886,-0.5007
5887,-0.7303
5888,-1.0983
5889,-0.5445
5890,-0.7443
5891,-0.2960
5892,-1.0081
5893,-0.6805
5894,-0.9019
5895,-0.3841
5896,-0.3480
5897,-0.9102
5898,-0.4171
5899,-0.7513
5900,-0.9756
5901,-0.4016
5902,-0.6878
5903,-0.4840
5904,-0.6419
5905,-0.6201
5906,-0.7226
5907,-0.8228
5908,-0.3303
5909,-0.3867
5910,-0.5717
5911,-0.6429
5912,-0.7885
5913,-1.2085
5914,-0.7960
5915,-0.9976
5916,-0.2750
5917,-0.9384
5918,-0.6974
5919,-0.4352
5920,-0.8629
5921,-0.6888
5922,-0.7478
5923,-0.6556
5924,-0.3985
5925,-0.6125
5926,-0.9548
5927,-0.7194
5928,-0.3622
5929,-0.8973
5930,-0.9608
5931,-0.7491
5932,-0.5350
5933,-0.9149
5934,-0.2028
5935,-0.8588
5936,-1.1421
5937,-0.8629
5938,-0.3922
5939,-1.0039
5940,-0.8807
5941,-0.7036
5942,-1.1420
5943,-0.7499
5944,-0.8957
5945,-0.3827
5946,-0.4035
5947,-0.6984
5948,-0.5927
5949,-0.5235
5950,-0.6415
5951,-0.2099
5952,-0.7057
5953,-0.6868
5954,-0.4881
5955,-0.6378
5956,-0.6116
5957,-0.5026
5958,-0.6756
5959,-0.5375
5960,-0.7160
5961,-0.4024
5962,-0.8103
5963,-1.3704
5964,-0.6794
5965,-1.2368
5966,-0.8132
5967,-0.5183
5968,-0.6399
5969,-1.0404
5970,-0.3956
5971,-0.9471
5972,-0.8679
5973,-0.8012
5974,-0.7008
5975,-1.0040
5976,-0.7632
5977,-0.3596
5978,-0.4125
5979,-0.4820
5980,-0.6189
5981,-0.8869
5982,-1.2008
5983,-0.6674
5984,-0.8519
5985,-0.2878
5986,-0.4514
5987,-0.8072
5988,-0.9395
5989,-0.2049
5990,-0.3213
5991,-1.1379
5992,-0.8134
5993,-1.0148
5994,-0.5016
5995,-0.7940
5996,-0.4392
5997,-0.5662
5998,-0.7565
5999,-1.0150
6000,-0.6812
6001,-0.5979
6002,-0.5898
6003,-0.4941
6004,-0.8030
6005,-1.1378
6006,-0.9081
6007,-0.8754
6008,-0.9017
6009,-1.0000
6010,-0.8169
6011,-0.2221
6012,-0.1490
6013,-0.4900
6014,-0.6661
6015,-0.5643
6016,-0.6970
6017,-0.6604
6018,-0.5288
6019,-0.8036
6020,-0.4129
6021,-1.0546
6022,-0.5519
6023,-0.7185
6024,-0.7159
6025,-0.5005
6026,-0.4812
6027,-1.1860
6028,-0.9093
6029,-0.4453
6030,-0.8988
6031,-0.8004
6032,-0.5799
6033,-0.5220
6034,-0.8075
6035,-0.6306
6036,-0.5353
6037,-0.4342
6038,-0.4670
6039,-0.6228
6040,-0.9751
6041,-0.7489
6042,-0.6378
6043,-0.3727
6044,-0.6924
6045,-0.5874
6046,-0.4460
6047,-0.6197
6048,-0.3844
6049,-0.7937
6050,-0.6471
6051,-0.8702
6052,-0.4555
6053,-0.8825
6054,-0.8536
6055,-0.5038
6056,-0.4612
6057,-0.6152
6058,-0.9367
6059,-0.5254
6060,-0.8392
6061,-0.8185
6062,-0.5632
6063,-0.5383
6064,-0.5000
6065,-0.8501
6066,-0.8358
6067,-0.4260
6068,-0.8879
6069,-0.6174
6070,-0.3507
6071,-0.4327
6072,-0.7905
6073,-0.9435
6074,-0.5056
6075,-0.5022
6076,-0.9285
6077,-0.7993
6078,-0.3869
6079,-0.5419
6080,-0.5152
6081,-0.7633
6082,-0.8023
6083,-0.2187
6084,-0.4529
6085,-0.5896
6086,-0.3094
6087,-0.5484
6088,-0.1911
6089,-0.4652
6090,-0.5121
6091,-0.6467
6092,-0.7994
6093,-1.3431
6094,-0.5323
6095,-0.5363
6096,-0.8120
6097,-0.6768
6098,-0.6147
6099,-0.9405
6100,-0.3582
6101,-1.1796
6102,-0.6947
6103,-1.0084
6104,-0.4235
6105,-0.3996
6106,-0.2866
6107,-1.2922
6108,-0.5205
6109,-0.3824
6110,-0.6425
6111,-0.4558
6112,-0.9693
6113,-0.7419
6114,-0.9825
6115,-0.7447
6116,-0.4529
6117,-0.4233
6118,-0.6128
6119,-0.4418
6120,-0.5979
6121,-0.5221
6122,-0.3732
6123,-0.9765
6124,-0.7317
6125,-0.6036
6126,-0.3762
6127,-1.0501
6128,-0.8954
6129,-0.6341
6130,-0.4087
6131,-0.8578
6132,-0.4929
6133,-0.8317
6134,-0.2935
6135,-0.2694
6136,-1.0673
6137,-0.9703
6138,-0.4719
6139,-1.1732
6140,-0.5618
6141,-0.6627
6142,-1.1069
6143,-0.9514
6144,-1.1425
6145,-0.6731
6146,-0.6254
6147,-0.3646
6148,-0.6375
6149,-0.9445
6150,-0.3181
6151,-0.6521
6152,-0.6787
6153,-0.6974
6154,-0.4192
6155,-0.4213
6156,-0.5224
6157,-0.2184
6158,-0.4620
6159,-0.8284
6160,-0.7356
6161,-0.0221
6162,-0.5873
6163,-0.2353
6164,-0.6784
6165,-1.0356
6166,-0.5493
6167,-1.0720
6168,-0.5744
6169,-0.6277
6170,-0.3125
6171,-0.6376
6172,-0.0451
6173,-0.7244
6174,-0.3769
6175,-0.5017
6176,-0.9014
6177,-1.2692
6178,-1.1144
6179,-0.8956
6180,-1.0401
6181,-0.8025
6182,-0.6951
6183,-0.9242
6184,-0.3673
6185,-0.7214
6186,-0.6806
6187,-0.9515
6188,-0.7799
6189,-0.7380
6190,-0.4058
6191,-0.5704
6192,-0.8718
6193,-0.5418
6194,-0.4974
6195,-0.5849
6196,-1.0205
6197,-1.2983
6198,-0.5347
6199,-0.6709
6200,-0.4737
6201,-0.3820
6202,-0.5452
6203,-0.3441
6204,-0.7560
6205,-0.7650
6206,-0.7784
6207,-0.7922
6208,-0.6410
6209,-0.4312
6210,-0.7176
6211,-0.6285
6212,-0.6594
6213,-0.6437
6214,-0.1276
6215,-0.7180
6216,-0.8432
6217,-0.8556
6218,-0.7285
6219,-0.3284
6220,-0.6886
6221,-0.3786
6222,-0.7581
6223,-0.9204
6224,-0.4416
6225,-0.6201
6226,-0.7728
6227,-1.0008
6228,-0.8647
6229,-0.7138
6230,-1.0013
6231,-0.8009
6232,-0.5939
6233,-0.5764
6234,-1.0563
6235,-0.5431
6236,-0.5714
6237,-0.3609
6238,-0.8058
6239,-0.4802
6240,-0.7675
6241,-0.7979
6242,-0.7197
6243,-0.8530
6244,-0.4970
6245,-0.7988
6246,-0.1684
6247,-0.7117
6248,-0.6309
6249,-0.5243
6250,-0.8593
6251,-0.6854
6252,-0.6118
6253,-0.4158
6254,-0.7760
6255,-0.5694
6256,-0.4850
6257,-1.3055
6258,-0.7887
6259,-0.2955
6260,-0.9561
6261,-0.9056
6262,-0.4457
6263,-0.7727
6264,-0.8962
6265,-0.5260
6266,-1.2699
6267,-0.7970
6268,-0.7251
6269,-0.7953
6270,-0.6296
6271,-0.5727
6272,-0.6400
6273,-0.6899
6274,-0.9677
6275,-0.4204
6276,-0.9114
6277,-0.7080
6278,-0.9302
6279,-0.6094
6280,-0.6871
6281,-0.8732
6282,-0.8194
6283,-1.0531
6284,-0.5529
6285,-0.5308
6286,-0.1149
6287,-0.6942
6288,-0.4797
6289,-0.7399
6290,-0.7955
6291,-0.5062
6292,-0.4461
6293,-0.8743
6294,-0.5964
6295,-0.5865
6296,-0.5185
6297,-0.7274
6298,-1.0972
6299,-0.6869
6300,-1.0601
6301,-0.9126
6302,-0.7192
6303,-0.6519
6304,-0.4805
6305,-0.5844
6306,-0.6459
6307,-0.3164
6308,-0.7606
6309,-0.8333
6310,-0.9396
6311,-0.7569
6312,-1.1725
6313,-0.5000
6314,-0.3816
6315,-0.4827
6316,-0.6321
6317,-0.4191
6318,-0.8827
6319,-0.7225
6320,-0.8701
6321,-1.3541
6322,-0.4986
6323,-0.7505
6324,-0.7365
6325,-0.8089
6326,-0.9693
6327,-0.9849
6328,-0.6274
6329,-0.8298
6330,-0.8083
6331,-1.0382
6332,-0.5586
6333,-0.6359
6334,-1.0306
6335,-0.6533
6336,-0.3407
6337,-0.7043
6338,-1.1649
6339,-1.4197
6340,-0.7060
6341,-0.6739
6342,-0.6090
6343,-0.7422
6344,-0.6149
6345,-0.5602
6346,-0.7779
6347,-0.5690
6348,-0.5158
6349,-0.1883
6350,-0.8351
6351,-1.0718
6352,-0.5539
6353,-0.7880
6354,-0.8038
6355,-0.8108
6356,-0.8382
6357,-0.7415
6358,-0.5754
6359,-0.5139
6360,-0.5478
6361,-0.4760
6362,-0.3922
6363,-1.0939
6364,-0.6267
6365,-0.6045
6366,-0.7600
6367,-1.1180
6368,-0.3207
6369,-0.3714
6370,-0.6310
6371,-1.1675
6372,-1.0553
6373,-0.9085
6374,-0.5431
6375,-1.3075
6376,-0.5453
6377,-1.0848
6378,-0.4563
6379,-0.4160
6380,-0.8244
6381,-0.7690
6382,-0.7898
6383,-0.5792
6384,-0.8827
6385,-0.3497
6386,-0.3565
6387,-0.3615
6388,-0.9547
6389,-0.6446
6390,-0.5888
6391,-0.7240
6392,-0.6163
6393,-0.8468
6394,-0.6189
6395,-0.9429
6396,-0.4906
6397,-0.4692
6398,-0.7733
6399,-0.7872
6400,-0.6193
6401,-0.0564
6402,-0.4452
6403,-0.6441
6404,-0.5851
6405,-0.6605
6406,-0.7747
6407,-0.6540
6408,-1.0646
6409,-0.6149
6410,-0.6285
6411,-0.4544
6412,-1.1100
6413,-0.4735
6414,-0.6329
6415,-0.6475
6416,-0.6817
6417,-0.4998
6418,-0.8807
6419,-0.3730
6420,-1.1357
6421,-0.7069
6422,-0.6224
6423,-0.5640
6424,-1.0138
6425,-0.4284
6426,-1.1402
6427,-1.1055
6428,-0.9407
6429,-0.6257
6430,-0.5185
6431,-0.6067
6432,-0.5303
6433,-0.5470
6434,-0.7482
6435,-0.4004
6436,-0.6279
6437,-0.5558
6438,-0.9294
6439,-0.6064
6440,-1.1202
6441,-0.5772
6442,-0.5698
6443,-1.0196
6444,-0.6951
6445,-0.9021
6446,-0.5311
6447,-0.1566
6448,-0.5505
6449,-0.5323
6450,-0.8690
6451,-0.3033
6452,-0.7156
6453,-0.4030
6454,-0.1785
6455,-0.7183
6456,-0.6142
6457,-0.2002
6458,-0.7693
6459,-0.7243
6460,-0.5781
6461,-0.8363
6462,-0.6951
6463,-0.4732
6464,-0.4130
6465,-0.4127
6466,-1.0610
6467,-0.3825
6468,-1.2076
6469,-0.4729
6470,-0.7781
6471,-0.5518
6472,-0.8593
6473,-0.6247
6474,-0.8678
6475,-0.4517
6476,-0.5594
6477,-0.4442
6478,-0.3381
6479,-0.5673
6480,-0.6460
6481,-0.4049
6482,-0.4724
6483,-0.6474
6484,-0.6964
6485,-1.0755
6486,-0.7409
6487,-0.2638
6488,-0.9456
6489,-0.6243
6490,-1.1057
6491,-1.0139
6492,-0.5698
6493,-0.4248
6494,-0.4143
6495,-0.3013
6496,-0.5745
6497,-0.9521
6498,-1.1196
6499,-0.7067
6500,-0.8864
6501,-0.9091
6502,-0.6081
6503,-0.5078
6504,-0.6761
6505,-0.5239
6506,-0.3890
6507,-1.1024
6508,-0.5829
6509,-0.5253
6510,-0.8263
6511,-0.9055
6512,-0.0817
6513,-0.6527
6514,-0.8425
6515,-0.3328
6516,-0.6222
6517,-0.8248
6518,-1.0677
6519,-0.5588
6520,-0.6388
6521,-0.7762
6522,-0.9715
6523,-0.7859
6524,-0.6902
6525,-0.9472
6526,-0.7583
6527,-0.5488
6528,-0.4426
6529,-1.0883
6530,-0.8228
6531,-0.8170
6532,-0.7844
6533,-0.6125
6534,-0.5464
6535,-0.7798
6536,-0.8747
6537,-0.8215
6538,-0.5325
6539,-0.6482
6540,-0.7389
6541,-0.8731
6542,-0.6088
6543,-0.5744
6544,-0.4770
6545,-0.4327
6546,-0.6270
6547,-0.9501
6548,-0.7375
6549,-0.5530
6550,-1.0424
6551,-0.7403
6552,-0.6656
6553,-0.1979
6554,-0.7385
6555,-0.1973
6556,-0.5912
6557,-0.5284
6558,-0.4666
6559,-0.5980
6560,-0.6725
6561,-0.7818
6562,-0.4090
6563,-0.9686
6564,-0.5773
6565,-0.3862
6566,-0.5060
6567,-0.5816
6568,-0.3282
6569,-0.6284
6570,-0.3670
6571,-0.6905
6572,-0.2653
6573,-0.6052
6574,-0.8435
6575,-0.4270
6576,-0.6692
6577,-0.3691
6578,-0.5879
6579,-1.2002
6580,-0.3810
6581,-1.4889
6582,-0.9274
6583,-0.9244
6584,-0.5556
6585,-0.6739
6586,-1.1636
6587,-0.5300
6588,-0.6098
6589,-0.6992
6590,-0.8601
6591,-1.1539
6592,-1.0840
6593,-1.0166
6594,-0.3317
6595,-0.5666
6596,-0.9775
6597,-0.6401
6598,-0.5157
6599,-0.4572
6600,-0.7533
6601,-0.5077
6602,-0.3509
6603,-0.6260
6604,-0.6003
6605,-1.1287
6606,-0.5932
6607,-1.2159
6608,-0.7753
6609,-0.5923
6610,-0.6461
6611,-0.7238
6612,-0.8679
6613,-0.3976
6614,-0.7368
6615,-0.4839
6616,-0.2319
6617,-0.9177
6618,-0.4425
6619,-0.4602
6620,-0.6350
6621,-0.8511
6622,-0.8631
6623,-0.5327
6624,-1.0956
6625,-0.1601
6626,-1.0466
6627,-1.0997
6628,-0.6239
6629,-0.5341
6630,-0.7078
6631,-0.4124
6632,-0.4337
6633,-0.6859
6634,-0.7799
6635,-0.4751
6636,-0.2828
6637,-0.5797
6638,-1.0571
6639,-0.4525
6640,-0.4689
6641,-0.5346
6642,-1.1744
6643,-0.5675
6644,-1.1006
6645,-0.8233
6646,-0.5574
6647,-0.4096
6648,-0.4405
6649,-0.5814
6650,-0.6246
6651,-0.3107
6652,-0.6748
6653,-1.0365
6654,-1.0323
6655,-0.3722
6656,-0.4371
6657,-0.7521
6658,-0.3386
6659,-0.5647
6660,-0.5978
6661,-0.6713
6662,-0.7272
6663,-0.3290
6664,-0.6241
6665,-0.8229
6666,-0.7212
6667,-0.9119
6668,-0.6245
6669,-0.8499
6670,-1.1409
6671,-0.6935
6672,-0.7245
6673,-0.7723
6674,-0.4636
6675,-0.9990
6676,-0.7604
6677,-0.5375
6678,-0.5236
6679,-0.6694
6680,-0.6038
6681,-0.2570
6682,-0.3943
6683,-0.8598
6684,-0.5460
6685,-0.2338
6686,-0.2475
6687,-0.8065
6688,-0.7041
6689,-0.2838
6690,-0.4133
6691,-0.5569
6692,-0.5102
6693,-1.1085
6694,-0.8914
6695,-0.5325
6696,-1.3073
6697,-0.6923
6698,-1.0330
6699,-0.8566
6700,-0.5680
6701,-0.8319
6702,-0.7693
6703,-0.9329
6704,-0.5598
6705,-0.7564
6706,-0.8837
6707,-0.4232
6708,-0.6086
6709,-0.4825
6710,-0.7234
6711,-0.4151
6712,-0.2914
6713,-0.7259
6714,-0.5337
6715,-0.6079
6716,-0.5821
6717,-0.7836
6718,-0.7067
6719,-0.7509
6720,-0.8165
6721,-0.6662
6722,-0.8072
6723,-0.9593
6724,-0.8375
6725,-0.7083
6726,-0.6483
6727,-1.0742
6728,-0.8841
6729,-0.6168
6730,-0.9047
6731,-0.7117
6732,-0.4227
6733,-0.6847
6734,-0.7981
6735,-0.9349
6736,-0.3893
6737,-0.5894
6738,-0.7742
6739,-0.5110
6740,-0.5069
6741,-0.9814
6742,-0.4047
6743,-1.0871
6744,-0.4168
6745,-0.9146
6746,-0.6847
6747,-0.3186
6748,-0.6296
6749,-0.9041
6750,-0.6731
6751,-0.5966
6752,-0.5002
6753,-0.7386
6754,-0.8023
6755,-0.6395
6756,-0.7095
6757,-0.7591
6758,-0.6948
6759,-0.9360
6760,-0.6855
6761,-0.5341
6762,-0.5666
6763,-0.4631
6764,-1.0490
6765,-0.6778
6766,-0.8490
6767,-0.8060
6768,-1.2031
6769,-0.4761
6770,-0.6753
6771,-0.6409
6772,-0.5563
6773,-0.5058
6774,-0.5063
6775,-0.7667
6776,-0.5468
6777,-0.6412
6778,-0.5260
6779,-0.9361
6780,-1.0091
6781,-0.5070
6782,-0.6761
6783,-0.5855
6784,-0.7894
6785,-0.8754
6786,-0.4999
6787,-0.4066
6788,-0.9102
6789,-0.8559
6790,-0.6798
6791,-0.6054
6792,-0.8520
6793,-0.3380
6794,-1.1649
6795,-0.8541
6796,-0.7229
6797,-0.6956
6798,-1.0102
6799,-0.5662
6800,-1.0445
6801,-0.7883
6802,-0.7041
6803,-0.4784
6804,-0.8486
6805,-1.0346
6806,-0.5537
6807,-0.8738
6808,-0.7037
6809,-0.6045
6810,-0.6632
6811,-0.6919
6812,-0.6007
6813,-0.4231
6814,-0.9376
6815,-0.7454
6816,-0.5212
6817,-1.0680
6818,-0.5593
6819,-0.8328
6820,-0.8196
6821,-0.7916
6822,-0.6692
6823,-1.0689
6824,-0.7909
6825,-0.3200
6826,-0.3835
6827,-0.6701
6828,-0.4020
6829,-0.4758
6830,-0.5195
6831,-0.6766
6832,-1.0148
6833,-0.7826
6834,-1.1478
6835,-0.6125
6836,-0.6364
6837,-0.6736
6838,-0.4509
6839,-0.9851
6840,-0.7913
6841,-0.5091
6842,-0.4540
6843,-0.5982
6844,-0.4765
6845,-0.7649
6846,-0.2331
6847,-0.6880
6848,-0.7762
6849,-0.5254
6850,-0.2413
6851,-0.8087
6852,-0.4475
6853,-0.6832
6854,-0.6538
6855,-0.5829
6856,-0.3235
6857,-0.5336
6858,-1.0204
6859,-0.9147
6860,-0.9449
6861,-0.8046
6862,-0.5793
6863,-0.7351
6864,-0.9295
6865,-0.4329
6866,-0.4627
6867,-0.6985
6868,-0.6799
6869,-0.7170
6870,-0.6988
6871,-0.5191
6872,-0.4945
6873,-0.8405
6874,-1.0139
6875,-0.6246
6876,-0.7191
6877,-0.5763
6878,-0.6150
6879,-0.8000
6880,-0.9918
6881,-0.4955
6882,-0.7927
6883,-0.8937
6884,-0.6974
6885,-0.6014
6886,-0.5924
6887,-1.0152
6888,-0.7297
6889,-0.9024
6890,-0.8358
6891,-0.6759
6892,-0.2483
6893,-0.8384
6894,-0.7168
6895,-0.7277
6896,-1.0290
6897,-0.7619
6898,-0.7220
6899,-0.6725
6900,-0.9483
6901,-0.5713
6902,-0.7601
6903,-0.5519
6904,-0.6973
6905,-0.2520
6906,-1.0022
6907,-0.8046
6908,-0.4926
6909,-0.5730
6910,-0.5054
6911,-0.6600
6912,-0.7533
6913,-0.9740
6914,-0.8366
6915,-0.5485
6916,-0.2957
6917,-0.6762
6918,-1.2121
6919,-0.5980
6920,-1.2162
6921,-0.7046
6922,-0.0342
6923,-0.7352
6924,-0.9279
6925,-0.5574
6926,-1.1036
6927,-0.5098
6928,-0.3676
6929,-0.1832
6930,-0.5642
6931,-0.6427
6932,-0.3694
6933,-1.0149
6934,-0.3304
6935,-1.0104
6936,-0.9553
6937,-0.7797
6938,-1.3550
6939,-0.5218
6940,-0.9634
6941,-1.0003
6942,-0.6535
6943,-0.7504
6944,-0.4268
6945,-0.6690
6946,-0.7439
6947,-0.6547
6948,-0.6868
6949,-0.4581
6950,-0.4080
6951,-0.9313
6952,-1.0771
6953,-0.7289
6954,-1.1543
6955,-0.8456
6956,-0.4549
6957,-1.1197
6958,-0.3759
6959,-0.7379
6960,-0.8324
6961,-0.7995
6962,-0.7594
6963,-0.4801
6964,-0.7255
6965,-0.6374
6966,-0.8347
6967,-0.6902
6968,-0.9284
6969,-1.1052
6970,-0.9101
6971,-1.1418
6972,-0.7302
6973,-0.7537
6974,-0.6729
6975,-0.4114
6976,-0.5234
6977,-1.0462
6978,-0.4211
6979,-0.9593
6980,-0.3868
6981,-0.6481
6982,-0.5887
6983,-0.7980
6984,-0.8026
6985,-0.4918
6986,-1.1052
6987,-0.7105
6988,-0.3983
6989,-0.4446
6990,-0.1931
6991,-0.2278
6992,-0.7713
6993,-0.4951
6994,-0.7526
6995,-0.3728
6996,-0.9378
6997,-0.9683
6998,-0.1717
6999,-0.9762
7000,-1.0118
7001,-0.5098
7002,-0.8074
7003,-0.7856
7004,-1.0816
7005,-0.4885
7006,-0.7302
7007,-0.4893
7008,-0.7586
7009,-0.7570
7010,-0.6360
7011,-0.6375
7012,-0.5623
7013,-0.9555
7014,-0.4527
7015,-0.6780
7016,-0.7025
7017,-1.0014
7018,-0.3709
7019,-0.7963
7020,-0.9838
7021,-1.1175
7022,-0.6105
7023,-0.8247
7024,-0.7520
7025,-0.3163
7026,-0.4150
7027,-0.4720
7028,-0.5072
7029,-0.4440
7030,-0.8318
7031,-0.6836
7032,-0.6408
7033,-0.7696
7034,-0.4907
7035,-0.5081
7036,-0.5414
7037,-0.0707
7038,-0.4251
7039,-0.3915
7040,-0.4351
7041,-0.8971
7042,-0.6125
7043,-0.7647
7044,-0.6239
7045,-1.0329
7046,-0.8535
7047,-0.9768
7048,-0.6872
7049,-0.7635
7050,-1.1808
7051,-0.9216
7052,-0.9066
7053,-0.8284
7054,-0.8525
7055,-0.6789
7056,-0.6267
7057,-0.5497
7058,-0.7186
7059,-0.6842
7060,-0.9820
7061,-0.6014
7062,-0.6167
7063,-0.7942
7064,-0.3528
7065,-0.9251
7066,-0.5696
7067,-0.7890
7068,-0.9382
7069,-0.7354
7070,-0.5557
7071,-0.8851
7072,-0.2442
7073,-0.6275
7074,-0.6865
7075,-0.4646
7076,-0.9240
7077,-0.7990
7078,-0.5102
7079,-0.5160
7080,-0.8919
7081,-0.6652
7082,-0.7933
7083,-0.7595
7084,-0.5322
7085,-0.7945
7086,-0.8751
7087,-0.8368
7088,-0.2390
7089,-0.8307
7090,-0.5970
7091,-0.7188
7092,-1.0145
7093,-0.8315
7094,-0.9575
7095,-0.4677
7096,-0.8462
7097,-1.0269
7098,-0.6905
7099,-0.5307
7100,-0.6838
7101,-0.5023
7102,-0.5021
7103,-0.4234
7104,-0.8240
7105,-0.7488
7106,-0.6573
7107,-1.0682
7108,-0.6636
7109,-0.6486
7110,-0.8644
7111,-0.4523
7112,-1.1118
7113,-0.4008
7114,-0.8649
7115,-1.0498
7116,-0.5470
7117,-0.5873
7118,-0.6380
7119,-0.8250
7120,-0.6018
7121,-0.9699
7122,-0.7338
7123,-0.8578
7124,-0.6120
7125,-0.0621
7126,-0.9084
7127,-0.7428
7128,-0.5062
7129,-1.2241
7130,-0.9386
7131,-0.9687
7132,-0.4294
7133,-0.4002
7134,-0.6207
7135,-0.4941
7136,-0.4767
7137,-0.3257
7138,-0.0603
7139,-0.2581
7140,-0.9122
7141,-0.4524
7142,-0.7089
7143,-0.4901
7144,-1.1054
7145,-0.4984
7146,-0.8509
7147,-0.5122
7148,-0.5909
7149,-0.4846
7150,-0.7153
7151,-0.5057
7152,-0.8208
7153,-0.6889
7154,-0.6352
7155,-0.8899
7156,-0.2139
7157,-0.5341
7158,-0.5650
7159,-0.7610
7160,-0.5843
7161,-0.8283
7162,-0.6893
7163,-0.7194
7164,-0.5323
7165,-0.4798
7166,-0.6027
7167,-0.7059
7168,-0.5759
7169,-0.3538
7170,-0.3312
7171,-1.0374
7172,-0.6654
7173,-0.7536
7174,-0.9040
7175,-1.0089
7176,-0.4374
7177,-0.5868
7178,-0.5253
7179,-0.6763
7180,-0.3444
7181,-0.6093
7182,-0.5900
7183,-0.7967
7184,-0.7513
7185,-0.7238
7186,-0.7742
7187,-1.0864
7188,-1.1774
7189,-0.8683
7190,-1.0731
7191,-0.9280
7192,-0.7169
7193,-0.7509
7194,-0.5897
7195,-0.9036
7196,-0.8687
7197,-0.5137
7198,-0.5983
7199,-0.7731
7200,-0.2203
7201,-1.0242
7202,-0.3075
7203,-0.5448
7204,-0.5303
7205,-0.6292
7206,-0.5166
7207,-0.5610
7208,-0.5188
7209,-0.9631
7210,-0.3525
7211,-0.3391
7212,-0.5423
7213,-0.2375
7214,-0.5233
7215,-0.4118
7216,-0.8007
7217,-0.2620
7218,-0.4981
7219,-0.4237
7220,-0.8361
7221,-0.3898
7222,-0.6834
7223,-0.7206
7224,-0.8785
7225,-0.7185
7226,-0.6341
7227,-0.8100
7228,-0.5954
7229,-0.5876
7230,-0.7550
7231,-0.2601
7232,-0.8887
7233,-0.8358
7234,-0.8426
7235,-0.6668
7236,-0.3354
7237,-0.8376
7238,-0.6032
7239,-0.3439
7240,-0.6418
7241,-0.6216
7242,-0.4147
7243,-0.4273
7244,-0.7895
7245,-0.7502
7246,-0.4544
7247,-0.5824
7248,-0.5928
7249,-0.8550
7250,-0.5424
7251,-0.9024
7252,-0.3537
7253,-1.1646
7254,-0.7599
7255,-0.9832
7256,-0.7574
7257,-0.8098
7258,-0.2977
7259,-0.9328
7260,-1.1077
7261,-1.0901
7262,-1.0761
7263,-0.5194
7264,-0.4294
7265,-0.8758
7266,-0.4871
7267,-1.0080
7268,-0.8125
7269,-0.8991
7270,-0.2524
7271,-0.3901
7272,-0.3519
7273,-0.5902
7274,-0.8055
7275,-0.7815
7276,-0.6223
7277,-0.4376
7278,-0.5231
7279,-1.1515
7280,-0.5253
7281,-0.6874
7282,-0.7118
7283,-0.8425
7284,-1.1905
7285,-0.5455
7286,-0.5871
7287,-0.7988
7288,-0.4355
7289,-0.3665
7290,-0.3378
7291,-0.6024
7292,-0.5267
7293,-0.6281
7294,-0.8981
7295,-0.6111
7296,-0.9741
7297,-0.4348
7298,-0.6681
7299,-1.0570
7300,-1.1130
7301,-0.4131
7302,-1.0450
7303,-0.3429
7304,-0.4413
7305,-1.4627
7306,-0.6746
7307,-0.6846
7308,-0.3741
7309,-0.9195
7310,-0.5374
7311,-1.0126
7312,-1.0140
7313,-0.7554
7314,-0.4656
7315,-0.8554
7316,-0.9226
7317,-0.5983
7318,-0.7072
7319,-0.3744
7320,-0.7404
7321,-0.8985
7322,-0.8701
7323,-0.3238
7324,-0.7561
7325,-0.6288
7326,-0.6709
7327,-0.7407
7328,-0.7561
7329,-0.8458
7330,-0.5101
7331,-0.5182
7332,-0.4250
7333,-0.6786
7334,-0.7634
7335,-0.6695
7336,-0.5454
7337,-1.0324
7338,-0.8853
7339,-1.0180
7340,-0.6152
7341,-0.7899
7342,-0.9159
7343,-0.3347
7344,-0.4890
7345,-0.2560
7346,-1.0593
7347,-0.5078
7348,-0.3897
7349,-0.5764
7350,-0.7972
7351,-0.5132
7352,-0.7628
7353,-0.6888
7354,-0.6372
7355,-0.3913
7356,-0.9762
7357,-0.6144
7358,-1.2028
7359,-0.4246
7360,-1.1476
7361,-0.8546
7362,-0.8124
7363,-0.5624
7364,-0.5151
7365,-0.2021
7366,-0.6720
7367,-0.7868
7368,-0.7526
7369,-0.8714
7370,-0.6203
7371,-0.3547
7372,-0.8759
7373,-0.6560
7374,-0.9465
7375,-0.7532
7376,-0.6074
7377,-0.4181
7378,-0.8059
7379,-0.7572
7380,-0.5885
7381,-0.5494
7382,-1.0054
7383,-0.8127
7384,-1.0863
7385,-0.8596
7386,-0.9759
7387,-0.5781
7388,-0.5892
7389,-0.6363
7390,-0.5971
7391,-0.9296
7392,-0.1228
7393,-0.7480
7394,-0.9746
7395,-0.4155
7396,-0.6850
7397,-0.6401
7398,-0.5913
7399,-1.0766
7400,-0.3784
7401,-0.7092
7402,-1.3802
7403,-0.8703
7404,-0.9428
7405,-0.8538
7406,-0.8530
7407,-0.3523
7408,-0.8743
7409,-0.7204
7410,-0.5096
7411,-0.9264
7412,-0.8230
7413,-1.0114
7414,-0.4785
7415,-0.5795
7416,-0.2553
7417,-0.7431
7418,-0.7877
7419,-0.5646
7420,-0.6806
7421,-0.9478
7422,-0.5184
7423,-0.6497
7424,-0.4184
7425,-0.5278
7426,-0.8069
7427,-0.5945
7428,-0.5984
7429,-0.3397
7430,-0.7174
7431,-0.7547
7432,-0.4852
7433,-0.7034
7434,-0.8552
7435,-0.4452
7436,-0.7077
7437,-0.7757
7438,-0.7443
7439,-0.9806
7440,-0.4647
7441,-0.7352
7442,-0.7744
7443,-0.9720
7444,-0.6365
7445,-0.2317
7446,-1.0902
7447,-0.5063
7448,-0.3850
7449,-0.6167
7450,-0.8216
7451,-0.9672
7452,-0.4317
7453,-0.7360
7454,-0.3238
7455,-0.7075
7456,-1.0178
7457,-0.2198
7458,-0.9648
7459,-0.9681
7460,-0.5151
7461,-0.6445
7462,-1.1185
7463,-0.3225
7464,-0.6659
7465,-0.8027
7466,-0.3973
7467,-0.7959
7468,-0.6401
7469,-0.4814
7470,-0.8300
7471,-0.0703
7472,-0.8847
7473,-1.1443
7474,-0.7668
7475,-0.9815
7476,-0.3431
7477,-0.4168
7478,-0.3272
7479,-0.5755
7480,-0.8285
7481,-0.5258
7482,-0.6621
7483,-0.3120
7484,-0.6423
7485,-0.3681
7486,-0.5847
7487,-0.8966
7488,-0.1906
7489,-0.5051
7490,-0.6082
7491,-0.5232
7492,-0.7115
7493,-0.3358
7494,-0.8770
7495,-0.9705
7496,-0.4995
7497,-0.6078
7498,-0.7255
7499,-0.7241
7500,-0.5778
7501,-1.2450
7502,-1.0208
7503,-0.8588
7504,-0.9772
7505,-0.3791
7506,-0.7177
7507,-0.7892
7508,-0.3433
7509,-0.3724
7510,-0.6150
7511,-1.4188
7512,-0.8630
7513,-0.6926
7514,-0.9360
7515,-0.8196
7516,-0.5307
7517,-0.6172
7518,-0.5043
7519,-1.0970
7520,-0.9942
7521,-0.2551
7522,-0.6730
7523,-0.6985
7524,-0.3722
7525,-0.2832
7526,-0.5997
7527,-0.7792
7528,-0.5900
7529,-0.6451
7530,-0.7856
7531,-0.6668
7532,-0.7161
7533,-0.8582
7534,-0.4980
7535,-0.8625
7536,-0.6179
7537,-0.3488
7538,-1.1489
7539,-0.5547
7540,-0.9383
7541,-0.5761
7542,-0.4836
7543,-0.3620
7544,-0.3992
7545,-0.5098
7546,-0.5169
7547,-0.7566
7548,-0.6248
7549,-0.2064
7550,-0.8059
7551,-0.6872
7552,-0.1627
7553,-0.7602
7554,-0.6401
7555,-0.6593
7556,-0.5885
7557,-0.6417
7558,-0.4261
7559,-0.7583
7560,-0.5783
7561,-0.9612
7562,-0.7649
7563,-0.5623
7564,-0.8135
7565,-0.4106
7566,-0.8956
7567,-0.8635
7568,-0.7588
7569,-0.6663
7570,-1.0590
7571,-0.9048
7572,-0.8172
7573,-0.7487
7574,-1.3385
7575,-0.7214
7576,-0.2395
7577,-0.9627
7578,-1.0927
7579,-0.7613
7580,-0.6807
7581,-0.4049
7582,-0.4975
7583,-0.8475
7584,-0.5867
7585,-0.4598
7586,-0.5521
7587,-0.7629
7588,-0.6227
7589,-0.2610
7590,-0.9226
7591,-0.9361
7592,-0.6375
7593,-0.7458
7594,-0.7124
7595,-0.9756
7596,-0.9402
7597,-0.7946
7598,-0.8287
7599,-0.8705
7600,-0.7578
7601,-0.5670
7602,-0.7138
7603,-0.6790
7604,-0.7092
7605,-0.6330
7606,-0.6142
7607,-0.6742
7608,-0.6867
7609,-0.4053
7610,-0.4392
7611,-0.9149
7612,-0.6192
7613,-0.7581
7614,-0.6595
7615,-1.0653
7616,-0.4695
7617,-0.7822
7618,-0.6515
7619,-0.8009
7620,-0.7496
7621,-0.3849
7622,-1.2738
7623,-0.9084
7624,-0.5129
7625,-0.6174
7626,-1.2998
7627,-0.8912
7628,-0.7734
7629,-0.9656
7630,-0.7246
7631,-0.4899
7632,-0.5618
7633,-0.4443
7634,-0.4365
7635,-0.7262
7636,-0.4740
7637,-0.8340
7638,-0.5986
7639,-0.4049
7640,-0.6108
7641,-0.4935
7642,-0.8226
7643,-0.3476
7644,-0.8221
7645,-1.2405
7646,-1.1733
7647,-1.1472
7648,-0.7558
7649,-0.7089
7650,-0.4015
7651,-0.7272
7652,-0.7866
7653,-0.4969
7654,-0.6416
7655,-0.3758
7656,-0.8694
7657,-0.9783
7658,-0.4657
7659,-0.4015
7660,-0.3257
7661,-0.6975
7662,-0.5121
7663,-0.6462
7664,-0.7054
7665,-1.1839
7666,-0.6801
7667,-0.6864
7668,-0.8188
7669,-0.5186
7670,-0.7086
7671,-0.7420
7672,-0.9437
7673,-0.6460
7674,-0.6337
7675,-0.7272
7676,-0.7077
7677,-0.4961
7678,-0.9180
7679,-0.8634
7680,-0.5310
7681,-1.1562
7682,-0.4179
7683,-0.7878
7684,-0.8229
7685,-0.9294
7686,-0.6610
7687,-0.6718
7688,-1.4126
7689,-1.0093
7690,-0.9255
7691,-0.5121
7692,-1.1163
7693,-0.9634
7694,-0.5143
7695,-0.3413
7696,-0.6649
7697,-0.4787
7698,-1.0682
7699,-1.2292
7700,-0.4763
7701,-0.7710
7702,-0.4611
7703,-0.3830
7704,-0.1877
7705,-0.8779
7706,-0.4423
7707,-0.7419
7708,-0.7357
7709,-0.7837
7710,-0.8515
7711,-0.7869
7712,-0.7180
7713,-0.9583
7714,-0.3679
7715,-0.5547
7716,-0.3130
7717,-0.5743
7718,-0.4135
7719,-0.9017
7720,-0.9260
7721,-0.7420
7722,-0.7800
7723,-0.5619
7724,-0.6344
7725,-0.9040
7726,-0.6059
7727,-0.6134
7728,-1.0685
7729,-0.9673
7730,-0.3380
7731,-0.6179
7732,-0.5328
7733,-0.7661
7734,-0.8791
7735,-0.9191
7736,-0.8111
7737,-0.6521
7738,-0.6230
7739,-0.4450
7740,-0.5621
7741,-0.4084
7742,-0.7155
7743,-0.4642
7744,-1.0812
7745,-0.5500
7746,-0.5830
7747,-0.3265
7748,-0.5345
7749,-1.2015
7750,-0.5336
7751,-1.0473
7752,-0.6256
7753,-0.4825
7754,-0.2815
7755,-0.6136
7756,-0.9003
7757,-0.7620
7758,-0.6729
7759,-0.9295
7760,-0.9001
7761,-0.7755
7762,-0.7333
7763,-0.6808
7764,-1.1909
7765,-0.5910
7766,-0.9681
7767,-0.6450
7768,-0.9684
7769,-0.8550
7770,-0.6880
7771,-0.4404
7772,-0.9259
7773,-0.9184
7774,-0.6458
7775,-1.1159
7776,-0.6849
7777,-0.9852
7778,-0.5753
7779,-0.8279
7780,-0.4833
7781,-0.7295
7782,-0.3075
7783,-0.4593
7784,-1.1021
7785,-0.5637
7786,-0.8199
7787,-1.0861
7788,-0.8599
7789,-0.8865
7790,-0.8755
7791,-0.6276
7792,-0.5681
7793,-0.3774
7794,-0.5920
7795,-0.3223
7796,-0.9079
7797,-0.5730
7798,-0.9626
7799,-1.1231
7800,-1.2103
7801,-0.8209
7802,-1.2953
7803,-0.6860
7804,-0.6438
7805,-0.6531
7806,-0.9488
7807,-0.8581
7808,-0.8933
7809,-0.4544
7810,-0.6474
7811,-0.6773
7812,-0.7178
7813,-0.9179
7814,-0.3528
7815,-1.3338
7816,-0.6509
7817,-1.0520
7818,-0.4131
7819,-0.9274
7820,-0.3192
7821,-0.5212
7822,-0.2840
7823,-0.6458
7824,-0.6790
7825,-0.7167
7826,-0.5792
7827,-0.9668
7828,-0.9220
7829,-0.7490
7830,-1.0444
7831,-0.7315
7832,-0.6764
7833,-0.5245
7834,-0.7932
7835,-0.7795
7836,-0.7615
7837,-0.6501
7838,-0.6564
7839,-0.4622
7840,-0.4918
7841,-0.7984
7842,-0.2818
7843,-0.7418
7844,-0.3749
7845,-0.4573
7846,-0.6443
7847,-0.6798
7848,-0.5164
7849,-0.6080
7850,-0.8703
7851,-0.5812
7852,-0.1700
7853,-0.6314
7854,-0.9489
7855,-1.0568
7856,-0.8440
7857,-0.6477
7858,-0.5450
7859,-0.3022
7860,-0.5595
7861,-0.2315
7862,-0.8112
7863,-0.7326
7864,-1.1127
7865,-0.6749
7866,-0.4160
7867,-0.4505
7868,-0.8017
7869,-0.9504
7870,-0.7113
7871,-1.0661
7872,-0.4830
7873,-1.0229
7874,-0.9442
7875,0.0341
7876,-0.7479
7877,-0.7226
7878,-0.5970
7879,-0.5840
7880,-0.4521
7881,-0.4763
7882,-0.5625
7883,-0.7121
7884,-0.8029
7885,-0.4151
7886,-0.5794
7887,-0.2736
7888,-0.7579
7889,-0.7464
7890,-0.5047
7891,-0.3770
7892,-0.6474
7893,-0.9632
7894,-1.1679
7895,-1.2103
7896,-0.4277
7897,-0.9201
7898,-0.8607
7899,-0.6278
7900,-0.1928
7901,-0.3674
7902,-0.8603
7903,-0.9168
7904,-0.3223
7905,-0.5578
7906,-0.8924
7907,-0.7062
7908,-0.8757
7909,-0.9159
7910,-1.0661
7911,-0.6360
7912,-0.7576
7913,-0.7605
7914,-0.7053
7915,-0.5232
7916,-0.5869
7917,-0.9645
7918,-0.5478
7919,-0.9198
7920,-0.4556
7921,-1.0488
7922,-0.6167
7923,-0.7377
7924,-0.2898
7925,-0.4929
7926,-0.6454
7927,-0.5079
7928,-0.6945
7929,-0.6484
7930,-0.5253
7931,-0.9375
7932,-0.6986
7933,-0.9946
7934,-0.4461
7935,-0.8466
7936,-0.5894
7937,-0.5070
7938,-1.0045
7939,-1.0117
7940,-0.3938
7941,-0.9387
7942,-0.5718
7943,-0.9325
7944,-0.5392
7945,-0.4473
7946,-0.6718
7947,-0.6726
7948,-0.6619
7949,-1.4506
7950,-0.2456
7951,-0.5916
7952,-0.5082
7953,-0.5673
7954,-0.2558
7955,-0.5425
7956,-0.5412
7957,-0.8251
7958,-0.9701
7959,-0.8605
7960,-0.8825
7961,-0.7279
7962,-0.7812
7963,-0.7425
7964,-0.5596
7965,-0.5525
7966,-0.7725
7967,-1.0409
7968,-0.4134
7969,-0.4350
7970,-0.8792
7971,-0.7721
7972,-0.5881
7973,-0.3776
7974,-0.5691
7975,-0.8320
7976,-0.4347
7977,-0.7733
7978,-0.4174
7979,-1.3085
7980,-0.5175
7981,-0.6649
7982,-1.0676
7983,-0.6933
7984,-0.6912
7985,-0.5467
7986,-0.6216
7987,-0.5611
7988,-0.7677
7989,-0.6956
7990,-0.3956
7991,-0.7094
7992,-0.3716
7993,-0.6508
7994,-0.6339
7995,-0.6511
7996,-0.5107
7997,-0.5394
7998,-0.5847
7999,-0.6852
8000,-1.0406
8001,-0.7089
8002,-0.3768
8003,-1.2109
8004,-0.5055
8005,-0.2047
8006,-0.7042
8007,-0.7772
8008,-0.8780
8009,-0.3406
8010,-0.6291
8011,-0.3077
8012,-1.0686
8013,-0.9347
8014,-0.4099
8015,-0.9224
8016,-0.6236
8017,-1.1646
8018,-0.7557
8019,-0.4996
8020,-1.0064
8021,-0.5629
8022,-0.5457
8023,-0.5658
8024,-0.4812
8025,-1.0536
8026,-0.4731
8027,-0.4258
8028,-0.5434
8029,-0.8547
8030,-0.8488
8031,-0.8018
8032,-0.5617
8033,-0.3269
8034,-0.6420
8035,-0.4491
8036,-0.8100
8037,-0.4471
8038,-0.8366
8039,-0.8554
8040,-1.1155
8041,-0.8540
8042,-0.3268
8043,-1.0062
8044,-0.3778
8045,-1.1315
8046,-0.6811
8047,-0.8260
8048,-0.7212
8049,-0.7050
8050,-1.1137
8051,-0.2539
8052,-0.3930
8053,-0.6496
8054,-0.3196
8055,-0.7676
8056,-0.6438
8057,-0.4784
8058,-0.9015
8059,-0.6782
8060,-0.4884
8061,-0.8648
8062,-0.6648
8063,-0.9711
8064,-0.4758
8065,-0.4858
8066,-1.0338
8067,-0.6069
8068,-0.6555
8069,-0.9422
8070,-0.8453
8071,-0.6603
8072,-0.5941
8073,-0.7360
8074,-0.4384
8075,-1.2273
8076,-0.7856
8077,-0.6569
8078,-0.8258
8079,-0.7968
8080,-0.5328
8081,-0.9317
8082,-1.0283
8083,-0.7927
8084,-0.6045
8085,-0.6579
8086,-0.5131
8087,-0.9249
8088,-0.8547
8089,-0.9474
8090,-0.6566
8091,-0.5009
8092,-0.4946
8093,-0.6635
8094,-0.9675
8095,-0.6362
8096,-0.2476
8097,-0.8631
8098,-0.8689
8099,-0.4802
8100,-1.0989
8101,-0.6980
8102,-0.8451
8103,-0.6918
8104,-0.5133
8105,-0.6220
8106,-0.4410
8107,-0.9065
8108,-0.5050
8109,-0.9288
8110,-0.7329
8111,-0.5457
8112,-0.8269
8113,-0.5630
8114,-0.5508
8115,-0.5822
8116,-0.7048
8117,-0.6926
8118,-0.7173
8119,-0.6467
8120,-1.2743
8121,-0.3407
8122,-0.8955
8123,-0.1899
8124,-0.5887
8125,-0.8723
8126,-0.6341
8127,-1.0258
8128,-0.5761
8129,-0.5617
8130,-0.6049
8131,-0.6670
8132,-1.0542
8133,-0.9772
8134,-0.4312
8135,-0.9847
8136,-0.5435
8137,-0.6156
8138,-0.7353
8139,-0.8896
8140,-0.7256
8141,-0.6481
8142,-0.7873
8143,-0.5068
8144,-0.7249
8145,-0.6846
8146,-0.6075
8147,-0.7723
8148,-0.2499
8149,-0.8195
8150,-1.0870
8151,-0.6317
8152,-0.3920
8153,-0.8807
8154,-0.8232
8155,-0.2598
8156,-0.4511
8157,-0.7920
8158,-0.5211
8159,-0.4908
8160,-1.1536
8161,-0.9454
8162,-0.4816
8163,-0.5866
8164,-0.6172
8165,-0.7445
8166,-0.5575
8167,-0.7598
8168,-0.5599
8169,-0.5501
8170,-0.9125
8171,-0.5354
8172,-0.5509
8173,-0.5895
8174,-0.3065
8175,-0.7499
8176,-0.6581
8177,-0.3553
8178,-0.6709
8179,-0.4210
8180,-0.5778
8181,-0.8562
8182,-0.8635
8183,-0.7290
8184,-0.9559
8185,-0.7755
8186,-0.3164
8187,-0.6302
8188,-0.7495
8189,-0.8323
8190,-0.6578
8191,-0.4950
8192,-0.3929
8193,-1.0985
8194,-0.6685
8195,-0.2898
8196,-0.4727
8197,-0.7217
8198,-0.4297
8199,-0.4846
8200,-0.5797
8201,-0.9243
8202,-0.3849
8203,-0.8484
8204,-0.5232
8205,-0.4813
8206,-0.3990
8207,-0.4610
8208,-0.8771
8209,-0.9462
8210,-0.6318
8211,-0.4556
8212,-0.5797
8213,-0.8670
8214,-0.7359
8215,-1.1500
8216,-0.5770
8217,-0.5800
8218,-0.6966
8219,-0.6921
8220,-0.9207
8221,-0.4019
8222,-1.1663
8223,-0.8704
8224,-0.5508
8225,-0.7731
8226,-0.4683
8227,-0.9710
8228,-0.4280
8229,-0.7509
8230,-0.5807
8231,-0.5367
8232,-0.0197
8233,-0.6116
8234,-0.8052
8235,-0.3825
8236,-0.9221
8237,-0.8678
8238,-0.7097
8239,-0.6748
8240,-0.9107
8241,-0.5465
8242,-0.7389
8243,-0.9739
8244,-0.6404
8245,-0.8818
8246,-1.0239
8247,-0.7041
8248,-0.6135
8249,-1.1630
8250,-0.5778
8251,-0.7208
8252,-0.5565
8253,-0.4330
8254,-0.8945
8255,-0.9819
8256,-0.7773
8257,-0.8165
8258,-1.3161
8259,-0.7362
8260,-0.2330
8261,-0.5066
8262,-0.4521
8263,-0.7792
8264,-0.4413
8265,-0.7677
8266,-0.8861
8267,-0.7196
8268,-0.4882
8269,-0.5487
8270,-1.1675
8271,-0.6507
8272,-0.9505
8273,-1.1905
8274,-0.3167
8275,-1.0313
8276,-0.5732
8277,-0.6543
8278,-0.7631
8279,-0.8729
8280,-0.7920
8281,-0.6885
8282,-1.3283
8283,-0.5430
8284,-0.5158
8285,-0.3011
8286,-0.5763
8287,-0.5594
8288,-0.7443
8289,-0.9022
8290,-0.8992
8291,-0.9173
8292,-1.0978
8293,-0.7560
8294,-0.7647
8295,-0.7861
8296,-0.3987
8297,-0.7757
8298,-0.5329
8299,-0.3832
8300,-0.3362
8301,-0.9144
8302,-0.5157
8303,-0.7635
8304,-0.3956
8305,-0.6050
8306,-0.6181
8307,-0.5008
8308,-0.4056
8309,-0.3847
8310,-0.7156
8311,-0.7242
8312,-0.8575
8313,-0.7362
8314,-0.7807
8315,-0.8283
8316,-0.6099
8317,-0.4966
8318,-0.7453
8319,-0.4418
8320,-0.3403
8321,-0.7668
8322,-0.7199
8323,-0.3430
8324,-0.9181
8325,-0.8179
8326,-0.4697
8327,-1.2092
8328,-0.7450
8329,-0.7457
8330,-0.2563
8331,-0.6030
8332,-1.0736
8333,-0.9051
8334,-0.3437
8335,-0.7312
8336,-0.9638
8337,-0.5350
8338,-0.3539
8339,-0.8793
8340,-1.1787
8341,-0.4632
8342,-0.4369
8343,-0.9492
8344,-0.7000
8345,-0.8322
8346,-0.3789
8347,-0.3950
8348,-0.4073
8349,-0.3277
8350,-0.9973
8351,-0.7733
8352,-0.9004
8353,-0.6889
8354,-1.0130
8355,-0.2938
8356,-0.7626
8357,-0.9340
8358,-0.8251
8359,-0.4352
8360,-0.1963
8361,-0.5399
8362,-0.5084
8363,-0.6774
8364,-0.8201
8365,-0.5076
8366,-0.8170
8367,-0.5952
8368,-0.7115
8369,-0.9766
8370,-1.1000
8371,-0.8448
8372,-1.0016
8373,-0.5424
8374,-0.8849
8375,-0.9447
8376,-0.7142
8377,-0.9436
8378,-0.6694
8379,-0.4934
8380,-1.2518
8381,-0.4250
8382,-1.1541
8383,-0.6844
8384,-1.0214
8385,-0.3723
8386,-0.5879
8387,-1.1013
8388,-0.7946
8389,-0.6518
8390,-1.3311
8391,-0.8183
8392,-0.5786
8393,-0.8019
8394,-0.6949
8395,-0.5886
8396,-0.4496
8397,-0.9607
8398,-0.8391
8399,-0.6593
8400,-0.8747
8401,-0.8682
8402,-0.5652
8403,-0.8203
8404,-0.2552
8405,-0.2808
8406,-0.6841
8407,-0.9410
8408,-0.9037
8409,-0.6069
8410,-0.5942
8411,-0.4494
8412,-0.7184
8413,-0.7635
8414,-0.7924
8415,-0.8481
8416,-0.9668
8417,-0.5547
8418,-0.7204
8419,-0.6371
8420,-1.0158
8421,-0.5802
8422,-0.9217
8423,-0.5828
8424,-0.8339
8425,-0.8493
8426,-0.8074
8427,-0.4630
8428,-0.8209
8429,-0.8819
8430,-0.6023
8431,-0.6174
8432,-0.8118
8433,-0.5944
8434,-0.5342
8435,-0.8679
8436,-0.6182
8437,-0.7620
8438,-0.5940
8439,-0.3550
8440,-1.1352
8441,-0.4040
8442,-0.7358
8443,-0.9288
8444,-0.4879
8445,-1.0506
8446,-0.6252
8447,-0.4153
8448,-0.5988
8449,-0.6160
8450,-0.8652
8451,-1.4458
8452,-0.3269
8453,-0.5489
8454,-1.1044
8455,-0.4225
8456,-0.8177
8457,-0.4176
8458,-0.8318
8459,-0.6386
8460,-1.0337
8461,-0.7165
8462,-0.4707
8463,-0.9435
8464,-0.7280
8465,-1.0455
8466,-0.4385
8467,-0.5598
8468,-1.2351
8469,-0.4539
8470,-0.8002
8471,-0.5013
8472,-1.0211
8473,-0.7352
8474,-0.5060
8475,-0.6164
8476,-0.3972
8477,-0.8909
8478,-0.6042
8479,-0.5122
8480,-1.1339
8481,-0.5472
8482,-0.2856
8483,-0.5614
8484,-0.7510
8485,-1.0397
8486,-0.5014
8487,-0.6533
8488,-0.4797
8489,-1.0211
8490,-0.3777
8491,-0.7922
8492,-1.1475
8493,-0.2520
8494,-0.6391
8495,-0.3972
8496,-0.7731
8497,-0.6871
8498,-0.7944
8499,-1.0506
8500,-0.5737
8501,-0.7468
8502,-0.5975
8503,-0.5833
8504,-0.5398
8505,-0.6091
8506,0.0352
8507,-0.8243
8508,-0.8753
8509,-0.6921
8510,-0.8612
8511,-0.7531
8512,-0.8156
8513,-0.5418
8514,-1.2280
8515,-0.6070
8516,-0.6288
8517,-0.7286
8518,-0.7067
8519,-0.5589
8520,-0.8404
8521,-0.8835
8522,-1.0541
8523,-0.2840
8524,-1.0382
8525,-0.7115
8526,-1.3456
8527,-0.8055
8528,-0.3783
8529,-0.4900
8530,-0.8865
8531,-0.5451
8532,-0.6310
8533,-0.8303
8534,-0.4450
8535,-0.7304
8536,-1.3033
8537,-0.9892
8538,-1.0470
8539,-0.4619
8540,-0.6318
8541,-1.0029
8542,-0.5001
8543,-0.4658
8544,-0.7467
8545,-0.8697
8546,-0.9848
8547,-1.0926
8548,-0.4345
8549,-0.7865
8550,-0.4195
8551,-0.6966
8552,-1.0646
8553,-0.6249
8554,-0.8907
8555,-0.6087
8556,-0.3179
8557,-0.8160
8558,-0.8951
8559,-0.3756
8560,-0.6922
8561,-0.4390
8562,-0.9333
8563,-0.5575
8564,-0.7516
8565,-1.0431
8566,-0.4824
8567,-1.0729
8568,-0.8331
8569,-0.7893
8570,-0.3245
8571,-0.6319
8572,-0.5910
8573,-0.8144
8574,-0.7070
8575,-0.8840
8576,-0.8340
8577,-0.5535
8578,-0.7188
8579,-0.5840
8580,-0.8594
8581,-0.6772
8582,-0.6641
8583,-0.7988
8584,-0.6425
8585,-0.2392
8586,-0.4361
8587,-0.9747
8588,-0.5977
8589,-0.5875
8590,-0.4250
8591,-0.5023
8592,-0.6726
8593,-0.5184
8594,-0.5079
8595,-0.9528
8596,-0.4022
8597,-0.6451
8598,-0.7999
8599,-0.8260
8600,-0.7909
8601,-0.5869
8602,-0.4104
8603,-1.0035
8604,-0.7563
8605,-0.5596
8606,-0.5102
8607,-1.1082
8608,-0.7285
8609,-0.7078
8610,-0.5835
8611,-0.5827
8612,-0.5661
8613,-0.9345
8614,-0.9600
8615,-0.8735
8616,-0.6712
8617,-0.7324
8618,-0.2242
8619,-0.5840
8620,-0.6615
8621,-0.6666
8622,-0.7976
8623,-1.0268
8624,-0.7469
8625,-0.9480
8626,-0.4790
8627,-0.5791
8628,-1.1642
8629,-0.6671
8630,-0.7814
8631,-0.7811
8632,0.0116
8633,-0.7252
8634,-0.8177
8635,-0.6506
8636,-0.9614
8637,-0.7766
8638,-0.7940
8639,-0.8406
8640,-0.9751
8641,-0.8251
8642,-0.5363
8643,-1.1108
8644,-0.6417
8645,-0.4064
8646,-0.4155
8647,-0.5893
8648,-0.4287
8649,-0.5964
8650,-0.7318
8651,-0.8860
8652,-0.5358
8653,-0.3908
8654,-0.9899
8655,-0.7310
8656,-0.7552
8657,-0.8416
8658,-0.7459
8659,-0.7037
8660,-0.5366
8661,-0.6174
8662,-0.7467
8663,-0.8127
8664,-0.5842
8665,-0.5437
8666,-1.1794
8667,-1.1328
8668,-0.9295
8669,-0.6118
8670,-0.5209
8671,-0.6691
8672,-0.7011
8673,-0.4825
8674,-0.7959
8675,-1.0099
8676,-0.4675
8677,-0.5257
8678,-0.5361
8679,-0.2713
8680,-0.7671
8681,-0.4402
8682,-0.7166
8683,-0.7351
8684,-0.5619
8685,-0.3954
8686,-0.7104
8687,-0.5701
8688,-0.9074
8689,-0.9123
8690,-0.4418
8691,-0.3058
8692,-0.8432
8693,-0.9649
8694,-0.4012
8695,-0.6560
8696,-0.7735
8697,-0.7699
8698,-0.8827
8699,-0.7926
8700,-0.5130
8701,-1.1367
8702,-0.7528
8703,-1.0143
8704,-0.8287
8705,-0.8870
8706,-0.5953
8707,-0.7198
8708,-0.5784
8709,-0.9611
8710,-0.5750
8711,-0.9988
8712,-0.4477
8713,-0.7601
8714,-0.4847
8715,-0.8670
8716,-0.5916
8717,-0.4606
8718,-0.4381
8719,-0.6816
8720,-0.6940
8721,-0.6316
8722,-1.0345
8723,-0.4390
8724,-0.5775
8725,-0.3416
8726,-0.6979
8727,-0.6643
8728,-0.7941
8729,-0.5008
8730,-0.6226
8731,-1.2895
8732,-0.2460
8733,-0.2858
8734,-0.5876
8735,-0.4374
8736,-0.5927
8737,-0.8446
8738,-0.7838
8739,-0.9393
8740,-0.6074
8741,-0.8813
8742,-0.3060
8743,-0.5807
8744,-1.2692
8745,-0.7665
8746,-0.5603
8747,-0.7198
8748,-0.3223
8749,-0.4745
8750,-0.3071
8751,-0.8833
8752,-0.8466
8753,-0.8534
8754,-0.3484
8755,-0.4296
8756,-0.6583
8757,-0.8669
8758,-0.3858
8759,-0.5598
8760,-0.8649
8761,-0.6053
8762,-0.3173
8763,-0.8858
8764,-0.8725
8765,-0.7211
8766,-0.7499
8767,-0.3091
8768,-0.7041
8769,-0.5117
8770,-0.7028
8771,-0.1809
8772,-0.7416
8773,-0.8912
8774,-0.3964
8775,-1.0783
8776,-0.5210
8777,-0.8495
8778,-0.3616
8779,-0.8954
8780,-0.7287
8781,-0.8764
8782,-0.6909
8783,-0.3908
8784,-0.6644
8785,-0.5808
8786,-0.7755
8787,-0.6322
8788,-0.3946
8789,-1.0222
8790,-0.4479
8791,-0.9021
8792,-0.4862
8793,-0.7693
8794,-0.4426
8795,-0.7906
8796,-0.3603
8797,-0.4523
8798,-0.6040
8799,-0.8585
8800,-0.6591
8801,-0.7747
8802,-0.7119
8803,-0.7326
8804,-0.7698
8805,-0.7440
8806,-0.8648
8807,-0.7586
8808,-0.5404
8809,-0.3620
8810,-0.4392
8811,-1.0637
8812,-1.0444
8813,-0.9948
8814,-0.9816
8815,-1.0336
8816,-0.5114
8817,-0.6867
8818,-0.7456
8819,-0.5842
8820,-0.7257
8821,-0.6175
8822,-0.6453
8823,-0.6331
8824,-0.3700
8825,-0.6726
8826,-0.9180
8827,-1.0344
8828,-0.7084
8829,-0.9460
8830,-1.0299
8831,-0.6263
8832,-0.9457
8833,-0.4217
8834,-0.6923
8835,-0.4454
8836,-1.2346
8837,-0.6115
8838,-0.2034
8839,-0.8304
8840,-0.7161
8841,-0.6156
8842,-0.7634
8843,-0.5881
8844,-0.5928
8845,-0.8437
8846,-0.7533
8847,-0.7061
8848,-1.5292
8849,-0.4989
8850,-0.6320
8851,-0.5267
8852,-0.5061
8853,-0.8430
8854,-0.5627
8855,-0.5972
8856,-1.1967
8857,-0.4784
8858,-0.9308
8859,-0.2800
8860,-0.7703
8861,-0.7533
8862,-0.5005
8863,-0.5031
8864,-0.9457
8865,-1.0813
8866,-0.9046
8867,-0.3168
8868,-0.6779
8869,-0.5855
8870,-0.4707
8871,-1.0428
8872,-0.4148
8873,-0.9398
8874,-0.7590
8875,-0.8112
8876,-0.7347
8877,-0.7297
8878,-0.4591
8879,-0.5019
8880,-0.4646
8881,-0.6124
8882,-1.1283
8883,-1.2173
8884,-1.0109
8885,-0.6415
8886,-0.7543
8887,-0.7763
8888,-0.6039
8889,-0.3194
8890,-0.7548
8891,-1.0967
8892,-0.7050
8893,-0.7112
8894,-0.8193
8895,-1.0252
8896,-1.0474
8897,-0.5933
8898,-0.4702
8899,-1.1105
8900,-0.6581
8901,-0.9563
8902,-0.7849
8903,-0.7929
8904,-0.4179
8905,-1.1513
8906,-0.6981
8907,-0.6650
8908,-0.8296
8909,-0.2092
8910,-0.8491
8911,-0.8984
8912,-0.7447
8913,-0.7340
8914,-0.6768
8915,-0.8619
8916,-0.9222
8917,-0.7065
8918,-1.2194
8919,-0.4766
8920,-0.6427
8921,-0.4474
8922,-0.4511
8923,-0.5524
8924,-0.7266
8925,-0.9019
8926,-0.3593
8927,-0.8127
8928,-0.6432
8929,-0.8369
8930,-0.4187
8931,-1.3145
8932,-0.9121
8933,-0.5027
8934,-0.7539
8935,-0.7063
8936,-0.7250
8937,-0.6406
8938,-0.8964
8939,-0.6566
8940,-0.5029
8941,-0.7352
8942,-1.0449
8943,-0.2677
8944,-0.8316
8945,-0.3587
8946,-0.6900
8947,-0.5268
8948,-0.5779
8949,-0.7825
8950,-0.8742
8951,-0.9450
8952,-0.8876
8953,-0.6893
8954,-1.1355
8955,-0.7342
8956,-0.7083
8957,-0.6502
8958,-0.5297
8959,-1.2888
8960,-0.8957
8961,-0.6648
8962,-0.8990
8963,-0.9417
8964,-0.3572
8965,-0.8502
8966,-0.8507
8967,-0.9000
8968,-0.5618
8969,-0.9644
8970,-0.3654
8971,-0.7541
8972,-0.6078
8973,-0.5266
8974,-0.2928
8975,-0.9053
8976,-0.2246
8977,-0.8459
8978,-0.3087
8979,-0.5701
8980,-0.3713
8981,-0.7667
8982,-0.2144
8983,-0.8154
8984,-0.6990
8985,-0.8304
8986,-0.4923
8987,-0.6451
8988,-0.4841
8989,-1.0441
8990,-0.3065
8991,-0.3500
8992,-0.3258
8993,-0.4469
8994,-0.4807
8995,-0.6033
8996,-0.5115
8997,-0.8491
8998,-1.2418
8999,-0.5956
9000,-0.9649
9001,-0.7834
9002,-0.8155
9003,-0.5060
9004,-0.9323
9005,-0.5619
9006,-0.6854
9007,-0.8616
9008,-0.6159
9009,-0.5158
9010,-0.7699
9011,-0.6250
9012,-0.9070
9013,-0.7143
9014,-0.7552
9015,-1.0173
9016,-0.5761
9017,-0.8448
9018,-1.1352
9019,-0.4954
9020,-1.0291
9021,-0.7702
9022,-0.5525
9023,-0.2616
9024,-0.6471
9025,-1.0003
9026,-1.1938
9027,-0.8179
9028,-0.7533
9029,-0.4555
9030,-0.7666
9031,-0.7124
9032,-0.8641
9033,-0.7044
9034,-0.6389
9035,-0.7209
9036,-0.5211
9037,-0.5818
9038,-0.8847
9039,-0.5915
9040,-0.7704
9041,-0.7754
9042,-1.0682
9043,-0.5638
9044,-0.1207
9045,-0.6408
9046,-0.7662
9047,-0.4492
9048,-0.4542
9049,-0.8722
9050,-0.6641
9051,-0.5191
9052,-0.7311
9053,-0.6389
9054,-0.7122
9055,-0.8575
9056,-0.4541
9057,-0.6062
9058,-0.7877
9059,-0.6128
9060,-0.4981
9061,-0.4145
9062,-0.8457
9063,-0.5324
9064,-0.6787
9065,-0.6590
9066,-0.6717
9067,-1.0646
9068,-0.8711
9069,-0.6362
9070,-0.4440
9071,-0.6650
9072,-1.2447
9073,-0.5956
9074,-0.9271
9075,-0.9678
9076,-0.4084
9077,-0.9195
9078,-0.7331
9079,-0.6939
9080,-1.0733
9081,-0.3011
9082,-0.4051
9083,-0.5313
9084,-0.4668
9085,-0.7605
9086,-1.1067
9087,-0.3711
9088,-0.5050
9089,-0.6326
9090,-0.9446
9091,-0.5164
9092,-0.2857
9093,-0.7487
9094,-0.7603
9095,-0.7059
9096,-0.6823
9097,-0.9636
9098,-0.9096
9099,-0.7327
9100,-0.6046
9101,-0.6753
9102,-0.5526
9103,-1.0216
9104,-0.8420
9105,-1.2558
9106,-0.7636
9107,-1.0342
9108,-0.4472
9109,-0.5385
9110,-0.6513
9111,-1.0196
9112,-0.7503
9113,-0.4797
9114,-0.5601
9115,-0.2161
9116,-0.4255
9117,-0.5294
9118,-0.5236
9119,-0.6867
9120,-0.6472
9121,-0.2772
9122,-0.8385
9123,-1.0556
9124,-0.5032
9125,-0.5371
9126,-0.5988
9127,-0.6865
9128,-0.6078
9129,-0.6561
9130,-0.5292
9131,-0.6534
9132,-0.2694
9133,-0.7835
9134,-0.5427
9135,-1.0670
9136,-0.7928
9137,-0.5020
9138,-0.4237
9139,-0.8184
9140,-0.6769
9141,-0.9216
9142,-0.6956
9143,-1.0102
9144,-0.6641
9145,-0.5945
9146,-0.6317
9147,-0.5070
9148,-0.5756
9149,-0.9043
9150,-0.9090
9151,-0.7987
9152,-1.1319
9153,-1.1423
9154,-0.5409
9155,-0.9394
9156,-0.5493
9157,-0.6017
9158,-0.9111
9159,-1.4101
9160,-0.7176
9161,-0.6806
9162,-0.7139
9163,-1.1031
9164,-0.6722
9165,-0.7345
9166,-0.7575
9167,-1.0744
9168,-0.8959
9169,-0.5493
9170,-0.5024
9171,-0.4528
9172,-0.5872
9173,-0.5223
9174,-0.7865
9175,-0.7351
9176,-0.4617
9177,-0.9283
9178,-0.4787
9179,-0.7822
9180,-0.8078
9181,-0.4406
9182,-0.6500
9183,-1.0334
9184,-0.9241
9185,-0.9288
9186,-0.2279
9187,-0.4837
9188,-0.8734
9189,-0.6117
9190,-0.9204
9191,-1.0301
9192,-0.5666
9193,-0.4732
9194,-0.2408
9195,-0.5477
9196,-0.5403
9197,-0.3131
9198,-0.5581
9199,-0.6688
9200,-0.7115
9201,-0.9282
9202,-1.0738
9203,-0.9283
9204,-0.6413
9205,-0.2427
9206,-0.8446
9207,-0.4801
9208,-0.8942
9209,-0.8244
9210,-0.8144
9211,-0.8201
9212,-0.5732
9213,-0.2784
9214,-1.0751
9215,-0.8649
9216,-0.4762
9217,-0.6896
9218,-1.0762
9219,-0.8826
9220,-1.1318
9221,-0.8123
9222,-0.7021
9223,-0.3350
9224,-0.6134
9225,-0.7991
9226,-0.2148
9227,-0.8919
9228,-0.6854
9229,-0.4488
9230,-0.7943
9231,-0.4439
9232,-0.4515
9233,-0.7933
9234,-0.4663
9235,-0.6700
9236,-0.8811
9237,-0.8803
9238,-0.5338
9239,-0.4159
9240,-0.9689
9241,-0.2542
9242,-0.8625
9243,-0.2969
9244,-0.5573
9245,-0.6669
9246,-0.5482
9247,-0.8107
9248,-0.7891
9249,-0.5580
9250,-0.7218
9251,-1.0460
9252,-0.9825
9253,-0.4196
9254,-1.0978
9255,-0.6519
9256,-0.5488
9257,-0.1082
9258,-0.4623
9259,-0.4522
9260,-0.8633
9261,-0.6817
9262,-1.0233
9263,-0.8059
9264,-0.6525
9265,-0.7652
9266,-0.6593
9267,-0.6658
9268,-0.8517
9269,-0.5092
9270,-0.7481
9271,-0.5939
9272,-0.8802
9273,-1.2080
9274,-0.7881
9275,-0.5858
9276,-0.9451
9277,-0.7077
9278,-0.3841
9279,-0.5040
9280,-0.4603
9281,-0.5659
9282,-0.4074
9283,-0.6423
9284,-0.4328
9285,-0.8942
9286,-0.4734
9287,-0.7452
9288,-0.9472
9289,-0.3786
9290,-0.6252
9291,-0.6128
9292,-0.9684
9293,-0.7614
9294,-0.1447
9295,-0.7099
9296,-0.6387
9297,-0.7304
9298,-0.6150
9299,-0.4941
9300,-0.9040
9301,-0.9057
9302,-0.6844
9303,-0.3461
9304,-0.8047
9305,-0.4180
9306,-0.6644
9307,-0.9853
9308,-1.0567
9309,-0.3564
9310,-0.5196
9311,-0.5755
9312,-0.8580
9313,-1.1045
9314,-1.1377
9315,-0.6945
9316,-1.0316
9317,-0.2784
9318,-1.0104
9319,-0.4147
9320,-0.8203
9321,-0.7550
9322,-0.6160
9323,-1.0427
9324,-0.7023
9325,-0.3548
9326,-0.4537
9327,-0.4021
9328,-0.9095
9329,-0.8234
9330,-0.4276
9331,-1.0547
9332,-0.5366
9333,-0.6956
9334,-1.0346
9335,-0.6652
9336,-0.6418
9337,-0.5275
9338,-0.7719
9339,-0.3363
9340,-0.8325
9341,-0.9397
9342,-0.9717
9343,-1.2357
9344,-1.3579
9345,-0.8475
9346,-1.0099
9347,-0.6683
9348,-0.7286
9349,-0.5247
9350,-0.4543
9351,-0.3814
9352,-0.1533
9353,-0.8962
9354,-0.6322
9355,-1.1268
9356,-1.1734
9357,-0.6564
9358,-0.5543
9359,-0.6959
9360,-0.5924
9361,-0.3431
9362,-0.5102
9363,-0.8259
9364,-0.5976
9365,-0.6148
9366,-0.8441
9367,-0.9658
9368,-0.7014
9369,-0.7388
9370,-1.1097
9371,-0.2921
9372,-0.8382
9373,-0.9692
9374,-0.6233
9375,-0.5061
9376,-1.1645
9377,-0.5745
9378,-0.6496
9379,-0.8837
9380,-0.8565
9381,-1.0096
9382,-1.0112
9383,-0.4294
9384,-0.8863
9385,-0.6027
9386,-0.7354
9387,-1.0531
9388,-0.8962
9389,-0.8657
9390,-0.5870
9391,-0.4517
9392,-0.7655
9393,-0.8795
9394,-0.5474
9395,-0.2820
9396,-0.5710
9397,-0.8932
9398,-0.5722
9399,-1.0534
9400,-0.8857
9401,-0.6749
9402,-0.6372
9403,-1.0920
9404,-0.5169
9405,-0.9257
9406,-0.9995
9407,-0.7114
9408,-0.8030
9409,-0.5128
9410,-0.9009
9411,-0.5101
9412,-0.5137
9413,-0.4932
9414,-0.6736
9415,-0.4159
9416,-0.7910
9417,-0.5353
9418,-1.1696
9419,-1.1293
9420,-0.5915
9421,-0.5095
9422,-0.5651
9423,-0.6581
9424,-0.8110
9425,-0.7845
9426,-1.0002
9427,-0.4316
9428,-0.4572
9429,-0.6826
9430,-1.0137
9431,-0.5257
9432,-0.7220
9433,-0.7362
9434,-0.9837
9435,-0.6113
9436,-0.7099
9437,-0.5814
9438,-0.4240
9439,-0.4761
9440,-0.6383
9441,-0.6392
9442,-0.9349
9443,-0.7345
9444,-0.8400
9445,-0.5948
9446,-0.7692
9447,-0.4120
9448,-0.8988
9449,-0.4428
9450,-0.4794
9451,-0.9237
9452,-0.4147
9453,-0.4894
9454,-0.3967
9455,-0.5706
9456,-0.6952
9457,-0.5929
9458,-0.6000
9459,-0.3923
9460,-0.6716
9461,-0.7405
9462,-0.7296
9463,-0.3812
9464,-0.5960
9465,-0.6301
9466,-0.9284
9467,-0.2207
9468,-0.3633
9469,-1.1522
9470,-0.5555
9471,-0.9413
9472,-0.4464
9473,-1.1360
9474,-0.7109
9475,-0.6431
9476,-1.0194
9477,-1.0896
9478,-0.7784
9479,-0.2769
9480,-0.8183
9481,-0.3626
9482,-0.8937
9483,-0.7470
9484,-0.6415
9485,-0.6919
9486,-0.6453
9487,-0.5142
9488,-0.7960
9489,-0.1273
9490,-0.3037
9491,-0.7371
9492,-0.6459
9493,-0.7862
9494,-0.6948
9495,-0.9598
9496,-0.6634
9497,-0.8070
9498,-0.2711
9499,-0.5781
9500,-0.2650
9501,-1.0063
9502,-0.8556
9503,-0.6215
9504,-1.0809
9505,-0.3296
9506,-0.8689
9507,-0.8628
9508,-1.0528
9509,-0.4961
9510,-0.3346
9511,-0.5770
9512,-0.7419
9513,-1.1442
9514,-0.5958
9515,-0.8453
9516,-0.5363
9517,-0.8427
9518,-0.2636
9519,-0.5438
9520,-1.0666
9521,-0.1091
9522,-0.5931
9523,-0.3002
9524,-0.9177
9525,-0.5456
9526,-0.6515
9527,-0.8078
9528,-0.4771
9529,-0.7433
9530,-0.7176
9531,-0.4055
9532,-0.9561
9533,-0.8291
9534,-0.5472
9535,-1.0427
9536,-1.1659
9537,-0.9885
9538,-0.8787
9539,-1.0761
9540,-0.4666
9541,-0.9176
9542,-0.7013
9543,-0.8383
9544,-0.6924
9545,-0.2829
9546,-0.7490
9547,-0.6851
9548,-0.7101
9549,-0.9000
9550,-0.7245
9551,-0.5852
9552,-0.6397
9553,-0.5432
9554,-0.5726
9555,-0.5246
9556,-0.4752
9557,-1.0893
9558,-0.7034
9559,-1.0700
9560,-0.7815
9561,-0.6026
9562,-0.8876
9563,-0.9100
9564,-0.8693
9565,-0.3065
9566,-0.7989
9567,-1.0809
9568,-0.5085
9569,-1.0074
9570,-0.3881
9571,-0.5072
9572,-0.2108
9573,-0.6890
9574,-0.5023
9575,-0.9611
9576,-0.8249
9577,-0.6545
9578,-0.6210
9579,-0.8464
9580,-0.4615
9581,-0.5908
9582,-0.8368
9583,-0.7120
9584,-0.6753
9585,-0.9477
9586,-1.0502
9587,-0.9718
9588,-0.4525
9589,-0.6934
9590,-0.3683
9591,-0.8995
9592,-0.7610
9593,-0.5253
9594,-0.4473
9595,-0.8389
9596,-0.5548
9597,-0.7590
9598,-0.8085
9599,-0.8355
9600,-0.8429
9601,-0.6585
9602,-1.1149
9603,-0.7602
9604,-0.8701
9605,-0.4425
9606,-1.3968
9607,-0.9040
9608,-0.6708
9609,-0.6086
9610,-0.6041
9611,-0.2107
9612,-0.8989
9613,-0.7512
9614,-0.5953
9615,-0.7328
9616,-0.7172
9617,-0.8377
9618,-0.5423
9619,-0.4933
9620,-1.0521
9621,-0.3973
9622,-0.5562
9623,-0.9020
9624,-1.0639
9625,-0.4524
9626,-0.6650
9627,-0.7736
9628,-0.7749
9629,-0.6625
9630,-0.4943
9631,-0.5592
9632,-0.6665
9633,-0.9299
9634,-0.3042
9635,-0.3727
9636,-0.9288
9637,-0.9779
9638,-0.6621
9639,-0.5293
9640,-0.5347
9641,-0.6499
9642,-0.5799
9643,-0.6937
9644,-1.0502
9645,-0.8948
9646,-0.8378
9647,-0.6506
9648,-0.6859
9649,-0.6475
9650,-0.6742
9651,-0.9661
9652,-0.6439
9653,-0.5809
9654,-0.2958
9655,-0.9919
9656,-0.7775
9657,0.1635
9658,-1.0043
9659,-1.0185
9660,-0.5459
9661,-0.5040
9662,-0.5972
9663,-0.6894
9664,-0.8743
9665,-1.0626
9666,-0.3601
9667,-0.7049
9668,-1.3246
9669,-0.4598
9670,-0.5863
9671,-1.3033
9672,-0.8047
9673,-0.6767
9674,-1.0713
9675,-1.0696
9676,-0.9172
9677,-0.8072
9678,-0.9540
9679,-0.4567
9680,-0.8051
9681,-0.4632
9682,-1.2008
9683,-0.4917
9684,-0.9063
9685,-0.6392
9686,-1.0499
9687,-0.8251
9688,-0.5391
9689,-0.5566
9690,-0.7370
9691,-0.4470
9692,-0.5990
9693,-0.6215
9694,-0.5763
9695,-0.1155
9696,-0.4636
9697,-0.7591
9698,-0.7661
9699,-0.4373
9700,-0.8417
9701,-0.8885
9702,-0.9508
9703,-1.0667
9704,-0.7510
9705,-0.6697
9706,-0.7114
9707,-0.8727
9708,-0.6186
9709,-0.4852
9710,-0.9829
9711,-0.6486
9712,-0.8221
9713,-0.6058
9714,-1.0350
9715,-0.9515
9716,-1.0842
9717,-0.8046
9718,-1.0059
9719,-0.6189
9720,-1.2792
9721,-0.7273
9722,-0.7333
9723,-0.6400
9724,-0.6630
9725,-0.4720
9726,-0.3833
9727,-0.7905
9728,-0.8726
9729,-0.4447
9730,-0.4537
9731,-0.6554
9732,-0.8418
9733,-0.5446
9734,-0.5598
9735,-0.8887
9736,-1.1335
9737,-0.8527
9738,-1.0613
9739,-0.7873
9740,-0.9238
9741,-0.7152
9742,-0.9588
9743,-0.5241
9744,-1.2008
9745,-0.5503
9746,-0.8158
9747,-0.8845
9748,-0.4135
9749,-0.5315
9750,-0.5405
9751,-0.8016
9752,-0.8632
9753,-0.3605
9754,-0.6895
9755,-0.4429
9756,-0.5238
9757,-0.3849
9758,-0.4881
9759,-0.3584
9760,-1.5084
9761,-0.5345
9762,-0.7856
9763,-0.4697
9764,-1.0097
9765,-1.2078
9766,-0.2861
9767,-0.7390
9768,-0.6340
9769,-1.0615
9770,-0.5299
9771,-1.1503
9772,-0.5694
9773,-0.5282
9774,-0.6641
9775,-0.7842
9776,-0.7833
9777,-0.7719
9778,-0.6858
9779,-0.7027
9780,-0.8908
9781,-0.3322
9782,-1.1257
9783,-0.8489
9784,-0.4400
9785,-1.0756
9786,-0.6659
9787,-0.9540
9788,-0.5529
9789,-0.5085
9790,-1.1491
9791,-0.3736
9792,-0.5039
9793,-0.5961
9794,-0.8023
9795,-0.6118
9796,-0.1504
9797,-0.5301
9798,-0.7070
9799,-0.6745
9800,-0.7461
9801,-0.7801
9802,-0.6753
9803,-0.9080
9804,-0.6392
9805,-0.7777
9806,-0.0425
9807,-0.7921
9808,-0.5785
9809,-0.3916
9810,-0.8509
9811,-0.6255
9812,-0.8644
9813,-0.4688
9814,-0.4944
9815,-0.6182
9816,-0.9006
9817,-0.6850
9818,-0.5550
9819,-0.5589
9820,-0.3925
9821,-0.9373
9822,-0.4875
9823,-0.3428
9824,-0.8069
9825,-0.9481
9826,-0.4901
9827,-0.6120
9828,-0.2290
9829,-0.5534
9830,-1.1015
9831,-0.4659
9832,-0.7475
9833,-0.9309
9834,-0.6895
9835,-0.4865
9836,-0.8792
9837,-0.4787
9838,-0.7182
9839,-0.6193
9840,-0.5461
9841,-0.5811
9842,-0.7451
9843,-0.8053
9844,-0.5822
9845,-0.3811
9846,-0.6756
9847,-0.9019
9848,-0.3221
9849,-0.5449
9850,-0.6982
9851,-1.2777
9852,-0.4119
9853,-1.2782
9854,-0.5571
9855,-0.4334
9856,-1.0687
9857,-0.5677
9858,-1.1879
9859,-1.2486
9860,-0.6987
9861,-0.5946
9862,-0.6307
9863,-0.5621
9864,-0.1593
9865,-0.7757
9866,-0.8275
9867,-0.7679
9868,-0.9865
9869,-0.3928
9870,-0.4529
9871,-0.5367
9872,-0.5314
9873,-0.4060
9874,-0.8876
9875,-0.2808
9876,-0.6590
9877,-0.5464
9878,-1.0728
9879,-0.2815
9880,-0.8162
9881,-0.9007
9882,-0.6851
9883,-0.6792
9884,-0.6472
9885,-0.5964
9886,-0.7088
9887,-0.5533
9888,-0.6033
9889,-1.1531
9890,-0.3469
9891,-0.7713
9892,-0.4751
9893,-0.4408
9894,-0.7576
9895,-0.5918
9896,-0.5044
9897,-0.7349
9898,-0.5849
9899,-0.5920
9900,-0.6649
9901,-0.4558
9902,-0.9839
9903,-0.4920
9904,-0.7055
9905,-0.3664
9906,-0.8306
9907,-1.0182
9908,-0.4457
9909,-0.8567
9910,-0.9679
9911,-0.4011
9912,-0.7038
9913,-1.1189
9914,-0.8449
9915,-0.8867
9916,-0.5859
9917,-1.0464
9918,-1.4241
9919,-0.7532
9920,-0.4949
9921,-0.2583
9922,-0.6045
9923,-0.7296
9924,-0.4473
9925,-0.7891
9926,-0.7104
9927,-0.5071
9928,-0.6798
9929,-0.4130
9930,-0.4805
9931,-0.3827
9932,-0.5076
9933,-0.5383
9934,-0.8017
9935,-0.5553
9936,-0.7736
9937,-0.7499
9938,-0.1575
9939,-0.8856
9940,-0.7087
9941,-0.6263
9942,-0.7536
9943,-0.9130
9944,-0.5480
9945,-0.8024
9946,-0.9573
9947,-0.4288
9948,-0.6418
9949,-0.9911
9950,-0.4298
9951,-0.3478
9952,-0.8261
9953,-0.5742
9954,-0.8476
9955,-0.8958
9956,-0.5507
9957,-0.7286
9958,-0.9615
9959,-0.7492
9960,-0.2875
9961,-0.7618
9962,-0.8423
9963,-0.6147
9964,-0.4500
9965,-0.7913
9966,-0.9985
9967,-0.7755
9968,-0.5433
9969,-0.6417
9970,-0.8630
9971,-0.8457
9972,-0.3600
9973,-0.5537
9974,-0.7465
9975,-0.5579
9976,-0.5728
9977,-0.3855
9978,-0.7334
9979,-0.7971
9980,-0.8834
9981,-0.4761
9982,-1.1121
9983,-0.1757
9984,-0.8734
9985,-0.3099
9986,-0.4306
9987,-0.5932
9988,-0.6484
9989,-0.2268
9990,-0.5991
9991,-1.2135
9992,-0.6286
9993,-0.9689
9994,-0.4545
9995,-0.8156
9996,-0.7625
9997,-0.3697
9998,-0.9350
9999,-0.7385
10000,-0.6208
